bizesId,bizesNm,brchNm,indsLclsCd,indsLclsNm,indsMclsCd,indsMclsNm,indsSclsCd,indsSclsNm,ksicCd,ksicNm,ctprvnCd,ctprvnNm,signguCd,signguNm,adongCd,adongNm,ldongCd,ldongNm,lnoCd,plotSctCd,plotSctNm,lnoMnno,lnoSlno,lnoAdr,rdnmCd,rdnm,bldMnno,bldSlno,bldMngNo,bldNm,rdnmAdr,oldZipcd,newZipcd,dongNo,flrNo,hoNo,lon,lat
MA010120220801055823,두진아이디주,,I1,숙박,I101,일반 숙박,I10101,호텔/리조트,I55101,호텔업,11,서울특별시,11680,강남구,11680580,삼성1동,1168010500,삼성동,1168010500101580000,1,대지,158,,서울특별시 강남구 삼성동 158,116804166436,서울특별시 강남구 삼성로96길,20,,1168010500101580000016825,,서울특별시 강남구 삼성로96길 20,135880,06169,,,,127.057592093365,37.5089318316191
MA010120220805449692,에이펙공인중개사사무소,,L1,부동산,L102,부동산 서비스,L10203,부동산 중개/대리업,L68221,부동산 중개 및 대리업,11,서울특별시,11680,강남구,11680580,삼성1동,1168010500,삼성동,1168010500101580003,1,대지,158,3,서울특별시 강남구 삼성동 158-3,116804166762,서울특별시 강남구 테헤란로83길,20,,1168010500101580003016836,건영빌딩,서울특별시 강남구 테헤란로83길 20,135880,06169,,3,,127.057648540947,37.5087966533863
MA010120220803790532,부동산중개법인동행디앤아이,,L1,부동산,L102,부동산 서비스,L10203,부동산 중개/대리업,L68221,부동산 중개 및 대리업,11,서울특별시,11680,강남구,11680580,삼성1동,1168010500,삼성동,1168010500101580003,1,대지,158,3,서울특별시 강남구 삼성동 158-3,116804166762,서울특별시 강남구 테헤란로83길,20,,1168010500101580003016836,건영빌딩,서울특별시 강남구 테헤란로83길 20,135880,06169,,3,,127.057648540947,37.5087966533863
MA010120220801058051,빌텍주,,I2,음식,I207,구내식당·뷔페,I20701,구내식당,I56130,기관 구내식당업,11,서울특별시,11680,강남구,11680580,삼성1동,1168010500,삼성동,1168010500101540017,1,대지,154,17,서울특별시 강남구 삼성동 154-17,116804166436,서울특별시 강남구 삼성로96길,23,,1168010500101540017016777,,서울특별시 강남구 삼성로96길 23,135879,06167,,3,,127.05766026013,37.5093282403926
MA010120220804055427,디비아이엔씨,,M1,과학·기술,M107,본사·경영 컨설팅,M10703,경영 컨설팅업,M71531,경영 컨설팅업,11,서울특별시,11680,강남구,11680580,삼성1동,1168010500,삼성동,1168010500101540017,1,대지,154,17,서울특별시 강남구 삼성동 154-17,116804166436,서울특별시 강남구 삼성로96길,23,,1168010500101540017016777,,서울특별시 강남구 삼성로96길 23,135879,06167,,7,,127.05766026013,37.5093282403926
MA010120220800254084,핌크리에이티브주,,M1,과학·기술,M105,광고,M10501,광고 대행업,M71310,광고 대행업,11,서울특별시,11680,강남구,11680580,삼성1동,1168010500,삼성동,1168010500101580025,1,대지,158,25,서울특별시 강남구 삼성동 158-25,116804166762,서울특별시 강남구 테헤란로83길,18,,1168010500101580025016847,매직킹덤빌딩,서울특별시 강남구 테헤란로83길 18,135880,06169,,10,,127.057806780693,37.5086614253527
MA010120220800458682,이오스앤컴퍼니,,M1,과학·기술,M107,본사·경영 컨설팅,M10703,경영 컨설팅업,M71531,경영 컨설팅업,11,서울특별시,11680,강남구,11680580,삼성1동,1168010500,삼성동,1168010500101580025,1,대지,158,25,서울특별시 강남구 삼성동 158-25,116804166762,서울특별시 강남구 테헤란로83길,18,,1168010500101580025016847,,서울특별시 강남구 테헤란로83길 18,135880,06169,,6,,127.057806780693,37.5086614253527
MA010120220801035332,김밥천국,,I2,음식,I210,기타 간이,I21007,김밥/만두/분식,I56194,김밥 및 기타 간이 음식점업,11,서울특별시,11680,강남구,11680580,삼성1동,1168010500,삼성동,1168010500101580004,1,대지,158,4,서울특별시 강남구 삼성동 158-4,116804166762,서울특별시 강남구 테헤란로83길,14,,1168010500101580004027087,삼성역두산위브센티움,서울특별시 강남구 테헤란로83길 14,135880,06169,,1,,127.057829255254,37.5084722033658
MA010120220802473910,료칸플래너,,N1,시설관리·임대,N108,기타 사업 서비스,N10802,전시/컨벤션/행사 대행 서비스업,N75992,"전시, 컨벤션 및 행사 대행업",11,서울특별시,11680,강남구,11680580,삼성1동,1168010500,삼성동,1168010500101580004,1,대지,158,4,서울특별시 강남구 삼성동 158-4,116804166762,서울특별시 강남구 테헤란로83길,14,,1168010500101580004027087,두산위브센티움,서울특별시 강남구 테헤란로83길 14,135880,06169,,,,127.057829255254,37.5084722033658
MA010120220804219629,승오이앤알주,,L1,부동산,L102,부동산 서비스,L10203,부동산 중개/대리업,L68221,부동산 중개 및 대리업,11,서울특별시,11680,강남구,11680580,삼성1동,1168010500,삼성동,1168010500101580004,1,대지,158,4,서울특별시 강남구 삼성동 158-4,116804166762,서울특별시 강남구 테헤란로83길,14,,1168010500101580004027087,삼성역두산위브센티움,서울특별시 강남구 테헤란로83길 14,135880,06169,,8,,127.057829255254,37.5084722033658
MA010120220804956693,환은미디어,,M1,과학·기술,M105,광고,M10501,광고 대행업,M71310,광고 대행업,11,서울특별시,11680,강남구,11680580,삼성1동,1168010500,삼성동,1168010500101580004,1,대지,158,4,서울특별시 강남구 삼성동 158-4,116804166762,서울특별시 강남구 테헤란로83길,14,,1168010500101580004027087,,서울특별시 강남구 테헤란로83길 14,135880,06169,,,,127.057829255254,37.5084722033658
MA010120220800467552,월드지엔에스,,N1,시설관리·임대,N105,여행사·보조,N10501,여행사,N75210,여행사업,11,서울특별시,11680,강남구,11680580,삼성1동,1168010500,삼성동,1168010500101580004,1,대지,158,4,서울특별시 강남구 삼성동 158-4,116804166762,서울특별시 강남구 테헤란로83길,14,,1168010500101580004027087,두산센티움,서울특별시 강남구 테헤란로83길 14,135880,06169,,,,127.057829255254,37.5084722033658
MA010120220801069678,학림프린트주,,N1,시설관리·임대,N107,사무 지원,N10703,복사업,N75912,복사업,11,서울특별시,11680,강남구,11680580,삼성1동,1168010500,삼성동,1168010500101580004,1,대지,158,4,서울특별시 강남구 삼성동 158-4,116804166762,서울특별시 강남구 테헤란로83길,14,,1168010500101580004027087,두산위브센티움비,서울특별시 강남구 테헤란로83길 14,135880,06169,,,,127.057829255254,37.5084722033658
MA010120220804493214,브릿지파트너스한강,,M1,과학·기술,M109,기술 서비스,M10901,건축 설계 및 관련 서비스업,M72111,건축 설계 및 관련 서비스업,11,서울특별시,11680,강남구,11680580,삼성1동,1168010500,삼성동,1168010500101580004,1,대지,158,4,서울특별시 강남구 삼성동 158-4,116804166762,서울특별시 강남구 테헤란로83길,14,,1168010500101580004027087,두산위브센티움,서울특별시 강남구 테헤란로83길 14,135880,06169,,,,127.057829255254,37.5084722033658
MA010120220804300142,씨엘씨앤디주,,L1,부동산,L102,부동산 서비스,L10203,부동산 중개/대리업,L68221,부동산 중개 및 대리업,11,서울특별시,11680,강남구,11680580,삼성1동,1168010500,삼성동,1168010500101580004,1,대지,158,4,서울특별시 강남구 삼성동 158-4,116804166762,서울특별시 강남구 테헤란로83길,14,,1168010500101580004027087,두산위브센티움,서울특별시 강남구 테헤란로83길 14,135880,06169,,,,127.057829255254,37.5084722033658
MA010120220800769334,리드어리치,,L1,부동산,L102,부동산 서비스,L10203,부동산 중개/대리업,L68221,부동산 중개 및 대리업,11,서울특별시,11680,강남구,11680580,삼성1동,1168010500,삼성동,1168010500101580004,1,대지,158,4,서울특별시 강남구 삼성동 158-4,116804166762,서울특별시 강남구 테헤란로83길,14,,1168010500101580004027087,두산위브센티움,서울특별시 강남구 테헤란로83길 14,135880,06169,,,,127.057829255254,37.5084722033658
MA010120220801045568,공씨네주먹밥,삼성점,I2,음식,I210,기타 간이,I21007,김밥/만두/분식,I56194,김밥 및 기타 간이 음식점업,11,서울특별시,11680,강남구,11680580,삼성1동,1168010500,삼성동,1168010500101580004,1,대지,158,4,서울특별시 강남구 삼성동 158-4,116804166762,서울특별시 강남구 테헤란로83길,14,,1168010500101580004027087,두산위브센티움,서울특별시 강남구 테헤란로83길 14,135880,06169,,,,127.057829255254,37.5084722033658
MA010120220800472844,씨엔케이와이,,L1,부동산,L102,부동산 서비스,L10203,부동산 중개/대리업,L68221,부동산 중개 및 대리업,11,서울특별시,11680,강남구,11680580,삼성1동,1168010500,삼성동,1168010500101540010,1,대지,154,10,서울특별시 강남구 삼성동 154-10,116804166765,서울특별시 강남구 테헤란로87길,33,,1168010500101540010016710,융전빌딩,서울특별시 강남구 테헤란로87길 33,135879,06167,,8,,127.057920781397,37.5098236654325
MA010120220803228524,흥농바이오,,G2,소매,G221,기타 상품 소매,G22199,그 외 기타 상품 전문 소매업,G47859,그 외 기타 분류 안된 상품 전문 소매업,11,서울특별시,11680,강남구,11680580,삼성1동,1168010500,삼성동,1168010500101540010,1,대지,154,10,서울특별시 강남구 삼성동 154-10,116804166765,서울특별시 강남구 테헤란로87길,33,,1168010500101540010016710,,서울특별시 강남구 테헤란로87길 33,135879,06167,,4,,127.057920781397,37.5098236654325
MA010120220805644267,쾌유테라피,,S2,수리·개인,S208,욕탕·신체관리,S20802,마사지/안마,S96122,마사지업,11,서울특별시,11680,강남구,11680580,삼성1동,1168010500,삼성동,1168010500101540010,1,대지,154,10,서울특별시 강남구 삼성동 154-10,116804166765,서울특별시 강남구 테헤란로87길,33,,1168010500101540010016710,융전빌딩,서울특별시 강남구 테헤란로87길 33,135879,06167,,,,127.057920781397,37.5098236654325
MA010120220800823669,씨지아이,,M1,과학·기술,M103,법무관련 ,M10399,기타 법무관련 서비스업,M71109,기타 법무관련 서비스업,11,서울특별시,11680,강남구,11680580,삼성1동,1168010500,삼성동,1168010500101540010,1,대지,154,10,서울특별시 강남구 삼성동 154-10,116804166765,서울특별시 강남구 테헤란로87길,33,,1168010500101540010016710,융전빌딩,서울특별시 강남구 테헤란로87길 33,135879,06167,,8,,127.057920781397,37.5098236654325
MA010120220803485631,좋은사진좋은느낌,,M1,과학·기술,M113,사진 촬영,M11301,사진촬영업,M73301,인물 사진 및 행사용 영상 촬영업,11,서울특별시,11680,강남구,11680580,삼성1동,1168010500,삼성동,1168010500101540015,1,대지,154,15,서울특별시 강남구 삼성동 154-15,116804166436,서울특별시 강남구 삼성로96길,27,,1168010500101540015016789,진솔빌딩,서울특별시 강남구 삼성로96길 27,135879,06167,,3,,127.057954336547,37.5093371065221
MA010120220801047122,황금복국,,I2,음식,I201,한식,I20101,백반/한정식,I56111,한식 일반 음식점업,11,서울특별시,11680,강남구,11680580,삼성1동,1168010500,삼성동,1168010500101580026,1,대지,158,26,서울특별시 강남구 삼성동 158-26,116804166436,서울특별시 강남구 삼성로96길,26,6,1168010500101580026016842,,서울특별시 강남구 삼성로96길 26-6,135880,06169,,3,,127.05799910396,37.5087244014049
MA010120220801044752,세란건강,,G2,소매,G205,식료품 소매,G20508,건강보조식품 소매업,G47217,건강 보조식품 소매업,11,서울특별시,11680,강남구,11680580,삼성1동,1168010500,삼성동,1168010500101540011,1,대지,154,11,서울특별시 강남구 삼성동 154-11,116804166765,서울특별시 강남구 테헤란로87길,29,,1168010500101540012016740,타워,서울특별시 강남구 테헤란로87길 29,135879,06167,,2,,127.057999773206,37.5095893654972
MA010120220801055658,에렉스,,I2,음식,I207,구내식당·뷔페,I20701,구내식당,M71531,경영 컨설팅업,11,서울특별시,11680,강남구,11680580,삼성1동,1168010500,삼성동,1168010500101540011,1,대지,154,11,서울특별시 강남구 삼성동 154-11,116804166765,서울특별시 강남구 테헤란로87길,29,,1168010500101540012016740,타워,서울특별시 강남구 테헤란로87길 29,135879,06167,,7,,127.057999773206,37.5095893654972
MA010120220801060328,썬앳푸드시추안하우스주,삼성점,I2,음식,I202,중식,I20201,중국집,I56121,중식 음식점업,11,서울특별시,11680,강남구,11680580,삼성1동,1168010500,삼성동,1168010500101540011,1,대지,154,11,서울특별시 강남구 삼성동 154-11,116804166765,서울특별시 강남구 테헤란로87길,29,,1168010500101540012016740,타워,서울특별시 강남구 테헤란로87길 29,135879,06167,,1,,127.057999773206,37.5095893654972
MA010120220801024194,세연안경원,,G2,소매,G216,안경·정밀기기 소매,G21602,안경렌즈 소매업,G47822,안경 및 렌즈 소매업,11,서울특별시,11680,강남구,11680580,삼성1동,1168010500,삼성동,1168010500101540011,1,대지,154,11,서울특별시 강남구 삼성동 154-11,116804166765,서울특별시 강남구 테헤란로87길,29,,1168010500101540012016740,,서울특별시 강남구 테헤란로87길 29,135879,06167,,,,127.057999773206,37.5095893654972
MA010120220800626073,레인보우8,,M1,과학·기술,M105,광고,M10501,광고 대행업,M71310,광고 대행업,11,서울특별시,11680,강남구,11680580,삼성1동,1168010500,삼성동,1168010500101540011,1,대지,154,11,서울특별시 강남구 삼성동 154-11,116804166765,서울특별시 강남구 테헤란로87길,29,,1168010500101540012016740,타워,서울특별시 강남구 테헤란로87길 29,135879,06167,,3,,127.057999773206,37.5095893654972
MA010120220805438467,순재우육면,,I2,음식,I205,동남아시아,I20501,베트남식 전문,I56129,기타 외국식 음식점업,11,서울특별시,11680,강남구,11680580,삼성1동,1168010500,삼성동,1168010500101580006,1,대지,158,6,서울특별시 강남구 삼성동 158-6,116804166436,서울특별시 강남구 삼성로96길,26,12,1168010500101580006016869,조영빌딩,서울특별시 강남구 삼성로96길 26-12,135880,06169,,1,,127.058157182148,37.5083819418972
MA010120220804420870,솔숲미디어,,M1,과학·기술,M114,인쇄·제품제작,M11401,명함/간판/광고물 제작,C18111,경 인쇄업,11,서울특별시,11680,강남구,11680580,삼성1동,1168010500,삼성동,1168010500101580006,1,대지,158,6,서울특별시 강남구 삼성동 158-6,116804166436,서울특별시 강남구 삼성로96길,26,12,1168010500101580006016869,조영빌딩,서울특별시 강남구 삼성로96길 26-12,135880,06169,,,,127.058157182148,37.5083819418972
MA010120220800399323,에스비아이주,코리아,M1,과학·기술,M107,본사·경영 컨설팅,M10703,경영 컨설팅업,S96999,그 외 기타 달리 분류되지 않은 개인 서비스업,11,서울특별시,11680,강남구,11680580,삼성1동,1168010500,삼성동,1168010500101580016,1,대지,158,16,서울특별시 강남구 삼성동 158-16,116803122010,서울특별시 강남구 테헤란로,509,,1168010500101580016000001,엔씨타워,서울특별시 강남구 테헤란로 509,135880,06169,,14,,127.058213271465,37.5077872511218
MA010120220804462582,삼성하나약국,,G2,소매,G215,의약·화장품 소매,G21501,약국,G47811,의약품 및 의료용품 소매업,11,서울특별시,11680,강남구,11680580,삼성1동,1168010500,삼성동,1168010500101580016,1,대지,158,16,서울특별시 강남구 삼성동 158-16,116803122010,서울특별시 강남구 테헤란로,509,,1168010500101580016000001,일부,서울특별시 강남구 테헤란로 509,135880,06169,,1,,127.058213271465,37.5077872511218
MA010120220804480407,성광의료재단차움건진의원의,,Q1,보건의료,Q102,의원,Q10212,방사선 진단/병리 검사 의원,Q86204,방사선 진단 및 병리 검사 의원,11,서울특별시,11680,강남구,11680580,삼성1동,1168010500,삼성동,1168010500101580016,1,대지,158,16,서울특별시 강남구 삼성동 158-16,116803122010,서울특별시 강남구 테헤란로,509,,1168010500101580016000001,,서울특별시 강남구 테헤란로 509,135880,06169,,,,127.058213271465,37.5077872511218
MA010120220801037854,지에스25무역,센터점,G2,소매,G204,종합 소매,G20405,편의점,G47122,체인화 편의점,11,서울특별시,11680,강남구,11680580,삼성1동,1168010500,삼성동,1168010500101540013,1,대지,154,13,서울특별시 강남구 삼성동 154-13,116804166765,서울특별시 강남구 테헤란로87길,25,,1168010500101540013016773,,서울특별시 강남구 테헤란로87길 25,135879,06167,,1,,127.058225876284,37.5094541035786
MA010120220801068786,가가불이와바주,삼성1호점,I2,음식,I211,주점,I21104,요리 주점,I56219,기타 주점업,11,서울특별시,11680,강남구,11680580,삼성1동,1168010500,삼성동,1168010500101580007,1,대지,158,7,서울특별시 강남구 삼성동 158-7,116804166434,서울특별시 강남구 삼성로92길,23,,1168010500101580007016878,,서울특별시 강남구 삼성로92길 23,135880,06169,,1,,127.0582362417,37.5082377421891
MA010120220801073033,오아시스아트,,N1,시설관리·임대,N108,기타 사업 서비스,N10802,전시/컨벤션/행사 대행 서비스업,N75992,"전시, 컨벤션 및 행사 대행업",11,서울특별시,11680,강남구,11680580,삼성1동,1168010500,삼성동,1168010500101580007,1,대지,158,7,서울특별시 강남구 삼성동 158-7,116804166434,서울특별시 강남구 삼성로92길,23,,1168010500101580007016878,경진빌딩,서울특별시 강남구 삼성로92길 23,135880,06169,,,,127.0582362417,37.5082377421891
MA010120220804227841,쿠도스어소시에이트,,M1,과학·기술,M107,본사·경영 컨설팅,M10703,경영 컨설팅업,M71531,경영 컨설팅업,11,서울특별시,11680,강남구,11680580,삼성1동,1168010500,삼성동,1168010500101580007,1,대지,158,7,서울특별시 강남구 삼성동 158-7,116804166434,서울특별시 강남구 삼성로92길,23,,1168010500101580007016878,경진빌딩,서울특별시 강남구 삼성로92길 23,135880,06169,,,,127.0582362417,37.5082377421891
MA010120220801072167,센추리21,코리아,L1,부동산,L102,부동산 서비스,L10203,부동산 중개/대리업,L68221,부동산 중개 및 대리업,11,서울특별시,11680,강남구,11680580,삼성1동,1168010500,삼성동,1168010500101580009,1,대지,158,9,서울특별시 강남구 삼성동 158-9,116804166765,서울특별시 강남구 테헤란로87길,21,,1168010500101580024016809,성빌딩,서울특별시 강남구 테헤란로87길 21,135880,06169,,12,,127.058248188993,37.5090576505588
MA010120220800820708,케이알아이앤씨,,M1,과학·기술,M107,본사·경영 컨설팅,M10703,경영 컨설팅업,M71531,경영 컨설팅업,11,서울특별시,11680,강남구,11680580,삼성1동,1168010500,삼성동,1168010500101580009,1,대지,158,9,서울특별시 강남구 삼성동 158-9,116804166765,서울특별시 강남구 테헤란로87길,21,,1168010500101580024016809,동성빌딩,서울특별시 강남구 테헤란로87길 21,135880,06169,,11,,127.058248188993,37.5090576505588
MA010120220804209307,이알에이주,코리아,M1,과학·기술,M107,본사·경영 컨설팅,M10703,경영 컨설팅업,M71531,경영 컨설팅업,11,서울특별시,11680,강남구,11680580,삼성1동,1168010500,삼성동,1168010500101580009,1,대지,158,9,서울특별시 강남구 삼성동 158-9,116804166765,서울특별시 강남구 테헤란로87길,21,,1168010500101580024016809,동성빌딩,서울특별시 강남구 테헤란로87길 21,135880,06169,,12,,127.058248188993,37.5090576505588
MA010120220804068878,이알에이포시즌부동산중개주,,L1,부동산,L102,부동산 서비스,L10203,부동산 중개/대리업,L68221,부동산 중개 및 대리업,11,서울특별시,11680,강남구,11680580,삼성1동,1168010500,삼성동,1168010500101580009,1,대지,158,9,서울특별시 강남구 삼성동 158-9,116804166765,서울특별시 강남구 테헤란로87길,21,,1168010500101580024016809,동성빌딩,서울특별시 강남구 테헤란로87길 21,135880,06169,,11,,127.058248188993,37.5090576505588
MA010120220805315514,세컨드스타트,,P1,교육,P106,기타 교육,P10621,직원 훈련기관,P85650,직원 훈련기관,11,서울특별시,11680,강남구,11680580,삼성1동,1168010500,삼성동,1168010500101580009,1,대지,158,9,서울특별시 강남구 삼성동 158-9,116804166765,서울특별시 강남구 테헤란로87길,21,,1168010500101580024016809,,서울특별시 강남구 테헤란로87길 21,135880,06169,,8,,127.058248188993,37.5090576505588
MA010120220804213265,도원회계법인,,M1,과학·기술,M104,회계·세무,M10401,공인회계사,M71201,공인회계사업,11,서울특별시,11680,강남구,11680580,삼성1동,1168010500,삼성동,1168010500101580009,1,대지,158,9,서울특별시 강남구 삼성동 158-9,116804166765,서울특별시 강남구 테헤란로87길,21,,1168010500101580024016809,동성빌딩,서울특별시 강남구 테헤란로87길 21,135880,06169,,5,,127.058248188993,37.5090576505588
MA010120220804192394,센추리21케이에스,,M1,과학·기술,M107,본사·경영 컨설팅,M10703,경영 컨설팅업,M71531,경영 컨설팅업,11,서울특별시,11680,강남구,11680580,삼성1동,1168010500,삼성동,1168010500101580009,1,대지,158,9,서울특별시 강남구 삼성동 158-9,116804166765,서울특별시 강남구 테헤란로87길,21,,1168010500101580024016809,성빌딩,서울특별시 강남구 테헤란로87길 21,135880,06169,,,,127.058248188993,37.5090576505588
MA010120220801069211,디앤그룹주,코리아,G2,소매,G209,섬유·의복·신발 소매,G20905,기타 의류 소매업,G47413,속옷 및 잠옷 소매업,11,서울특별시,11680,강남구,11680580,삼성1동,1168010500,삼성동,1168010500101580024,1,대지,158,24,서울특별시 강남구 삼성동 158-24,116804166765,서울특별시 강남구 테헤란로87길,21,,1168010500101580024016809,성빌딩,서울특별시 강남구 테헤란로87길 21,135880,06169,,,,127.058248188993,37.5090576505588
MA010120220801060554,마노디셰프,삼성점,I2,음식,I204,서양식,I20401,경양식,I56123,서양식 음식점업,11,서울특별시,11680,강남구,11680580,삼성1동,1168010500,삼성동,1168010500101580024,1,대지,158,24,서울특별시 강남구 삼성동 158-24,116804166765,서울특별시 강남구 테헤란로87길,21,,1168010500101580024016809,,서울특별시 강남구 테헤란로87길 21,135880,06169,,1,,127.058248188993,37.5090576505588
MA010120220801067000,이알에이부동산중개법인주,코리아,L1,부동산,L102,부동산 서비스,L10203,부동산 중개/대리업,L68221,부동산 중개 및 대리업,11,서울특별시,11680,강남구,11680580,삼성1동,1168010500,삼성동,1168010500101580009,1,대지,158,9,서울특별시 강남구 삼성동 158-9,116804166765,서울특별시 강남구 테헤란로87길,21,,1168010500101580024016809,동성빌딩,서울특별시 강남구 테헤란로87길 21,135880,06169,,12,,127.058248188993,37.5090576505588
MA010120220804214498,이알에이리얼티,코리아,L1,부동산,L102,부동산 서비스,L10203,부동산 중개/대리업,L68221,부동산 중개 및 대리업,11,서울특별시,11680,강남구,11680580,삼성1동,1168010500,삼성동,1168010500101580009,1,대지,158,9,서울특별시 강남구 삼성동 158-9,116804166765,서울특별시 강남구 테헤란로87길,21,,1168010500101580024016809,성빌딩,서울특별시 강남구 테헤란로87길 21,135880,06169,,12,,127.058248188993,37.5090576505588
MA010120220801047492,강남현대치과의원,,Q1,보건의료,Q102,의원,Q10210,치과의원,Q86202,치과의원,11,서울특별시,11680,강남구,11680580,삼성1동,1168010500,삼성동,1168010500101580010,1,대지,158,10,서울특별시 강남구 삼성동 158-10,116804166765,서울특별시 강남구 테헤란로87길,17,,1168010500101580010000001,마젤란21아스테리움,서울특별시 강남구 테헤란로87길 17,135880,06169,,,,127.058349736429,37.5087422488156
MA010120220802266102,밥스키친,,I2,음식,I210,기타 간이,I21007,김밥/만두/분식,I56194,김밥 및 기타 간이 음식점업,11,서울특별시,11680,강남구,11680580,삼성1동,1168010500,삼성동,1168010500101580010,1,대지,158,10,서울특별시 강남구 삼성동 158-10,116804166765,서울특별시 강남구 테헤란로87길,17,,1168010500101580010000001,마젤란21아스테리움,서울특별시 강남구 테헤란로87길 17,135880,06169,,,,127.058349736429,37.5087422488156
MA010120220801046612,더블유화이트치과의원,,Q1,보건의료,Q102,의원,Q10210,치과의원,Q86202,치과의원,11,서울특별시,11680,강남구,11680580,삼성1동,1168010500,삼성동,1168010500101580010,1,대지,158,10,서울특별시 강남구 삼성동 158-10,116804166765,서울특별시 강남구 테헤란로87길,17,,1168010500101580010000001,마젤란21아스테리움,서울특별시 강남구 테헤란로87길 17,135880,06169,,,,127.058349736429,37.5087422488156
MA010120220804996804,비엠브릿지,,M1,과학·기술,M107,본사·경영 컨설팅,M10703,경영 컨설팅업,M71531,경영 컨설팅업,11,서울특별시,11680,강남구,11680580,삼성1동,1168010500,삼성동,1168010500101580010,1,대지,158,10,서울특별시 강남구 삼성동 158-10,116804166765,서울특별시 강남구 테헤란로87길,17,,1168010500101580010000001,마젤란21아스테리움,서울특별시 강남구 테헤란로87길 17,135880,06169,,,,127.058349736429,37.5087422488156
MA010120220801060278,세무법인윈윈강,남지점,M1,과학·기술,M104,회계·세무,M10402,세무사,M71202,세무사업,11,서울특별시,11680,강남구,11680580,삼성1동,1168010500,삼성동,1168010500101580010,1,대지,158,10,서울특별시 강남구 삼성동 158-10,116804166765,서울특별시 강남구 테헤란로87길,17,,1168010500101580010000001,마젤란21아스테리움,서울특별시 강남구 테헤란로87길 17,135880,06169,,,,127.058349736429,37.5087422488156
MA010120220801046442,연세라헨느의원,,Q1,보건의료,Q102,의원,Q10204,피부/비뇨기과 의원,Q86201,일반의원,11,서울특별시,11680,강남구,11680580,삼성1동,1168010500,삼성동,1168010500101580010,1,대지,158,10,서울특별시 강남구 삼성동 158-10,116804166765,서울특별시 강남구 테헤란로87길,17,,1168010500101580010000001,마젤란21아스테리움,서울특별시 강남구 테헤란로87길 17,135880,06169,,,,127.058349736429,37.5087422488156
MA010120220804242126,참좋은약국,,G2,소매,G215,의약·화장품 소매,G21501,약국,G47811,의약품 및 의료용품 소매업,11,서울특별시,11680,강남구,11680580,삼성1동,1168010500,삼성동,1168010500101580010,1,대지,158,10,서울특별시 강남구 삼성동 158-10,116804166765,서울특별시 강남구 테헤란로87길,17,,1168010500101580010000001,마젤란21상가,서울특별시 강남구 테헤란로87길 17,135880,06169,,,,127.058349736429,37.5087422488156
MA010120220805465748,엘티아이,,M1,과학·기술,M107,본사·경영 컨설팅,M10703,경영 컨설팅업,M71531,경영 컨설팅업,11,서울특별시,11680,강남구,11680580,삼성1동,1168010500,삼성동,1168010500101580011,1,대지,158,11,서울특별시 강남구 삼성동 158-11,116804166765,서울특별시 강남구 테헤란로87길,17,,1168010500101580010000001,마젤란21아스테리움,서울특별시 강남구 테헤란로87길 17,135880,06169,,12,,127.058349736429,37.5087422488156
MA010120220801631280,에스이피,,P1,교육,P107,교육 지원,P10799,기타 교육지원 서비스업,P85709,기타 교육지원 서비스업,11,서울특별시,11680,강남구,11680580,삼성1동,1168010500,삼성동,1168010500101580011,1,대지,158,11,서울특별시 강남구 삼성동 158-11,116804166765,서울특별시 강남구 테헤란로87길,17,,1168010500101580010000001,,서울특별시 강남구 테헤란로87길 17,135880,06169,,,,127.058349736429,37.5087422488156
MA010120220801074192,세무법인굿택스,,M1,과학·기술,M104,회계·세무,M10402,세무사,M71202,세무사업,11,서울특별시,11680,강남구,11680580,삼성1동,1168010500,삼성동,1168010500101580010,1,대지,158,10,서울특별시 강남구 삼성동 158-10,116804166765,서울특별시 강남구 테헤란로87길,17,,1168010500101580010000001,마젤란21아스테리움,서울특별시 강남구 테헤란로87길 17,135880,06169,,,,127.058349736429,37.5087422488156
MA010120220800292575,언더워터,,P1,교육,P106,기타 교육,P10629,그 외 기타 교육기관,P85699,그 외 기타 분류 안된 교육기관,11,서울특별시,11680,강남구,11680580,삼성1동,1168010500,삼성동,1168010500101580010,1,대지,158,10,서울특별시 강남구 삼성동 158-10,116804166765,서울특별시 강남구 테헤란로87길,17,,1168010500101580010000001,마젤란21아스테리움,서울특별시 강남구 테헤란로87길 17,135880,06169,,12,,127.058349736429,37.5087422488156
MA010120220801074412,태산에스엠씨주,,G2,소매,G205,식료품 소매,G20508,건강보조식품 소매업,M71531,경영 컨설팅업,11,서울특별시,11680,강남구,11680580,삼성1동,1168010500,삼성동,1168010500101580010,1,대지,158,10,서울특별시 강남구 삼성동 158-10,116804166765,서울특별시 강남구 테헤란로87길,17,,1168010500101580010000001,마젤란21아스테리움,서울특별시 강남구 테헤란로87길 17,135880,06169,,10,,127.058349736429,37.5087422488156
MA010120220804489669,부민건축사사무소주,,M1,과학·기술,M109,기술 서비스,M10901,건축 설계 및 관련 서비스업,M72111,건축 설계 및 관련 서비스업,11,서울특별시,11680,강남구,11680580,삼성1동,1168010500,삼성동,1168010500101580010,1,대지,158,10,서울특별시 강남구 삼성동 158-10,116804166765,서울특별시 강남구 테헤란로87길,17,,1168010500101580010000001,마젤란21아스테리움,서울특별시 강남구 테헤란로87길 17,135880,06169,,,,127.058349736429,37.5087422488156
MA010120220801070496,두리디앤씨,,L1,부동산,L102,부동산 서비스,L10203,부동산 중개/대리업,L68221,부동산 중개 및 대리업,11,서울특별시,11680,강남구,11680580,삼성1동,1168010500,삼성동,1168010500101580012,1,대지,158,12,서울특별시 강남구 삼성동 158-12,116804166765,서울특별시 강남구 테헤란로87길,13,,1168010500101580012026485,서영빌딩,서울특별시 강남구 테헤란로87길 13,135880,06169,,,,127.05859847796,37.5086340051211
MA010120220804877063,소망약국,,G2,소매,G215,의약·화장품 소매,G21501,약국,G47811,의약품 및 의료용품 소매업,11,서울특별시,11680,강남구,11680580,삼성1동,1168010500,삼성동,1168010500101580012,1,대지,158,12,서울특별시 강남구 삼성동 158-12,116804166765,서울특별시 강남구 테헤란로87길,13,,1168010500101580012026485,서영빌딩,서울특별시 강남구 테헤란로87길 13,135880,06169,,1,,127.05859847796,37.5086340051211
MA010120220801042074,코헨의원,,Q1,보건의료,Q102,의원,Q10208,성형외과 의원,Q86201,일반의원,11,서울특별시,11680,강남구,11680580,삼성1동,1168010500,삼성동,1168010500101580012,1,대지,158,12,서울특별시 강남구 삼성동 158-12,116804166765,서울특별시 강남구 테헤란로87길,13,,1168010500101580012026485,,서울특별시 강남구 테헤란로87길 13,135880,06169,,,,127.05859847796,37.5086340051211
MA010120220801046368,마이피부과의원,,Q1,보건의료,Q102,의원,Q10204,피부/비뇨기과 의원,Q86201,일반의원,11,서울특별시,11680,강남구,11680580,삼성1동,1168010500,삼성동,1168010500101580012,1,대지,158,12,서울특별시 강남구 삼성동 158-12,116804166765,서울특별시 강남구 테헤란로87길,13,,1168010500101580012026485,서영빌딩,서울특별시 강남구 테헤란로87길 13,135880,06169,,4,,127.05859847796,37.5086340051211
MA010120220801071448,(비앤에이치투자,,M1,과학·기술,M107,본사·경영 컨설팅,M10703,경영 컨설팅업,M71531,경영 컨설팅업,11,서울특별시,11680,강남구,11680580,삼성1동,1168010500,삼성동,1168010500101580012,1,대지,158,12,서울특별시 강남구 삼성동 158-12,116804166765,서울특별시 강남구 테헤란로87길,13,,1168010500101580012026485,서영빌딩,서울특별시 강남구 테헤란로87길 13,135880,06169,,10,,127.05859847796,37.5086340051211
MA010120220801042079,프리스티지오앤요가,,P1,교육,P106,기타 교육,P10603,요가/필라테스 학원,P85612,기타 스포츠 교육기관,11,서울특별시,11680,강남구,11680580,삼성1동,1168010500,삼성동,1168010500101580012,1,대지,158,12,서울특별시 강남구 삼성동 158-12,116804166765,서울특별시 강남구 테헤란로87길,13,,1168010500101580012026485,서영빌딩,서울특별시 강남구 테헤란로87길 13,135880,06169,,9,,127.05859847796,37.5086340051211
MA010120220803320263,서울리더스비뇨의학과의원,,Q1,보건의료,Q102,의원,Q10204,피부/비뇨기과 의원,Q86201,일반의원,11,서울특별시,11680,강남구,11680580,삼성1동,1168010500,삼성동,1168010500101580012,1,대지,158,12,서울특별시 강남구 삼성동 158-12,116804166765,서울특별시 강남구 테헤란로87길,13,,1168010500101580012026485,서영빌딩,서울특별시 강남구 테헤란로87길 13,135880,06169,,10,,127.05859847796,37.5086340051211
MA010120220801046438,김이안치과의원,,Q1,보건의료,Q102,의원,Q10210,치과의원,Q86202,치과의원,11,서울특별시,11680,강남구,11680580,삼성1동,1168010500,삼성동,1168010500101580012,1,대지,158,12,서울특별시 강남구 삼성동 158-12,116804166765,서울특별시 강남구 테헤란로87길,13,,1168010500101580012026485,서영빌딩,서울특별시 강남구 테헤란로87길 13,135880,06169,,5,,127.05859847796,37.5086340051211
MA010120220805547027,메테우스칠성제1차,,L1,부동산,L102,부동산 서비스,L10203,부동산 중개/대리업,L68221,부동산 중개 및 대리업,11,서울특별시,11680,강남구,11680580,삼성1동,1168010500,삼성동,1168010500101590009,1,대지,159,9,서울특별시 강남구 삼성동 159-9,116804166765,서울특별시 강남구 테헤란로87길,36,,1168010500101590009016088,도심공항타워,서울특별시 강남구 테헤란로87길 36,135973,06164,,,,127.058599731696,37.5102377926157
MA010120220801045955,경성면옥,,I2,음식,I201,한식,I20106,냉면/밀면,I56111,한식 일반 음식점업,11,서울특별시,11680,강남구,11680580,삼성1동,1168010500,삼성동,1168010500101590009,1,대지,159,9,서울특별시 강남구 삼성동 159-9,116804166765,서울특별시 강남구 테헤란로87길,36,,1168010500101590009016088,도심공항타워,서울특별시 강남구 테헤란로87길 36,135973,06164,,1,,127.058599731696,37.5102377926157
MA010120220801067682,앨리슨하이퍼앰,,M1,과학·기술,M105,광고,M10504,광고물 설계/제작업,M71393,"광고물 문안, 도안, 설계 등 작성업",11,서울특별시,11680,강남구,11680580,삼성1동,1168010500,삼성동,1168010500101590009,1,대지,159,9,서울특별시 강남구 삼성동 159-9,116804166765,서울특별시 강남구 테헤란로87길,36,,1168010500101590009016088,도심공항타워,서울특별시 강남구 테헤란로87길 36,135973,06164,,3,,127.058599731696,37.5102377926157
MA010120220804479925,법무법인로고스유한,,M1,과학·기술,M103,법무관련 ,M10301,변호사,M71101,변호사업,11,서울특별시,11680,강남구,11680580,삼성1동,1168010500,삼성동,1168010500101590009,1,대지,159,9,서울특별시 강남구 삼성동 159-9,116804166765,서울특별시 강남구 테헤란로87길,36,,1168010500101590009016088,도심공항타워,서울특별시 강남구 테헤란로87길 36,135973,06164,,14,,127.058599731696,37.5102377926157
MA010120220801071621,뉴비전인베스트먼트,,M1,과학·기술,M107,본사·경영 컨설팅,M10703,경영 컨설팅업,M71531,경영 컨설팅업,11,서울특별시,11680,강남구,11680580,삼성1동,1168010500,삼성동,1168010500101590009,1,대지,159,9,서울특별시 강남구 삼성동 159-9,116804166765,서울특별시 강남구 테헤란로87길,36,,1168010500101590009016088,도심공항타워,서울특별시 강남구 테헤란로87길 36,135973,06164,,15,,127.058599731696,37.5102377926157
MA010120220803308589,제이비내과의원,,Q1,보건의료,Q102,의원,Q10201,내과/소아과 의원,Q86201,일반의원,11,서울특별시,11680,강남구,11680580,삼성1동,1168010500,삼성동,1168010500101590009,1,대지,159,9,서울특별시 강남구 삼성동 159-9,116804166765,서울특별시 강남구 테헤란로87길,36,,1168010500101590009016088,도심공항타워,서울특별시 강남구 테헤란로87길 36,135973,06164,,3,,127.058599731696,37.5102377926157
MA010120220801061472,벤처피플주,,M1,과학·기술,M107,본사·경영 컨설팅,M10703,경영 컨설팅업,M71531,경영 컨설팅업,11,서울특별시,11680,강남구,11680580,삼성1동,1168010500,삼성동,1168010500101590009,1,대지,159,9,서울특별시 강남구 삼성동 159-9,116804166765,서울특별시 강남구 테헤란로87길,36,,1168010500101590009016088,도심공항타워,서울특별시 강남구 테헤란로87길 36,135973,06164,,23,,127.058599731696,37.5102377926157
MA010120220801029748,포메인,,I2,음식,I205,동남아시아,I20501,베트남식 전문,I56129,기타 외국식 음식점업,11,서울특별시,11680,강남구,11680580,삼성1동,1168010500,삼성동,1168010500101590000,1,대지,159,,서울특별시 강남구 삼성동 159,116804166765,서울특별시 강남구 테헤란로87길,36,,1168010500101590009016088,,서울특별시 강남구 테헤란로87길 36,135798,06164,,1,,127.058599731696,37.5102377926157
MA010120220804477563,한미글로벌건축사사무소주,,M1,과학·기술,M109,기술 서비스,M10901,건축 설계 및 관련 서비스업,M72111,건축 설계 및 관련 서비스업,11,서울특별시,11680,강남구,11680580,삼성1동,1168010500,삼성동,1168010500101590009,1,대지,159,9,서울특별시 강남구 삼성동 159-9,116804166765,서울특별시 강남구 테헤란로87길,36,,1168010500101590009016088,도심공항타워빌딩,서울특별시 강남구 테헤란로87길 36,135973,06164,,,,127.058599731696,37.5102377926157
MA010120220803349583,인큐박스,,G2,소매,G208,가전·통신 소매,G20801,컴퓨터/소프트웨어 소매업,G47311,"컴퓨터 및 주변장치, 소프트웨어 소매업",11,서울특별시,11680,강남구,11680580,삼성1동,1168010500,삼성동,1168010500101590009,1,대지,159,9,서울특별시 강남구 삼성동 159-9,116804166765,서울특별시 강남구 테헤란로87길,36,,1168010500101590009016088,도심공항타워,서울특별시 강남구 테헤란로87길 36,135973,06164,,,,127.058599731696,37.5102377926157
MA010120220801055831,유니코써치,,N1,시설관리·임대,N104,고용 알선,N10403,상용 인력 공급 및 인사관리 서비스업,N75122,상용 인력 공급 및 인사관리 서비스업,11,서울특별시,11680,강남구,11680580,삼성1동,1168010500,삼성동,1168010500101590009,1,대지,159,9,서울특별시 강남구 삼성동 159-9,116804166765,서울특별시 강남구 테헤란로87길,36,,1168010500101590009016088,도심공항타워,서울특별시 강남구 테헤란로87길 36,135973,06164,,17,,127.058599731696,37.5102377926157
MA010120220804060079,(스트래티직마케팅,,M1,과학·기술,M105,광고,M10501,광고 대행업,M71310,광고 대행업,11,서울특별시,11680,강남구,11680580,삼성1동,1168010500,삼성동,1168010500101590009,1,대지,159,9,서울특별시 강남구 삼성동 159-9,116804166765,서울특별시 강남구 테헤란로87길,36,,1168010500101590009016088,도심공항타워,서울특별시 강남구 테헤란로87길 36,135973,06164,,3,,127.058599731696,37.5102377926157
MA010120220804332374,본죽,,I2,음식,I201,한식,I20101,백반/한정식,I56111,한식 일반 음식점업,11,서울특별시,11680,강남구,11680580,삼성1동,1168010500,삼성동,1168010500101590009,1,대지,159,9,서울특별시 강남구 삼성동 159-9,116804166765,서울특별시 강남구 테헤란로87길,36,,1168010500101590009016088,도심공항타워,서울특별시 강남구 테헤란로87길 36,135973,06164,,,,127.058599731696,37.5102377926157
MA010120220800163719,클럽메드바캉스주,,N1,시설관리·임대,N105,여행사·보조,N10501,여행사,N75210,여행사업,11,서울특별시,11680,강남구,11680580,삼성1동,1168010500,삼성동,1168010500101590009,1,대지,159,9,서울특별시 강남구 삼성동 159-9,116804166765,서울특별시 강남구 테헤란로87길,36,,1168010500101590009016088,도심공항타워,서울특별시 강남구 테헤란로87길 36,135973,06164,,5,,127.058599731696,37.5102377926157
MA010120220805375011,케이이아이씨,,M1,과학·기술,M107,본사·경영 컨설팅,M10703,경영 컨설팅업,M71531,경영 컨설팅업,11,서울특별시,11680,강남구,11680580,삼성1동,1168010500,삼성동,1168010500101590009,1,대지,159,9,서울특별시 강남구 삼성동 159-9,116804166765,서울특별시 강남구 테헤란로87길,36,,1168010500101590009016088,도심공항타워,서울특별시 강남구 테헤란로87길 36,135973,06164,,,,127.058599731696,37.5102377926157
MA010120220801046395,에이그레이트도심공항,터미널점,I2,음식,I212,비알코올 ,I21201,카페,I56221,커피 전문점,11,서울특별시,11680,강남구,11680580,삼성1동,1168010500,삼성동,1168010500101590009,1,대지,159,9,서울특별시 강남구 삼성동 159-9,116804166765,서울특별시 강남구 테헤란로87길,36,,1168010500101590009016088,도심공항타워,서울특별시 강남구 테헤란로87길 36,135973,06164,,2,,127.058599731696,37.5102377926157
MA010120220801070804,액티브인터내쇼날,,M1,과학·기술,M105,광고,M10501,광고 대행업,M71310,광고 대행업,11,서울특별시,11680,강남구,11680580,삼성1동,1168010500,삼성동,1168010500101590009,1,대지,159,9,서울특별시 강남구 삼성동 159-9,116804166765,서울특별시 강남구 테헤란로87길,36,,1168010500101590009016088,도심공항타워,서울특별시 강남구 테헤란로87길 36,135973,06164,,,,127.058599731696,37.5102377926157
MA010120220801068968,터너앤타운젠드,코리아,M1,과학·기술,M109,기술 서비스,M10901,건축 설계 및 관련 서비스업,M72111,건축 설계 및 관련 서비스업,11,서울특별시,11680,강남구,11680580,삼성1동,1168010500,삼성동,1168010500101590009,1,대지,159,9,서울특별시 강남구 삼성동 159-9,116804166765,서울특별시 강남구 테헤란로87길,36,,1168010500101590009016088,도심공항타워빌딩,서울특별시 강남구 테헤란로87길 36,135973,06164,,6,,127.058599731696,37.5102377926157
MA010120220801059727,에스디엘영업소,,M1,과학·기술,M115,기타 전문 과학,M11502,번역/통역 서비스업,M73902,번역 및 통역 서비스업,11,서울특별시,11680,강남구,11680580,삼성1동,1168010500,삼성동,1168010500101590009,1,대지,159,9,서울특별시 강남구 삼성동 159-9,116804166765,서울특별시 강남구 테헤란로87길,36,,1168010500101590009016088,도심공항타워,서울특별시 강남구 테헤란로87길 36,135973,06164,,10,,127.058599731696,37.5102377926157
MA010120220801030366,밀밭,,I2,음식,I201,한식,I20105,국수/칼국수,I56112,한식 면 요리 전문점,11,서울특별시,11680,강남구,11680580,삼성1동,1168010500,삼성동,1168010500101590000,1,대지,159,,서울특별시 강남구 삼성동 159,116804166765,서울특별시 강남구 테헤란로87길,36,,1168010500101590009016088,,서울특별시 강남구 테헤란로87길 36,135798,06164,,1,,127.058599731696,37.5102377926157
MA010120220804220064,제이스카이콤주,,N1,시설관리·임대,N105,여행사·보조,N10501,여행사,N75210,여행사업,11,서울특별시,11680,강남구,11680580,삼성1동,1168010500,삼성동,1168010500101590000,1,대지,159,,서울특별시 강남구 삼성동 159,116804166765,서울특별시 강남구 테헤란로87길,36,,1168010500101590009016088,도심공항,서울특별시 강남구 테헤란로87길 36,135525,06164,,24,,127.058599731696,37.5102377926157
MA010120220801025055,스피드코너,,S2,수리·개인,S206,기타 가정용품 수리,S20601,의류/이불 수선업,S96999,그 외 기타 달리 분류되지 않은 개인 서비스업,11,서울특별시,11680,강남구,11680580,삼성1동,1168010500,삼성동,1168010500101590009,1,대지,159,9,서울특별시 강남구 삼성동 159-9,116804166765,서울특별시 강남구 테헤란로87길,36,,1168010500101590009016088,도심공항타워,서울특별시 강남구 테헤란로87길 36,135973,06164,,,,127.058599731696,37.5102377926157
MA010120220805254617,캡스톤일반부동산사모투자회사3호전문,,L1,부동산,L102,부동산 서비스,L10203,부동산 중개/대리업,L68221,부동산 중개 및 대리업,11,서울특별시,11680,강남구,11680580,삼성1동,1168010500,삼성동,1168010500101590009,1,대지,159,9,서울특별시 강남구 삼성동 159-9,116804166765,서울특별시 강남구 테헤란로87길,36,,1168010500101590009016088,도심공항타워,서울특별시 강남구 테헤란로87길 36,135973,06164,,22,,127.058599731696,37.5102377926157
MA010120220801150338,현인터내셔널,,G2,소매,G215,의약·화장품 소매,G21503,화장품 소매업,G47813,"화장품, 비누 및 방향제 소매업",11,서울특별시,11680,강남구,11680580,삼성1동,1168010500,삼성동,1168010500101590009,1,대지,159,9,서울특별시 강남구 삼성동 159-9,116804166765,서울특별시 강남구 테헤란로87길,36,,1168010500101590009016088,도심공항타워,서울특별시 강남구 테헤란로87길 36,135973,06164,,24,,127.058599731696,37.5102377926157
MA010120220800823501,올스테이,,N1,시설관리·임대,N105,여행사·보조,N10501,여행사,N75210,여행사업,11,서울특별시,11680,강남구,11680580,삼성1동,1168010500,삼성동,1168010500101590009,1,대지,159,9,서울특별시 강남구 삼성동 159-9,116804166765,서울특별시 강남구 테헤란로87길,36,,1168010500101590009016088,도심공항타워,서울특별시 강남구 테헤란로87길 36,135973,06164,,24,,127.058599731696,37.5102377926157
MA010120220804493318,앨리슨모스,,M1,과학·기술,M105,광고,M10501,광고 대행업,M71310,광고 대행업,11,서울특별시,11680,강남구,11680580,삼성1동,1168010500,삼성동,1168010500101590009,1,대지,159,9,서울특별시 강남구 삼성동 159-9,116804166765,서울특별시 강남구 테헤란로87길,36,,1168010500101590009016088,도심공항타워,서울특별시 강남구 테헤란로87길 36,135973,06164,,,,127.058599731696,37.5102377926157
MA010120220804073435,케어링,코리아,N1,시설관리·임대,N104,고용 알선,N10403,상용 인력 공급 및 인사관리 서비스업,N75122,상용 인력 공급 및 인사관리 서비스업,11,서울특별시,11680,강남구,11680610,대치2동,1168010600,대치동,1168010600109430000,1,대지,943,,서울특별시 강남구 대치동 943,116803122010,서울특별시 강남구 테헤란로,510,,1168010600109430000000001,,서울특별시 강남구 테헤란로 510,135845,06179,,18,,127.058653753258,37.5070031589866
MA010120220801043277,영심이는세컨드,,I2,음식,I211,주점,I21104,요리 주점,I56219,기타 주점업,11,서울특별시,11680,강남구,11680610,대치2동,1168010600,대치동,1168010600109430008,1,대지,943,8,서울특별시 강남구 대치동 943-8,116804166763,서울특별시 강남구 테헤란로84길,9,,1168010600109430008012156,,서울특별시 강남구 테헤란로84길 9,135845,06179,,2,,127.05866475304,37.506606711341
MA010120220803248613,페이토개발호텔,삼성점,I1,숙박,I101,일반 숙박,I10101,호텔/리조트,I55101,호텔업,11,서울특별시,11680,강남구,11680580,삼성1동,1168010500,삼성동,1168010500101580013,1,대지,158,13,서울특별시 강남구 삼성동 158-13,116804166765,서울특별시 강남구 테헤란로87길,9,,1168010500101580013016859,호텔페이토,서울특별시 강남구 테헤란로87길 9,135880,06169,,,,127.058711439411,37.5084537480901
MA010120220805835772,세상의반여성의원,,Q1,보건의료,Q102,의원,Q10207,산부인과 의원,Q86201,일반의원,11,서울특별시,11680,강남구,11680580,삼성1동,1168010500,삼성동,1168010500101580015,1,대지,158,15,서울특별시 강남구 삼성동 158-15,116804166434,서울특별시 강남구 삼성로92길,29,,1168010500101580015000001,,서울특별시 강남구 삼성로92길 29,135880,06169,,3,,127.058779194827,37.508318563686
MA010120220803026229,행복열쇠,,M1,과학·기술,M107,본사·경영 컨설팅,M10703,경영 컨설팅업,M71531,경영 컨설팅업,11,서울특별시,11680,강남구,11680580,삼성1동,1168010500,삼성동,1168010500101580015,1,대지,158,15,서울특별시 강남구 삼성동 158-15,116804166434,서울특별시 강남구 삼성로92길,29,,1168010500101580015000001,도일빌딩,서울특별시 강남구 삼성로92길 29,135880,06169,,4,,127.058779194827,37.508318563686
MA010120220804332998,서울미소진치과,,Q1,보건의료,Q102,의원,Q10210,치과의원,Q86202,치과의원,11,서울특별시,11680,강남구,11680580,삼성1동,1168010500,삼성동,1168010500101580015,1,대지,158,15,서울특별시 강남구 삼성동 158-15,116804166434,서울특별시 강남구 삼성로92길,29,,1168010500101580015000001,퀼트하우스빌딩,서울특별시 강남구 삼성로92길 29,135880,06169,,8,,127.058779194827,37.508318563686
MA010120220804074196,제이에스탑에셋,,N1,시설관리·임대,N102,청소·방제,N10201,건축물 일반 청소업,N74211,건축물 일반 청소업,11,서울특별시,11680,강남구,11680610,대치2동,1168010600,대치동,1168010600109430012,1,대지,943,12,서울특별시 강남구 대치동 943-12,116804166763,서울특별시 강남구 테헤란로84길,13,,1168010600109430012012171,금원빌딩,서울특별시 강남구 테헤란로84길 13,135845,06179,,5,,127.05882288736,37.5063453412475
MA010120220803752649,동래,,I2,음식,I201,한식,I20111,횟집,I56114,한식 해산물 요리 전문점,11,서울특별시,11680,강남구,11680610,대치2동,1168010600,대치동,1168010600109430012,1,대지,943,12,서울특별시 강남구 대치동 943-12,116804166763,서울특별시 강남구 테헤란로84길,13,,1168010600109430012012171,,서울특별시 강남구 테헤란로84길 13,135845,06179,,2,,127.05882288736,37.5063453412475
MA010120220803614648,칼라,,I2,음식,I211,주점,I21104,요리 주점,I56219,기타 주점업,11,서울특별시,11680,강남구,11680610,대치2동,1168010600,대치동,1168010600109430012,1,대지,943,12,서울특별시 강남구 대치동 943-12,116804166763,서울특별시 강남구 테헤란로84길,13,,1168010600109430012012171,,서울특별시 강남구 테헤란로84길 13,135845,06179,,,,127.05882288736,37.5063453412475
MA010120220805354977,세무법인지음강,남지점,M1,과학·기술,M104,회계·세무,M10402,세무사,M71202,세무사업,11,서울특별시,11680,강남구,11680610,대치2동,1168010600,대치동,1168010600109430015,1,대지,943,15,서울특별시 강남구 대치동 943-15,116804166763,서울특별시 강남구 테헤란로84길,15,,1168010600109430015012183,시몬타워,서울특별시 강남구 테헤란로84길 15,135845,06179,,,,127.058890647751,37.5062191667799
MA010120220801060541,대교미디어카피큐24주,삼성점,N1,시설관리·임대,N107,사무 지원,N10703,복사업,N75912,복사업,11,서울특별시,11680,강남구,11680610,대치2동,1168010600,대치동,1168010600109430015,1,대지,943,15,서울특별시 강남구 대치동 943-15,116804166763,서울특별시 강남구 테헤란로84길,15,,1168010600109430015012183,,서울특별시 강남구 테헤란로84길 15,135845,06179,,1,,127.058890647751,37.5062191667799
MA010120220804479964,특허법인원전,,M1,과학·기술,M103,법무관련 ,M10302,변리사,M71102,변리사업,11,서울특별시,11680,강남구,11680610,대치2동,1168010600,대치동,1168010600109430015,1,대지,943,15,서울특별시 강남구 대치동 943-15,116804166763,서울특별시 강남구 테헤란로84길,15,,1168010600109430015012183,시몬타워,서울특별시 강남구 테헤란로84길 15,135845,06179,,13,,127.058890647751,37.5062191667799
MA010120220800401718,웰트너,,N1,시설관리·임대,N104,고용 알선,N10402,임시/일용 인력 공급업,N75121,임시 및 일용 인력 공급업,11,서울특별시,11680,강남구,11680610,대치2동,1168010600,대치동,1168010600109430015,1,대지,943,15,서울특별시 강남구 대치동 943-15,116804166763,서울특별시 강남구 테헤란로84길,15,,1168010600109430015012183,시몬타워,서울특별시 강남구 테헤란로84길 15,135845,06179,,B1,,127.058890647751,37.5062191667799
MA010120220801073134,건축사사무소따뜻한동행,,M1,과학·기술,M109,기술 서비스,M10901,건축 설계 및 관련 서비스업,M72111,건축 설계 및 관련 서비스업,11,서울특별시,11680,강남구,11680610,대치2동,1168010600,대치동,1168010600109430015,1,대지,943,15,서울특별시 강남구 대치동 943-15,116804166763,서울특별시 강남구 테헤란로84길,15,,1168010600109430015012183,시몬타워,서울특별시 강남구 테헤란로84길 15,135845,06179,,6,,127.058890647751,37.5062191667799
MA010120220804056500,미래의료재단,,Q1,보건의료,Q101,병원,Q10105,요양병원,Q86105,요양병원,11,서울특별시,11680,강남구,11680580,삼성1동,1168010500,삼성동,1168010500101580023,1,대지,158,23,서울특별시 강남구 삼성동 158-23,116803122010,서울특별시 강남구 테헤란로,513,,1168010500101580023000001,,서울특별시 강남구 테헤란로 513,135880,06169,,9,,127.05889206335,37.5080211758996
MA010120220804031953,삼성톡스앤필의원,,Q1,보건의료,Q102,의원,Q10204,피부/비뇨기과 의원,Q86201,일반의원,11,서울특별시,11680,강남구,11680580,삼성1동,1168010500,삼성동,1168010500101580023,1,대지,158,23,서울특별시 강남구 삼성동 158-23,116803122010,서울특별시 강남구 테헤란로,513,,1168010500101580023000001,삼성동,서울특별시 강남구 테헤란로 513,135880,06169,,15,,127.05889206335,37.5080211758996
MA010120220801039643,오색채담전통색채연구소,,M1,과학·기술,M112,전문 디자인,M11203,시각 디자인업,M73203,시각 디자인업,11,서울특별시,11680,강남구,11680610,대치2동,1168010600,대치동,1168010600109430016,1,대지,943,16,서울특별시 강남구 대치동 943-16,116804166763,서울특별시 강남구 테헤란로84길,17,,1168010600109430016012194,영광빌딩,서울특별시 강남구 테헤란로84길 17,135845,06179,,,,127.058947090956,37.506083987868
MA010120220801026494,장생당약국,,G2,소매,G215,의약·화장품 소매,G21501,약국,G47811,의약품 및 의료용품 소매업,11,서울특별시,11680,강남구,11680610,대치2동,1168010600,대치동,1168010600109430016,1,대지,943,16,서울특별시 강남구 대치동 943-16,116804166763,서울특별시 강남구 테헤란로84길,17,,1168010600109430016012194,영광빌딩,서울특별시 강남구 테헤란로84길 17,135845,06179,,,,127.058947090956,37.506083987868
MA010120220803841834,영광문구센타,,G2,소매,G213,오락용품 소매,G21302,문구/회화용품 소매업,G47612,문구용품 및 회화용품 소매업,11,서울특별시,11680,강남구,11680610,대치2동,1168010600,대치동,1168010600109430016,1,대지,943,16,서울특별시 강남구 대치동 943-16,116804166763,서울특별시 강남구 테헤란로84길,17,,1168010600109430016012194,영광빌딩,서울특별시 강남구 테헤란로84길 17,135845,06179,,1,,127.058947090956,37.506083987868
MA010120220803179204,로뎀세무그룹,,M1,과학·기술,M104,회계·세무,M10402,세무사,M71202,세무사업,11,서울특별시,11680,강남구,11680610,대치2동,1168010600,대치동,1168010600109430009,1,대지,943,9,서울특별시 강남구 대치동 943-9,116804166764,서울특별시 강남구 테헤란로86길,10,,1168010600109430009012151,명진빌딩,서울특별시 강남구 테헤란로86길 10,135845,06179,,5,,127.058981495514,37.506687644061
MA010120220801034253,바젤,,I2,음식,I211,주점,I21104,요리 주점,I56219,기타 주점업,11,서울특별시,11680,강남구,11680610,대치2동,1168010600,대치동,1168010600109560000,1,대지,956,,서울특별시 강남구 대치동 956,116804166432,서울특별시 강남구 삼성로86길,18,,1168010600109560000012213,,서울특별시 강남구 삼성로86길 18,135847,06184,,지,,127.059003434681,37.5058226682617
MA010120220805210838,예송세무회계,,M1,과학·기술,M104,회계·세무,M10402,세무사,M71202,세무사업,11,서울특별시,11680,강남구,11680610,대치2동,1168010600,대치동,1168010600109430010,1,대지,943,10,서울특별시 강남구 대치동 943-10,116804166764,서울특별시 강남구 테헤란로86길,12,,1168010600109430010000001,디케이오케이빌딩,서울특별시 강남구 테헤란로86길 12,135845,06179,,3,,127.059049255948,37.5065614695097
MA010120220801071131,세무법인더원,,M1,과학·기술,M104,회계·세무,M10402,세무사,M71202,세무사업,11,서울특별시,11680,강남구,11680610,대치2동,1168010600,대치동,1168010600109430010,1,대지,943,10,서울특별시 강남구 대치동 943-10,116804166764,서울특별시 강남구 테헤란로86길,12,,1168010600109430010000001,티케이오케이빌딩,서울특별시 강남구 테헤란로86길 12,135845,06179,,7,,127.059049255948,37.5065614695097
MA010120220801058965,우정장학문화재단,,R1,예술·스포츠,R103,스포츠 서비스,R10310,당구장,R91135,당구장 운영업,11,서울특별시,11680,강남구,11680610,대치2동,1168010600,대치동,1168010600109430013,1,대지,943,13,서울특별시 강남구 대치동 943-13,116804166764,서울특별시 강남구 테헤란로86길,14,,1168010600109430013000002,,서울특별시 강남구 테헤란로86길 14,135845,06179,,9,,127.059117023258,37.5064443049636
MA010120220801067713,이노바스복합시설관리,,N1,시설관리·임대,N101,시설관리,N10101,사업시설 유지·관리 서비스업,N74100,사업시설 유지ㆍ관리 서비스업,11,서울특별시,11680,강남구,11680580,삼성1동,1168010500,삼성동,1168010500101590000,1,대지,159,,서울특별시 강남구 삼성동 159,116802122002,서울특별시 강남구 영동대로,513,,1168010500101590009016086,무역센터,서울특별시 강남구 영동대로 513,135525,06164,,4,,127.059155204804,37.5118322933754
MA010120220804223202,씨에스엠월드와이드유,코리아,M1,과학·기술,M106,시장 조사,M10601,시장 조사 및 여론 조사업,M71400,시장 조사 및 여론 조사업,11,서울특별시,11680,강남구,11680580,삼성1동,1168010500,삼성동,1168010500101590000,1,대지,159,,서울특별시 강남구 삼성동 159,116802122002,서울특별시 강남구 영동대로,513,,1168010500101590009016086,아셈타워,서울특별시 강남구 영동대로 513,135525,06164,,30,,127.059155204804,37.5118322933754
MA010120220804496527,아르고노틱벤처스,코리아,M1,과학·기술,M107,본사·경영 컨설팅,M10703,경영 컨설팅업,M71531,경영 컨설팅업,11,서울특별시,11680,강남구,11680580,삼성1동,1168010500,삼성동,1168010500101590000,1,대지,159,,서울특별시 강남구 삼성동 159,116802122002,서울특별시 강남구 영동대로,513,,1168010500101590009016086,아셈타워,서울특별시 강남구 영동대로 513,135525,06164,,30,,127.059155204804,37.5118322933754
MA010120220804022294,코엑스몰세라,,G2,소매,G209,섬유·의복·신발 소매,G20910,신발 소매업,G47430,신발 소매업,11,서울특별시,11680,강남구,11680580,삼성1동,1168010500,삼성동,1168010500101590000,1,대지,159,,서울특별시 강남구 삼성동 159,116802122002,서울특별시 강남구 영동대로,513,,1168010500101590009016086,코엑스,서울특별시 강남구 영동대로 513,135525,06164,,,,127.059155204804,37.5118322933754
MA010120220801454555,윈윈리테일,,G2,소매,G209,섬유·의복·신발 소매,G20910,신발 소매업,G47430,신발 소매업,11,서울특별시,11680,강남구,11680580,삼성1동,1168010500,삼성동,1168010500101590000,1,대지,159,,서울특별시 강남구 삼성동 159,116802122002,서울특별시 강남구 영동대로,513,,1168010500101590009016086,코엑스몰,서울특별시 강남구 영동대로 513,135525,06164,,,,127.059155204804,37.5118322933754
MA010120220803797778,이레렌탈주,,N1,시설관리·임대,N108,기타 사업 서비스,N10802,전시/컨벤션/행사 대행 서비스업,N75992,"전시, 컨벤션 및 행사 대행업",11,서울특별시,11680,강남구,11680580,삼성1동,1168010500,삼성동,1168010500101590000,1,대지,159,,서울특별시 강남구 삼성동 159,116802122002,서울특별시 강남구 영동대로,513,,1168010500101590009016086,코엑스,서울특별시 강남구 영동대로 513,135525,06164,,4,,127.059155204804,37.5118322933754
MA010120220801046568,21세기이동통신,,G2,소매,G208,가전·통신 소매,G20802,핸드폰 소매업,G47312,통신기기 소매업,11,서울특별시,11680,강남구,11680580,삼성1동,1168010500,삼성동,1168010500101590000,1,대지,159,,서울특별시 강남구 삼성동 159,116802122002,서울특별시 강남구 영동대로,513,,1168010500101590009016086,코엑스몰,서울특별시 강남구 영동대로 513,135525,06164,,,,127.059155204804,37.5118322933754
MA010120220801046559,송지연봉지,,G2,소매,G209,섬유·의복·신발 소매,G20902,여성 의류 소매업,G47412,여자용 겉옷 소매업,11,서울특별시,11680,강남구,11680580,삼성1동,1168010500,삼성동,1168010500101590000,1,대지,159,,서울특별시 강남구 삼성동 159,116802122002,서울특별시 강남구 영동대로,513,,1168010500101590009016086,코엑스몰,서울특별시 강남구 영동대로 513,135525,06164,,,,127.059155204804,37.5118322933754
MA010120220801060889,캘리스코사보텐,코엑스점,I2,음식,I203,일식,I20301,일식 회/초밥,I56122,일식 음식점업,11,서울특별시,11680,강남구,11680580,삼성1동,1168010500,삼성동,1168010500101590000,1,대지,159,,서울특별시 강남구 삼성동 159,116802122002,서울특별시 강남구 영동대로,513,,1168010500101590009016086,기존컨벤션센터,서울특별시 강남구 영동대로 513,135525,06164,,1,,127.059155204804,37.5118322933754
MA010120220801984593,예가낙지마을,,I2,음식,I201,한식,I20112,해산물 구이/찜,I56111,한식 일반 음식점업,11,서울특별시,11680,강남구,11680580,삼성1동,1168010500,삼성동,1168010500101590000,1,대지,159,,서울특별시 강남구 삼성동 159,116802122002,서울특별시 강남구 영동대로,513,,1168010500101590009016086,스타필드코엑스몰,서울특별시 강남구 영동대로 513,135525,06164,,1,,127.059155204804,37.5118322933754
MA010120220805193802,이코복스커피,삼성점,I2,음식,I212,비알코올 ,I21201,카페,I56221,커피 전문점,11,서울특별시,11680,강남구,11680580,삼성1동,1168010500,삼성동,1168010500101590000,1,대지,159,,서울특별시 강남구 삼성동 159,116802122002,서울특별시 강남구 영동대로,513,,1168010500101590009016086,기존컨벤션센터,서울특별시 강남구 영동대로 513,135525,06164,,1,,127.059155204804,37.5118322933754
MA010120220800167857,스톤앤웹스터아시아영업소,,M1,과학·기술,M109,기술 서비스,M10999,기타 엔지니어링 서비스업,M72129,기타 엔지니어링 서비스업,11,서울특별시,11680,강남구,11680580,삼성1동,1168010500,삼성동,1168010500101590000,1,대지,159,,서울특별시 강남구 삼성동 159,116802122002,서울특별시 강남구 영동대로,513,,1168010500101590009016086,삼성동아셈타워,서울특별시 강남구 영동대로 513,135525,06164,,30,,127.059155204804,37.5118322933754
MA010120220801022792,더죠이,,I2,음식,I210,기타 간이,I21007,김밥/만두/분식,I56194,김밥 및 기타 간이 음식점업,11,서울특별시,11680,강남구,11680580,삼성1동,1168010500,삼성동,1168010500101590000,1,대지,159,,서울특별시 강남구 삼성동 159,116802122002,서울특별시 강남구 영동대로,513,,1168010500101590009016086,코엑스몰,서울특별시 강남구 영동대로 513,135525,06164,,,,127.059155204804,37.5118322933754
MA010120220804491609,제이엠네트웍스,코리아,M1,과학·기술,M105,광고,M10501,광고 대행업,M71310,광고 대행업,11,서울특별시,11680,강남구,11680580,삼성1동,1168010500,삼성동,1168010500101590000,1,대지,159,,서울특별시 강남구 삼성동 159,116802122002,서울특별시 강남구 영동대로,513,,1168010500101590009016086,아셈타워,서울특별시 강남구 영동대로 513,135525,06164,,30,,127.059155204804,37.5118322933754
MA010120220801023123,MK상사,,G2,소매,G213,오락용품 소매,G21302,문구/회화용품 소매업,G47612,문구용품 및 회화용품 소매업,11,서울특별시,11680,강남구,11680580,삼성1동,1168010500,삼성동,1168010500101590000,1,대지,159,,서울특별시 강남구 삼성동 159,116802122002,서울특별시 강남구 영동대로,513,,1168010500101590009016086,코엑스몰,서울특별시 강남구 영동대로 513,135525,06164,,1,,127.059155204804,37.5118322933754
MA010120220801023637,한성,,G2,소매,G209,섬유·의복·신발 소매,G20907,액세서리/잡화 소매업,G47422,의복 액세서리 및 모조 장신구 소매업,11,서울특별시,11680,강남구,11680580,삼성1동,1168010500,삼성동,1168010500101590000,1,대지,159,,서울특별시 강남구 삼성동 159,116802122002,서울특별시 강남구 영동대로,513,,1168010500101590009016086,코엑스몰,서울특별시 강남구 영동대로 513,135525,06164,,,,127.059155204804,37.5118322933754
MA010120220801667268,샵원,,G2,소매,G209,섬유·의복·신발 소매,G20907,액세서리/잡화 소매업,G47422,의복 액세서리 및 모조 장신구 소매업,11,서울특별시,11680,강남구,11680580,삼성1동,1168010500,삼성동,1168010500101590000,1,대지,159,,서울특별시 강남구 삼성동 159,116802122002,서울특별시 강남구 영동대로,513,,1168010500101590009016086,코엑스,서울특별시 강남구 영동대로 513,135525,06164,,1,,127.059155204804,37.5118322933754
MA010120220801028128,메이,,I2,음식,I210,기타 간이,I21099,그 외 기타 간이 음식점,I56199,간이 음식 포장 판매 전문점,11,서울특별시,11680,강남구,11680580,삼성1동,1168010500,삼성동,1168010500101590000,1,대지,159,,서울특별시 강남구 삼성동 159,116802122002,서울특별시 강남구 영동대로,513,,1168010500101590009016086,컨벤션센터,서울특별시 강남구 영동대로 513,135525,06164,,1,,127.059155204804,37.5118322933754
MA010120220801065576,에스쥐애플튼앤컴퍼니,,M1,과학·기술,M107,본사·경영 컨설팅,M10703,경영 컨설팅업,M71531,경영 컨설팅업,11,서울특별시,11680,강남구,11680580,삼성1동,1168010500,삼성동,1168010500101590000,1,대지,159,,서울특별시 강남구 삼성동 159,116802122002,서울특별시 강남구 영동대로,513,,1168010500101590009016086,아셈타워,서울특별시 강남구 영동대로 513,135525,06164,,30,,127.059155204804,37.5118322933754
MA010120220801062327,도미넌트자산운용,,M1,과학·기술,M107,본사·경영 컨설팅,M10703,경영 컨설팅업,M71531,경영 컨설팅업,11,서울특별시,11680,강남구,11680580,삼성1동,1168010500,삼성동,1168010500101590000,1,대지,159,,서울특별시 강남구 삼성동 159,116802122002,서울특별시 강남구 영동대로,513,,1168010500101590009016086,아셈타워,서울특별시 강남구 영동대로 513,135525,06164,,7,,127.059155204804,37.5118322933754
MA010120220801023137,안동찜닭해물떡찜,,I2,음식,I201,한식,I20110,닭/오리고기 구이/찜,I56111,한식 일반 음식점업,11,서울특별시,11680,강남구,11680580,삼성1동,1168010500,삼성동,1168010500101590000,1,대지,159,,서울특별시 강남구 삼성동 159,116802122002,서울특별시 강남구 영동대로,513,,1168010500101590009016086,코엑스몰,서울특별시 강남구 영동대로 513,135525,06164,,1,,127.059155204804,37.5118322933754
MA010120220804723244,폴햄신세계스타필드코엑스,,G2,소매,G209,섬유·의복·신발 소매,G20905,기타 의류 소매업,G47414,셔츠 및 블라우스 소매업,11,서울특별시,11680,강남구,11680580,삼성1동,1168010500,삼성동,1168010500101590000,1,대지,159,,서울특별시 강남구 삼성동 159,116802122002,서울특별시 강남구 영동대로,513,,1168010500101590009016086,쇼핑몰동,서울특별시 강남구 영동대로 513,135525,06164,,1,,127.059155204804,37.5118322933754
MA010120220805415591,이천가든,코엑스점,I2,음식,I201,한식,I20107,돼지고기 구이/찜,I56113,한식 육류 요리 전문점,11,서울특별시,11680,강남구,11680580,삼성1동,1168010500,삼성동,1168010500101590000,1,대지,159,,서울특별시 강남구 삼성동 159,116802122002,서울특별시 강남구 영동대로,513,,1168010500101590009016086,코엑스,서울특별시 강남구 영동대로 513,135525,06164,,1,,127.059155204804,37.5118322933754
MA010120220801032296,뮬,,G2,소매,G209,섬유·의복·신발 소매,G20905,기타 의류 소매업,G47422,의복 액세서리 및 모조 장신구 소매업,11,서울특별시,11680,강남구,11680580,삼성1동,1168010500,삼성동,1168010500101590000,1,대지,159,,서울특별시 강남구 삼성동 159,116802122002,서울특별시 강남구 영동대로,513,,1168010500101590009016086,코엑스몰,서울특별시 강남구 영동대로 513,135525,06164,,,,127.059155204804,37.5118322933754
MA010120220801030314,토우기획,,N1,시설관리·임대,N108,기타 사업 서비스,N10802,전시/컨벤션/행사 대행 서비스업,N75992,"전시, 컨벤션 및 행사 대행업",11,서울특별시,11680,강남구,11680580,삼성1동,1168010500,삼성동,1168010500101590000,1,대지,159,,서울특별시 강남구 삼성동 159,116802122002,서울특별시 강남구 영동대로,513,,1168010500101590009016086,코엑스,서울특별시 강남구 영동대로 513,135525,06164,,1,,127.059155204804,37.5118322933754
MA010120220801066352,에스와이코마드주,,M1,과학·기술,M115,기타 전문 과학,M11504,사업/무형 재산권 중개업,M73903,사업 및 무형 재산권 중개업,11,서울특별시,11680,강남구,11680580,삼성1동,1168010500,삼성동,1168010500101590000,1,대지,159,,서울특별시 강남구 삼성동 159,116802122002,서울특별시 강남구 영동대로,513,,1168010500101590009016086,무역센터,서울특별시 강남구 영동대로 513,135525,06164,,2,,127.059155204804,37.5118322933754
MA010120220804227934,유한책임회사더블유엠인베스트먼트,,M1,과학·기술,M107,본사·경영 컨설팅,M10703,경영 컨설팅업,M71531,경영 컨설팅업,11,서울특별시,11680,강남구,11680580,삼성1동,1168010500,삼성동,1168010500101590000,1,대지,159,,서울특별시 강남구 삼성동 159,116802122002,서울특별시 강남구 영동대로,513,,1168010500101590009016086,아셈타워,서울특별시 강남구 영동대로 513,135525,06164,,2,,127.059155204804,37.5118322933754
MA010120220805010203,프로젝트엠,,G2,소매,G209,섬유·의복·신발 소매,G20901,남성 의류 소매업,G47411,남자용 겉옷 소매업,11,서울특별시,11680,강남구,11680580,삼성1동,1168010500,삼성동,1168010500101590000,1,대지,159,,서울특별시 강남구 삼성동 159,116802122002,서울특별시 강남구 영동대로,513,,1168010500101590009016086,코엑스B,서울특별시 강남구 영동대로 513,135525,06164,,B1,,127.059155204804,37.5118322933754
MA010120220803714898,이노아이,,G2,소매,G209,섬유·의복·신발 소매,G20907,액세서리/잡화 소매업,G47422,의복 액세서리 및 모조 장신구 소매업,11,서울특별시,11680,강남구,11680580,삼성1동,1168010500,삼성동,1168010500101590000,1,대지,159,,서울특별시 강남구 삼성동 159,116802122002,서울특별시 강남구 영동대로,513,,1168010500101590009016086,코엑스몰,서울특별시 강남구 영동대로 513,135525,06164,,,,127.059155204804,37.5118322933754
MA010120220801022947,허니.VR죤,,R1,예술·스포츠,R104,유원지·오락,R10499,기타 오락관련 서비스업,R91221,전자 게임장 운영업,11,서울특별시,11680,강남구,11680580,삼성1동,1168010500,삼성동,1168010500101590000,1,대지,159,,서울특별시 강남구 삼성동 159,116802122002,서울특별시 강남구 영동대로,513,,1168010500101590009016086,동코엑스몰,서울특별시 강남구 영동대로 513,135525,06164,,,,127.059155204804,37.5118322933754
MA010120220801061230,그랑프리옵틱,,G2,소매,G216,안경·정밀기기 소매,G21602,안경렌즈 소매업,G47822,안경 및 렌즈 소매업,11,서울특별시,11680,강남구,11680580,삼성1동,1168010500,삼성동,1168010500101590000,1,대지,159,,서울특별시 강남구 삼성동 159,116802122002,서울특별시 강남구 영동대로,513,,1168010500101590009016086,코엑스몰오,서울특별시 강남구 영동대로 513,135525,06164,,,,127.059155204804,37.5118322933754
MA010120220801046574,티엠,,G2,소매,G209,섬유·의복·신발 소매,G20905,기타 의류 소매업,G47419,기타 의복 소매업,11,서울특별시,11680,강남구,11680580,삼성1동,1168010500,삼성동,1168010500101590000,1,대지,159,,서울특별시 강남구 삼성동 159,116802122002,서울특별시 강남구 영동대로,513,,1168010500101590009016086,동코엑스몰,서울특별시 강남구 영동대로 513,135525,06164,,,,127.059155204804,37.5118322933754
MA010120220801047483,사리원,,I2,음식,I201,한식,I20107,돼지고기 구이/찜,I56113,한식 육류 요리 전문점,11,서울특별시,11680,강남구,11680580,삼성1동,1168010500,삼성동,1168010500101590000,1,대지,159,,서울특별시 강남구 삼성동 159,116802122002,서울특별시 강남구 영동대로,513,,1168010500101590009016086,지,서울특별시 강남구 영동대로 513,135525,06164,,1,,127.059155204804,37.5118322933754
MA010120220801060896,케르반레스토랑,코엑스점,I2,음식,I204,서양식,I20401,경양식,I56123,서양식 음식점업,11,서울특별시,11680,강남구,11680580,삼성1동,1168010500,삼성동,1168010500101590000,1,대지,159,,서울특별시 강남구 삼성동 159,116802122002,서울특별시 강남구 영동대로,513,,1168010500101590009016086,기존컨벤션센터,서울특별시 강남구 영동대로 513,135525,06164,,1,,127.059155204804,37.5118322933754
MA010120220801046744,명동칼국수,,I2,음식,I201,한식,I20105,국수/칼국수,I56112,한식 면 요리 전문점,11,서울특별시,11680,강남구,11680580,삼성1동,1168010500,삼성동,1168010500101590000,1,대지,159,,서울특별시 강남구 삼성동 159,116802122002,서울특별시 강남구 영동대로,513,,1168010500101590009016086,코엑스몰,서울특별시 강남구 영동대로 513,135525,06164,,1,,127.059155204804,37.5118322933754
MA010120220801062121,도모다찌,,I2,음식,I204,서양식,I20401,경양식,I56123,서양식 음식점업,11,서울특별시,11680,강남구,11680580,삼성1동,1168010500,삼성동,1168010500101590000,1,대지,159,,서울특별시 강남구 삼성동 159,116802122002,서울특별시 강남구 영동대로,513,,1168010500101590009016086,COEX몰엘,서울특별시 강남구 영동대로 513,135525,06164,,,,127.059155204804,37.5118322933754
MA010120220801060741,삼성물산코엑스몰주,,G2,소매,G209,섬유·의복·신발 소매,G20905,기타 의류 소매업,G47416,가죽 및 모피 의복 소매업,11,서울특별시,11680,강남구,11680580,삼성1동,1168010500,삼성동,1168010500101590000,1,대지,159,,서울특별시 강남구 삼성동 159,116802122002,서울특별시 강남구 영동대로,513,,1168010500101590009016086,동무역센터,서울특별시 강남구 영동대로 513,135525,06164,,,,127.059155204804,37.5118322933754
MA010120220801071796,티알에스렌탈주,,N1,시설관리·임대,N111,산업용품 대여,N11102,컴퓨터/사무기기 대여업,N76320,컴퓨터 및 사무용 기계ㆍ장비 임대업,11,서울특별시,11680,강남구,11680580,삼성1동,1168010500,삼성동,1168010500101590000,1,대지,159,,서울특별시 강남구 삼성동 159,116802122002,서울특별시 강남구 영동대로,513,,1168010500101590009016086,코엑스,서울특별시 강남구 영동대로 513,135525,06164,,,,127.059155204804,37.5118322933754
MA010120220801067819,웨스트사이공주,,I2,음식,I212,비알코올 ,I21201,카페,I56221,커피 전문점,11,서울특별시,11680,강남구,11680580,삼성1동,1168010500,삼성동,1168010500101590000,1,대지,159,,서울특별시 강남구 삼성동 159,116802122002,서울특별시 강남구 영동대로,513,,1168010500101590009016086,코엑스몰,서울특별시 강남구 영동대로 513,135525,06164,,1,,127.059155204804,37.5118322933754
MA010120220801022781,앤티앤스,코엑스몰점,I2,음식,I210,기타 간이,I21001,빵/도넛,I56191,제과점업,11,서울특별시,11680,강남구,11680580,삼성1동,1168010500,삼성동,1168010500101590000,1,대지,159,,서울특별시 강남구 삼성동 159,116802122002,서울특별시 강남구 영동대로,513,,1168010500101590009016086,코엑스몰,서울특별시 강남구 영동대로 513,135525,06164,,,,127.059155204804,37.5118322933754
MA010120220801046720,예원,코리아,G2,소매,G218,장식품 소매,G21802,기념품점,G47842,"기념품, 관광 민예품 및 장식용품 소매업",11,서울특별시,11680,강남구,11680580,삼성1동,1168010500,삼성동,1168010500101590000,1,대지,159,,서울특별시 강남구 삼성동 159,116802122002,서울특별시 강남구 영동대로,513,,1168010500101590009016086,동코엑스몰,서울특별시 강남구 영동대로 513,135525,06164,,,,127.059155204804,37.5118322933754
MA010120220801046614,미우,,G2,소매,G209,섬유·의복·신발 소매,G20907,액세서리/잡화 소매업,G47422,의복 액세서리 및 모조 장신구 소매업,11,서울특별시,11680,강남구,11680580,삼성1동,1168010500,삼성동,1168010500101590000,1,대지,159,,서울특별시 강남구 삼성동 159,116802122002,서울특별시 강남구 영동대로,513,,1168010500101590009016086,코엑스몰,서울특별시 강남구 영동대로 513,135525,06164,,,,127.059155204804,37.5118322933754
MA010120220801058538,현진에프앤비주,,I2,음식,I212,비알코올 ,I21201,카페,I56229,기타 비알코올 음료점업,11,서울특별시,11680,강남구,11680580,삼성1동,1168010500,삼성동,1168010500101590000,1,대지,159,,서울특별시 강남구 삼성동 159,116802122002,서울특별시 강남구 영동대로,513,,1168010500101590009016086,코엑스몰케이,서울특별시 강남구 영동대로 513,135525,06164,,1,,127.059155204804,37.5118322933754
MA010120220803040628,스타필드마인드브릿지,코엑스점,G2,소매,G209,섬유·의복·신발 소매,G20905,기타 의류 소매업,G47414,셔츠 및 블라우스 소매업,11,서울특별시,11680,강남구,11680580,삼성1동,1168010500,삼성동,1168010500101590009,1,대지,159,9,서울특별시 강남구 삼성동 159-9,116802122002,서울특별시 강남구 영동대로,513,,1168010500101590009016086,코엑스인터콘티넨탈서울마인드브릿지,서울특별시 강남구 영동대로 513,135973,06164,,,,127.059155204804,37.5118322933754
MA010120220804017480,인스파,,S2,수리·개인,S207,이용·미용,S20702,피부 관리실,S96113,피부 미용업,11,서울특별시,11680,강남구,11680580,삼성1동,1168010500,삼성동,1168010500101590000,1,대지,159,,서울특별시 강남구 삼성동 159,116802122002,서울특별시 강남구 영동대로,513,,1168010500101590009016086,인터콘티넨탈서울코엑스,서울특별시 강남구 영동대로 513,135525,06164,,2,,127.059155204804,37.5118322933754
MA010120220801024875,파파밸리,,I2,음식,I204,서양식,I20401,경양식,I56123,서양식 음식점업,11,서울특별시,11680,강남구,11680580,삼성1동,1168010500,삼성동,1168010500101590000,1,대지,159,,서울특별시 강남구 삼성동 159,116802122002,서울특별시 강남구 영동대로,513,,1168010500101590009016086,코엑스몰,서울특별시 강남구 영동대로 513,135525,06164,,,,127.059155204804,37.5118322933754
MA010120220801062101,유정산업서비스센터,,I2,음식,I201,한식,I20101,백반/한정식,I56111,한식 일반 음식점업,11,서울특별시,11680,강남구,11680580,삼성1동,1168010500,삼성동,1168010500101590000,1,대지,159,,서울특별시 강남구 삼성동 159,116802122002,서울특별시 강남구 영동대로,513,,1168010500101590009016086,코엑스몰엠,서울특별시 강남구 영동대로 513,135525,06164,,,,127.059155204804,37.5118322933754
MA010120220801058082,동일항공여행사주,,N1,시설관리·임대,N105,여행사·보조,N10501,여행사,N75210,여행사업,11,서울특별시,11680,강남구,11680580,삼성1동,1168010500,삼성동,1168010500101590000,1,대지,159,,서울특별시 강남구 삼성동 159,116802122002,서울특별시 강남구 영동대로,513,,1168010500101590009016086,코엑스,서울특별시 강남구 영동대로 513,135525,06164,,,,127.059155204804,37.5118322933754
MA010120220801035986,GS25오크우드점,,G2,소매,G204,종합 소매,G20405,편의점,G47122,체인화 편의점,11,서울특별시,11680,강남구,11680580,삼성1동,1168010500,삼성동,1168010500101590000,1,대지,159,,서울특별시 강남구 삼성동 159,116802122002,서울특별시 강남구 영동대로,513,,1168010500101590009016086,,서울특별시 강남구 영동대로 513,135798,06164,,1,,127.059155204804,37.5118322933754
MA010120220804479531,아이에이치에스마킷,코리아,M1,과학·기술,M106,시장 조사,M10601,시장 조사 및 여론 조사업,M71531,경영 컨설팅업,11,서울특별시,11680,강남구,11680580,삼성1동,1168010500,삼성동,1168010500101590000,1,대지,159,,서울특별시 강남구 삼성동 159,116802122002,서울특별시 강남구 영동대로,513,,1168010500101590009016086,아셈타워,서울특별시 강남구 영동대로 513,135525,06164,,30,,127.059155204804,37.5118322933754
MA010120220804869754,파피루스플러스,,G2,소매,G216,안경·정밀기기 소매,G21602,안경렌즈 소매업,G47822,안경 및 렌즈 소매업,11,서울특별시,11680,강남구,11680580,삼성1동,1168010500,삼성동,1168010500101590000,1,대지,159,,서울특별시 강남구 삼성동 159,116802122002,서울특별시 강남구 영동대로,513,,1168010500101590009016086,코엑스,서울특별시 강남구 영동대로 513,135525,06164,,1,,127.059155204804,37.5118322933754
MA010120220800054806,난닝구,,G2,소매,G209,섬유·의복·신발 소매,G20902,여성 의류 소매업,G47412,여자용 겉옷 소매업,11,서울특별시,11680,강남구,11680580,삼성1동,1168010500,삼성동,1168010500101590000,1,대지,159,,서울특별시 강남구 삼성동 159,116802122002,서울특별시 강남구 영동대로,513,,1168010500101590009016086,스타필드코엑스,서울특별시 강남구 영동대로 513,135525,06164,,1,,127.059155204804,37.5118322933754
MA010120220801023077,동경,,I2,음식,I203,일식,I20301,일식 회/초밥,I56122,일식 음식점업,11,서울특별시,11680,강남구,11680580,삼성1동,1168010500,삼성동,1168010500101590000,1,대지,159,,서울특별시 강남구 삼성동 159,116802122002,서울특별시 강남구 영동대로,513,,1168010500101590009016086,코엑스몰,서울특별시 강남구 영동대로 513,135525,06164,,,,127.059155204804,37.5118322933754
MA010120220800015561,무역포장우,,N1,시설관리·임대,N108,기타 사업 서비스,N10805,포장/충전업,N75994,포장 및 충전업,11,서울특별시,11680,강남구,11680580,삼성1동,1168010500,삼성동,1168010500101590000,1,대지,159,,서울특별시 강남구 삼성동 159,116802122002,서울특별시 강남구 영동대로,513,,1168010500101590009016086,코엑스,서울특별시 강남구 영동대로 513,135525,06164,,B1,,127.059155204804,37.5118322933754
MA010120220801055731,주)원월드프로덕션주,,M1,과학·기술,M113,사진 촬영,M11301,사진촬영업,M73301,인물 사진 및 행사용 영상 촬영업,11,서울특별시,11680,강남구,11680580,삼성1동,1168010500,삼성동,1168010500101590000,1,대지,159,,서울특별시 강남구 삼성동 159,116802122002,서울특별시 강남구 영동대로,513,,1168010500101590009016086,한국종합전시장,서울특별시 강남구 영동대로 513,135525,06164,,2,,127.059155204804,37.5118322933754
MA010120220803440347,신세계푸드데블스도어,코엑스점,I2,음식,I207,구내식당·뷔페,I20701,구내식당,I56123,서양식 음식점업,11,서울특별시,11680,강남구,11680580,삼성1동,1168010500,삼성동,1168010500101590000,1,대지,159,,서울특별시 강남구 삼성동 159,116802122002,서울특별시 강남구 영동대로,513,,1168010500101590009016086,코엑스,서울특별시 강남구 영동대로 513,135525,06164,,,,127.059155204804,37.5118322933754
MA010120220805365597,이엑스프로모션,,N1,시설관리·임대,N108,기타 사업 서비스,N10802,전시/컨벤션/행사 대행 서비스업,N75992,"전시, 컨벤션 및 행사 대행업",11,서울특별시,11680,강남구,11680580,삼성1동,1168010500,삼성동,1168010500101590000,1,대지,159,,서울특별시 강남구 삼성동 159,116802122002,서울특별시 강남구 영동대로,513,,1168010500101590009016086,코엑스,서울특별시 강남구 영동대로 513,135525,06164,,4,,127.059155204804,37.5118322933754
MA010120220804232981,서우상사,,G2,소매,G209,섬유·의복·신발 소매,G20911,가방 소매업,G47440,가방 및 기타 가죽제품 소매업,11,서울특별시,11680,강남구,11680580,삼성1동,1168010500,삼성동,1168010500101590000,1,대지,159,,서울특별시 강남구 삼성동 159,116802122002,서울특별시 강남구 영동대로,513,,1168010500101590009016086,코엑스몰,서울특별시 강남구 영동대로 513,135525,06164,,,,127.059155204804,37.5118322933754
MA010120220803086217,이노비우스,코리아,M1,과학·기술,M115,기타 전문 과학,M11504,사업/무형 재산권 중개업,M73903,사업 및 무형 재산권 중개업,11,서울특별시,11680,강남구,11680580,삼성1동,1168010500,삼성동,1168010500101590000,1,대지,159,,서울특별시 강남구 삼성동 159,116802122002,서울특별시 강남구 영동대로,513,,1168010500101590009016086,아셈타워,서울특별시 강남구 영동대로 513,135525,06164,,30,,127.059155204804,37.5118322933754
MA010120220805203932,에렉스피에프창,코엑스몰점,I2,음식,I202,중식,I20201,중국집,I56121,중식 음식점업,11,서울특별시,11680,강남구,11680580,삼성1동,1168010500,삼성동,1168010500101590000,1,대지,159,,서울특별시 강남구 삼성동 159,116802122002,서울특별시 강남구 영동대로,513,,1168010500101590009016086,코엑스몰아셈회관,서울특별시 강남구 영동대로 513,135525,06164,,1,,127.059155204804,37.5118322933754
MA010120220801060912,로네펠트티하우스,코엑스점,I2,음식,I212,비알코올 ,I21201,카페,I56221,커피 전문점,11,서울특별시,11680,강남구,11680580,삼성1동,1168010500,삼성동,1168010500101590000,1,대지,159,,서울특별시 강남구 삼성동 159,116802122002,서울특별시 강남구 영동대로,513,,1168010500101590009016086,기존컨벤션센터,서울특별시 강남구 영동대로 513,135525,06164,,1,,127.059155204804,37.5118322933754
MA010120220801046683,스시한판,,I2,음식,I203,일식,I20301,일식 회/초밥,I56122,일식 음식점업,11,서울특별시,11680,강남구,11680580,삼성1동,1168010500,삼성동,1168010500101590000,1,대지,159,,서울특별시 강남구 삼성동 159,116802122002,서울특별시 강남구 영동대로,513,,1168010500101590009016086,컨벤션센터,서울특별시 강남구 영동대로 513,135525,06164,,1,,127.059155204804,37.5118322933754
MA010120220801032073,공수간코엑스몰,,I2,음식,I210,기타 간이,I21007,김밥/만두/분식,I56194,김밥 및 기타 간이 음식점업,11,서울특별시,11680,강남구,11680580,삼성1동,1168010500,삼성동,1168010500101590000,1,대지,159,,서울특별시 강남구 삼성동 159,116802122002,서울특별시 강남구 영동대로,513,,1168010500101590009016086,코엑스몰컨벤션센터,서울특별시 강남구 영동대로 513,135525,06164,,1,,127.059155204804,37.5118322933754
MA010120220801046658,에이지의원,,Q1,보건의료,Q102,의원,Q10209,기타 의원,Q86201,일반의원,11,서울특별시,11680,강남구,11680580,삼성1동,1168010500,삼성동,1168010500101590000,1,대지,159,,서울특별시 강남구 삼성동 159,116802122002,서울특별시 강남구 영동대로,513,,1168010500101590009016086,인터컨티넨탈서울코엑스아케이드,서울특별시 강남구 영동대로 513,135525,06164,,,,127.059155204804,37.5118322933754
MA010120220804172816,아이디어공화국,,M1,과학·기술,M112,전문 디자인,M11202,제품 디자인업,M73202,제품 디자인업,11,서울특별시,11680,강남구,11680580,삼성1동,1168010500,삼성동,1168010500101590000,1,대지,159,,서울특별시 강남구 삼성동 159,116802122002,서울특별시 강남구 영동대로,513,,1168010500101590009016086,무역센터,서울특별시 강남구 영동대로 513,135525,06164,,,,127.059155204804,37.5118322933754
MA010120220801060832,윈윈스포츠코엑스지점주,,G2,소매,G213,오락용품 소매,G21304,운동용품 소매업,G47631,운동 및 경기용품 소매업,11,서울특별시,11680,강남구,11680580,삼성1동,1168010500,삼성동,1168010500101590000,1,대지,159,,서울특별시 강남구 삼성동 159,116802122002,서울특별시 강남구 영동대로,513,,1168010500101590009016086,코엑스몰,서울특별시 강남구 영동대로 513,135525,06164,,,,127.059155204804,37.5118322933754
MA010120220804306466,한국무역신문사,,M1,과학·기술,M105,광고,M10501,광고 대행업,M71310,광고 대행업,11,서울특별시,11680,강남구,11680580,삼성1동,1168010500,삼성동,1168010500101590000,1,대지,159,,서울특별시 강남구 삼성동 159,116802122002,서울특별시 강남구 영동대로,513,,1168010500101590009016086,코엑스,서울특별시 강남구 영동대로 513,135525,06164,,4,,127.059155204804,37.5118322933754
MA010120220804307199,바이오네이쳐,,I2,음식,I201,한식,I20105,국수/칼국수,I56112,한식 면 요리 전문점,11,서울특별시,11680,강남구,11680580,삼성1동,1168010500,삼성동,1168010500101590000,1,대지,159,,서울특별시 강남구 삼성동 159,116802122002,서울특별시 강남구 영동대로,513,,1168010500101590009016086,코엑스몰,서울특별시 강남구 영동대로 513,135525,06164,,1,,127.059155204804,37.5118322933754
MA010120220801071352,지엘엠피,,M1,과학·기술,M107,본사·경영 컨설팅,M10703,경영 컨설팅업,M71531,경영 컨설팅업,11,서울특별시,11680,강남구,11680580,삼성1동,1168010500,삼성동,1168010500101590000,1,대지,159,,서울특별시 강남구 삼성동 159,116802122002,서울특별시 강남구 영동대로,513,,1168010500101590009016086,코엑스,서울특별시 강남구 영동대로 513,135525,06164,,,,127.059155204804,37.5118322933754
MA010120220801046542,티플러스,,M1,과학·기술,M105,광고,M10501,광고 대행업,M71310,광고 대행업,11,서울특별시,11680,강남구,11680580,삼성1동,1168010500,삼성동,1168010500101590000,1,대지,159,,서울특별시 강남구 삼성동 159,116802122002,서울특별시 강남구 영동대로,513,,1168010500101590009016086,코엑스,서울특별시 강남구 영동대로 513,135525,06164,,3,,127.059155204804,37.5118322933754
MA010120220801048423,고와카페,,G2,소매,G219,식물 소매,G21901,꽃집,G47851,화초 및 식물 소매업,11,서울특별시,11680,강남구,11680580,삼성1동,1168010500,삼성동,1168010500101590000,1,대지,159,,서울특별시 강남구 삼성동 159,116802122002,서울특별시 강남구 영동대로,513,,1168010500101590009016086,코엑스몰,서울특별시 강남구 영동대로 513,135525,06164,,1,,127.059155204804,37.5118322933754
MA010120220801060855,티엔제이코엑스몰트위E117호,,G2,소매,G209,섬유·의복·신발 소매,G20905,기타 의류 소매업,G47422,의복 액세서리 및 모조 장신구 소매업,11,서울특별시,11680,강남구,11680580,삼성1동,1168010500,삼성동,1168010500101590000,1,대지,159,,서울특별시 강남구 삼성동 159,116802122002,서울특별시 강남구 영동대로,513,,1168010500101590009016086,코엑스몰트위,서울특별시 강남구 영동대로 513,135525,06164,,,,127.059155204804,37.5118322933754
MA010120220805375377,제이엠에스,코리아,N1,시설관리·임대,N105,여행사·보조,N10501,여행사,N75210,여행사업,11,서울특별시,11680,강남구,11680580,삼성1동,1168010500,삼성동,1168010500101590000,1,대지,159,,서울특별시 강남구 삼성동 159,116802122002,서울특별시 강남구 영동대로,513,,1168010500101590009016086,및한국종합무역센터,서울특별시 강남구 영동대로 513,135525,06164,,,,127.059155204804,37.5118322933754
MA010120220801035376,쇼군,,I2,음식,I210,기타 간이,I21007,김밥/만두/분식,I56194,김밥 및 기타 간이 음식점업,11,서울특별시,11680,강남구,11680580,삼성1동,1168010500,삼성동,1168010500101590000,1,대지,159,,서울특별시 강남구 삼성동 159,116802122002,서울특별시 강남구 영동대로,513,,1168010500101590009016086,컨벤션센터,서울특별시 강남구 영동대로 513,135525,06164,,1,,127.059155204804,37.5118322933754
MA010120220801060098,에렉스이화원,,I2,음식,I202,중식,I20201,중국집,I56121,중식 음식점업,11,서울특별시,11680,강남구,11680580,삼성1동,1168010500,삼성동,1168010500101590000,1,대지,159,,서울특별시 강남구 삼성동 159,116802122002,서울특별시 강남구 영동대로,513,,1168010500101590009016086,오크우드호텔,서울특별시 강남구 영동대로 513,135525,06164,,3,,127.059155204804,37.5118322933754
MA010120220805244387,쏘미굿,,G2,소매,G221,기타 상품 소매,G22199,그 외 기타 상품 전문 소매업,G47859,그 외 기타 분류 안된 상품 전문 소매업,11,서울특별시,11680,강남구,11680580,삼성1동,1168010500,삼성동,1168010500101590000,1,대지,159,,서울특별시 강남구 삼성동 159,116802122002,서울특별시 강남구 영동대로,513,,1168010500101590009016086,아셈타워,서울특별시 강남구 영동대로 513,135525,06164,,37,,127.059155204804,37.5118322933754
MA010120220801048160,팜엑스약국,,G2,소매,G215,의약·화장품 소매,G21501,약국,G47811,의약품 및 의료용품 소매업,11,서울특별시,11680,강남구,11680580,삼성1동,1168010500,삼성동,1168010500101590000,1,대지,159,,서울특별시 강남구 삼성동 159,116802122002,서울특별시 강남구 영동대로,513,,1168010500101590009016086,코엑스COE,서울특별시 강남구 영동대로 513,135525,06164,,1,,127.059155204804,37.5118322933754
MA010120220801046466,서울SIC치과의원,,Q1,보건의료,Q102,의원,Q10210,치과의원,Q86202,치과의원,11,서울특별시,11680,강남구,11680580,삼성1동,1168010500,삼성동,1168010500101590000,1,대지,159,,서울특별시 강남구 삼성동 159,116802122002,서울특별시 강남구 영동대로,513,,1168010500101590009016086,코엑스,서울특별시 강남구 영동대로 513,135525,06164,,1,,127.059155204804,37.5118322933754
MA010120220801060869,아디다스BCS코엑스,,G2,소매,G213,오락용품 소매,G21304,운동용품 소매업,G47631,운동 및 경기용품 소매업,11,서울특별시,11680,강남구,11680580,삼성1동,1168010500,삼성동,1168010500101590000,1,대지,159,,서울특별시 강남구 삼성동 159,116802122002,서울특별시 강남구 영동대로,513,,1168010500101590009016086,코엑스몰,서울특별시 강남구 영동대로 513,135525,06164,,,,127.059155204804,37.5118322933754
MA010120220800596759,팀버랜드,,G2,소매,G209,섬유·의복·신발 소매,G20905,기타 의류 소매업,G47419,기타 의복 소매업,11,서울특별시,11680,강남구,11680580,삼성1동,1168010500,삼성동,1168010500101590000,1,대지,159,,서울특별시 강남구 삼성동 159,116802122002,서울특별시 강남구 영동대로,513,,1168010500101590009016086,코엑스스타필드,서울특별시 강남구 영동대로 513,135525,06164,,1,,127.059155204804,37.5118322933754
MA010120220800171106,헨리앤어쏘시에이츠Henry&AssociatesCo.，Ltd.,,M1,과학·기술,M107,본사·경영 컨설팅,M10703,경영 컨설팅업,M71531,경영 컨설팅업,11,서울특별시,11680,강남구,11680580,삼성1동,1168010500,삼성동,1168010500101590000,1,대지,159,,서울특별시 강남구 삼성동 159,116802122002,서울특별시 강남구 영동대로,513,,1168010500101590009016086,아셈타워,서울특별시 강남구 영동대로 513,135525,06164,,37,,127.059155204804,37.5118322933754
MA010120220801073127,스포큐원주,,R1,예술·스포츠,R103,스포츠 서비스,R10307,헬스장,R91132,체력 단련시설 운영업,11,서울특별시,11680,강남구,11680580,삼성1동,1168010500,삼성동,1168010500101590000,1,대지,159,,서울특별시 강남구 삼성동 159,116802122002,서울특별시 강남구 영동대로,513,,1168010500101590009016086,도심공항비,서울특별시 강남구 영동대로 513,135525,06164,,,,127.059155204804,37.5118322933754
MA010120220805487789,지오지아,,G2,소매,G209,섬유·의복·신발 소매,G20905,기타 의류 소매업,G47413,속옷 및 잠옷 소매업,11,서울특별시,11680,강남구,11680580,삼성1동,1168010500,삼성동,1168010500101590000,1,대지,159,,서울특별시 강남구 삼성동 159,116802122002,서울특별시 강남구 영동대로,513,,1168010500101590009016086,코엑스,서울특별시 강남구 영동대로 513,135525,06164,,1,,127.059155204804,37.5118322933754
MA010120220803408413,세븐일레븐코엑스아셈,타워점,G2,소매,G204,종합 소매,G20405,편의점,G47122,체인화 편의점,11,서울특별시,11680,강남구,11680580,삼성1동,1168010500,삼성동,1168010500101590000,1,대지,159,,서울특별시 강남구 삼성동 159,116802122002,서울특별시 강남구 영동대로,513,,1168010500101590009016086,아셈타워,서울특별시 강남구 영동대로 513,135525,06164,,1,,127.059155204804,37.5118322933754
MA010120220804740031,인터컨티넨탈호텔즈그룹아시아퍼시픽피티이리미티드영업소,,M1,과학·기술,M107,본사·경영 컨설팅,M10703,경영 컨설팅업,M71531,경영 컨설팅업,11,서울특별시,11680,강남구,11680580,삼성1동,1168010500,삼성동,1168010500101590000,1,대지,159,,서울특별시 강남구 삼성동 159,116802122002,서울특별시 강남구 영동대로,513,,1168010500101590009016086,아셈타워,서울특별시 강남구 영동대로 513,135525,06164,,37,,127.059155204804,37.5118322933754
MA010120220804024162,올리버2,,G2,소매,G209,섬유·의복·신발 소매,G20905,기타 의류 소매업,G47413,속옷 및 잠옷 소매업,11,서울특별시,11680,강남구,11680580,삼성1동,1168010500,삼성동,1168010500101590000,1,대지,159,,서울특별시 강남구 삼성동 159,116802122002,서울특별시 강남구 영동대로,513,,1168010500101590009016086,호텔아케이드,서울특별시 강남구 영동대로 513,135525,06164,,,,127.059155204804,37.5118322933754
MA010120220800323690,티에이디엔,,I2,음식,I210,기타 간이,I21001,빵/도넛,I56191,제과점업,11,서울특별시,11680,강남구,11680580,삼성1동,1168010500,삼성동,1168010500101590000,1,대지,159,,서울특별시 강남구 삼성동 159,116802122002,서울특별시 강남구 영동대로,513,,1168010500101590009016086,코엑스씨,서울특별시 강남구 영동대로 513,135525,06164,,,,127.059155204804,37.5118322933754
MA010120220804034270,맨하탄에쥬케이션,,P1,교육,P107,교육 지원,P10799,기타 교육지원 서비스업,P85709,기타 교육지원 서비스업,11,서울특별시,11680,강남구,11680580,삼성1동,1168010500,삼성동,1168010500101590000,1,대지,159,,서울특별시 강남구 삼성동 159,116802122002,서울특별시 강남구 영동대로,513,,1168010500101590009016086,인터컨티넨탈서울코엑스호텔,서울특별시 강남구 영동대로 513,135525,06164,,,,127.059155204804,37.5118322933754
MA010120220804490924,법무법인케이앤씨,,M1,과학·기술,M103,법무관련 ,M10301,변호사,M71101,변호사업,11,서울특별시,11680,강남구,11680580,삼성1동,1168010500,삼성동,1168010500101590000,1,대지,159,,서울특별시 강남구 삼성동 159,116802122002,서울특별시 강남구 영동대로,513,,1168010500101590009016086,아셈타워,서울특별시 강남구 영동대로 513,135525,06164,,37,,127.059155204804,37.5118322933754
MA010120220803467758,하동관,,I2,음식,I201,한식,I20101,백반/한정식,I56111,한식 일반 음식점업,11,서울특별시,11680,강남구,11680580,삼성1동,1168010500,삼성동,1168010500101590000,1,대지,159,,서울특별시 강남구 삼성동 159,116802122002,서울특별시 강남구 영동대로,513,,1168010500101590009016086,코엑스기존컨벤션센터,서울특별시 강남구 영동대로 513,135525,06164,,1,,127.059155204804,37.5118322933754
MA010120220804497605,아그라씨티,,I2,음식,I205,동남아시아,I20501,베트남식 전문,I56129,기타 외국식 음식점업,11,서울특별시,11680,강남구,11680580,삼성1동,1168010500,삼성동,1168010500101590000,1,대지,159,,서울특별시 강남구 삼성동 159,116802122002,서울특별시 강남구 영동대로,513,,1168010500101590009016086,아이,서울특별시 강남구 영동대로 513,135525,06164,,1,,127.059155204804,37.5118322933754
MA010120220801031091,퀸네일,,G2,소매,G215,의약·화장품 소매,G21503,화장품 소매업,G47813,"화장품, 비누 및 방향제 소매업",11,서울특별시,11680,강남구,11680580,삼성1동,1168010500,삼성동,1168010500101590000,1,대지,159,,서울특별시 강남구 삼성동 159,116802122002,서울특별시 강남구 영동대로,513,,1168010500101590009016086,소재코엑스몰,서울특별시 강남구 영동대로 513,135525,06164,,,,127.059155204804,37.5118322933754
MA010120220801023844,이창교역,,G2,소매,G210,철물·건설자재 소매,G21002,벽지/장판/마루 소매업,G47513,"벽지, 마루덮개 및 장판류 소매업",11,서울특별시,11680,강남구,11680580,삼성1동,1168010500,삼성동,1168010500101590000,1,대지,159,,서울특별시 강남구 삼성동 159,116802122002,서울특별시 강남구 영동대로,513,,1168010500101590009016086,무역센터,서울특별시 강남구 영동대로 513,135525,06164,,2,,127.059155204804,37.5118322933754
MA010120220804169953,니뽕내뽕,코엑스점,I2,음식,I202,중식,I20201,중국집,I56121,중식 음식점업,11,서울특별시,11680,강남구,11680580,삼성1동,1168010500,삼성동,1168010500101590000,1,대지,159,,서울특별시 강남구 삼성동 159,116802122002,서울특별시 강남구 영동대로,513,,1168010500101590009016086,컨벤션센터,서울특별시 강남구 영동대로 513,135525,06164,,1,,127.059155204804,37.5118322933754
MA010120220801074780,골드핑거,,G2,소매,G209,섬유·의복·신발 소매,G20901,남성 의류 소매업,G47411,남자용 겉옷 소매업,11,서울특별시,11680,강남구,11680580,삼성1동,1168010500,삼성동,1168010500101590000,1,대지,159,,서울특별시 강남구 삼성동 159,116802122002,서울특별시 강남구 영동대로,513,,1168010500101590009016086,코엑스인터콘티넨탈호텔,서울특별시 강남구 영동대로 513,135525,06164,,,,127.059155204804,37.5118322933754
MA010120220803422211,배꼽집,,I2,음식,I201,한식,I20107,돼지고기 구이/찜,I56113,한식 육류 요리 전문점,11,서울특별시,11680,강남구,11680580,삼성1동,1168010500,삼성동,1168010500101590000,1,대지,159,,서울특별시 강남구 삼성동 159,116802122002,서울특별시 강남구 영동대로,513,,1168010500101590009016086,코엑스,서울특별시 강남구 영동대로 513,135525,06164,,1,,127.059155204804,37.5118322933754
MA010120220801024283,아담,,G2,소매,G209,섬유·의복·신발 소매,G20907,액세서리/잡화 소매업,G47422,의복 액세서리 및 모조 장신구 소매업,11,서울특별시,11680,강남구,11680580,삼성1동,1168010500,삼성동,1168010500101590000,1,대지,159,,서울특별시 강남구 삼성동 159,116802122002,서울특별시 강남구 영동대로,513,,1168010500101590009016086,코엑스몰,서울특별시 강남구 영동대로 513,135525,06164,,4,,127.059155204804,37.5118322933754
MA010120220801040743,명품사,,S2,수리·개인,S206,기타 가정용품 수리,S20601,의류/이불 수선업,S95391,의복 및 기타 가정용 직물제품 수리업,11,서울특별시,11680,강남구,11680580,삼성1동,1168010500,삼성동,1168010500101590000,1,대지,159,,서울특별시 강남구 삼성동 159,116802122002,서울특별시 강남구 영동대로,513,,1168010500101590009016086,,서울특별시 강남구 영동대로 513,135798,06164,,2,,127.059155204804,37.5118322933754
MA010120220801069357,씨아이네트웍스주,,M1,과학·기술,M107,본사·경영 컨설팅,M10703,경영 컨설팅업,J62010,컴퓨터 프로그래밍 서비스업,11,서울특별시,11680,강남구,11680580,삼성1동,1168010500,삼성동,1168010500101590000,1,대지,159,,서울특별시 강남구 삼성동 159,116802122002,서울특별시 강남구 영동대로,513,,1168010500101590009016086,아셈타워,서울특별시 강남구 영동대로 513,135525,06164,,37,,127.059155204804,37.5118322933754
MA010120220801060870,아디다스OCS코엑스,,G2,소매,G209,섬유·의복·신발 소매,G20905,기타 의류 소매업,G47419,기타 의복 소매업,11,서울특별시,11680,강남구,11680580,삼성1동,1168010500,삼성동,1168010500101590000,1,대지,159,,서울특별시 강남구 삼성동 159,116802122002,서울특별시 강남구 영동대로,513,,1168010500101590009016086,코엑스몰,서울특별시 강남구 영동대로 513,135525,06164,,,,127.059155204804,37.5118322933754
MA010120220801069348,강림,,G2,소매,G215,의약·화장품 소매,G21503,화장품 소매업,G47813,"화장품, 비누 및 방향제 소매업",11,서울특별시,11680,강남구,11680580,삼성1동,1168010500,삼성동,1168010500101590000,1,대지,159,,서울특별시 강남구 삼성동 159,116802122002,서울특별시 강남구 영동대로,513,,1168010500101590009016086,엘,서울특별시 강남구 영동대로 513,135525,06164,,1,,127.059155204804,37.5118322933754
MA010120220801024643,공차코리아,코엑스점,I2,음식,I212,비알코올 ,I21201,카페,I56229,기타 비알코올 음료점업,11,서울특별시,11680,강남구,11680580,삼성1동,1168010500,삼성동,1168010500101590000,1,대지,159,,서울특별시 강남구 삼성동 159,116802122002,서울특별시 강남구 영동대로,513,,1168010500101590009016086,코엑스몰,서울특별시 강남구 영동대로 513,135525,06164,,,,127.059155204804,37.5118322933754
MA010120220801060872,코오롱인더스트리FNC부문럭키슈에뜨주,코엑스몰점,G2,소매,G209,섬유·의복·신발 소매,G20905,기타 의류 소매업,G47416,가죽 및 모피 의복 소매업,11,서울특별시,11680,강남구,11680580,삼성1동,1168010500,삼성동,1168010500101590000,1,대지,159,,서울특별시 강남구 삼성동 159,116802122002,서울특별시 강남구 영동대로,513,,1168010500101590009016086,코엑스몰,서울특별시 강남구 영동대로 513,135525,06164,,1,,127.059155204804,37.5118322933754
MA010120220801055590,코엑스,,N1,시설관리·임대,N108,기타 사업 서비스,N10802,전시/컨벤션/행사 대행 서비스업,N75992,"전시, 컨벤션 및 행사 대행업",11,서울특별시,11680,강남구,11680580,삼성1동,1168010500,삼성동,1168010500101590000,1,대지,159,,서울특별시 강남구 삼성동 159,116802122002,서울특별시 강남구 영동대로,513,,1168010500101590009016086,무역센터,서울특별시 강남구 영동대로 513,135525,06164,,4,,127.059155204804,37.5118322933754
MA010120220801063923,에코마이스,,N1,시설관리·임대,N108,기타 사업 서비스,N10802,전시/컨벤션/행사 대행 서비스업,N75992,"전시, 컨벤션 및 행사 대행업",11,서울특별시,11680,강남구,11680580,삼성1동,1168010500,삼성동,1168010500101590000,1,대지,159,,서울특별시 강남구 삼성동 159,116802122002,서울특별시 강남구 영동대로,513,,1168010500101590009016086,코엑스상사전시장,서울특별시 강남구 영동대로 513,135525,06164,,4,,127.059155204804,37.5118322933754
MA010120220801040035,흑백홍,,I2,음식,I202,중식,I20201,중국집,I56121,중식 음식점업,11,서울특별시,11680,강남구,11680580,삼성1동,1168010500,삼성동,1168010500101590000,1,대지,159,,서울특별시 강남구 삼성동 159,116802122002,서울특별시 강남구 영동대로,513,,1168010500101590009016086,코엑스몰,서울특별시 강남구 영동대로 513,135525,06164,,,,127.059155204804,37.5118322933754
MA010120220801019433,한미상사,,G2,소매,G218,장식품 소매,G21801,예술품 소매업,G47841,예술품 및 골동품 소매업,11,서울특별시,11680,강남구,11680580,삼성1동,1168010500,삼성동,1168010500101590000,1,대지,159,,서울특별시 강남구 삼성동 159,116802122002,서울특별시 강남구 영동대로,513,,1168010500101590009016086,코엑스,서울특별시 강남구 영동대로 513,135525,06164,,4,,127.059155204804,37.5118322933754
MA010120220804022720,게이트웨이비씨,,M1,과학·기술,M107,본사·경영 컨설팅,M10703,경영 컨설팅업,M71531,경영 컨설팅업,11,서울특별시,11680,강남구,11680580,삼성1동,1168010500,삼성동,1168010500101590000,1,대지,159,,서울특별시 강남구 삼성동 159,116802122002,서울특별시 강남구 영동대로,513,,1168010500101590009016086,,서울특별시 강남구 영동대로 513,135798,06164,,30,,127.059155204804,37.5118322933754
MA010120220802879858,파렌하이트스타필드코엑스,,G2,소매,G209,섬유·의복·신발 소매,G20901,남성 의류 소매업,G47411,남자용 겉옷 소매업,11,서울특별시,11680,강남구,11680580,삼성1동,1168010500,삼성동,1168010500101590000,1,대지,159,,서울특별시 강남구 삼성동 159,116802122002,서울특별시 강남구 영동대로,513,,1168010500101590009016086,코엑스,서울특별시 강남구 영동대로 513,135525,06164,,1,,127.059155204804,37.5118322933754
MA010120220801069549,아셈플라워랜드주,,G2,소매,G219,식물 소매,G21901,꽃집,G47851,화초 및 식물 소매업,11,서울특별시,11680,강남구,11680580,삼성1동,1168010500,삼성동,1168010500101590000,1,대지,159,,서울특별시 강남구 삼성동 159,116802122002,서울특별시 강남구 영동대로,513,,1168010500101590009016086,아셈플라워랜드,서울특별시 강남구 영동대로 513,135525,06164,,1,,127.059155204804,37.5118322933754
MA010120220804210482,한국동물병원협회,,M1,과학·기술,M105,광고,M10501,광고 대행업,M71310,광고 대행업,11,서울특별시,11680,강남구,11680580,삼성1동,1168010500,삼성동,1168010500101590000,1,대지,159,,서울특별시 강남구 삼성동 159,116802122002,서울특별시 강남구 영동대로,513,,1168010500101590009016086,코엑스상사전시장,서울특별시 강남구 영동대로 513,135525,06164,,4,,127.059155204804,37.5118322933754
MA010120220801058651,서울록산,,I2,음식,I204,서양식,I20401,경양식,I56123,서양식 음식점업,11,서울특별시,11680,강남구,11680580,삼성1동,1168010500,삼성동,1168010500101590000,1,대지,159,,서울특별시 강남구 삼성동 159,116802122002,서울특별시 강남구 영동대로,513,,1168010500101590009016086,제이동,서울특별시 강남구 영동대로 513,135525,06164,,,,127.059155204804,37.5118322933754
MA010120220801060073,한무쇼핑주,,G2,소매,G209,섬유·의복·신발 소매,G20907,액세서리/잡화 소매업,G47422,의복 액세서리 및 모조 장신구 소매업,11,서울특별시,11680,강남구,11680580,삼성1동,1168010500,삼성동,1168010500101590000,1,대지,159,,서울특별시 강남구 삼성동 159,116802122002,서울특별시 강남구 영동대로,513,,1168010500101590009016086,코엑스몰,서울특별시 강남구 영동대로 513,135525,06164,,1,,127.059155204804,37.5118322933754
MA010120220801848240,바이킹그룹,,I2,음식,I201,한식,I20101,백반/한정식,I56111,한식 일반 음식점업,11,서울특별시,11680,강남구,11680580,삼성1동,1168010500,삼성동,1168010500101590000,1,대지,159,,서울특별시 강남구 삼성동 159,116802122002,서울특별시 강남구 영동대로,513,,1168010500101590009016086,코엑스컨벤션센터,서울특별시 강남구 영동대로 513,135525,06164,,2,,127.059155204804,37.5118322933754
MA010120220800227565,대명텔레콤,,G2,소매,G208,가전·통신 소매,G20802,핸드폰 소매업,G47312,통신기기 소매업,11,서울특별시,11680,강남구,11680580,삼성1동,1168010500,삼성동,1168010500101590000,1,대지,159,,서울특별시 강남구 삼성동 159,116802122002,서울특별시 강남구 영동대로,513,,1168010500101590009016086,아쿠아리움갤러리아쿠아코엑스,서울특별시 강남구 영동대로 513,135525,06164,,1,,127.059155204804,37.5118322933754
MA010120220801063113,티월드페스티벌,,M1,과학·기술,M105,광고,M10501,광고 대행업,M71310,광고 대행업,11,서울특별시,11680,강남구,11680580,삼성1동,1168010500,삼성동,1168010500101590000,1,대지,159,,서울특별시 강남구 삼성동 159,116802122002,서울특별시 강남구 영동대로,513,,1168010500101590009016086,코엑스,서울특별시 강남구 영동대로 513,135525,06164,,,,127.059155204804,37.5118322933754
MA010120220803116222,위니비니코엑스,스타필드점,G2,소매,G204,종합 소매,G20404,슈퍼마켓,G47216,"빵류, 과자류 및 당류 소매업",11,서울특별시,11680,강남구,11680580,삼성1동,1168010500,삼성동,1168010500101590000,1,대지,159,,서울특별시 강남구 삼성동 159,116802122002,서울특별시 강남구 영동대로,513,,1168010500101590009016086,스타필드코엑스몰위니비니,서울특별시 강남구 영동대로 513,135525,06164,,1,,127.059155204804,37.5118322933754
MA010120220801061465,좋은식품주,,I2,음식,I207,구내식당·뷔페,I20701,구내식당,I56130,기관 구내식당업,11,서울특별시,11680,강남구,11680580,삼성1동,1168010500,삼성동,1168010500101590000,1,대지,159,,서울특별시 강남구 삼성동 159,116802122002,서울특별시 강남구 영동대로,513,,1168010500101590009016086,오,서울특별시 강남구 영동대로 513,135525,06164,,,,127.059155204804,37.5118322933754
MA010120220803025768,아르고에너지,,M1,과학·기술,M107,본사·경영 컨설팅,M10703,경영 컨설팅업,M71531,경영 컨설팅업,11,서울특별시,11680,강남구,11680580,삼성1동,1168010500,삼성동,1168010500101590000,1,대지,159,,서울특별시 강남구 삼성동 159,116802122002,서울특별시 강남구 영동대로,513,,1168010500101590009016086,및한국종합무역센터,서울특별시 강남구 영동대로 513,135525,06164,,30,,127.059155204804,37.5118322933754
MA010120220804033737,맥인아트,,G2,소매,G218,장식품 소매,G21801,예술품 소매업,G47841,예술품 및 골동품 소매업,11,서울특별시,11680,강남구,11680580,삼성1동,1168010500,삼성동,1168010500101590000,1,대지,159,,서울특별시 강남구 삼성동 159,116802122002,서울특별시 강남구 영동대로,513,,1168010500101590009016086,코엑스인터콘티넨탈서울,서울특별시 강남구 영동대로 513,135975,06164,,2,,127.059155204804,37.5118322933754
MA010120220801047239,가득드림,,I2,음식,I210,기타 간이,I21007,김밥/만두/분식,I56194,김밥 및 기타 간이 음식점업,11,서울특별시,11680,강남구,11680580,삼성1동,1168010500,삼성동,1168010500101590000,1,대지,159,,서울특별시 강남구 삼성동 159,116802122002,서울특별시 강남구 영동대로,513,,1168010500101590009016086,,서울특별시 강남구 영동대로 513,135798,06164,,1,,127.059155204804,37.5118322933754
MA010120220801065833,아이아이티주,,I2,음식,I201,한식,I20101,백반/한정식,I56111,한식 일반 음식점업,11,서울특별시,11680,강남구,11680580,삼성1동,1168010500,삼성동,1168010500101590000,1,대지,159,,서울특별시 강남구 삼성동 159,116802122002,서울특별시 강남구 영동대로,513,,1168010500101590009016086,코엑스몰,서울특별시 강남구 영동대로 513,135525,06164,,,,127.059155204804,37.5118322933754
MA010120220805159874,스템코엑스,,I2,음식,I212,비알코올 ,I21201,카페,I56221,커피 전문점,11,서울특별시,11680,강남구,11680580,삼성1동,1168010500,삼성동,1168010500101590000,1,대지,159,,서울특별시 강남구 삼성동 159,116802122002,서울특별시 강남구 영동대로,513,,1168010500101590009016086,코엑스,서울특별시 강남구 영동대로 513,135525,06164,,2,,127.059155204804,37.5118322933754
MA010120220804063918,에프에스비앤피주,,G2,소매,G215,의약·화장품 소매,G21503,화장품 소매업,G47813,"화장품, 비누 및 방향제 소매업",11,서울특별시,11680,강남구,11680580,삼성1동,1168010500,삼성동,1168010500101590000,1,대지,159,,서울특별시 강남구 삼성동 159,116802122002,서울특별시 강남구 영동대로,513,,1168010500101590009016086,코엑스몰아이,서울특별시 강남구 영동대로 513,135525,06164,,1,,127.059155204804,37.5118322933754
MA010120220804844231,도운서비스,,M1,과학·기술,M107,본사·경영 컨설팅,M10703,경영 컨설팅업,M71531,경영 컨설팅업,11,서울특별시,11680,강남구,11680580,삼성1동,1168010500,삼성동,1168010500101590000,1,대지,159,,서울특별시 강남구 삼성동 159,116802122002,서울특별시 강남구 영동대로,513,,1168010500101590009016086,피벗포인트서비스,서울특별시 강남구 영동대로 513,135525,06164,,30,,127.059155204804,37.5118322933754
MA010120220801023195,소노야,,I2,음식,I203,일식,I20302,일식 카레/돈가스/덮밥,I56122,일식 음식점업,11,서울특별시,11680,강남구,11680580,삼성1동,1168010500,삼성동,1168010500101590000,1,대지,159,,서울특별시 강남구 삼성동 159,116802122002,서울특별시 강남구 영동대로,513,,1168010500101590009016086,코엑스몰,서울특별시 강남구 영동대로 513,135525,06164,,,,127.059155204804,37.5118322933754
MA010120220801060882,빨라쪼주,코엑스몰점,I2,음식,I212,비알코올 ,I21201,카페,I56229,기타 비알코올 음료점업,11,서울특별시,11680,강남구,11680580,삼성1동,1168010500,삼성동,1168010500101590000,1,대지,159,,서울특별시 강남구 삼성동 159,116802122002,서울특별시 강남구 영동대로,513,,1168010500101590009016086,기존컨벤션센터,서울특별시 강남구 영동대로 513,135525,06164,,1,,127.059155204804,37.5118322933754
MA010120220800314184,에이샵주,,G2,소매,G208,가전·통신 소매,G20803,가전제품 소매업,G47320,가전제품 소매업,11,서울특별시,11680,강남구,11680580,삼성1동,1168010500,삼성동,1168010500101590000,1,대지,159,,서울특별시 강남구 삼성동 159,116802122002,서울특별시 강남구 영동대로,513,,1168010500101590009016086,지,서울특별시 강남구 영동대로 513,135525,06164,,2,,127.059155204804,37.5118322933754
MA010120220801952383,정성여행사,,N1,시설관리·임대,N105,여행사·보조,N10501,여행사,N75210,여행사업,11,서울특별시,11680,강남구,11680580,삼성1동,1168010500,삼성동,1168010500101590000,1,대지,159,,서울특별시 강남구 삼성동 159,116802122002,서울특별시 강남구 영동대로,513,,1168010500101590009016086,스타필드코엑스몰,서울특별시 강남구 영동대로 513,135525,06164,,1,,127.059155204804,37.5118322933754
MA010120220801055803,한무컨벤션,,I1,숙박,I101,일반 숙박,I10101,호텔/리조트,I55101,호텔업,11,서울특별시,11680,강남구,11680580,삼성1동,1168010500,삼성동,1168010500101590000,1,대지,159,,서울특별시 강남구 삼성동 159,116802122002,서울특별시 강남구 영동대로,513,,1168010500101590009016086,오크우드프리미어호텔,서울특별시 강남구 영동대로 513,135525,06164,,,,127.059155204804,37.5118322933754
MA010120220801062251,에이엠에이닷컴주,,M1,과학·기술,M107,본사·경영 컨설팅,M10703,경영 컨설팅업,M71531,경영 컨설팅업,11,서울특별시,11680,강남구,11680580,삼성1동,1168010500,삼성동,1168010500101590000,1,대지,159,,서울특별시 강남구 삼성동 159,116802122002,서울특별시 강남구 영동대로,513,,1168010500101590009016086,아셈타워,서울특별시 강남구 영동대로 513,135525,06164,,30,,127.059155204804,37.5118322933754
MA010120220801061613,시스코시스템즈캐피탈대부,코리아,N1,시설관리·임대,N111,산업용품 대여,N11102,컴퓨터/사무기기 대여업,N76320,컴퓨터 및 사무용 기계ㆍ장비 임대업,11,서울특별시,11680,강남구,11680580,삼성1동,1168010500,삼성동,1168010500101590000,1,대지,159,,서울특별시 강남구 삼성동 159,116802122002,서울특별시 강남구 영동대로,513,,1168010500101590009016086,아셈타워,서울특별시 강남구 영동대로 513,135525,06164,,4,,127.059155204804,37.5118322933754
MA010120220801060898,씨에스피푸드르사이공,코엑스점,I2,음식,I205,동남아시아,I20501,베트남식 전문,I56129,기타 외국식 음식점업,11,서울특별시,11680,강남구,11680580,삼성1동,1168010500,삼성동,1168010500101590000,1,대지,159,,서울특별시 강남구 삼성동 159,116802122002,서울특별시 강남구 영동대로,513,,1168010500101590009016086,코엑스기존컨벤션센터,서울특별시 강남구 영동대로 513,135525,06164,,1,,127.059155204804,37.5118322933754
MA010120220801024979,트윈쿡,,I2,음식,I210,기타 간이,I21007,김밥/만두/분식,I56194,김밥 및 기타 간이 음식점업,11,서울특별시,11680,강남구,11680580,삼성1동,1168010500,삼성동,1168010500101590000,1,대지,159,,서울특별시 강남구 삼성동 159,116802122002,서울특별시 강남구 영동대로,513,,1168010500101590009016086,동컨벤션센터,서울특별시 강남구 영동대로 513,135525,06164,,1,,127.059155204804,37.5118322933754
MA010120220801036047,이화수전통육개장,삼성역점,I2,음식,I201,한식,I20102,국/탕/찌개류,I56111,한식 일반 음식점업,11,서울특별시,11680,강남구,11680610,대치2동,1168010600,대치동,1168010600109430014,1,대지,943,14,서울특별시 강남구 대치동 943-14,116804166764,서울특별시 강남구 테헤란로86길,16,,1168010600109430014012173,,서울특별시 강남구 테헤란로86길 16,135845,06179,,1,,127.059173473335,37.5063181359957
MA010120220801027281,이지연헤어네일뷰티,,S2,수리·개인,S207,이용·미용,S20703,네일숍,S96119,기타 미용업,11,서울특별시,11680,강남구,11680610,대치2동,1168010600,대치동,1168010600109560001,1,대지,956,1,서울특별시 강남구 대치동 956-1,116804166432,서울특별시 강남구 삼성로86길,20,,1168010600109560001012208,,서울특별시 강남구 삼성로86길 20,135847,06184,,2,,127.059184448934,37.5058946581159
MA010120220801036357,후지,,I2,음식,I203,일식,I20301,일식 회/초밥,I56122,일식 음식점업,11,서울특별시,11680,강남구,11680610,대치2동,1168010600,대치동,1168010600109430017,1,대지,943,17,서울특별시 강남구 대치동 943-17,116804166432,서울특별시 강남구 삼성로86길,23,,1168010600109430017012184,지상,서울특별시 강남구 삼성로86길 23,135845,06179,,1,,127.059241233112,37.5061919613269
MA010120220804477761,메디프렌드부동산중개,,L1,부동산,L102,부동산 서비스,L10203,부동산 중개/대리업,L68221,부동산 중개 및 대리업,11,서울특별시,11680,강남구,11680610,대치2동,1168010600,대치동,1168010600109430017,1,대지,943,17,서울특별시 강남구 대치동 943-17,116804166432,서울특별시 강남구 삼성로86길,23,,1168010600109430017012184,구일빌딩,서울특별시 강남구 삼성로86길 23,135845,06179,,2,,127.059241233112,37.5061919613269
MA010120220804215657,바이넥스주,,M1,과학·기술,M107,본사·경영 컨설팅,M10703,경영 컨설팅업,M71531,경영 컨설팅업,11,서울특별시,11680,강남구,11680610,대치2동,1168010600,대치동,1168010600109430017,1,대지,943,17,서울특별시 강남구 대치동 943-17,116804166432,서울특별시 강남구 삼성로86길,23,,1168010600109430017012184,구일빌딩,서울특별시 강남구 삼성로86길 23,135845,06179,,4,,127.059241233112,37.5061919613269
MA010120220804486313,실버프렌드,,M1,과학·기술,M107,본사·경영 컨설팅,M10703,경영 컨설팅업,M71531,경영 컨설팅업,11,서울특별시,11680,강남구,11680610,대치2동,1168010600,대치동,1168010600109430017,1,대지,943,17,서울특별시 강남구 대치동 943-17,116804166432,서울특별시 강남구 삼성로86길,23,,1168010600109430017012184,구일빌딩,서울특별시 강남구 삼성로86길 23,135845,06179,,2,,127.059241233112,37.5061919613269
MA010120220804060349,에이블파트너스,,M1,과학·기술,M115,기타 전문 과학,M11504,사업/무형 재산권 중개업,M73903,사업 및 무형 재산권 중개업,11,서울특별시,11680,강남구,11680610,대치2동,1168010600,대치동,1168010600109430017,1,대지,943,17,서울특별시 강남구 대치동 943-17,116804166432,서울특별시 강남구 삼성로86길,23,,1168010600109430017012184,구일빌딩,서울특별시 강남구 삼성로86길 23,135845,06179,,4,,127.059241233112,37.5061919613269
MA010120220804339141,애플21대치지점,,I2,음식,I212,비알코올 ,I21201,카페,I56221,커피 전문점,11,서울특별시,11680,강남구,11680610,대치2동,1168010600,대치동,1168010600109430019,1,대지,943,19,서울특별시 강남구 대치동 943-19,116803122010,서울특별시 강남구 테헤란로,512,,1168010600109430019014508,신안빌딩,서울특별시 강남구 테헤란로 512,135845,06179,,4,,127.059242066151,37.507246136727
MA010120220801070865,에스더블유엠,,N1,시설관리·임대,N102,청소·방제,N10201,건축물 일반 청소업,N74211,건축물 일반 청소업,11,서울특별시,11680,강남구,11680610,대치2동,1168010600,대치동,1168010600109430019,1,대지,943,19,서울특별시 강남구 대치동 943-19,116803122010,서울특별시 강남구 테헤란로,512,,1168010600109430019014508,,서울특별시 강남구 테헤란로 512,135845,06179,,8,,127.059242066151,37.507246136727
MA010120220801060224,관악(신안스포츠클럽)주,,R1,예술·스포츠,R103,스포츠 서비스,R10306,종합 스포츠시설,R91131,종합 스포츠시설 운영업,11,서울특별시,11680,강남구,11680610,대치2동,1168010600,대치동,1168010600109430019,1,대지,943,19,서울특별시 강남구 대치동 943-19,116803122010,서울특별시 강남구 테헤란로,512,,1168010600109430019014508,,서울특별시 강남구 테헤란로 512,135845,06179,,,,127.059242066151,37.507246136727
MA010120220801062615,프레빌주,,M1,과학·기술,M107,본사·경영 컨설팅,M10703,경영 컨설팅업,M71531,경영 컨설팅업,11,서울특별시,11680,강남구,11680610,대치2동,1168010600,대치동,1168010600109430019,1,대지,943,19,서울특별시 강남구 대치동 943-19,116803122010,서울특별시 강남구 테헤란로,512,,1168010600109430019014508,신안빌딩,서울특별시 강남구 테헤란로 512,135845,06179,,19,,127.059242066151,37.507246136727
MA010120220801040423,풍년집,,I2,음식,I201,한식,I20101,백반/한정식,I56111,한식 일반 음식점업,11,서울특별시,11680,강남구,11680610,대치2동,1168010600,대치동,1168010600109560016,1,대지,956,16,서울특별시 강남구 대치동 956-16,116804166430,서울특별시 강남구 삼성로84길,22,,1168010600109560016012231,,서울특별시 강남구 삼성로84길 22,135847,06184,,1,,127.059319946072,37.5056152785634
MA010120220801058105,동원안전시스템,,N1,시설관리·임대,N101,시설관리,N10101,사업시설 유지·관리 서비스업,N74100,사업시설 유지ㆍ관리 서비스업,11,서울특별시,11680,강남구,11680610,대치2동,1168010600,대치동,1168010600109560027,1,대지,956,27,서울특별시 강남구 대치동 956-27,116804166429,서울특별시 강남구 삼성로82길,21,,1168010600109560027027118,수영빌딩,서울특별시 강남구 삼성로82길 21,135847,06184,,4,,127.059410317396,37.5054800823742
MA010120220801040732,할리스커피도심,공항점,I2,음식,I212,비알코올 ,I21201,카페,I56221,커피 전문점,11,서울특별시,11680,강남구,11680580,삼성1동,1168010500,삼성동,1168010500101590006,1,대지,159,6,서울특별시 강남구 삼성동 159-6,116804166765,서울특별시 강남구 테헤란로87길,22,,1168010500101590006016654,,서울특별시 강남구 테헤란로87길 22,135728,06164,,2,,127.059447540477,37.5096336959765
MA010120220803815445,마이다스의손,,S2,수리·개인,S206,기타 가정용품 수리,S20602,가죽/가방/신발 수선업,S95392,"가죽, 가방 및 신발 수리업",11,서울특별시,11680,강남구,11680580,삼성1동,1168010500,삼성동,1168010500101590006,1,대지,159,6,서울특별시 강남구 삼성동 159-6,116804166765,서울특별시 강남구 테헤란로87길,22,,1168010500101590006016654,한국도심공항터미널,서울특별시 강남구 테헤란로87길 22,135728,06164,,1,,127.059447540477,37.5096336959765
MA010120220801061377,써치포리더스주,,N1,시설관리·임대,N104,고용 알선,N10401,고용 알선업,N75110,고용 알선업,11,서울특별시,11680,강남구,11680580,삼성1동,1168010500,삼성동,1168010500101590006,1,대지,159,6,서울특별시 강남구 삼성동 159-6,116804166765,서울특별시 강남구 테헤란로87길,22,,1168010500101590006016654,한국도심공항터미널,서울특별시 강남구 테헤란로87길 22,135728,06164,,,,127.059447540477,37.5096336959765
MA010120220801048029,시.에프,,G2,소매,G209,섬유·의복·신발 소매,G20902,여성 의류 소매업,G47412,여자용 겉옷 소매업,11,서울특별시,11680,강남구,11680580,삼성1동,1168010500,삼성동,1168010500101590006,1,대지,159,6,서울특별시 강남구 삼성동 159-6,116804166765,서울특별시 강남구 테헤란로87길,22,,1168010500101590006016654,,서울특별시 강남구 테헤란로87길 22,135728,06164,,1,,127.059447540477,37.5096336959765
MA010120220801024471,서울덮밥&김치찜,,I2,음식,I201,한식,I20101,백반/한정식,I56111,한식 일반 음식점업,11,서울특별시,11680,강남구,11680580,삼성1동,1168010500,삼성동,1168010500101590006,1,대지,159,6,서울특별시 강남구 삼성동 159-6,116804166765,서울특별시 강남구 테헤란로87길,22,,1168010500101590006016654,,서울특별시 강남구 테헤란로87길 22,135728,06164,,1,,127.059447540477,37.5096336959765
MA010120220800006231,팍스컨설팅,,N1,시설관리·임대,N104,고용 알선,N10401,고용 알선업,N75110,고용 알선업,11,서울특별시,11680,강남구,11680580,삼성1동,1168010500,삼성동,1168010500101590006,1,대지,159,6,서울특별시 강남구 삼성동 159-6,116804166765,서울특별시 강남구 테헤란로87길,22,,1168010500101590006016654,한국도심공항터미널,서울특별시 강남구 테헤란로87길 22,135728,06164,,7,,127.059447540477,37.5096336959765
MA010120220805522332,이니스프리도심,공항점,G2,소매,G215,의약·화장품 소매,G21503,화장품 소매업,G47813,"화장품, 비누 및 방향제 소매업",11,서울특별시,11680,강남구,11680580,삼성1동,1168010500,삼성동,1168010500101590006,1,대지,159,6,서울특별시 강남구 삼성동 159-6,116804166765,서울특별시 강남구 테헤란로87길,22,,1168010500101590006016654,도심공항터미널,서울특별시 강남구 테헤란로87길 22,135728,06164,,1,,127.059447540477,37.5096336959765
MA010120220801048121,무교낙지,,I2,음식,I201,한식,I20112,해산물 구이/찜,I56114,한식 해산물 요리 전문점,11,서울특별시,11680,강남구,11680580,삼성1동,1168010500,삼성동,1168010500101590006,1,대지,159,6,서울특별시 강남구 삼성동 159-6,116804166765,서울특별시 강남구 테헤란로87길,22,,1168010500101590006016654,한국도심공항터미널,서울특별시 강남구 테헤란로87길 22,135728,06164,,1,,127.059447540477,37.5096336959765
MA010120220804077773,선물포장현대아트,,G2,소매,G204,종합 소매,G20499,그 외 기타 종합 소매업,G47190,그 외 기타 종합 소매업,11,서울특별시,11680,강남구,11680580,삼성1동,1168010500,삼성동,1168010500101590006,1,대지,159,6,서울특별시 강남구 삼성동 159-6,116804166765,서울특별시 강남구 테헤란로87길,22,,1168010500101590006016654,도심공항몰,서울특별시 강남구 테헤란로87길 22,135728,06164,,1,,127.059447540477,37.5096336959765
MA010120220801058033,한무관광진흥주,,N1,시설관리·임대,N105,여행사·보조,N10599,기타 여행 보조/예약 서비스업,N75290,기타 여행 보조 및 예약 서비스업,11,서울특별시,11680,강남구,11680580,삼성1동,1168010500,삼성동,1168010500101590006,1,대지,159,6,서울특별시 강남구 삼성동 159-6,116804166765,서울특별시 강남구 테헤란로87길,22,,1168010500101590006016654,,서울특별시 강남구 테헤란로87길 22,135728,06164,,,,127.059447540477,37.5096336959765
MA010120220805184088,창의법률사무소,,M1,과학·기술,M103,법무관련 ,M10301,변호사,M71101,변호사업,11,서울특별시,11680,강남구,11680580,삼성1동,1168010500,삼성동,1168010500101590006,1,대지,159,6,서울특별시 강남구 삼성동 159-6,116804166765,서울특별시 강남구 테헤란로87길,22,,1168010500101590006016654,한국도심공항터미널,서울특별시 강남구 테헤란로87길 22,135728,06164,,7,,127.059447540477,37.5096336959765
MA010120220801059851,디티에스리미티드아시아,한국지점,M1,과학·기술,M109,기술 서비스,M10999,기타 엔지니어링 서비스업,M72129,기타 엔지니어링 서비스업,11,서울특별시,11680,강남구,11680580,삼성1동,1168010500,삼성동,1168010500101590006,1,대지,159,6,서울특별시 강남구 삼성동 159-6,116804166765,서울특별시 강남구 테헤란로87길,22,,1168010500101590006016654,한국도심공항빌딩,서울특별시 강남구 테헤란로87길 22,135728,06164,,4,,127.059447540477,37.5096336959765
MA010120220804492383,우지인피트니스,,P1,교육,P106,기타 교육,P10603,요가/필라테스 학원,P85612,기타 스포츠 교육기관,11,서울특별시,11680,강남구,11680580,삼성1동,1168010500,삼성동,1168010500101590006,1,대지,159,6,서울특별시 강남구 삼성동 159-6,116804166765,서울특별시 강남구 테헤란로87길,22,,1168010500101590006016654,한국도심공항터미널,서울특별시 강남구 테헤란로87길 22,135728,06164,,,,127.059447540477,37.5096336959765
MA010120220801022771,고려,,G2,소매,G217,시계·귀금속 소매,G21701,시계/귀금속 소매업,G47830,시계 및 귀금속 소매업,11,서울특별시,11680,강남구,11680580,삼성1동,1168010500,삼성동,1168010500101590006,1,대지,159,6,서울특별시 강남구 삼성동 159-6,116804166765,서울특별시 강남구 테헤란로87길,22,,1168010500101590006016654,동도심공항몰,서울특별시 강남구 테헤란로87길 22,135728,06164,,,,127.059447540477,37.5096336959765
MA010120220801023537,소풍,,I2,음식,I210,기타 간이,I21007,김밥/만두/분식,I56194,김밥 및 기타 간이 음식점업,11,서울특별시,11680,강남구,11680580,삼성1동,1168010500,삼성동,1168010500101590006,1,대지,159,6,서울특별시 강남구 삼성동 159-6,116804166765,서울특별시 강남구 테헤란로87길,22,,1168010500101590006016654,한국도심공항터미널,서울특별시 강남구 테헤란로87길 22,135728,06164,,1,,127.059447540477,37.5096336959765
MA010120220800064837,칸인베스트먼트그룹,,M1,과학·기술,M107,본사·경영 컨설팅,M10703,경영 컨설팅업,M71531,경영 컨설팅업,11,서울특별시,11680,강남구,11680580,삼성1동,1168010500,삼성동,1168010500101590006,1,대지,159,6,서울특별시 강남구 삼성동 159-6,116804166765,서울특별시 강남구 테헤란로87길,22,,1168010500101590006016654,도심공항터미널,서울특별시 강남구 테헤란로87길 22,135728,06164,,,,127.059447540477,37.5096336959765
MA010120220800832436,비타민C월드,,G2,소매,G205,식료품 소매,G20508,건강보조식품 소매업,G47217,건강 보조식품 소매업,11,서울특별시,11680,강남구,11680580,삼성1동,1168010500,삼성동,1168010500101590006,1,대지,159,6,서울특별시 강남구 삼성동 159-6,116804166765,서울특별시 강남구 테헤란로87길,22,,1168010500101590006016654,한국도심공항터미널,서울특별시 강남구 테헤란로87길 22,135728,06164,,,,127.059447540477,37.5096336959765
MA010120220804122075,골드젬,,G2,소매,G209,섬유·의복·신발 소매,G20907,액세서리/잡화 소매업,G47422,의복 액세서리 및 모조 장신구 소매업,11,서울특별시,11680,강남구,11680580,삼성1동,1168010500,삼성동,1168010500101590006,1,대지,159,6,서울특별시 강남구 삼성동 159-6,116804166765,서울특별시 강남구 테헤란로87길,22,,1168010500101590006016654,동도심공항몰,서울특별시 강남구 테헤란로87길 22,135728,06164,,,,127.059447540477,37.5096336959765
MA010120220801024844,아셈안경,,G2,소매,G216,안경·정밀기기 소매,G21602,안경렌즈 소매업,G47822,안경 및 렌즈 소매업,11,서울특별시,11680,강남구,11680580,삼성1동,1168010500,삼성동,1168010500101590006,1,대지,159,6,서울특별시 강남구 삼성동 159-6,116804166765,서울특별시 강남구 테헤란로87길,22,,1168010500101590006016654,도심공항몰,서울특별시 강남구 테헤란로87길 22,135728,06164,,,,127.059447540477,37.5096336959765
MA010120220801218017,마띠유,,I2,음식,I210,기타 간이,I21099,그 외 기타 간이 음식점,I56199,간이 음식 포장 판매 전문점,11,서울특별시,11680,강남구,11680580,삼성1동,1168010500,삼성동,1168010500101590006,1,대지,159,6,서울특별시 강남구 삼성동 159-6,116804166765,서울특별시 강남구 테헤란로87길,22,,1168010500101590006016654,한국도심공항터미널,서울특별시 강남구 테헤란로87길 22,135728,06164,,7,,127.059447540477,37.5096336959765
MA010120220804214672,법무법인한길,,M1,과학·기술,M103,법무관련 ,M10301,변호사,M71101,변호사업,11,서울특별시,11680,강남구,11680580,삼성1동,1168010500,삼성동,1168010500101590006,1,대지,159,6,서울특별시 강남구 삼성동 159-6,116804166765,서울특별시 강남구 테헤란로87길,22,,1168010500101590006016654,한국도심공항빌딩,서울특별시 강남구 테헤란로87길 22,135728,06164,,,,127.059447540477,37.5096336959765
MA010120220801060874,온더보더코엑스도심,공항점,I2,음식,I204,서양식,I20403,패밀리레스토랑,I56123,서양식 음식점업,11,서울특별시,11680,강남구,11680580,삼성1동,1168010500,삼성동,1168010500101590006,1,대지,159,6,서울특별시 강남구 삼성동 159-6,116804166765,서울특별시 강남구 테헤란로87길,22,,1168010500101590006016654,도심공항몰,서울특별시 강남구 테헤란로87길 22,135728,06164,,1,,127.059447540477,37.5096336959765
MA010120220800169877,코너스톤파트너스디지털주,,M1,과학·기술,M107,본사·경영 컨설팅,M10703,경영 컨설팅업,M71531,경영 컨설팅업,11,서울특별시,11680,강남구,11680580,삼성1동,1168010500,삼성동,1168010500101590006,1,대지,159,6,서울특별시 강남구 삼성동 159-6,116804166765,서울특별시 강남구 테헤란로87길,22,,1168010500101590006016654,도심공항터미널,서울특별시 강남구 테헤란로87길 22,135728,06164,,,,127.059447540477,37.5096336959765
MA010120220801032192,젠,,G2,소매,G209,섬유·의복·신발 소매,G20905,기타 의류 소매업,G47416,가죽 및 모피 의복 소매업,11,서울특별시,11680,강남구,11680580,삼성1동,1168010500,삼성동,1168010500101590006,1,대지,159,6,서울특별시 강남구 삼성동 159-6,116804166765,서울특별시 강남구 테헤란로87길,22,,1168010500101590006016654,도심공항몰,서울특별시 강남구 테헤란로87길 22,135728,06164,,,,127.059447540477,37.5096336959765
MA010120220801067122,시애이,,I2,음식,I212,비알코올 ,I21201,카페,I56221,커피 전문점,11,서울특별시,11680,강남구,11680580,삼성1동,1168010500,삼성동,1168010500101590006,1,대지,159,6,서울특별시 강남구 삼성동 159-6,116804166765,서울특별시 강남구 테헤란로87길,22,,1168010500101590006016654,한국도심공항터미널,서울특별시 강남구 테헤란로87길 22,135728,06164,,1,,127.059447540477,37.5096336959765
MA010120220800406958,메리버스트,,N1,시설관리·임대,N108,기타 사업 서비스,N10802,전시/컨벤션/행사 대행 서비스업,N75992,"전시, 컨벤션 및 행사 대행업",11,서울특별시,11680,강남구,11680580,삼성1동,1168010500,삼성동,1168010500101590006,1,대지,159,6,서울특별시 강남구 삼성동 159-6,116804166765,서울특별시 강남구 테헤란로87길,22,,1168010500101590006016654,한국도심공항터미널,서울특별시 강남구 테헤란로87길 22,135728,06164,,,,127.059447540477,37.5096336959765
MA010120220804871390,소노인터내셔널삼성지점,,S2,수리·개인,S211,기타 개인,S21101,예식장업,S96991,예식장업,11,서울특별시,11680,강남구,11680580,삼성1동,1168010500,삼성동,1168010500101590006,1,대지,159,6,서울특별시 강남구 삼성동 159-6,116804166765,서울특별시 강남구 테헤란로87길,22,,1168010500101590006016654,한국도심공항,서울특별시 강남구 테헤란로87길 22,135728,06164,,3,,127.059447540477,37.5096336959765
MA010120220802108513,할리스도심2,공항점,I2,음식,I212,비알코올 ,I21201,카페,I56221,커피 전문점,11,서울특별시,11680,강남구,11680580,삼성1동,1168010500,삼성동,1168010500101590006,1,대지,159,6,서울특별시 강남구 삼성동 159-6,116804166765,서울특별시 강남구 테헤란로87길,22,,1168010500101590006016654,한국도심공항터미널,서울특별시 강남구 테헤란로87길 22,135728,06164,,2,,127.059447540477,37.5096336959765
MA010120220801047031,이튼,,G2,소매,G217,시계·귀금속 소매,G21701,시계/귀금속 소매업,G47830,시계 및 귀금속 소매업,11,서울특별시,11680,강남구,11680580,삼성1동,1168010500,삼성동,1168010500101590006,1,대지,159,6,서울특별시 강남구 삼성동 159-6,116804166765,서울특별시 강남구 테헤란로87길,22,,1168010500101590006016654,도심공항몰,서울특별시 강남구 테헤란로87길 22,135728,06164,,,,127.059447540477,37.5096336959765
MA010120220801472697,쭈불앤쭈불,,I2,음식,I201,한식,I20111,횟집,I56114,한식 해산물 요리 전문점,11,서울특별시,11680,강남구,11680580,삼성1동,1168010500,삼성동,1168010500101590006,1,대지,159,6,서울특별시 강남구 삼성동 159-6,116804166765,서울특별시 강남구 테헤란로87길,22,,1168010500101590006016654,한국도심공항터미널,서울특별시 강남구 테헤란로87길 22,135728,06164,,1,,127.059447540477,37.5096336959765
MA010120220801069495,카우치,,G2,소매,G215,의약·화장품 소매,G21503,화장품 소매업,G47813,"화장품, 비누 및 방향제 소매업",11,서울특별시,11680,강남구,11680580,삼성1동,1168010500,삼성동,1168010500101590006,1,대지,159,6,서울특별시 강남구 삼성동 159-6,116804166765,서울특별시 강남구 테헤란로87길,22,,1168010500101590006016654,도심공항몰큐,서울특별시 강남구 테헤란로87길 22,135728,06164,,,,127.059447540477,37.5096336959765
MA010120220801057851,스탠튼체이스,코리아,N1,시설관리·임대,N104,고용 알선,N10403,상용 인력 공급 및 인사관리 서비스업,N75122,상용 인력 공급 및 인사관리 서비스업,11,서울특별시,11680,강남구,11680580,삼성1동,1168010500,삼성동,1168010500101590006,1,대지,159,6,서울특별시 강남구 삼성동 159-6,116804166765,서울특별시 강남구 테헤란로87길,22,,1168010500101590006016654,한국도심공항터미널,서울특별시 강남구 테헤란로87길 22,135728,06164,,,,127.059447540477,37.5096336959765
MA010120220801045447,명품의류수선실,,S2,수리·개인,S206,기타 가정용품 수리,S20601,의류/이불 수선업,S95391,의복 및 기타 가정용 직물제품 수리업,11,서울특별시,11680,강남구,11680610,대치2동,1168010600,대치동,1168010600109430024,1,대지,943,24,서울특별시 강남구 대치동 943-24,116804166766,서울특별시 강남구 테헤란로88길,10,,1168010600109430024012144,신안메트로칸,서울특별시 강남구 테헤란로88길 10,135845,06179,,1,,127.059467952651,37.5068495810589
MA010120220801072678,엠디앤아이,,G2,소매,G210,철물·건설자재 소매,G21099,기타 건설/건축자재 소매업,G47519,"페인트, 창호 및 기타 건설자재 소매업",11,서울특별시,11680,강남구,11680610,대치2동,1168010600,대치동,1168010600109430024,1,대지,943,24,서울특별시 강남구 대치동 943-24,116804166766,서울특별시 강남구 테헤란로88길,10,,1168010600109430024012144,신안메트로칸,서울특별시 강남구 테헤란로88길 10,135845,06179,,23,,127.059467952651,37.5068495810589
MA010120220801072080,칼라스주,,L1,부동산,L102,부동산 서비스,L10203,부동산 중개/대리업,L68221,부동산 중개 및 대리업,11,서울특별시,11680,강남구,11680610,대치2동,1168010600,대치동,1168010600109430024,1,대지,943,24,서울특별시 강남구 대치동 943-24,116804166766,서울특별시 강남구 테헤란로88길,10,,1168010600109430024012144,신안메트로칸,서울특별시 강남구 테헤란로88길 10,135845,06179,,21,,127.059467952651,37.5068495810589
MA010120220803248936,에스엠투자자산,,M1,과학·기술,M107,본사·경영 컨설팅,M10703,경영 컨설팅업,M71531,경영 컨설팅업,11,서울특별시,11680,강남구,11680610,대치2동,1168010600,대치동,1168010600109430024,1,대지,943,24,서울특별시 강남구 대치동 943-24,116804166766,서울특별시 강남구 테헤란로88길,10,,1168010600109430024012144,신안메트로칸,서울특별시 강남구 테헤란로88길 10,135845,06179,,23,,127.059467952651,37.5068495810589
MA010120220801041948,아시아유니크마케팅,,N1,시설관리·임대,N105,여행사·보조,N10501,여행사,N75210,여행사업,11,서울특별시,11680,강남구,11680610,대치2동,1168010600,대치동,1168010600109430024,1,대지,943,24,서울특별시 강남구 대치동 943-24,116804166766,서울특별시 강남구 테헤란로88길,10,,1168010600109430024012144,신안메트로칸,서울특별시 강남구 테헤란로88길 10,135845,06179,,,,127.059467952651,37.5068495810589
MA010120220801072019,티피유주,,M1,과학·기술,M107,본사·경영 컨설팅,M10703,경영 컨설팅업,M71531,경영 컨설팅업,11,서울특별시,11680,강남구,11680610,대치2동,1168010600,대치동,1168010600109430024,1,대지,943,24,서울특별시 강남구 대치동 943-24,116804166766,서울특별시 강남구 테헤란로88길,10,,1168010600109430024012144,메트로칸빌딩,서울특별시 강남구 테헤란로88길 10,135845,06179,,,,127.059467952651,37.5068495810589
MA010120220801032922,신안트레이딩,,L1,부동산,L102,부동산 서비스,L10203,부동산 중개/대리업,L68221,부동산 중개 및 대리업,11,서울특별시,11680,강남구,11680610,대치2동,1168010600,대치동,1168010600109430024,1,대지,943,24,서울특별시 강남구 대치동 943-24,116804166766,서울특별시 강남구 테헤란로88길,10,,1168010600109430024012144,메트로칸빌딩,서울특별시 강남구 테헤란로88길 10,135845,06179,,,,127.059467952651,37.5068495810589
MA010120220804068621,케이라인,,M1,과학·기술,M107,본사·경영 컨설팅,M10703,경영 컨설팅업,M71531,경영 컨설팅업,11,서울특별시,11680,강남구,11680610,대치2동,1168010600,대치동,1168010600109430024,1,대지,943,24,서울특별시 강남구 대치동 943-24,116804166766,서울특별시 강남구 테헤란로88길,10,,1168010600109430024012144,신안메트로칸,서울특별시 강남구 테헤란로88길 10,135845,06179,,,,127.059467952651,37.5068495810589
MA010120220803371446,명성공인중개사사무소,,L1,부동산,L102,부동산 서비스,L10203,부동산 중개/대리업,L68221,부동산 중개 및 대리업,11,서울특별시,11680,강남구,11680610,대치2동,1168010600,대치동,1168010600109430024,1,대지,943,24,서울특별시 강남구 대치동 943-24,116804166766,서울특별시 강남구 테헤란로88길,10,,1168010600109430024012144,신안메트로칸오피스텔,서울특별시 강남구 테헤란로88길 10,135845,06179,,,,127.059467952651,37.5068495810589
MA010120220801070147,세무법인다율,,M1,과학·기술,M104,회계·세무,M10402,세무사,M71202,세무사업,11,서울특별시,11680,강남구,11680610,대치2동,1168010600,대치동,1168010600109430024,1,대지,943,24,서울특별시 강남구 대치동 943-24,116804166766,서울특별시 강남구 테헤란로88길,10,,1168010600109430024012144,대치동신안메트로칸오피스텔,서울특별시 강남구 테헤란로88길 10,135845,06179,,,,127.059467952651,37.5068495810589
MA010120220801027037,부동산,,S2,수리·개인,S207,이용·미용,S20702,피부 관리실,S96113,피부 미용업,11,서울특별시,11680,강남구,11680610,대치2동,1168010600,대치동,1168010600109430024,1,대지,943,24,서울특별시 강남구 대치동 943-24,116804166766,서울특별시 강남구 테헤란로88길,10,,1168010600109430024012144,신안메트로칸상가,서울특별시 강남구 테헤란로88길 10,135845,06179,,,,127.059467952651,37.5068495810589
MA010120220801036385,메트로칸,,S2,수리·개인,S209,세탁,S20901,세탁소,S96912,가정용 세탁업,11,서울특별시,11680,강남구,11680610,대치2동,1168010600,대치동,1168010600109430024,1,대지,943,24,서울특별시 강남구 대치동 943-24,116804166766,서울특별시 강남구 테헤란로88길,10,,1168010600109430024012144,메트로칸,서울특별시 강남구 테헤란로88길 10,135845,06179,,,,127.059467952651,37.5068495810589
MA010120220801042123,카이로스크리닉,,Q1,보건의료,Q102,의원,Q10208,성형외과 의원,Q86201,일반의원,11,서울특별시,11680,강남구,11680610,대치2동,1168010600,대치동,1168010600109430024,1,대지,943,24,서울특별시 강남구 대치동 943-24,116804166766,서울특별시 강남구 테헤란로88길,10,,1168010600109430024012144,신안메트로칸,서울특별시 강남구 테헤란로88길 10,135845,06179,,,,127.059467952651,37.5068495810589
MA010120220804009140,이규은세무회계사무소,,M1,과학·기술,M104,회계·세무,M10402,세무사,M71202,세무사업,11,서울특별시,11680,강남구,11680610,대치2동,1168010600,대치동,1168010600109430024,1,대지,943,24,서울특별시 강남구 대치동 943-24,116804166766,서울특별시 강남구 테헤란로88길,10,,1168010600109430024012144,신안메트로칸,서울특별시 강남구 테헤란로88길 10,135845,06179,,,,127.059467952651,37.5068495810589
MA010120220801329044,제이티투,,M1,과학·기술,M107,본사·경영 컨설팅,M10703,경영 컨설팅업,M71531,경영 컨설팅업,11,서울특별시,11680,강남구,11680610,대치2동,1168010600,대치동,1168010600109430024,1,대지,943,24,서울특별시 강남구 대치동 943-24,116804166766,서울특별시 강남구 테헤란로88길,10,,1168010600109430024012144,신안메트로칸,서울특별시 강남구 테헤란로88길 10,135845,06179,,14,,127.059467952651,37.5068495810589
MA010120220804227643,저스트고주,,N1,시설관리·임대,N105,여행사·보조,N10501,여행사,N75210,여행사업,11,서울특별시,11680,강남구,11680610,대치2동,1168010600,대치동,1168010600109430024,1,대지,943,24,서울특별시 강남구 대치동 943-24,116804166766,서울특별시 강남구 테헤란로88길,10,,1168010600109430024012144,신안메트로칸,서울특별시 강남구 테헤란로88길 10,135845,06179,,,,127.059467952651,37.5068495810589
MA010120220804974844,비에스공인중개사사무소,,L1,부동산,L102,부동산 서비스,L10203,부동산 중개/대리업,L68221,부동산 중개 및 대리업,11,서울특별시,11680,강남구,11680610,대치2동,1168010600,대치동,1168010600109430024,1,대지,943,24,서울특별시 강남구 대치동 943-24,116804166766,서울특별시 강남구 테헤란로88길,10,,1168010600109430024012144,신안메트로칸,서울특별시 강남구 테헤란로88길 10,135845,06179,,,,127.059467952651,37.5068495810589
MA010120220801034128,커피하우스,,I2,음식,I212,비알코올 ,I21201,카페,I56221,커피 전문점,11,서울특별시,11680,강남구,11680610,대치2동,1168010600,대치동,1168010600109430024,1,대지,943,24,서울특별시 강남구 대치동 943-24,116804166766,서울특별시 강남구 테헤란로88길,10,,1168010600109430024012144,신안메트로칸오피스텔,서울특별시 강남구 테헤란로88길 10,135845,06179,,1,,127.059467952651,37.5068495810589
MA010120220800265606,삼성메트로칸공인중개사사무소,,L1,부동산,L102,부동산 서비스,L10203,부동산 중개/대리업,L68221,부동산 중개 및 대리업,11,서울특별시,11680,강남구,11680610,대치2동,1168010600,대치동,1168010600109430024,1,대지,943,24,서울특별시 강남구 대치동 943-24,116804166766,서울특별시 강남구 테헤란로88길,10,,1168010600109430024012144,신안메트로칸,서울특별시 강남구 테헤란로88길 10,135845,06179,,,,127.059467952651,37.5068495810589
MA010120220801047877,삼대국민의원,,Q1,보건의료,Q102,의원,Q10211,한의원,Q86203,한의원,11,서울특별시,11680,강남구,11680610,대치2동,1168010600,대치동,1168010600109430024,1,대지,943,24,서울특별시 강남구 대치동 943-24,116804166766,서울특별시 강남구 테헤란로88길,10,,1168010600109430024012144,신안메트로칸오피스텔,서울특별시 강남구 테헤란로88길 10,135845,06179,,,,127.059467952651,37.5068495810589
MA010120220800006829,트리하우스부동산중개,,L1,부동산,L102,부동산 서비스,L10203,부동산 중개/대리업,L68221,부동산 중개 및 대리업,11,서울특별시,11680,강남구,11680610,대치2동,1168010600,대치동,1168010600109430029,1,대지,943,29,서울특별시 강남구 대치동 943-29,116804166764,서울특별시 강남구 테헤란로86길,15,,1168010600109430029026803,구빌딩,서울특별시 강남구 테헤란로86길 15,135845,06179,,,,127.059501560813,37.5064441118926
MA010120220803706636,배달왔소,,I2,음식,I201,한식,I20107,돼지고기 구이/찜,I56113,한식 육류 요리 전문점,11,서울특별시,11680,강남구,11680610,대치2동,1168010600,대치동,1168010600109430029,1,대지,943,29,서울특별시 강남구 대치동 943-29,116804166764,서울특별시 강남구 테헤란로86길,15,,1168010600109430029026803,구빌딩,서울특별시 강남구 테헤란로86길 15,135845,06179,,,,127.059501560813,37.5064441118926
MA010120220801137164,에버웍스,,M1,과학·기술,M105,광고,M10501,광고 대행업,M71310,광고 대행업,11,서울특별시,11680,강남구,11680610,대치2동,1168010600,대치동,1168010600109430029,1,대지,943,29,서울특별시 강남구 대치동 943-29,116804166764,서울특별시 강남구 테헤란로86길,15,,1168010600109430029026803,동구빌딩,서울특별시 강남구 테헤란로86길 15,135845,06179,,3,,127.059501560813,37.5064441118926
MA010120220803167566,마우커뮤니케이션즈,,M1,과학·기술,M105,광고,M10501,광고 대행업,M71310,광고 대행업,11,서울특별시,11680,강남구,11680610,대치2동,1168010600,대치동,1168010600109430029,1,대지,943,29,서울특별시 강남구 대치동 943-29,116804166764,서울특별시 강남구 테헤란로86길,15,,1168010600109430029026803,동구빌딩,서울특별시 강남구 테헤란로86길 15,135845,06179,,3,,127.059501560813,37.5064441118926
MA010120220805124407,감사공인중개사사무소,,L1,부동산,L102,부동산 서비스,L10203,부동산 중개/대리업,L68221,부동산 중개 및 대리업,11,서울특별시,11680,강남구,11680610,대치2동,1168010600,대치동,1168010600109430029,1,대지,943,29,서울특별시 강남구 대치동 943-29,116804166764,서울특별시 강남구 테헤란로86길,15,,1168010600109430029026803,동구빌딩,서울특별시 강남구 테헤란로86길 15,135845,06179,,,,127.059501560813,37.5064441118926
MA010120220804050586,티움,,M1,과학·기술,M112,전문 디자인,M11203,시각 디자인업,M73203,시각 디자인업,11,서울특별시,11680,강남구,11680610,대치2동,1168010600,대치동,1168010600109430029,1,대지,943,29,서울특별시 강남구 대치동 943-29,116804166764,서울특별시 강남구 테헤란로86길,15,,1168010600109430029026803,동구빌딩,서울특별시 강남구 테헤란로86길 15,135845,06179,,3,,127.059501560813,37.5064441118926
MA010120220802147704,엠디컴퍼니,,M1,과학·기술,M105,광고,M10504,광고물 설계/제작업,M71393,"광고물 문안, 도안, 설계 등 작성업",11,서울특별시,11680,강남구,11680610,대치2동,1168010600,대치동,1168010600109430029,1,대지,943,29,서울특별시 강남구 대치동 943-29,116804166764,서울특별시 강남구 테헤란로86길,15,,1168010600109430029026803,동구빌딩,서울특별시 강남구 테헤란로86길 15,135845,06179,,3,,127.059501560813,37.5064441118926
MA010120220801048456,리퍼블릭,,M1,과학·기술,M112,전문 디자인,M11204,패션/섬유/기타 전문 디자인업,M73209,"패션, 섬유류 및 기타 전문 디자인업",11,서울특별시,11680,강남구,11680610,대치2동,1168010600,대치동,1168010600109430029,1,대지,943,29,서울특별시 강남구 대치동 943-29,116804166764,서울특별시 강남구 테헤란로86길,15,,1168010600109430029026803,동구빌딩,서울특별시 강남구 테헤란로86길 15,135845,06179,,3,,127.059501560813,37.5064441118926
MA010120220801047613,종로복싱/강남소리,,R1,예술·스포츠,R103,스포츠 서비스,R10307,헬스장,R91132,체력 단련시설 운영업,11,서울특별시,11680,강남구,11680610,대치2동,1168010600,대치동,1168010600109430029,1,대지,943,29,서울특별시 강남구 대치동 943-29,116804166764,서울특별시 강남구 테헤란로86길,15,,1168010600109430029026803,구빌딩,서울특별시 강남구 테헤란로86길 15,135845,06179,,1,,127.059501560813,37.5064441118926
MA010120220802269904,플로리쉬입시컨설팅,,P1,교육,P107,교육 지원,P10701,교육컨설팅업,P85701,교육관련 자문 및 평가업,11,서울특별시,11680,강남구,11680610,대치2동,1168010600,대치동,1168010600109430029,1,대지,943,29,서울특별시 강남구 대치동 943-29,116804166764,서울특별시 강남구 테헤란로86길,15,,1168010600109430029026803,동구빌딩,서울특별시 강남구 테헤란로86길 15,135845,06179,,3,,127.059501560813,37.5064441118926
MA010120220803319465,엠제이오클래식,,L1,부동산,L102,부동산 서비스,L10203,부동산 중개/대리업,L68221,부동산 중개 및 대리업,11,서울특별시,11680,강남구,11680610,대치2동,1168010600,대치동,1168010600109430029,1,대지,943,29,서울특별시 강남구 대치동 943-29,116804166764,서울특별시 강남구 테헤란로86길,15,,1168010600109430029026803,동구빌딩,서울특별시 강남구 테헤란로86길 15,135845,06179,,3,,127.059501560813,37.5064441118926
MA010120220803758619,방떼,,G2,소매,G209,섬유·의복·신발 소매,G20905,기타 의류 소매업,G47416,가죽 및 모피 의복 소매업,11,서울특별시,11680,강남구,11680610,대치2동,1168010600,대치동,1168010600109430029,1,대지,943,29,서울특별시 강남구 대치동 943-29,116804166764,서울특별시 강남구 테헤란로86길,15,,1168010600109430029026803,동구빌딩,서울특별시 강남구 테헤란로86길 15,135845,06179,,3,,127.059501560813,37.5064441118926
MA010120220804288314,미래비젼컨설팅,,M1,과학·기술,M107,본사·경영 컨설팅,M10703,경영 컨설팅업,M71531,경영 컨설팅업,11,서울특별시,11680,강남구,11680610,대치2동,1168010600,대치동,1168010600109430029,1,대지,943,29,서울특별시 강남구 대치동 943-29,116804166764,서울특별시 강남구 테헤란로86길,15,,1168010600109430029026803,구빌딩,서울특별시 강남구 테헤란로86길 15,135845,06179,,3,,127.059501560813,37.5064441118926
MA010120220804994327,이루다교육연구소,,P1,교육,P107,교육 지원,P10701,교육컨설팅업,P85701,교육관련 자문 및 평가업,11,서울특별시,11680,강남구,11680610,대치2동,1168010600,대치동,1168010600109430029,1,대지,943,29,서울특별시 강남구 대치동 943-29,116804166764,서울특별시 강남구 테헤란로86길,15,,1168010600109430029026803,구빌딩,서울특별시 강남구 테헤란로86길 15,135845,06179,,3,,127.059501560813,37.5064441118926
MA010120220803267228,대산행정사사무소,,M1,과학·기술,M103,법무관련 ,M10306,행정사,M71109,기타 법무관련 서비스업,11,서울특별시,11680,강남구,11680610,대치2동,1168010600,대치동,1168010600109430029,1,대지,943,29,서울특별시 강남구 대치동 943-29,116804166764,서울특별시 강남구 테헤란로86길,15,,1168010600109430029026803,구빌딩,서울특별시 강남구 테헤란로86길 15,135845,06179,,3,,127.059501560813,37.5064441118926
MA010120220804860725,나다M,,M1,과학·기술,M105,광고,M10501,광고 대행업,M71310,광고 대행업,11,서울특별시,11680,강남구,11680610,대치2동,1168010600,대치동,1168010600109430029,1,대지,943,29,서울특별시 강남구 대치동 943-29,116804166764,서울특별시 강남구 테헤란로86길,15,,1168010600109430029026803,구빌딩,서울특별시 강남구 테헤란로86길 15,135845,06179,,3,,127.059501560813,37.5064441118926
MA010120220804485116,신화회계법인,,M1,과학·기술,M104,회계·세무,M10402,세무사,M71202,세무사업,11,서울특별시,11680,강남구,11680610,대치2동,1168010600,대치동,1168010600109430029,1,대지,943,29,서울특별시 강남구 대치동 943-29,116804166764,서울특별시 강남구 테헤란로86길,15,,1168010600109430029026803,구빌딩,서울특별시 강남구 테헤란로86길 15,135845,06179,,8,,127.059501560813,37.5064441118926
MA010120220804615776,아이씨씨그룹,,M1,과학·기술,M107,본사·경영 컨설팅,M10703,경영 컨설팅업,M71531,경영 컨설팅업,11,서울특별시,11680,강남구,11680610,대치2동,1168010600,대치동,1168010600109430029,1,대지,943,29,서울특별시 강남구 대치동 943-29,116804166764,서울특별시 강남구 테헤란로86길,15,,1168010600109430029026803,동구빌딩,서울특별시 강남구 테헤란로86길 15,135845,06179,,8,,127.059501560813,37.5064441118926
MA010120220804547300,플러스티,,M1,과학·기술,M107,본사·경영 컨설팅,M10703,경영 컨설팅업,M71531,경영 컨설팅업,11,서울특별시,11680,강남구,11680610,대치2동,1168010600,대치동,1168010600109430029,1,대지,943,29,서울특별시 강남구 대치동 943-29,116804166764,서울특별시 강남구 테헤란로86길,15,,1168010600109430029026803,구빌딩,서울특별시 강남구 테헤란로86길 15,135845,06179,,3,,127.059501560813,37.5064441118926
MA010120220800929708,마나스테이,,M1,과학·기술,M105,광고,M10504,광고물 설계/제작업,M71393,"광고물 문안, 도안, 설계 등 작성업",11,서울특별시,11680,강남구,11680610,대치2동,1168010600,대치동,1168010600109430029,1,대지,943,29,서울특별시 강남구 대치동 943-29,116804166764,서울특별시 강남구 테헤란로86길,15,,1168010600109430029026803,동구빌딩,서울특별시 강남구 테헤란로86길 15,135845,06179,,3,,127.059501560813,37.5064441118926
MA010120220803147474,법무법인오씨엘,,M1,과학·기술,M103,법무관련 ,M10301,변호사,M71101,변호사업,11,서울특별시,11680,강남구,11680610,대치2동,1168010600,대치동,1168010600109430029,1,대지,943,29,서울특별시 강남구 대치동 943-29,116804166764,서울특별시 강남구 테헤란로86길,15,,1168010600109430029026803,법무법인오씨엘동구빌딩,서울특별시 강남구 테헤란로86길 15,135845,06179,,10,,127.059501560813,37.5064441118926
MA010120220803208677,엘엔케이에너지,,M1,과학·기술,M107,본사·경영 컨설팅,M10703,경영 컨설팅업,M71531,경영 컨설팅업,11,서울특별시,11680,강남구,11680610,대치2동,1168010600,대치동,1168010600109430029,1,대지,943,29,서울특별시 강남구 대치동 943-29,116804166764,서울특별시 강남구 테헤란로86길,15,,1168010600109430029026803,대치동동구빌딩,서울특별시 강남구 테헤란로86길 15,135845,06179,,,,127.059501560813,37.5064441118926
MA010120220804023418,신작,,M1,과학·기술,M112,전문 디자인,M11203,시각 디자인업,M73203,시각 디자인업,11,서울특별시,11680,강남구,11680610,대치2동,1168010600,대치동,1168010600109430029,1,대지,943,29,서울특별시 강남구 대치동 943-29,116804166764,서울특별시 강남구 테헤란로86길,15,,1168010600109430029026803,동구빌딩,서울특별시 강남구 테헤란로86길 15,135845,06179,,3,,127.059501560813,37.5064441118926
MA010120220801039446,핫썬치킨,삼성역점,I2,음식,I210,기타 간이,I21006,치킨,I56193,치킨 전문점,11,서울특별시,11680,강남구,11680610,대치2동,1168010600,대치동,1168010600109560003,1,대지,956,3,서울특별시 강남구 대치동 956-3,116804166432,서울특별시 강남구 삼성로86길,24,,1168010600109560003012203,,서울특별시 강남구 삼성로86길 24,135847,06184,,1,,127.059523830133,37.5060026082
MA010120220804936269,선율회계법인강,남지점,M1,과학·기술,M104,회계·세무,M10402,세무사,M71202,세무사업,11,서울특별시,11680,강남구,11680610,대치2동,1168010600,대치동,1168010600109560003,1,대지,956,3,서울특별시 강남구 대치동 956-3,116804166432,서울특별시 강남구 삼성로86길,24,,1168010600109560003012203,,서울특별시 강남구 삼성로86길 24,135847,06184,,5,,127.059523830133,37.5060026082
MA010120220805086899,앱,코리아,M1,과학·기술,M105,광고,M10501,광고 대행업,M71310,광고 대행업,11,서울특별시,11680,강남구,11680610,대치2동,1168010600,대치동,1168010600109560003,1,대지,956,3,서울특별시 강남구 대치동 956-3,116804166432,서울특별시 강남구 삼성로86길,24,,1168010600109560003012203,,서울특별시 강남구 삼성로86길 24,135847,06184,,3,,127.059523830133,37.5060026082
MA010120220805683984,스튜디오본,,M1,과학·기술,M113,사진 촬영,M11301,사진촬영업,M73301,인물 사진 및 행사용 영상 촬영업,11,서울특별시,11680,강남구,11680610,대치2동,1168010600,대치동,1168010600109560026,1,대지,956,26,서울특별시 강남구 대치동 956-26,116804166429,서울특별시 강남구 삼성로82길,23,,1168010600109560026012242,,서울특별시 강남구 삼성로82길 23,135847,06184,,,,127.059568682989,37.5055160428264
MA010120220800300220,다함,,I1,숙박,I102,기타 숙박,I10201,기숙사/고시원,I55901,기숙사 및 고시원 운영업,11,서울특별시,11680,강남구,11680610,대치2동,1168010600,대치동,1168010600109560026,1,대지,956,26,서울특별시 강남구 대치동 956-26,116804166429,서울특별시 강남구 삼성로82길,23,,1168010600109560026012242,,서울특별시 강남구 삼성로82길 23,135847,06184,,3,,127.059568682989,37.5055160428264
MA010120220804476745,범진종합건축사사무소주,,M1,과학·기술,M109,기술 서비스,M10901,건축 설계 및 관련 서비스업,M72111,건축 설계 및 관련 서비스업,11,서울특별시,11680,강남구,11680610,대치2동,1168010600,대치동,1168010600109550002,1,대지,955,2,서울특별시 강남구 대치동 955-2,116804166429,서울특별시 강남구 삼성로82길,24,,1168010600109550002027290,태양빌딩,서울특별시 강남구 삼성로82길 24,135847,06184,,3,,127.059704264115,37.5053447833962
MA010120220804495587,칼릭스인베스트먼트,,M1,과학·기술,M107,본사·경영 컨설팅,M10703,경영 컨설팅업,M71531,경영 컨설팅업,11,서울특별시,11680,강남구,11680610,대치2동,1168010600,대치동,1168010600109430027,1,대지,943,27,서울특별시 강남구 대치동 943-27,116804166766,서울특별시 강남구 테헤란로88길,14,,1168010600109430027012154,신도리코빌딩,서울특별시 강남구 테헤란로88길 14,135845,06179,,9,,127.059716542747,37.5065611340581
MA010120220801064047,한울회계법인,,M1,과학·기술,M104,회계·세무,M10401,공인회계사,M71201,공인회계사업,11,서울특별시,11680,강남구,11680610,대치2동,1168010600,대치동,1168010600109430027,1,대지,943,27,서울특별시 강남구 대치동 943-27,116804166766,서울특별시 강남구 테헤란로88길,14,,1168010600109430027012154,신도빌딩,서울특별시 강남구 테헤란로88길 14,135845,06179,,6,,127.059716542747,37.5065611340581
MA010120220801040864,보리수,,I2,음식,I201,한식,I20101,백반/한정식,I56111,한식 일반 음식점업,11,서울특별시,11680,강남구,11680610,대치2동,1168010600,대치동,1168010600109560025,1,대지,956,25,서울특별시 강남구 대치동 956-25,116804166429,서울특별시 강남구 삼성로82길,25,,1168010600109560025012234,,서울특별시 강남구 삼성로82길 25,135847,06184,,,,127.059738380065,37.5055790274905
MA010120220801042108,이미지성형외과,,Q1,보건의료,Q102,의원,Q10208,성형외과 의원,Q86201,일반의원,11,서울특별시,11680,강남구,11680610,대치2동,1168010600,대치동,1168010600109440000,1,대지,944,,서울특별시 강남구 대치동 944,116803122010,서울특별시 강남구 테헤란로,514,,1168010600109440000014505,,서울특별시 강남구 테헤란로 514,135846,06180,,10,,127.059751161984,37.5074260812831
MA010120220805148549,삼성연세산부인과의원,,Q1,보건의료,Q102,의원,Q10207,산부인과 의원,Q86201,일반의원,11,서울특별시,11680,강남구,11680610,대치2동,1168010600,대치동,1168010600109440000,1,대지,944,,서울특별시 강남구 대치동 944,116803122010,서울특별시 강남구 테헤란로,514,,1168010600109440000014505,삼흥2빌딩,서울특별시 강남구 테헤란로 514,135846,06180,,4,,127.059751161984,37.5074260812831
MA010120220801060714,삼성물산현대무역센터주,,G2,소매,G209,섬유·의복·신발 소매,G20905,기타 의류 소매업,G47416,가죽 및 모피 의복 소매업,11,서울특별시,11680,강남구,11680580,삼성1동,1168010500,삼성동,1168010500101590007,1,대지,159,7,서울특별시 강남구 삼성동 159-7,116803122010,서울특별시 강남구 테헤란로,517,,1168010500101590007016829,현대백화점,서울특별시 강남구 테헤란로 517,135730,06164,,,,127.059763420214,37.50861540138
MA010120220801060066,세훈통상무역센타지점주,,G2,소매,G217,시계·귀금속 소매,G21701,시계/귀금속 소매업,G47830,시계 및 귀금속 소매업,11,서울특별시,11680,강남구,11680580,삼성1동,1168010500,삼성동,1168010500101590007,1,대지,159,7,서울특별시 강남구 삼성동 159-7,116803122010,서울특별시 강남구 테헤란로,517,,1168010500101590007016829,,서울특별시 강남구 테헤란로 517,135730,06164,,,,127.059763420214,37.50861540138
MA010120220801060072,에즈라현대코엑스,코리아,G2,소매,G209,섬유·의복·신발 소매,G20905,기타 의류 소매업,G47413,속옷 및 잠옷 소매업,11,서울특별시,11680,강남구,11680580,삼성1동,1168010500,삼성동,1168010500101590007,1,대지,159,7,서울특별시 강남구 삼성동 159-7,116803122010,서울특별시 강남구 테헤란로,517,,1168010500101590007016829,현대백화점,서울특별시 강남구 테헤란로 517,135730,06164,,,,127.059763420214,37.50861540138
MA010120220803924643,봉통,,G2,소매,G209,섬유·의복·신발 소매,G20903,유아용 의류 소매업,G47417,유아용 의류 소매업,11,서울특별시,11680,강남구,11680580,삼성1동,1168010500,삼성동,1168010500101590007,1,대지,159,7,서울특별시 강남구 삼성동 159-7,116803122010,서울특별시 강남구 테헤란로,517,,1168010500101590007016829,현대백화점,서울특별시 강남구 테헤란로 517,135730,06164,,4,,127.059763420214,37.50861540138
MA010120220801035643,현대무역점이세히미야케,백화점,G2,소매,G209,섬유·의복·신발 소매,G20902,여성 의류 소매업,G47412,여자용 겉옷 소매업,11,서울특별시,11680,강남구,11680580,삼성1동,1168010500,삼성동,1168010500101590007,1,대지,159,7,서울특별시 강남구 삼성동 159-7,116803122010,서울특별시 강남구 테헤란로,517,,1168010500101590007016829,현대백화점,서울특별시 강남구 테헤란로 517,135730,06164,,3,,127.059763420214,37.50861540138
MA010120220804107444,현대백화점무역르메르,센터점,G2,소매,G209,섬유·의복·신발 소매,G20902,여성 의류 소매업,G47412,여자용 겉옷 소매업,11,서울특별시,11680,강남구,11680580,삼성1동,1168010500,삼성동,1168010500101590007,1,대지,159,7,서울특별시 강남구 삼성동 159-7,116803122010,서울특별시 강남구 테헤란로,517,,1168010500101590007016829,현대백화점,서울특별시 강남구 테헤란로 517,135730,06164,,3,,127.059763420214,37.50861540138
MA010120220804820722,탠디현대무역센터,,G2,소매,G209,섬유·의복·신발 소매,G20910,신발 소매업,G47430,신발 소매업,11,서울특별시,11680,강남구,11680580,삼성1동,1168010500,삼성동,1168010500101590007,1,대지,159,7,서울특별시 강남구 삼성동 159-7,116803122010,서울특별시 강남구 테헤란로,517,,1168010500101590007016829,현대백화점,서울특별시 강남구 테헤란로 517,135730,06164,,6,,127.059763420214,37.50861540138
MA010120220804083611,현대무역센터마틴골프,백화점,G2,소매,G209,섬유·의복·신발 소매,G20905,기타 의류 소매업,G47419,기타 의복 소매업,11,서울특별시,11680,강남구,11680580,삼성1동,1168010500,삼성동,1168010500101590007,1,대지,159,7,서울특별시 강남구 삼성동 159-7,116803122010,서울특별시 강남구 테헤란로,517,,1168010500101590007016829,현대백화점,서울특별시 강남구 테헤란로 517,135730,06164,,6,,127.059763420214,37.50861540138
MA010120220800125512,현대무역센터피어,백화점,G2,소매,G209,섬유·의복·신발 소매,G20910,신발 소매업,G47430,신발 소매업,11,서울특별시,11680,강남구,11680580,삼성1동,1168010500,삼성동,1168010500101590007,1,대지,159,7,서울특별시 강남구 삼성동 159-7,116803122010,서울특별시 강남구 테헤란로,517,,1168010500101590007016829,현대백화점,서울특별시 강남구 테헤란로 517,135730,06164,,6,,127.059763420214,37.50861540138
MA010120220800099106,나이키골프현대무역점,,G2,소매,G209,섬유·의복·신발 소매,G20905,기타 의류 소매업,G47419,기타 의복 소매업,11,서울특별시,11680,강남구,11680580,삼성1동,1168010500,삼성동,1168010500101590007,1,대지,159,7,서울특별시 강남구 삼성동 159-7,116803122010,서울특별시 강남구 테헤란로,517,,1168010500101590007016829,현대백화점,서울특별시 강남구 테헤란로 517,135730,06164,,4,,127.059763420214,37.50861540138
MA010120220803453156,캘빈클라인현대무역여성,,G2,소매,G209,섬유·의복·신발 소매,G20902,여성 의류 소매업,G47412,여자용 겉옷 소매업,11,서울특별시,11680,강남구,11680580,삼성1동,1168010500,삼성동,1168010500101590007,1,대지,159,7,서울특별시 강남구 삼성동 159-7,116803122010,서울특별시 강남구 테헤란로,517,,1168010500101590007016829,현대백화점,서울특별시 강남구 테헤란로 517,135730,06164,,5,,127.059763420214,37.50861540138
MA010120220804265751,현대무역점폴로여성,백화점,G2,소매,G209,섬유·의복·신발 소매,G20902,여성 의류 소매업,G47412,여자용 겉옷 소매업,11,서울특별시,11680,강남구,11680580,삼성1동,1168010500,삼성동,1168010500101590007,1,대지,159,7,서울특별시 강남구 삼성동 159-7,116803122010,서울특별시 강남구 테헤란로,517,,1168010500101590007016829,현대백화점,서울특별시 강남구 테헤란로 517,135730,06164,,5,,127.059763420214,37.50861540138
MA010120220805438940,아르마니꼴레지오니현대무역,,G2,소매,G209,섬유·의복·신발 소매,G20902,여성 의류 소매업,G47412,여자용 겉옷 소매업,11,서울특별시,11680,강남구,11680580,삼성1동,1168010500,삼성동,1168010500101590007,1,대지,159,7,서울특별시 강남구 삼성동 159-7,116803122010,서울특별시 강남구 테헤란로,517,,1168010500101590007016829,현대백화점,서울특별시 강남구 테헤란로 517,135730,06164,,3,,127.059763420214,37.50861540138
MA010120220800797494,현대무역점무이남성,,G2,소매,G209,섬유·의복·신발 소매,G20905,기타 의류 소매업,G47413,속옷 및 잠옷 소매업,11,서울특별시,11680,강남구,11680580,삼성1동,1168010500,삼성동,1168010500101590007,1,대지,159,7,서울특별시 강남구 삼성동 159-7,116803122010,서울특별시 강남구 테헤란로,517,,1168010500101590007016829,현대백화점,서울특별시 강남구 테헤란로 517,135730,06164,,7,,127.059763420214,37.50861540138
MA010120220801060586,루이비통현대무역센터유,코리아,G2,소매,G209,섬유·의복·신발 소매,G20911,가방 소매업,G47440,가방 및 기타 가죽제품 소매업,11,서울특별시,11680,강남구,11680580,삼성1동,1168010500,삼성동,1168010500101590007,1,대지,159,7,서울특별시 강남구 삼성동 159-7,116803122010,서울특별시 강남구 테헤란로,517,,1168010500101590007016829,현대백화점,서울특별시 강남구 테헤란로 517,135730,06164,,2,,127.059763420214,37.50861540138
MA010120220802094313,조은상사,,G2,소매,G209,섬유·의복·신발 소매,G20905,기타 의류 소매업,G47414,셔츠 및 블라우스 소매업,11,서울특별시,11680,강남구,11680580,삼성1동,1168010500,삼성동,1168010500101590007,1,대지,159,7,서울특별시 강남구 삼성동 159-7,116803122010,서울특별시 강남구 테헤란로,517,,1168010500101590007016829,현대백화점,서울특별시 강남구 테헤란로 517,135730,06164,,7,,127.059763420214,37.50861540138
MA010120220804274180,파비아나필리피현대무역점,,G2,소매,G209,섬유·의복·신발 소매,G20902,여성 의류 소매업,G47412,여자용 겉옷 소매업,11,서울특별시,11680,강남구,11680580,삼성1동,1168010500,삼성동,1168010500101590007,1,대지,159,7,서울특별시 강남구 삼성동 159-7,116803122010,서울특별시 강남구 테헤란로,517,,1168010500101590007016829,현대백화점,서울특별시 강남구 테헤란로 517,135730,06164,,3,,127.059763420214,37.50861540138
MA010120220800137603,클럽모나코남성현대무역,,G2,소매,G209,섬유·의복·신발 소매,G20901,남성 의류 소매업,G47411,남자용 겉옷 소매업,11,서울특별시,11680,강남구,11680580,삼성1동,1168010500,삼성동,1168010500101590007,1,대지,159,7,서울특별시 강남구 삼성동 159-7,116803122010,서울특별시 강남구 테헤란로,517,,1168010500101590007016829,현대백화점,서울특별시 강남구 테헤란로 517,135730,06164,,7,,127.059763420214,37.50861540138
MA010120220800640107,쿠치넬리현대무역,,G2,소매,G209,섬유·의복·신발 소매,G20902,여성 의류 소매업,G47412,여자용 겉옷 소매업,11,서울특별시,11680,강남구,11680580,삼성1동,1168010500,삼성동,1168010500101590007,1,대지,159,7,서울특별시 강남구 삼성동 159-7,116803122010,서울특별시 강남구 테헤란로,517,,1168010500101590007016829,현대백화점,서울특별시 강남구 테헤란로 517,135730,06164,,,,127.059763420214,37.50861540138
MA010120220802959012,무냐무냐현대무역점,,G2,소매,G209,섬유·의복·신발 소매,G20903,유아용 의류 소매업,G47417,유아용 의류 소매업,11,서울특별시,11680,강남구,11680580,삼성1동,1168010500,삼성동,1168010500101590007,1,대지,159,7,서울특별시 강남구 삼성동 159-7,116803122010,서울특별시 강남구 테헤란로,517,,1168010500101590007016829,현대백화점,서울특별시 강남구 테헤란로 517,135730,06164,,4,,127.059763420214,37.50861540138
MA010120220801711656,캘빈클라인언더웨어,,G2,소매,G209,섬유·의복·신발 소매,G20905,기타 의류 소매업,G47413,속옷 및 잠옷 소매업,11,서울특별시,11680,강남구,11680580,삼성1동,1168010500,삼성동,1168010500101590007,1,대지,159,7,서울특별시 강남구 삼성동 159-7,116803122010,서울특별시 강남구 테헤란로,517,,1168010500101590007016829,CK언더웨어현대백화점,서울특별시 강남구 테헤란로 517,135730,06164,,6,,127.059763420214,37.50861540138
MA010120220801060663,버버리현대무역1점(여성)주,코리아,G2,소매,G209,섬유·의복·신발 소매,G20902,여성 의류 소매업,G47412,여자용 겉옷 소매업,11,서울특별시,11680,강남구,11680580,삼성1동,1168010500,삼성동,1168010500101590007,1,대지,159,7,서울특별시 강남구 삼성동 159-7,116803122010,서울특별시 강남구 테헤란로,517,,1168010500101590007016829,현대백화점,서울특별시 강남구 테헤란로 517,135730,06164,,2,,127.059763420214,37.50861540138
MA010120220801044005,미소니현대무역점,,G2,소매,G209,섬유·의복·신발 소매,G20902,여성 의류 소매업,G47412,여자용 겉옷 소매업,11,서울특별시,11680,강남구,11680580,삼성1동,1168010500,삼성동,1168010500101590007,1,대지,159,7,서울특별시 강남구 삼성동 159-7,116803122010,서울특별시 강남구 테헤란로,517,,1168010500101590007016829,현대백화점,서울특별시 강남구 테헤란로 517,135730,06164,,2,,127.059763420214,37.50861540138
MA010120220800067841,제주부엌,,I2,음식,I201,한식,I20101,백반/한정식,I56111,한식 일반 음식점업,11,서울특별시,11680,강남구,11680580,삼성1동,1168010500,삼성동,1168010500101590007,1,대지,159,7,서울특별시 강남구 삼성동 159-7,116803122010,서울특별시 강남구 테헤란로,517,,1168010500101590007016829,지하,서울특별시 강남구 테헤란로 517,135730,06164,,1,,127.059763420214,37.50861540138
MA010120220803383764,더아이잗컬렉션,,G2,소매,G209,섬유·의복·신발 소매,G20902,여성 의류 소매업,G47412,여자용 겉옷 소매업,11,서울특별시,11680,강남구,11680580,삼성1동,1168010500,삼성동,1168010500101590007,1,대지,159,7,서울특별시 강남구 삼성동 159-7,116803122010,서울특별시 강남구 테헤란로,517,,1168010500101590007016829,더아이잗컬렉션현대백화점,서울특별시 강남구 테헤란로 517,135730,06164,,,,127.059763420214,37.50861540138
MA010120220801060794,까브드뱅현대무역주,센터점,G2,소매,G206,음료 소매,G20602,주류 소매업,G47221,음료 소매업,11,서울특별시,11680,강남구,11680580,삼성1동,1168010500,삼성동,1168010500101590007,1,대지,159,7,서울특별시 강남구 삼성동 159-7,116803122010,서울특별시 강남구 테헤란로,517,,1168010500101590007016829,삼성동현대백화점,서울특별시 강남구 테헤란로 517,135730,06164,,1,,127.059763420214,37.50861540138
MA010120220803277884,현대무역마인권희정,,G2,소매,G209,섬유·의복·신발 소매,G20902,여성 의류 소매업,G47412,여자용 겉옷 소매업,11,서울특별시,11680,강남구,11680580,삼성1동,1168010500,삼성동,1168010500101590007,1,대지,159,7,서울특별시 강남구 삼성동 159-7,116803122010,서울특별시 강남구 테헤란로,517,,1168010500101590007016829,현대백화점,서울특별시 강남구 테헤란로 517,135730,06164,,5,,127.059763420214,37.50861540138
MA010120220805221361,트랜짓현대무역점,,G2,소매,G209,섬유·의복·신발 소매,G20905,기타 의류 소매업,G47414,셔츠 및 블라우스 소매업,11,서울특별시,11680,강남구,11680580,삼성1동,1168010500,삼성동,1168010500101590007,1,대지,159,7,서울특별시 강남구 삼성동 159-7,116803122010,서울특별시 강남구 테헤란로,517,,1168010500101590007016829,현대백화점,서울특별시 강남구 테헤란로 517,135730,06164,,3,,127.059763420214,37.50861540138
MA010120220800585805,시리즈,,G2,소매,G209,섬유·의복·신발 소매,G20905,기타 의류 소매업,G47419,기타 의복 소매업,11,서울특별시,11680,강남구,11680580,삼성1동,1168010500,삼성동,1168010500101590007,1,대지,159,7,서울특별시 강남구 삼성동 159-7,116803122010,서울특별시 강남구 테헤란로,517,,1168010500101590007016829,현대백화점,서울특별시 강남구 테헤란로 517,135730,06164,,7,,127.059763420214,37.50861540138
MA010120220801044578,비이커현대무역,센터점,G2,소매,G209,섬유·의복·신발 소매,G20902,여성 의류 소매업,G47412,여자용 겉옷 소매업,11,서울특별시,11680,강남구,11680580,삼성1동,1168010500,삼성동,1168010500101590007,1,대지,159,7,서울특별시 강남구 삼성동 159-7,116803122010,서울특별시 강남구 테헤란로,517,,1168010500101590007016829,현대백화점,서울특별시 강남구 테헤란로 517,135730,06164,,5,,127.059763420214,37.50861540138
MA010120220801811103,페세리코,,G2,소매,G209,섬유·의복·신발 소매,G20902,여성 의류 소매업,G47412,여자용 겉옷 소매업,11,서울특별시,11680,강남구,11680580,삼성1동,1168010500,삼성동,1168010500101590007,1,대지,159,7,서울특별시 강남구 삼성동 159-7,116803122010,서울특별시 강남구 테헤란로,517,,1168010500101590007016829,현대백화점,서울특별시 강남구 테헤란로 517,135730,06164,,,,127.059763420214,37.50861540138
MA010120220805898106,현대무역점더캐시미어,백화점,G2,소매,G209,섬유·의복·신발 소매,G20902,여성 의류 소매업,G47412,여자용 겉옷 소매업,11,서울특별시,11680,강남구,11680580,삼성1동,1168010500,삼성동,1168010500101590007,1,대지,159,7,서울특별시 강남구 삼성동 159-7,116803122010,서울특별시 강남구 테헤란로,517,,1168010500101590007016829,현대백화점,서울특별시 강남구 테헤란로 517,135730,06164,,,,127.059763420214,37.50861540138
MA010120220800888769,보로이어,,G2,소매,G209,섬유·의복·신발 소매,G20901,남성 의류 소매업,G47411,남자용 겉옷 소매업,11,서울특별시,11680,강남구,11680580,삼성1동,1168010500,삼성동,1168010500101590007,1,대지,159,7,서울특별시 강남구 삼성동 159-7,116803122010,서울특별시 강남구 테헤란로,517,,1168010500101590007016829,브로이어현대백화점,서울특별시 강남구 테헤란로 517,135730,06164,,7,,127.059763420214,37.50861540138
MA010120220801060566,신동와인무역점주,,G2,소매,G206,음료 소매,G20602,주류 소매업,G47221,음료 소매업,11,서울특별시,11680,강남구,11680580,삼성1동,1168010500,삼성동,1168010500101590007,1,대지,159,7,서울특별시 강남구 삼성동 159-7,116803122010,서울특별시 강남구 테헤란로,517,,1168010500101590007016829,현대백화점,서울특별시 강남구 테헤란로 517,135730,06164,,,,127.059763420214,37.50861540138
MA010120220805958965,현대무역점여성무이,,G2,소매,G209,섬유·의복·신발 소매,G20902,여성 의류 소매업,G47412,여자용 겉옷 소매업,11,서울특별시,11680,강남구,11680580,삼성1동,1168010500,삼성동,1168010500101590007,1,대지,159,7,서울특별시 강남구 삼성동 159-7,116803122010,서울특별시 강남구 테헤란로,517,,1168010500101590007016829,현대백화점,서울특별시 강남구 테헤란로 517,135730,06164,,3,,127.059763420214,37.50861540138
MA010120220803182528,블루독현대무역점,,G2,소매,G209,섬유·의복·신발 소매,G20903,유아용 의류 소매업,G47417,유아용 의류 소매업,11,서울특별시,11680,강남구,11680580,삼성1동,1168010500,삼성동,1168010500101590007,1,대지,159,7,서울특별시 강남구 삼성동 159-7,116803122010,서울특별시 강남구 테헤란로,517,,1168010500101590007016829,,서울특별시 강남구 테헤란로 517,135730,06164,,9,,127.059763420214,37.50861540138
MA010120220801022226,현대의류수선,,S2,수리·개인,S206,기타 가정용품 수리,S20601,의류/이불 수선업,S95391,의복 및 기타 가정용 직물제품 수리업,11,서울특별시,11680,강남구,11680580,삼성1동,1168010500,삼성동,1168010500101590007,1,대지,159,7,서울특별시 강남구 삼성동 159-7,116803122010,서울특별시 강남구 테헤란로,517,,1168010500101590007016829,,서울특별시 강남구 테헤란로 517,135730,06164,,,,127.059763420214,37.50861540138
MA010120220802917628,겐조KENZO현대무역센터,백화점,G2,소매,G209,섬유·의복·신발 소매,G20902,여성 의류 소매업,G47412,여자용 겉옷 소매업,11,서울특별시,11680,강남구,11680580,삼성1동,1168010500,삼성동,1168010500101590007,1,대지,159,7,서울특별시 강남구 삼성동 159-7,116803122010,서울특별시 강남구 테헤란로,517,,1168010500101590007016829,현대백화점,서울특별시 강남구 테헤란로 517,135730,06164,,3,,127.059763420214,37.50861540138
MA010120220802876916,현대무역바바라,,G2,소매,G209,섬유·의복·신발 소매,G20905,기타 의류 소매업,G47413,속옷 및 잠옷 소매업,11,서울특별시,11680,강남구,11680580,삼성1동,1168010500,삼성동,1168010500101590007,1,대지,159,7,서울특별시 강남구 삼성동 159-7,116803122010,서울특별시 강남구 테헤란로,517,,1168010500101590007016829,현대백화점,서울특별시 강남구 테헤란로 517,135730,06164,,5,,127.059763420214,37.50861540138
MA010120220800684154,현대무역에뜨와,센터점,G2,소매,G209,섬유·의복·신발 소매,G20903,유아용 의류 소매업,G47417,유아용 의류 소매업,11,서울특별시,11680,강남구,11680580,삼성1동,1168010500,삼성동,1168010500101590007,1,대지,159,7,서울특별시 강남구 삼성동 159-7,116803122010,서울특별시 강남구 테헤란로,517,,1168010500101590007016829,현대백화점,서울특별시 강남구 테헤란로 517,135730,06164,,9,,127.059763420214,37.50861540138
MA010120220800781900,이에프이압소바,,G2,소매,G209,섬유·의복·신발 소매,G20903,유아용 의류 소매업,G47417,유아용 의류 소매업,11,서울특별시,11680,강남구,11680580,삼성1동,1168010500,삼성동,1168010500101590007,1,대지,159,7,서울특별시 강남구 삼성동 159-7,116803122010,서울특별시 강남구 테헤란로,517,,1168010500101590007016829,현대백화점,서울특별시 강남구 테헤란로 517,135730,06164,,8,,127.059763420214,37.50861540138
MA010120220801033983,금강안경,,G2,소매,G216,안경·정밀기기 소매,G21602,안경렌즈 소매업,G47822,안경 및 렌즈 소매업,11,서울특별시,11680,강남구,11680580,삼성1동,1168010500,삼성동,1168010500101590007,1,대지,159,7,서울특별시 강남구 삼성동 159-7,116803122010,서울특별시 강남구 테헤란로,517,,1168010500101590007016829,현대백화점,서울특별시 강남구 테헤란로 517,135730,06164,,,,127.059763420214,37.50861540138
MA010120220802919823,만다리나덕,,G2,소매,G209,섬유·의복·신발 소매,G20911,가방 소매업,G47440,가방 및 기타 가죽제품 소매업,11,서울특별시,11680,강남구,11680580,삼성1동,1168010500,삼성동,1168010500101590007,1,대지,159,7,서울특별시 강남구 삼성동 159-7,116803122010,서울특별시 강남구 테헤란로,517,,1168010500101590007016829,현대백화점,서울특별시 강남구 테헤란로 517,135730,06164,,6,,127.059763420214,37.50861540138
MA010120220803013093,제주순옥이네명가,,I2,음식,I201,한식,I20111,횟집,I56114,한식 해산물 요리 전문점,11,서울특별시,11680,강남구,11680580,삼성1동,1168010500,삼성동,1168010500101590007,1,대지,159,7,서울특별시 강남구 삼성동 159-7,116803122010,서울특별시 강남구 테헤란로,517,,1168010500101590007016829,현대백화점,서울특별시 강남구 테헤란로 517,135730,06164,,10,,127.059763420214,37.50861540138
MA010120220800789925,현대코엑스톰브라운,,G2,소매,G209,섬유·의복·신발 소매,G20905,기타 의류 소매업,G47413,속옷 및 잠옷 소매업,11,서울특별시,11680,강남구,11680580,삼성1동,1168010500,삼성동,1168010500101590007,1,대지,159,7,서울특별시 강남구 삼성동 159-7,116803122010,서울특별시 강남구 테헤란로,517,,1168010500101590007016829,현대백화점,서울특별시 강남구 테헤란로 517,135730,06164,,,,127.059763420214,37.50861540138
MA010120220800572776,현대무역바네사브루노,,G2,소매,G209,섬유·의복·신발 소매,G20902,여성 의류 소매업,G47412,여자용 겉옷 소매업,11,서울특별시,11680,강남구,11680580,삼성1동,1168010500,삼성동,1168010500101590007,1,대지,159,7,서울특별시 강남구 삼성동 159-7,116803122010,서울특별시 강남구 테헤란로,517,,1168010500101590007016829,현대백화점,서울특별시 강남구 테헤란로 517,135730,06164,,4,,127.059763420214,37.50861540138
MA010120220803511812,씨씨콜렉트현대무역점,,G2,소매,G209,섬유·의복·신발 소매,G20902,여성 의류 소매업,G47412,여자용 겉옷 소매업,11,서울특별시,11680,강남구,11680580,삼성1동,1168010500,삼성동,1168010500101590007,1,대지,159,7,서울특별시 강남구 삼성동 159-7,116803122010,서울특별시 강남구 테헤란로,517,,1168010500101590007016829,현대백화점,서울특별시 강남구 테헤란로 517,135730,06164,,6,,127.059763420214,37.50861540138
MA010120220801832669,현대무역헤지스남성,,G2,소매,G209,섬유·의복·신발 소매,G20901,남성 의류 소매업,G47411,남자용 겉옷 소매업,11,서울특별시,11680,강남구,11680580,삼성1동,1168010500,삼성동,1168010500101590007,1,대지,159,7,서울특별시 강남구 삼성동 159-7,116803122010,서울특별시 강남구 테헤란로,517,,1168010500101590007016829,현대백화점,서울특별시 강남구 테헤란로 517,135730,06164,,7,,127.059763420214,37.50861540138
MA010120220802084440,톰보이,,G2,소매,G209,섬유·의복·신발 소매,G20902,여성 의류 소매업,G47412,여자용 겉옷 소매업,11,서울특별시,11680,강남구,11680580,삼성1동,1168010500,삼성동,1168010500101590007,1,대지,159,7,서울특별시 강남구 삼성동 159-7,116803122010,서울특별시 강남구 테헤란로,517,,1168010500101590007016829,현대백화점,서울특별시 강남구 테헤란로 517,135730,06164,,6,,127.059763420214,37.50861540138
MA010120220802271662,마놀로블라닉현대무역점,,G2,소매,G209,섬유·의복·신발 소매,G20910,신발 소매업,G47430,신발 소매업,11,서울특별시,11680,강남구,11680580,삼성1동,1168010500,삼성동,1168010500101590007,1,대지,159,7,서울특별시 강남구 삼성동 159-7,116803122010,서울특별시 강남구 테헤란로,517,,1168010500101590007016829,현대백화점,서울특별시 강남구 테헤란로 517,135730,06164,,2,,127.059763420214,37.50861540138
MA010120220801045283,팔레드플레르,,G2,소매,G219,식물 소매,G21901,꽃집,G47851,화초 및 식물 소매업,11,서울특별시,11680,강남구,11680580,삼성1동,1168010500,삼성동,1168010500101590007,1,대지,159,7,서울특별시 강남구 삼성동 159-7,116803122010,서울특별시 강남구 테헤란로,517,,1168010500101590007016829,현대백화점,서울특별시 강남구 테헤란로 517,135730,06164,,1,,127.059763420214,37.50861540138
MA010120220805444993,블루테일,,G2,소매,G209,섬유·의복·신발 소매,G20905,기타 의류 소매업,G47419,기타 의복 소매업,11,서울특별시,11680,강남구,11680580,삼성1동,1168010500,삼성동,1168010500101590007,1,대지,159,7,서울특별시 강남구 삼성동 159-7,116803122010,서울특별시 강남구 테헤란로,517,,1168010500101590007016829,,서울특별시 강남구 테헤란로 517,135730,06164,,4,,127.059763420214,37.50861540138
MA010120220800368174,바버현대무역,,G2,소매,G209,섬유·의복·신발 소매,G20901,남성 의류 소매업,G47411,남자용 겉옷 소매업,11,서울특별시,11680,강남구,11680580,삼성1동,1168010500,삼성동,1168010500101590007,1,대지,159,7,서울특별시 강남구 삼성동 159-7,116803122010,서울특별시 강남구 테헤란로,517,,1168010500101590007016829,현대백화점,서울특별시 강남구 테헤란로 517,135730,06164,,7,,127.059763420214,37.50861540138
MA010120220804275410,현대무역타임옴므,,G2,소매,G209,섬유·의복·신발 소매,G20901,남성 의류 소매업,G47411,남자용 겉옷 소매업,11,서울특별시,11680,강남구,11680580,삼성1동,1168010500,삼성동,1168010500101590007,1,대지,159,7,서울특별시 강남구 삼성동 159-7,116803122010,서울특별시 강남구 테헤란로,517,,1168010500101590007016829,현대백화점,서울특별시 강남구 테헤란로 517,135730,06164,,7,,127.059763420214,37.50861540138
MA010120220801044559,비비안웨스트우드현대무역,,G2,소매,G209,섬유·의복·신발 소매,G20902,여성 의류 소매업,G47412,여자용 겉옷 소매업,11,서울특별시,11680,강남구,11680580,삼성1동,1168010500,삼성동,1168010500101590007,1,대지,159,7,서울특별시 강남구 삼성동 159-7,116803122010,서울특별시 강남구 테헤란로,517,,1168010500101590007016829,현대백화점,서울특별시 강남구 테헤란로 517,135730,06164,,3,,127.059763420214,37.50861540138
MA010120220801060115,현대무역센타,백화점,N1,시설관리·임대,N104,고용 알선,N10401,고용 알선업,N75999,그 외 기타 분류 안된 사업 지원 서비스업,11,서울특별시,11680,강남구,11680580,삼성1동,1168010500,삼성동,1168010500101590007,1,대지,159,7,서울특별시 강남구 삼성동 159-7,116803122010,서울특별시 강남구 테헤란로,517,,1168010500101590007016829,,서울특별시 강남구 테헤란로 517,135730,06164,,,,127.059763420214,37.50861540138
MA010120220804018477,꼼데가르송현대무역점,,G2,소매,G209,섬유·의복·신발 소매,G20901,남성 의류 소매업,G47411,남자용 겉옷 소매업,11,서울특별시,11680,강남구,11680580,삼성1동,1168010500,삼성동,1168010500101590007,1,대지,159,7,서울특별시 강남구 삼성동 159-7,116803122010,서울특별시 강남구 테헤란로,517,,1168010500101590007016829,현대무역센터,서울특별시 강남구 테헤란로 517,135730,06164,,7,,127.059763420214,37.50861540138
MA010120220801060014,금사랑주,,G2,소매,G217,시계·귀금속 소매,G21701,시계/귀금속 소매업,G47830,시계 및 귀금속 소매업,11,서울특별시,11680,강남구,11680580,삼성1동,1168010500,삼성동,1168010500101590007,1,대지,159,7,서울특별시 강남구 삼성동 159-7,116803122010,서울특별시 강남구 테헤란로,517,,1168010500101590007016829,현대백화점,서울특별시 강남구 테헤란로 517,135730,06164,,,,127.059763420214,37.50861540138
MA010120220805152658,현대무역타임,,G2,소매,G209,섬유·의복·신발 소매,G20902,여성 의류 소매업,G47412,여자용 겉옷 소매업,11,서울특별시,11680,강남구,11680580,삼성1동,1168010500,삼성동,1168010500101590007,1,대지,159,7,서울특별시 강남구 삼성동 159-7,116803122010,서울특별시 강남구 테헤란로,517,,1168010500101590007016829,현대백화점,서울특별시 강남구 테헤란로 517,135730,06164,,5,,127.059763420214,37.50861540138
MA010120220801230816,현대무역라코스테남성,,G2,소매,G209,섬유·의복·신발 소매,G20905,기타 의류 소매업,G47419,기타 의복 소매업,11,서울특별시,11680,강남구,11680580,삼성1동,1168010500,삼성동,1168010500101590007,1,대지,159,7,서울특별시 강남구 삼성동 159-7,116803122010,서울특별시 강남구 테헤란로,517,,1168010500101590007016829,현대백화점,서울특별시 강남구 테헤란로 517,135730,06164,,8,,127.059763420214,37.50861540138
MA010120220801021662,다미,,G2,소매,G205,식료품 소매,G20509,반찬/식료품 소매업,G47218,조리 반찬류 소매업,11,서울특별시,11680,강남구,11680580,삼성1동,1168010500,삼성동,1168010500101590007,1,대지,159,7,서울특별시 강남구 삼성동 159-7,116803122010,서울특별시 강남구 테헤란로,517,,1168010500101590007016829,,서울특별시 강남구 테헤란로 517,135730,06164,,,,127.059763420214,37.50861540138
MA010120220800131779,현대무역라코스테우먼,,G2,소매,G209,섬유·의복·신발 소매,G20902,여성 의류 소매업,G47412,여자용 겉옷 소매업,11,서울특별시,11680,강남구,11680580,삼성1동,1168010500,삼성동,1168010500101590007,1,대지,159,7,서울특별시 강남구 삼성동 159-7,116803122010,서울특별시 강남구 테헤란로,517,,1168010500101590007016829,현대백화점,서울특별시 강남구 테헤란로 517,135730,06164,,4,,127.059763420214,37.50861540138
MA010120220800675254,현대무역톰그레이하운드,,G2,소매,G209,섬유·의복·신발 소매,G20902,여성 의류 소매업,G47412,여자용 겉옷 소매업,11,서울특별시,11680,강남구,11680580,삼성1동,1168010500,삼성동,1168010500101590007,1,대지,159,7,서울특별시 강남구 삼성동 159-7,116803122010,서울특별시 강남구 테헤란로,517,,1168010500101590007016829,현대백화점,서울특별시 강남구 테헤란로 517,135730,06164,,5,,127.059763420214,37.50861540138
MA010120220800869866,골든구스,,G2,소매,G209,섬유·의복·신발 소매,G20910,신발 소매업,G47430,신발 소매업,11,서울특별시,11680,강남구,11680580,삼성1동,1168010500,삼성동,1168010500101590007,1,대지,159,7,서울특별시 강남구 삼성동 159-7,116803122010,서울특별시 강남구 테헤란로,517,,1168010500101590007016829,현대백화점,서울특별시 강남구 테헤란로 517,135730,06164,,2,,127.059763420214,37.50861540138
MA010120220801060639,명보아이엔씨현대무역점주,,G2,소매,G217,시계·귀금속 소매,G21701,시계/귀금속 소매업,G47830,시계 및 귀금속 소매업,11,서울특별시,11680,강남구,11680580,삼성1동,1168010500,삼성동,1168010500101590007,1,대지,159,7,서울특별시 강남구 삼성동 159-7,116803122010,서울특별시 강남구 테헤란로,517,,1168010500101590007016829,,서울특별시 강남구 테헤란로 517,135730,06164,,,,127.059763420214,37.50861540138
MA010120220804358279,현대무역DKNY남성유상희,,G2,소매,G209,섬유·의복·신발 소매,G20901,남성 의류 소매업,G47411,남자용 겉옷 소매업,11,서울특별시,11680,강남구,11680580,삼성1동,1168010500,삼성동,1168010500101590007,1,대지,159,7,서울특별시 강남구 삼성동 159-7,116803122010,서울특별시 강남구 테헤란로,517,,1168010500101590007016829,현대백화점,서울특별시 강남구 테헤란로 517,135730,06164,,7,,127.059763420214,37.50861540138
MA010120220804961785,현대무역아미,,G2,소매,G209,섬유·의복·신발 소매,G20901,남성 의류 소매업,G47411,남자용 겉옷 소매업,11,서울특별시,11680,강남구,11680580,삼성1동,1168010500,삼성동,1168010500101590007,1,대지,159,7,서울특별시 강남구 삼성동 159-7,116803122010,서울특별시 강남구 테헤란로,517,,1168010500101590007016829,현대백화점,서울특별시 강남구 테헤란로 517,135730,06164,,7,,127.059763420214,37.50861540138
MA010120220803667111,글로매스GLOMASS,,I2,음식,I210,기타 간이,I21001,빵/도넛,I56191,제과점업,11,서울특별시,11680,강남구,11680580,삼성1동,1168010500,삼성동,1168010500101590007,1,대지,159,7,서울특별시 강남구 삼성동 159-7,116803122010,서울특별시 강남구 테헤란로,517,,1168010500101590007016829,현대백화점,서울특별시 강남구 테헤란로 517,135730,06164,,1,,127.059763420214,37.50861540138
MA010120220801045086,리페어레더플레인,,S2,수리·개인,S206,기타 가정용품 수리,S20602,가죽/가방/신발 수선업,S95392,"가죽, 가방 및 신발 수리업",11,서울특별시,11680,강남구,11680580,삼성1동,1168010500,삼성동,1168010500101590007,1,대지,159,7,서울특별시 강남구 삼성동 159-7,116803122010,서울특별시 강남구 테헤란로,517,,1168010500101590007016829,현대백화점,서울특별시 강남구 테헤란로 517,135730,06164,,5,,127.059763420214,37.50861540138
MA010120220803663489,건희사,,S2,수리·개인,S206,기타 가정용품 수리,S20601,의류/이불 수선업,S95391,의복 및 기타 가정용 직물제품 수리업,11,서울특별시,11680,강남구,11680580,삼성1동,1168010500,삼성동,1168010500101590007,1,대지,159,7,서울특별시 강남구 삼성동 159-7,116803122010,서울특별시 강남구 테헤란로,517,,1168010500101590007016829,현대백화점,서울특별시 강남구 테헤란로 517,135730,06164,,7,,127.059763420214,37.50861540138
MA010120220802937139,릭오웬스현대무역,,G2,소매,G209,섬유·의복·신발 소매,G20902,여성 의류 소매업,G47412,여자용 겉옷 소매업,11,서울특별시,11680,강남구,11680580,삼성1동,1168010500,삼성동,1168010500101590007,1,대지,159,7,서울특별시 강남구 삼성동 159-7,116803122010,서울특별시 강남구 테헤란로,517,,1168010500101590007016829,현대백화점,서울특별시 강남구 테헤란로 517,135730,06164,,3,,127.059763420214,37.50861540138
MA010120220801063487,현대시계주,,G2,소매,G217,시계·귀금속 소매,G21701,시계/귀금속 소매업,G47830,시계 및 귀금속 소매업,11,서울특별시,11680,강남구,11680580,삼성1동,1168010500,삼성동,1168010500101590007,1,대지,159,7,서울특별시 강남구 삼성동 159-7,116803122010,서울특별시 강남구 테헤란로,517,,1168010500101590007016829,현대백화점,서울특별시 강남구 테헤란로 517,135730,06164,,2,,127.059763420214,37.50861540138
MA010120220801032259,왁골프현대무역점,백화점,G2,소매,G209,섬유·의복·신발 소매,G20905,기타 의류 소매업,G47419,기타 의복 소매업,11,서울특별시,11680,강남구,11680580,삼성1동,1168010500,삼성동,1168010500101590007,1,대지,159,7,서울특별시 강남구 삼성동 159-7,116803122010,서울특별시 강남구 테헤란로,517,,1168010500101590007016829,현대백화점,서울특별시 강남구 테헤란로 517,135730,06164,,8,,127.059763420214,37.50861540138
MA010120220801032731,현대무역점쟈딕앤볼테르,백화점,G2,소매,G209,섬유·의복·신발 소매,G20902,여성 의류 소매업,G47412,여자용 겉옷 소매업,11,서울특별시,11680,강남구,11680580,삼성1동,1168010500,삼성동,1168010500101590007,1,대지,159,7,서울특별시 강남구 삼성동 159-7,116803122010,서울특별시 강남구 테헤란로,517,,1168010500101590007016829,현대백화점,서울특별시 강남구 테헤란로 517,135730,06164,,5,,127.059763420214,37.50861540138
MA010120220801722581,현대무역닥터퍼니스트,센터점,G2,소매,G209,섬유·의복·신발 소매,G20901,남성 의류 소매업,G47411,남자용 겉옷 소매업,11,서울특별시,11680,강남구,11680580,삼성1동,1168010500,삼성동,1168010500101590007,1,대지,159,7,서울특별시 강남구 삼성동 159-7,116803122010,서울특별시 강남구 테헤란로,517,,1168010500101590007016829,현대백화점,서울특별시 강남구 테헤란로 517,135730,06164,,,,127.059763420214,37.50861540138
MA010120220805420234,피엑스지현대무역점,백화점,G2,소매,G209,섬유·의복·신발 소매,G20905,기타 의류 소매업,G47419,기타 의복 소매업,11,서울특별시,11680,강남구,11680580,삼성1동,1168010500,삼성동,1168010500101590007,1,대지,159,7,서울특별시 강남구 삼성동 159-7,116803122010,서울특별시 강남구 테헤란로,517,,1168010500101590007016829,현대백화점,서울특별시 강남구 테헤란로 517,135730,06164,,4,,127.059763420214,37.50861540138
MA010120220802934462,서영이앤티현대무역점,백화점,G2,소매,G206,음료 소매,G20602,주류 소매업,G47221,음료 소매업,11,서울특별시,11680,강남구,11680580,삼성1동,1168010500,삼성동,1168010500101590007,1,대지,159,7,서울특별시 강남구 삼성동 159-7,116803122010,서울특별시 강남구 테헤란로,517,,1168010500101590007016829,현대백화점,서울특별시 강남구 테헤란로 517,135730,06164,,1,,127.059763420214,37.50861540138
MA010120220801035573,현대무역폴로남성,,G2,소매,G209,섬유·의복·신발 소매,G20901,남성 의류 소매업,G47411,남자용 겉옷 소매업,11,서울특별시,11680,강남구,11680580,삼성1동,1168010500,삼성동,1168010500101590007,1,대지,159,7,서울특별시 강남구 삼성동 159-7,116803122010,서울특별시 강남구 테헤란로,517,,1168010500101590007016829,현대백화점,서울특별시 강남구 테헤란로 517,135730,06164,,6,,127.059763420214,37.50861540138
MA010120220800579524,현대무역바쉬,,G2,소매,G209,섬유·의복·신발 소매,G20902,여성 의류 소매업,G47412,여자용 겉옷 소매업,11,서울특별시,11680,강남구,11680580,삼성1동,1168010500,삼성동,1168010500101590007,1,대지,159,7,서울특별시 강남구 삼성동 159-7,116803122010,서울특별시 강남구 테헤란로,517,,1168010500101590007016829,현대백화점,서울특별시 강남구 테헤란로 517,135730,06164,,5,,127.059763420214,37.50861540138
MA010120220802997913,타미남성현대무역,,G2,소매,G209,섬유·의복·신발 소매,G20901,남성 의류 소매업,G47411,남자용 겉옷 소매업,11,서울특별시,11680,강남구,11680580,삼성1동,1168010500,삼성동,1168010500101590007,1,대지,159,7,서울특별시 강남구 삼성동 159-7,116803122010,서울특별시 강남구 테헤란로,517,,1168010500101590007016829,현대백화점,서울특별시 강남구 테헤란로 517,135730,06164,,7,,127.059763420214,37.50861540138
MA010120220801068558,래미여행사,,N1,시설관리·임대,N105,여행사·보조,N10501,여행사,N75210,여행사업,11,서울특별시,11680,강남구,11680580,삼성1동,1168010500,삼성동,1168010500101590007,1,대지,159,7,서울특별시 강남구 삼성동 159-7,116803122010,서울특별시 강남구 테헤란로,517,,1168010500101590007016829,현대백화점,서울특별시 강남구 테헤란로 517,135730,06164,,10,,127.059763420214,37.50861540138
MA010120220803035654,송,,I2,음식,I203,일식,I20301,일식 회/초밥,I56122,일식 음식점업,11,서울특별시,11680,강남구,11680580,삼성1동,1168010500,삼성동,1168010500101590007,1,대지,159,7,서울특별시 강남구 삼성동 159-7,116803122010,서울특별시 강남구 테헤란로,517,,1168010500101590007016829,현대백화점,서울특별시 강남구 테헤란로 517,135730,06164,,10,,127.059763420214,37.50861540138
MA010120220801029719,쇼콜라유아복,,G2,소매,G209,섬유·의복·신발 소매,G20903,유아용 의류 소매업,G47417,유아용 의류 소매업,11,서울특별시,11680,강남구,11680580,삼성1동,1168010500,삼성동,1168010500101590007,1,대지,159,7,서울특별시 강남구 삼성동 159-7,116803122010,서울특별시 강남구 테헤란로,517,,1168010500101590007016829,현대백화점,서울특별시 강남구 테헤란로 517,135730,06164,,8,,127.059763420214,37.50861540138
MA010120220801245854,고야드아시아퍼시픽리미티드현대,코엑스점,G2,소매,G209,섬유·의복·신발 소매,G20911,가방 소매업,G47440,가방 및 기타 가죽제품 소매업,11,서울특별시,11680,강남구,11680580,삼성1동,1168010500,삼성동,1168010500101590007,1,대지,159,7,서울특별시 강남구 삼성동 159-7,116803122010,서울특별시 강남구 테헤란로,517,,1168010500101590007016829,현대코엑스백화점,서울특별시 강남구 테헤란로 517,135730,06164,,1,,127.059763420214,37.50861540138
MA010120220805370585,오닐현대무역점,백화점,G2,소매,G209,섬유·의복·신발 소매,G20905,기타 의류 소매업,G47419,기타 의복 소매업,11,서울특별시,11680,강남구,11680580,삼성1동,1168010500,삼성동,1168010500101590007,1,대지,159,7,서울특별시 강남구 삼성동 159-7,116803122010,서울특별시 강남구 테헤란로,517,,1168010500101590007016829,현대백화점,서울특별시 강남구 테헤란로 517,135730,06164,,6,,127.059763420214,37.50861540138
MA010120220802862244,로샤스,,G2,소매,G209,섬유·의복·신발 소매,G20902,여성 의류 소매업,G47412,여자용 겉옷 소매업,11,서울특별시,11680,강남구,11680580,삼성1동,1168010500,삼성동,1168010500101590007,1,대지,159,7,서울특별시 강남구 삼성동 159-7,116803122010,서울특별시 강남구 테헤란로,517,,1168010500101590007016829,로샤스현대백화점,서울특별시 강남구 테헤란로 517,135730,06164,,3,,127.059763420214,37.50861540138
MA010120220803774783,클럽모나코여성현대무역,,G2,소매,G209,섬유·의복·신발 소매,G20902,여성 의류 소매업,G47412,여자용 겉옷 소매업,11,서울특별시,11680,강남구,11680580,삼성1동,1168010500,삼성동,1168010500101590007,1,대지,159,7,서울특별시 강남구 삼성동 159-7,116803122010,서울특별시 강남구 테헤란로,517,,1168010500101590007016829,현대백화점,서울특별시 강남구 테헤란로 517,135730,06164,,5,,127.059763420214,37.50861540138
MA010120220803639363,쌤소나이트현대백화점무역,센터점,G2,소매,G209,섬유·의복·신발 소매,G20911,가방 소매업,G47440,가방 및 기타 가죽제품 소매업,11,서울특별시,11680,강남구,11680580,삼성1동,1168010500,삼성동,1168010500101590007,1,대지,159,7,서울특별시 강남구 삼성동 159-7,116803122010,서울특별시 강남구 테헤란로,517,,1168010500101590007016829,현대백화점,서울특별시 강남구 테헤란로 517,135730,06164,,4,,127.059763420214,37.50861540138
MA010120220800744105,캘빈클라인진,,G2,소매,G209,섬유·의복·신발 소매,G20905,기타 의류 소매업,G47419,기타 의복 소매업,11,서울특별시,11680,강남구,11680580,삼성1동,1168010500,삼성동,1168010500101590007,1,대지,159,7,서울특별시 강남구 삼성동 159-7,116803122010,서울특별시 강남구 테헤란로,517,,1168010500101590007016829,현대백화점,서울특별시 강남구 테헤란로 517,135730,06164,,6,,127.059763420214,37.50861540138
MA010120220800580326,현대무역THW톰브라운여성,,G2,소매,G209,섬유·의복·신발 소매,G20902,여성 의류 소매업,G47412,여자용 겉옷 소매업,11,서울특별시,11680,강남구,11680580,삼성1동,1168010500,삼성동,1168010500101590007,1,대지,159,7,서울특별시 강남구 삼성동 159-7,116803122010,서울특별시 강남구 테헤란로,517,,1168010500101590007016829,현대백화점,서울특별시 강남구 테헤란로 517,135730,06164,,,,127.059763420214,37.50861540138
MA010120220801060678,나라셀라현대무역점주,백화점,G2,소매,G206,음료 소매,G20602,주류 소매업,G47221,음료 소매업,11,서울특별시,11680,강남구,11680580,삼성1동,1168010500,삼성동,1168010500101590007,1,대지,159,7,서울특별시 강남구 삼성동 159-7,116803122010,서울특별시 강남구 테헤란로,517,,1168010500101590007016829,현대백화점,서울특별시 강남구 테헤란로 517,135730,06164,,1,,127.059763420214,37.50861540138
MA010120220804103400,띠어리,,G2,소매,G209,섬유·의복·신발 소매,G20905,기타 의류 소매업,G47419,기타 의복 소매업,11,서울특별시,11680,강남구,11680580,삼성1동,1168010500,삼성동,1168010500101590007,1,대지,159,7,서울특별시 강남구 삼성동 159-7,116803122010,서울특별시 강남구 테헤란로,517,,1168010500101590007016829,현대백화점,서울특별시 강남구 테헤란로 517,135730,06164,,4,,127.059763420214,37.50861540138
MA010120220804381568,보티첼리,,G2,소매,G209,섬유·의복·신발 소매,G20902,여성 의류 소매업,G47412,여자용 겉옷 소매업,11,서울특별시,11680,강남구,11680580,삼성1동,1168010500,삼성동,1168010500101590007,1,대지,159,7,서울특별시 강남구 삼성동 159-7,116803122010,서울특별시 강남구 테헤란로,517,,1168010500101590007016829,보티첼리현대백화점,서울특별시 강남구 테헤란로 517,135730,06164,,4,,127.059763420214,37.50861540138
MA010120220801030119,이자벨마랑현대무역점,,G2,소매,G209,섬유·의복·신발 소매,G20902,여성 의류 소매업,G47412,여자용 겉옷 소매업,11,서울특별시,11680,강남구,11680580,삼성1동,1168010500,삼성동,1168010500101590007,1,대지,159,7,서울특별시 강남구 삼성동 159-7,116803122010,서울특별시 강남구 테헤란로,517,,1168010500101590007016829,현대백화점,서울특별시 강남구 테헤란로 517,135730,06164,,3,,127.059763420214,37.50861540138
MA010120220801900774,승민상사,,G2,소매,G209,섬유·의복·신발 소매,G20901,남성 의류 소매업,G47411,남자용 겉옷 소매업,11,서울특별시,11680,강남구,11680580,삼성1동,1168010500,삼성동,1168010500101590007,1,대지,159,7,서울특별시 강남구 삼성동 159-7,116803122010,서울특별시 강남구 테헤란로,517,,1168010500101590007016829,솔로웨어현대백화점,서울특별시 강남구 테헤란로 517,135730,06164,,7,,127.059763420214,37.50861540138
MA010120220801270251,타미아동현대무역,,G2,소매,G209,섬유·의복·신발 소매,G20903,유아용 의류 소매업,G47417,유아용 의류 소매업,11,서울특별시,11680,강남구,11680580,삼성1동,1168010500,삼성동,1168010500101590007,1,대지,159,7,서울특별시 강남구 삼성동 159-7,116803122010,서울특별시 강남구 테헤란로,517,,1168010500101590007016829,현대백화점,서울특별시 강남구 테헤란로 517,135730,06164,,4,,127.059763420214,37.50861540138
MA010120220801037310,친환경상품,전문점,G2,소매,G215,의약·화장품 소매,G21503,화장품 소매업,G47813,"화장품, 비누 및 방향제 소매업",11,서울특별시,11680,강남구,11680580,삼성1동,1168010500,삼성동,1168010500101590007,1,대지,159,7,서울특별시 강남구 삼성동 159-7,116803122010,서울특별시 강남구 테헤란로,517,,1168010500101590007016829,현대백화점,서울특별시 강남구 테헤란로 517,135730,06164,,1,,127.059763420214,37.50861540138
MA010120220805405887,라마인베스트,,M1,과학·기술,M107,본사·경영 컨설팅,M10703,경영 컨설팅업,M71531,경영 컨설팅업,11,서울특별시,11680,강남구,11680610,대치2동,1168010600,대치동,1168010600109560019,1,대지,956,19,서울특별시 강남구 대치동 956-19,116804166430,서울특별시 강남구 삼성로84길,28,,1168010600109560019012217,로라빌딩,서울특별시 강남구 삼성로84길 28,135847,06184,,5,,127.059840312075,37.5057591769242
MA010120220800780291,브라운치킨,,I2,음식,I210,기타 간이,I21006,치킨,I56193,치킨 전문점,11,서울특별시,11680,강남구,11680610,대치2동,1168010600,대치동,1168010600109560005,1,대지,956,5,서울특별시 강남구 대치동 956-5,116804166432,서울특별시 강남구 삼성로86길,28,,1168010600109560005012191,,서울특별시 강남구 삼성로86길 28,135847,06184,,1,,127.059874522187,37.5061105515741
MA010120220801021511,청석골,,I2,음식,I201,한식,I20101,백반/한정식,I56111,한식 일반 음식점업,11,서울특별시,11680,강남구,11680610,대치2동,1168010600,대치동,1168010600109560005,1,대지,956,5,서울특별시 강남구 대치동 956-5,116804166432,서울특별시 강남구 삼성로86길,28,,1168010600109560005012191,,서울특별시 강남구 삼성로86길 28,135847,06184,,,,127.059874522187,37.5061105515741
MA010120220801536319,건축사사무소다연플러스,,M1,과학·기술,M109,기술 서비스,M10901,건축 설계 및 관련 서비스업,M72111,건축 설계 및 관련 서비스업,11,서울특별시,11680,강남구,11680610,대치2동,1168010600,대치동,1168010600109560005,1,대지,956,5,서울특별시 강남구 대치동 956-5,116804166432,서울특별시 강남구 삼성로86길,28,,1168010600109560005012191,,서울특별시 강남구 삼성로86길 28,135847,06184,,4,,127.059874522187,37.5061105515741
MA010120220804174304,디자인레드,,M1,과학·기술,M112,전문 디자인,M11202,제품 디자인업,M73202,제품 디자인업,11,서울특별시,11680,강남구,11680610,대치2동,1168010600,대치동,1168010600109560020,1,대지,956,20,서울특별시 강남구 대치동 956-20,116804166430,서울특별시 강남구 삼성로84길,30,,1168010600109560020012212,테미스빌딩,서울특별시 강남구 삼성로84길 30,135847,06184,,6,,127.060032629597,37.5058221497015
MA010120220801028525,디아이디자인,,M1,과학·기술,M112,전문 디자인,M11202,제품 디자인업,M73202,제품 디자인업,11,서울특별시,11680,강남구,11680610,대치2동,1168010600,대치동,1168010600109560020,1,대지,956,20,서울특별시 강남구 대치동 956-20,116804166430,서울특별시 강남구 삼성로84길,30,,1168010600109560020012212,,서울특별시 강남구 삼성로84길 30,135847,06184,,6,,127.060032629597,37.5058221497015
MA010120220803974808,터기,,M1,과학·기술,M109,기술 서비스,M10999,기타 엔지니어링 서비스업,M72129,기타 엔지니어링 서비스업,11,서울특별시,11680,강남구,11680610,대치2동,1168010600,대치동,1168010600109560020,1,대지,956,20,서울특별시 강남구 대치동 956-20,116804166430,서울특별시 강남구 삼성로84길,30,,1168010600109560020012212,,서울특별시 강남구 삼성로84길 30,135847,06184,,6,,127.060032629597,37.5058221497015
MA010120220801047088,만래옥,,I2,음식,I201,한식,I20101,백반/한정식,I56111,한식 일반 음식점업,11,서울특별시,11680,강남구,11680610,대치2동,1168010600,대치동,1168010600109560006,1,대지,956,6,서울특별시 강남구 대치동 956-6,116804166766,서울특별시 강남구 테헤란로88길,22,,1168010600109560006012185,동,서울특별시 강남구 테헤란로88길 22,135847,06184,,2,,127.060044213649,37.5061645257443
MA010120220800700225,착한부동산연구소,,P1,교육,P106,기타 교육,P10625,기타 기술/직업 훈련학원,P85669,기타 기술 및 직업 훈련학원,11,서울특별시,11680,강남구,11680610,대치2동,1168010600,대치동,1168010600109560006,1,대지,956,6,서울특별시 강남구 대치동 956-6,116804166766,서울특별시 강남구 테헤란로88길,22,,1168010600109560006012185,,서울특별시 강남구 테헤란로88길 22,135847,06184,,4,,127.060044213649,37.5061645257443
MA010120220801042749,푸드카페,,I2,음식,I210,기타 간이,I21007,김밥/만두/분식,I56194,김밥 및 기타 간이 음식점업,11,서울특별시,11680,강남구,11680610,대치2동,1168010600,대치동,1168010600109560006,1,대지,956,6,서울특별시 강남구 대치동 956-6,116804166766,서울특별시 강남구 테헤란로88길,22,,1168010600109560006012185,,서울특별시 강남구 테헤란로88길 22,135847,06184,,1,,127.060044213649,37.5061645257443
MA010120220800666132,법무법인현백,,M1,과학·기술,M103,법무관련 ,M10301,변호사,M71101,변호사업,11,서울특별시,11680,강남구,11680610,대치2동,1168010600,대치동,1168010600109440001,1,대지,944,1,서울특별시 강남구 대치동 944-1,116803122010,서울특별시 강남구 테헤란로,516,,1168010600109440001014504,정헌빌딩,서울특별시 강남구 테헤란로 516,135846,06180,,7,,127.060079139749,37.5074078948291
MA010120220801065806,플랜에이건축사사무소주,,M1,과학·기술,M109,기술 서비스,M10901,건축 설계 및 관련 서비스업,M72111,건축 설계 및 관련 서비스업,11,서울특별시,11680,강남구,11680610,대치2동,1168010600,대치동,1168010600109440001,1,대지,944,1,서울특별시 강남구 대치동 944-1,116803122010,서울특별시 강남구 테헤란로,516,,1168010600109440001014504,정헌빌딩,서울특별시 강남구 테헤란로 516,135846,06180,,6,,127.060079139749,37.5074078948291
MA010120220801073682,알토란파트너스,,M1,과학·기술,M107,본사·경영 컨설팅,M10703,경영 컨설팅업,N75999,그 외 기타 분류 안된 사업 지원 서비스업,11,서울특별시,11680,강남구,11680610,대치2동,1168010600,대치동,1168010600109440001,1,대지,944,1,서울특별시 강남구 대치동 944-1,116803122010,서울특별시 강남구 테헤란로,516,,1168010600109440001014504,정헌빌딩,서울특별시 강남구 테헤란로 516,135846,06180,,2,,127.060079139749,37.5074078948291
MA010120220804494073,알토란벤처스,,G2,소매,G208,가전·통신 소매,G20803,가전제품 소매업,M71531,경영 컨설팅업,11,서울특별시,11680,강남구,11680610,대치2동,1168010600,대치동,1168010600109440001,1,대지,944,1,서울특별시 강남구 대치동 944-1,116803122010,서울특별시 강남구 테헤란로,516,,1168010600109440001014504,정헌빌딩,서울특별시 강남구 테헤란로 516,135846,06180,,2,,127.060079139749,37.5074078948291
MA010120220801071553,엔에이아이프라퍼트리부동산중개법인주,,L1,부동산,L102,부동산 서비스,L10203,부동산 중개/대리업,L68221,부동산 중개 및 대리업,11,서울특별시,11680,강남구,11680610,대치2동,1168010600,대치동,1168010600109440001,1,대지,944,1,서울특별시 강남구 대치동 944-1,116803122010,서울특별시 강남구 테헤란로,516,,1168010600109440001014504,정헌빌딩,서울특별시 강남구 테헤란로 516,135846,06180,,10,,127.060079139749,37.5074078948291
MA010120220801074026,엔에이아이프라퍼트리주,,L1,부동산,L102,부동산 서비스,L10203,부동산 중개/대리업,L68221,부동산 중개 및 대리업,11,서울특별시,11680,강남구,11680610,대치2동,1168010600,대치동,1168010600109440001,1,대지,944,1,서울특별시 강남구 대치동 944-1,116803122010,서울특별시 강남구 테헤란로,516,,1168010600109440001014504,정헌빌딩,서울특별시 강남구 테헤란로 516,135846,06180,,10,,127.060079139749,37.5074078948291
MA010120220801639525,원조마포소금구이,,I2,음식,I201,한식,I20107,돼지고기 구이/찜,I56113,한식 육류 요리 전문점,11,서울특별시,11680,강남구,11680610,대치2동,1168010600,대치동,1168010600109560007,1,대지,956,7,서울특별시 강남구 대치동 956-7,116804166430,서울특별시 강남구 삼성로84길,31,,1168010600109560007012199,명림빌딩,서울특별시 강남구 삼성로84길 31,135847,06184,,1,,127.060123281688,37.5060383448182
MA010120220804164762,삼성족발,,I2,음식,I201,한식,I20103,족발/보쌈,I56111,한식 일반 음식점업,11,서울특별시,11680,강남구,11680610,대치2동,1168010600,대치동,1168010600109560007,1,대지,956,7,서울특별시 강남구 대치동 956-7,116804166430,서울특별시 강남구 삼성로84길,31,,1168010600109560007012199,동,서울특별시 강남구 삼성로84길 31,135847,06184,,1,,127.060123281688,37.5060383448182
MA010120220804255233,지하정세무회계사무소,,M1,과학·기술,M104,회계·세무,M10402,세무사,M71202,세무사업,11,서울특별시,11680,강남구,11680610,대치2동,1168010600,대치동,1168010600109560021,1,대지,956,21,서울특별시 강남구 대치동 956-21,116804166430,서울특별시 강남구 삼성로84길,32,,1168010600109560021012210,하나빌딩,서울특별시 강남구 삼성로84길 32,135847,06184,,3,,127.060179693603,37.5058671251262
MA010120220801064960,한국집중력센터주,,P1,교육,P107,교육 지원,P10701,교육컨설팅업,P85701,교육관련 자문 및 평가업,11,서울특별시,11680,강남구,11680610,대치2동,1168010600,대치동,1168010600109560021,1,대지,956,21,서울특별시 강남구 대치동 956-21,116804166430,서울특별시 강남구 삼성로84길,32,,1168010600109560021012210,하나빌딩,서울특별시 강남구 삼성로84길 32,135847,06184,,4,,127.060179693603,37.5058671251262
MA010120220805375940,마법학교,,P1,교육,P107,교육 지원,P10799,기타 교육지원 서비스업,P85709,기타 교육지원 서비스업,11,서울특별시,11680,강남구,11680610,대치2동,1168010600,대치동,1168010600109560021,1,대지,956,21,서울특별시 강남구 대치동 956-21,116804166430,서울특별시 강남구 삼성로84길,32,,1168010600109560021012210,,서울특별시 강남구 삼성로84길 32,135847,06184,,2,,127.060179693603,37.5058671251262
MA010120220802495802,서울탑클래스정신건강의학과의원,,Q1,보건의료,Q102,의원,Q10203,신경/정신과 의원,Q86201,일반의원,11,서울특별시,11680,강남구,11680610,대치2동,1168010600,대치동,1168010600109440024,1,대지,944,24,서울특별시 강남구 대치동 944-24,116804166766,서울특별시 강남구 테헤란로88길,17,,1168010600109440024000001,세안빌딩,서울특별시 강남구 테헤란로88길 17,135846,06180,,,,127.06028203278,37.50655183678
MA010120220801072968,클럽뜨엘주,,N1,시설관리·임대,N110,가정용품 대여,N11001,스포츠/레크리에이션 용품 대여업,N76210,스포츠 및 레크리에이션 용품 임대업,11,서울특별시,11680,강남구,11680610,대치2동,1168010600,대치동,1168010600109440024,1,대지,944,24,서울특별시 강남구 대치동 944-24,116804166766,서울특별시 강남구 테헤란로88길,17,,1168010600109440024000001,동세안빌딩,서울특별시 강남구 테헤란로88길 17,135846,06180,,3,,127.06028203278,37.50655183678
MA010120220800548611,리서치하우스봄,,M1,과학·기술,M106,시장 조사,M10601,시장 조사 및 여론 조사업,M71400,시장 조사 및 여론 조사업,11,서울특별시,11680,강남구,11680610,대치2동,1168010600,대치동,1168010600109440024,1,대지,944,24,서울특별시 강남구 대치동 944-24,116804166766,서울특별시 강남구 테헤란로88길,17,,1168010600109440024000001,,서울특별시 강남구 테헤란로88길 17,135846,06180,,4,,127.06028203278,37.50655183678
MA010120220801073602,정현회계법인,,M1,과학·기술,M104,회계·세무,M10401,공인회계사,M71201,공인회계사업,11,서울특별시,11680,강남구,11680610,대치2동,1168010600,대치동,1168010600109440024,1,대지,944,24,서울특별시 강남구 대치동 944-24,116804166766,서울특별시 강남구 테헤란로88길,17,,1168010600109440024000001,세안빌딩,서울특별시 강남구 테헤란로88길 17,135846,06180,,7,,127.06028203278,37.50655183678
MA010120220803800131,더밸류업컨설팅,,M1,과학·기술,M106,시장 조사,M10601,시장 조사 및 여론 조사업,M71531,경영 컨설팅업,11,서울특별시,11680,강남구,11680610,대치2동,1168010600,대치동,1168010600109440025,1,대지,944,25,서울특별시 강남구 대치동 944-25,116804166701,서울특별시 강남구 영동대로85길,38,,1168010600109440025000001,진성빌딩,서울특별시 강남구 영동대로85길 38,135846,06180,,3,,127.06057616413,37.5066417868108
MA010120220804067688,와이엘경영컨설팅주,,M1,과학·기술,M107,본사·경영 컨설팅,M10703,경영 컨설팅업,M71531,경영 컨설팅업,11,서울특별시,11680,강남구,11680610,대치2동,1168010600,대치동,1168010600109440025,1,대지,944,25,서울특별시 강남구 대치동 944-25,116804166701,서울특별시 강남구 영동대로85길,38,,1168010600109440025000001,,서울특별시 강남구 영동대로85길 38,135846,06180,,6,,127.06057616413,37.5066417868108
MA010120220801038100,마세리아,,I2,음식,I212,비알코올 ,I21201,카페,I56221,커피 전문점,11,서울특별시,11680,강남구,11680610,대치2동,1168010600,대치동,1168010600109440025,1,대지,944,25,서울특별시 강남구 대치동 944-25,116804166701,서울특별시 강남구 영동대로85길,38,,1168010600109440025000001,석주빌딩,서울특별시 강남구 영동대로85길 38,135846,06180,,1,,127.06057616413,37.5066417868108
MA010120220800246730,제이에스플래닝주,,M1,과학·기술,M109,기술 서비스,M10999,기타 엔지니어링 서비스업,M72129,기타 엔지니어링 서비스업,11,서울특별시,11680,강남구,11680610,대치2동,1168010600,대치동,1168010600109440025,1,대지,944,25,서울특별시 강남구 대치동 944-25,116804166701,서울특별시 강남구 영동대로85길,38,,1168010600109440025000001,진성빌딩,서울특별시 강남구 영동대로85길 38,135846,06180,,6,,127.06057616413,37.5066417868108
MA010120220804725122,라이스쉐프,삼성역점,I2,음식,I210,기타 간이,I21007,김밥/만두/분식,I56194,김밥 및 기타 간이 음식점업,11,서울특별시,11680,강남구,11680610,대치2동,1168010600,대치동,1168010600109440031,1,대지,944,31,서울특별시 강남구 대치동 944-31,116803122010,서울특별시 강남구 테헤란로,518,,1168010600109440031014503,,서울특별시 강남구 테헤란로 518,135713,06180,,1,,127.060576928586,37.5075878415704
MA010120220805621731,알폰스무하전시,,N1,시설관리·임대,N108,기타 사업 서비스,N10802,전시/컨벤션/행사 대행 서비스업,N75992,"전시, 컨벤션 및 행사 대행업",11,서울특별시,11680,강남구,11680610,대치2동,1168010600,대치동,1168010600109440031,1,대지,944,31,서울특별시 강남구 대치동 944-31,116803122010,서울특별시 강남구 테헤란로,518,,1168010600109440031014503,,서울특별시 강남구 테헤란로 518,135713,06180,,1,,127.060576928586,37.5075878415704
MA010120220801063863,컬처마케팅그룹,,N1,시설관리·임대,N108,기타 사업 서비스,N10802,전시/컨벤션/행사 대행 서비스업,N75992,"전시, 컨벤션 및 행사 대행업",11,서울특별시,11680,강남구,11680610,대치2동,1168010600,대치동,1168010600109440031,1,대지,944,31,서울특별시 강남구 대치동 944-31,116803122010,서울특별시 강남구 테헤란로,518,,1168010600109440031014503,섬유센터빌딩,서울특별시 강남구 테헤란로 518,135713,06180,,2,,127.060576928586,37.5075878415704
MA010120220803566443,베스톤인사이트,,M1,과학·기술,M105,광고,M10504,광고물 설계/제작업,M71393,"광고물 문안, 도안, 설계 등 작성업",11,서울특별시,11680,강남구,11680610,대치2동,1168010600,대치동,1168010600109440031,1,대지,944,31,서울특별시 강남구 대치동 944-31,116803122010,서울특별시 강남구 테헤란로,518,,1168010600109440031014503,,서울특별시 강남구 테헤란로 518,135713,06180,,1,,127.060576928586,37.5075878415704
MA010120220805734725,디샤인,,M1,과학·기술,M105,광고,M10501,광고 대행업,M71310,광고 대행업,11,서울특별시,11680,강남구,11680610,대치2동,1168010600,대치동,1168010600109440031,1,대지,944,31,서울특별시 강남구 대치동 944-31,116803122010,서울특별시 강남구 테헤란로,518,,1168010600109440031014503,,서울특별시 강남구 테헤란로 518,135713,06180,,13,,127.060576928586,37.5075878415704
MA010120220800068400,휴먼다이나믹아시아퍼시픽영업소,,M1,과학·기술,M107,본사·경영 컨설팅,M10703,경영 컨설팅업,M71531,경영 컨설팅업,11,서울특별시,11680,강남구,11680610,대치2동,1168010600,대치동,1168010600109440031,1,대지,944,31,서울특별시 강남구 대치동 944-31,116803122010,서울특별시 강남구 테헤란로,518,,1168010600109440031014503,한국섬유산업연합회,서울특별시 강남구 테헤란로 518,135713,06180,,11,,127.060576928586,37.5075878415704
MA010120220803575924,임종애Studio,,M1,과학·기술,M112,전문 디자인,M11204,패션/섬유/기타 전문 디자인업,M73209,"패션, 섬유류 및 기타 전문 디자인업",11,서울특별시,11680,강남구,11680610,대치2동,1168010600,대치동,1168010600109440031,1,대지,944,31,서울특별시 강남구 대치동 944-31,116803122010,서울특별시 강남구 테헤란로,518,,1168010600109440031014503,WEWORK빌딩,서울특별시 강남구 테헤란로 518,135713,06180,,10,,127.060576928586,37.5075878415704
MA010120220801043453,에이앤티건축사사무소,,M1,과학·기술,M109,기술 서비스,M10901,건축 설계 및 관련 서비스업,M72111,건축 설계 및 관련 서비스업,11,서울특별시,11680,강남구,11680610,대치2동,1168010600,대치동,1168010600109440031,1,대지,944,31,서울특별시 강남구 대치동 944-31,116803122010,서울특별시 강남구 테헤란로,518,,1168010600109440031014503,한국섬유산업연합회,서울특별시 강남구 테헤란로 518,135713,06180,,4,,127.060576928586,37.5075878415704
MA010120220801031683,섬유센타,,S2,수리·개인,S211,기타 개인,S21101,예식장업,S96991,예식장업,11,서울특별시,11680,강남구,11680610,대치2동,1168010600,대치동,1168010600109440031,1,대지,944,31,서울특별시 강남구 대치동 944-31,116803122010,서울특별시 강남구 테헤란로,518,,1168010600109440031014503,섬유센터,서울특별시 강남구 테헤란로 518,135713,06180,,17,,127.060576928586,37.5075878415704
MA010120220805036731,리얼플러스부동산중개,,L1,부동산,L102,부동산 서비스,L10203,부동산 중개/대리업,L68221,부동산 중개 및 대리업,11,서울특별시,11680,강남구,11680610,대치2동,1168010600,대치동,1168010600109440031,1,대지,944,31,서울특별시 강남구 대치동 944-31,116803122010,서울특별시 강남구 테헤란로,518,,1168010600109440031014503,,서울특별시 강남구 테헤란로 518,135713,06180,,13,,127.060576928586,37.5075878415704
MA010120220800021250,사헌법률사무소,,M1,과학·기술,M103,법무관련 ,M10301,변호사,M71101,변호사업,11,서울특별시,11680,강남구,11680580,삼성1동,1168010500,삼성동,1168010500101590008,1,대지,159,8,서울특별시 강남구 삼성동 159-8,116803122010,서울특별시 강남구 테헤란로,521,,1168010500101590008016735,파르나스타워,서울특별시 강남구 테헤란로 521,135732,06164,,29,,127.060804431449,37.5091915130673
MA010120220801060830,늘솜에프씨생어거스틴파르나스점,,I2,음식,I205,동남아시아,I20599,기타 동남아식 전문,I56121,중식 음식점업,11,서울특별시,11680,강남구,11680580,삼성1동,1168010500,삼성동,1168010500101590008,1,대지,159,8,서울특별시 강남구 삼성동 159-8,116803122010,서울특별시 강남구 테헤란로,521,,1168010500101590008016735,삼성동,서울특별시 강남구 테헤란로 521,135732,06164,,1,,127.060804431449,37.5091915130673
MA010120220804486638,네모파트너즈에스씨지,,M1,과학·기술,M107,본사·경영 컨설팅,M10703,경영 컨설팅업,M71531,경영 컨설팅업,11,서울특별시,11680,강남구,11680580,삼성1동,1168010500,삼성동,1168010500101590008,1,대지,159,8,서울특별시 강남구 삼성동 159-8,116803122010,서울특별시 강남구 테헤란로,521,,1168010500101590008016735,파르나스타워,서울특별시 강남구 테헤란로 521,135732,06164,,30,,127.060804431449,37.5091915130673
MA010120220801068912,알파메타,,M1,과학·기술,M107,본사·경영 컨설팅,M10703,경영 컨설팅업,M71531,경영 컨설팅업,11,서울특별시,11680,강남구,11680580,삼성1동,1168010500,삼성동,1168010500101590008,1,대지,159,8,서울특별시 강남구 삼성동 159-8,116803122010,서울특별시 강남구 테헤란로,521,,1168010500101590008016735,파르나스타워,서울특별시 강남구 테헤란로 521,135732,06164,,29,,127.060804431449,37.5091915130673
MA010120220800115664,단리앤컴퍼니,,P1,교육,P107,교육 지원,P10701,교육컨설팅업,P85701,교육관련 자문 및 평가업,11,서울특별시,11680,강남구,11680580,삼성1동,1168010500,삼성동,1168010500101590008,1,대지,159,8,서울특별시 강남구 삼성동 159-8,116803122010,서울특별시 강남구 테헤란로,521,,1168010500101590008016735,파르나스타워,서울특별시 강남구 테헤란로 521,135732,06164,,29,,127.060804431449,37.5091915130673
MA010120220804476736,글로맥스,,L1,부동산,L102,부동산 서비스,L10203,부동산 중개/대리업,L68221,부동산 중개 및 대리업,11,서울특별시,11680,강남구,11680580,삼성1동,1168010500,삼성동,1168010500101590008,1,대지,159,8,서울특별시 강남구 삼성동 159-8,116803122010,서울특별시 강남구 테헤란로,521,,1168010500101590008016735,파르나스타워,서울특별시 강남구 테헤란로 521,135732,06164,,12,,127.060804431449,37.5091915130673
MA010120220804307380,퍼플독,,M1,과학·기술,M112,전문 디자인,M11203,시각 디자인업,M73203,시각 디자인업,11,서울특별시,11680,강남구,11680580,삼성1동,1168010500,삼성동,1168010500101590008,1,대지,159,8,서울특별시 강남구 삼성동 159-8,116803122010,서울특별시 강남구 테헤란로,521,,1168010500101590008016735,파르나스타워,서울특별시 강남구 테헤란로 521,135732,06164,,29,,127.060804431449,37.5091915130673
MA010120220804070871,베터인베스트먼트앤매니지먼트,,M1,과학·기술,M107,본사·경영 컨설팅,M10703,경영 컨설팅업,M71531,경영 컨설팅업,11,서울특별시,11680,강남구,11680580,삼성1동,1168010500,삼성동,1168010500101590008,1,대지,159,8,서울특별시 강남구 삼성동 159-8,116803122010,서울특별시 강남구 테헤란로,521,,1168010500101590008016735,파르나스타워,서울특별시 강남구 테헤란로 521,135732,06164,,29,,127.060804431449,37.5091915130673
MA010120220801074797,비크리,,M1,과학·기술,M105,광고,M10501,광고 대행업,M71310,광고 대행업,11,서울특별시,11680,강남구,11680580,삼성1동,1168010500,삼성동,1168010500101590008,1,대지,159,8,서울특별시 강남구 삼성동 159-8,116803122010,서울특별시 강남구 테헤란로,521,,1168010500101590008016735,파르나스타워,서울특별시 강남구 테헤란로 521,135732,06164,,29,,127.060804431449,37.5091915130673
MA010120220805026418,엔바이로스위트,코리아,M1,과학·기술,M109,기술 서비스,M10904,환경 관련 엔지니어링 서비스업,M72122,환경 관련 엔지니어링 서비스업,11,서울특별시,11680,강남구,11680580,삼성1동,1168010500,삼성동,1168010500101590008,1,대지,159,8,서울특별시 강남구 삼성동 159-8,116803122010,서울특별시 강남구 테헤란로,521,,1168010500101590008016735,파르나스타워,서울특별시 강남구 테헤란로 521,135732,06164,,29,,127.060804431449,37.5091915130673
MA010120220803379368,리틀사이공,파르나스몰점,I2,음식,I205,동남아시아,I20501,베트남식 전문,I56129,기타 외국식 음식점업,11,서울특별시,11680,강남구,11680580,삼성1동,1168010500,삼성동,1168010500101590008,1,대지,159,8,서울특별시 강남구 삼성동 159-8,116803122010,서울특별시 강남구 테헤란로,521,,1168010500101590008016735,파르나스몰,서울특별시 강남구 테헤란로 521,135732,06164,,1,,127.060804431449,37.5091915130673
MA010120220804062654,크레버스,,P1,교육,P106,기타 교육,P10615,외국어학원,P85631,외국어학원,11,서울특별시,11680,강남구,11680580,삼성1동,1168010500,삼성동,1168010500101590008,1,대지,159,8,서울특별시 강남구 삼성동 159-8,116803122010,서울특별시 강남구 테헤란로,521,,1168010500101590008016735,파르나스타워,서울특별시 강남구 테헤란로 521,135732,06164,,21,,127.060804431449,37.5091915130673
MA010120220801044895,제뉴인글로벌컴퍼니,,N1,시설관리·임대,N108,기타 사업 서비스,N10802,전시/컨벤션/행사 대행 서비스업,N75992,"전시, 컨벤션 및 행사 대행업",11,서울특별시,11680,강남구,11680580,삼성1동,1168010500,삼성동,1168010500101590008,1,대지,159,8,서울특별시 강남구 삼성동 159-8,116803122010,서울특별시 강남구 테헤란로,521,,1168010500101590008016735,파르나스타워,서울특별시 강남구 테헤란로 521,135732,06164,,29,,127.060804431449,37.5091915130673
MA010120220801044201,이엔에이치,,M1,과학·기술,M115,기타 전문 과학,M11504,사업/무형 재산권 중개업,M73903,사업 및 무형 재산권 중개업,11,서울특별시,11680,강남구,11680580,삼성1동,1168010500,삼성동,1168010500101590008,1,대지,159,8,서울특별시 강남구 삼성동 159-8,116803122010,서울특별시 강남구 테헤란로,521,,1168010500101590008016735,파르나스타워,서울특별시 강남구 테헤란로 521,135732,06164,,29,,127.060804431449,37.5091915130673
MA010120220804227107,솔로몬전략컨설팅,,M1,과학·기술,M106,시장 조사,M10601,시장 조사 및 여론 조사업,M71531,경영 컨설팅업,11,서울특별시,11680,강남구,11680580,삼성1동,1168010500,삼성동,1168010500101590008,1,대지,159,8,서울특별시 강남구 삼성동 159-8,116803122010,서울특별시 강남구 테헤란로,521,,1168010500101590008016735,파르나스타워,서울특별시 강남구 테헤란로 521,135732,06164,,38,,127.060804431449,37.5091915130673
MA010120220800108022,언더아머,코리아,G2,소매,G213,오락용품 소매,G21304,운동용품 소매업,G47631,운동 및 경기용품 소매업,11,서울특별시,11680,강남구,11680580,삼성1동,1168010500,삼성동,1168010500101590008,1,대지,159,8,서울특별시 강남구 삼성동 159-8,116803122010,서울특별시 강남구 테헤란로,521,,1168010500101590008016735,파르나스타워,서울특별시 강남구 테헤란로 521,135732,06164,,28,,127.060804431449,37.5091915130673
MA010120220805056767,에이엠이,,M1,과학·기술,M109,기술 서비스,M10999,기타 엔지니어링 서비스업,M72129,기타 엔지니어링 서비스업,11,서울특별시,11680,강남구,11680580,삼성1동,1168010500,삼성동,1168010500101590008,1,대지,159,8,서울특별시 강남구 삼성동 159-8,116803122010,서울특별시 강남구 테헤란로,521,,1168010500101590008016735,파르나스타워,서울특별시 강남구 테헤란로 521,135732,06164,,29,,127.060804431449,37.5091915130673
MA010120220801068457,예스환경컨설팅,,M1,과학·기술,M109,기술 서비스,M10904,환경 관련 엔지니어링 서비스업,M72122,환경 관련 엔지니어링 서비스업,11,서울특별시,11680,강남구,11680580,삼성1동,1168010500,삼성동,1168010500101590008,1,대지,159,8,서울특별시 강남구 삼성동 159-8,116803122010,서울특별시 강남구 테헤란로,521,,1168010500101590008016735,파르나스타워,서울특별시 강남구 테헤란로 521,135732,06164,,33,,127.060804431449,37.5091915130673
MA010120220801944403,제이알씨앤디,,N1,시설관리·임대,N105,여행사·보조,N10501,여행사,N75210,여행사업,11,서울특별시,11680,강남구,11680580,삼성1동,1168010500,삼성동,1168010500101590008,1,대지,159,8,서울특별시 강남구 삼성동 159-8,116803122010,서울특별시 강남구 테헤란로,521,,1168010500101590008016735,파르나스타워,서울특별시 강남구 테헤란로 521,135732,06164,,39,,127.060804431449,37.5091915130673
MA010120220803561081,엠대쉬유한책임회사,,M1,과학·기술,M112,전문 디자인,M11204,패션/섬유/기타 전문 디자인업,M73209,"패션, 섬유류 및 기타 전문 디자인업",11,서울특별시,11680,강남구,11680580,삼성1동,1168010500,삼성동,1168010500101590008,1,대지,159,8,서울특별시 강남구 삼성동 159-8,116803122010,서울특별시 강남구 테헤란로,521,,1168010500101590008016735,파르나스타워,서울특별시 강남구 테헤란로 521,135732,06164,,29,,127.060804431449,37.5091915130673
MA010120220803431682,써스데이아일랜드,파르나스몰점,G2,소매,G209,섬유·의복·신발 소매,G20905,기타 의류 소매업,G47414,셔츠 및 블라우스 소매업,11,서울특별시,11680,강남구,11680580,삼성1동,1168010500,삼성동,1168010500101590008,1,대지,159,8,서울특별시 강남구 삼성동 159-8,116803122010,서울특별시 강남구 테헤란로,521,,1168010500101590008016735,파르나스타워,서울특별시 강남구 테헤란로 521,135732,06164,,B1,,127.060804431449,37.5091915130673
MA010120220804793184,벤스쿠키파르나스몰지점,코리아,I2,음식,I210,기타 간이,I21001,빵/도넛,I56191,제과점업,11,서울특별시,11680,강남구,11680580,삼성1동,1168010500,삼성동,1168010500101590008,1,대지,159,8,서울특별시 강남구 삼성동 159-8,116803122010,서울특별시 강남구 테헤란로,521,,1168010500101590008016735,에프,서울특별시 강남구 테헤란로 521,135732,06164,,1,,127.060804431449,37.5091915130673
MA010120220803933039,베인캐피탈,코리아,M1,과학·기술,M107,본사·경영 컨설팅,M10703,경영 컨설팅업,M71531,경영 컨설팅업,11,서울특별시,11680,강남구,11680580,삼성1동,1168010500,삼성동,1168010500101590008,1,대지,159,8,서울특별시 강남구 삼성동 159-8,116803122010,서울특별시 강남구 테헤란로,521,,1168010500101590008016735,,서울특별시 강남구 테헤란로 521,135732,06164,,28,,127.060804431449,37.5091915130673
MA010120220800402704,레일원,코리아,N1,시설관리·임대,N111,산업용품 대여,N11199,기타 산업용 기계/장비 대여업,N76390,기타 산업용 기계 및 장비 임대업,11,서울특별시,11680,강남구,11680580,삼성1동,1168010500,삼성동,1168010500101590008,1,대지,159,8,서울특별시 강남구 삼성동 159-8,116803122010,서울특별시 강남구 테헤란로,521,,1168010500101590008016735,파르나스타워,서울특별시 강남구 테헤란로 521,135732,06164,,29,,127.060804431449,37.5091915130673
MA010120220804225958,클레이스,,M1,과학·기술,M105,광고,M10501,광고 대행업,M71310,광고 대행업,11,서울특별시,11680,강남구,11680580,삼성1동,1168010500,삼성동,1168010500101590008,1,대지,159,8,서울특별시 강남구 삼성동 159-8,116803122010,서울특별시 강남구 테헤란로,521,,1168010500101590008016735,파르나스타워,서울특별시 강남구 테헤란로 521,135732,06164,,29,,127.060804431449,37.5091915130673
MA010120220800469327,에스에프아이,코리아,G2,소매,G205,식료품 소매,G20508,건강보조식품 소매업,G47217,건강 보조식품 소매업,11,서울특별시,11680,강남구,11680580,삼성1동,1168010500,삼성동,1168010500101590008,1,대지,159,8,서울특별시 강남구 삼성동 159-8,116803122010,서울특별시 강남구 테헤란로,521,,1168010500101590008016735,파르나스타워,서울특별시 강남구 테헤란로 521,135732,06164,,29,,127.060804431449,37.5091915130673
MA010120220804298541,비안에프엔비,,I2,음식,I204,서양식,I20401,경양식,I56123,서양식 음식점업,11,서울특별시,11680,강남구,11680580,삼성1동,1168010500,삼성동,1168010500101590008,1,대지,159,8,서울특별시 강남구 삼성동 159-8,116803122010,서울특별시 강남구 테헤란로,521,,1168010500101590008016735,파르나스타워,서울특별시 강남구 테헤란로 521,135732,06164,,1,,127.060804431449,37.5091915130673
MA010120220804494749,네모파트너즈피오씨,,M1,과학·기술,M107,본사·경영 컨설팅,M10703,경영 컨설팅업,M71531,경영 컨설팅업,11,서울특별시,11680,강남구,11680580,삼성1동,1168010500,삼성동,1168010500101590008,1,대지,159,8,서울특별시 강남구 삼성동 159-8,116803122010,서울특별시 강남구 테헤란로,521,,1168010500101590008016735,파르나스타워,서울특별시 강남구 테헤란로 521,135732,06164,,30,,127.060804431449,37.5091915130673
MA010120220801064946,피엘씨웍스,,M1,과학·기술,M115,기타 전문 과학,M11502,번역/통역 서비스업,M73902,번역 및 통역 서비스업,11,서울특별시,11680,강남구,11680580,삼성1동,1168010500,삼성동,1168010500101590008,1,대지,159,8,서울특별시 강남구 삼성동 159-8,116803122010,서울특별시 강남구 테헤란로,521,,1168010500101590008016735,파르나스타워,서울특별시 강남구 테헤란로 521,135732,06164,,29,,127.060804431449,37.5091915130673
MA010120220800248435,이디에이엘리텍주,,M1,과학·기술,M109,기술 서비스,M10999,기타 엔지니어링 서비스업,M72129,기타 엔지니어링 서비스업,11,서울특별시,11680,강남구,11680580,삼성1동,1168010500,삼성동,1168010500101590008,1,대지,159,8,서울특별시 강남구 삼성동 159-8,116803122010,서울특별시 강남구 테헤란로,521,,1168010500101590008016735,파르나스타워,서울특별시 강남구 테헤란로 521,135732,06164,,29,,127.060804431449,37.5091915130673
MA010120220801045071,애런스로렌콤,파르나스몰점,S2,수리·개인,S207,이용·미용,S20701,미용실,S96112,두발 미용업,11,서울특별시,11680,강남구,11680580,삼성1동,1168010500,삼성동,1168010500101590008,1,대지,159,8,서울특별시 강남구 삼성동 159-8,116803122010,서울특별시 강남구 테헤란로,521,,1168010500101590008016735,알,서울특별시 강남구 테헤란로 521,135732,06164,,1,,127.060804431449,37.5091915130673
MA010120220802944773,엔지온메디칼,코리아,M1,과학·기술,M107,본사·경영 컨설팅,M10703,경영 컨설팅업,M71531,경영 컨설팅업,11,서울특별시,11680,강남구,11680580,삼성1동,1168010500,삼성동,1168010500101590008,1,대지,159,8,서울특별시 강남구 삼성동 159-8,116803122010,서울특별시 강남구 테헤란로,521,,1168010500101590008016735,파르나스타워,서울특별시 강남구 테헤란로 521,135732,06164,,29,,127.060804431449,37.5091915130673
MA010120220805254518,허머스키친,파르나스몰점,I2,음식,I205,동남아시아,I20501,베트남식 전문,I56129,기타 외국식 음식점업,11,서울특별시,11680,강남구,11680580,삼성1동,1168010500,삼성동,1168010500101590008,1,대지,159,8,서울특별시 강남구 삼성동 159-8,116803122010,서울특별시 강남구 테헤란로,521,,1168010500101590008016735,파르나스몰,서울특별시 강남구 테헤란로 521,135732,06164,,1,,127.060804431449,37.5091915130673
MA010120220801026086,예빈사,,G2,소매,G209,섬유·의복·신발 소매,G20905,기타 의류 소매업,G47414,셔츠 및 블라우스 소매업,11,서울특별시,11680,강남구,11680580,삼성1동,1168010500,삼성동,1168010500101590008,1,대지,159,8,서울특별시 강남구 삼성동 159-8,116803122010,서울특별시 강남구 테헤란로,521,,1168010500101590008016735,,서울특별시 강남구 테헤란로 521,135732,06164,,B2,,127.060804431449,37.5091915130673
MA010120220801055580,파르나스호텔,,I1,숙박,I101,일반 숙박,I10101,호텔/리조트,I55101,호텔업,11,서울특별시,11680,강남구,11680580,삼성1동,1168010500,삼성동,1168010500101590008,1,대지,159,8,서울특별시 강남구 삼성동 159-8,116803122010,서울특별시 강남구 테헤란로,521,,1168010500101590008016735,,서울특별시 강남구 테헤란로 521,135732,06164,,,,127.060804431449,37.5091915130673
MA010120220803076436,와이케이엘파트너스,,M1,과학·기술,M107,본사·경영 컨설팅,M10703,경영 컨설팅업,M71531,경영 컨설팅업,11,서울특별시,11680,강남구,11680580,삼성1동,1168010500,삼성동,1168010500101590008,1,대지,159,8,서울특별시 강남구 삼성동 159-8,116803122010,서울특별시 강남구 테헤란로,521,,1168010500101590008016735,파르나스타워,서울특별시 강남구 테헤란로 521,135732,06164,,29,,127.060804431449,37.5091915130673
MA010120220801073408,아이이씨주,코리아,M1,과학·기술,M107,본사·경영 컨설팅,M10703,경영 컨설팅업,M71531,경영 컨설팅업,11,서울특별시,11680,강남구,11680580,삼성1동,1168010500,삼성동,1168010500101590008,1,대지,159,8,서울특별시 강남구 삼성동 159-8,116803122010,서울특별시 강남구 테헤란로,521,,1168010500101590008016735,파르나스타워,서울특별시 강남구 테헤란로 521,135732,06164,,29,,127.060804431449,37.5091915130673
MA010120220805264384,비알배스킨라빈스파르나스몰,코리아,I2,음식,I210,기타 간이,I21008,아이스크림/빙수,I56194,김밥 및 기타 간이 음식점업,11,서울특별시,11680,강남구,11680580,삼성1동,1168010500,삼성동,1168010500101590008,1,대지,159,8,서울특별시 강남구 삼성동 159-8,116803122010,서울특별시 강남구 테헤란로,521,,1168010500101590008016735,파르나스타워,서울특별시 강남구 테헤란로 521,135732,06164,,1,,127.060804431449,37.5091915130673
MA010120220805305215,법무법인제네시스,,M1,과학·기술,M103,법무관련 ,M10301,변호사,M71101,변호사업,11,서울특별시,11680,강남구,11680580,삼성1동,1168010500,삼성동,1168010500101590008,1,대지,159,8,서울특별시 강남구 삼성동 159-8,116803122010,서울특별시 강남구 테헤란로,521,,1168010500101590008016735,파르나스타워,서울특별시 강남구 테헤란로 521,135732,06164,,29,,127.060804431449,37.5091915130673
MA010120220801066697,토닉프라이빗에쿼티,,M1,과학·기술,M107,본사·경영 컨설팅,M10703,경영 컨설팅업,M71531,경영 컨설팅업,11,서울특별시,11680,강남구,11680580,삼성1동,1168010500,삼성동,1168010500101590008,1,대지,159,8,서울특별시 강남구 삼성동 159-8,116803122010,서울특별시 강남구 테헤란로,521,,1168010500101590008016735,파르나스타워,서울특별시 강남구 테헤란로 521,135732,06164,,9,,127.060804431449,37.5091915130673
MA010120220801057767,법무법인율촌유한,,M1,과학·기술,M103,법무관련 ,M10301,변호사,M71101,변호사업,11,서울특별시,11680,강남구,11680580,삼성1동,1168010500,삼성동,1168010500101590008,1,대지,159,8,서울특별시 강남구 삼성동 159-8,116803122010,서울특별시 강남구 테헤란로,521,,1168010500101590008016735,파르나스타워,서울특별시 강남구 테헤란로 521,135732,06164,,38,,127.060804431449,37.5091915130673
MA010120220801060059,아워홈파르나스그랜드점주,,I2,음식,I207,구내식당·뷔페,I20701,구내식당,I56130,기관 구내식당업,11,서울특별시,11680,강남구,11680580,삼성1동,1168010500,삼성동,1168010500101590008,1,대지,159,8,서울특별시 강남구 삼성동 159-8,116803122010,서울특별시 강남구 테헤란로,521,,1168010500101590008016735,,서울특별시 강남구 테헤란로 521,135732,06164,,1,,127.060804431449,37.5091915130673
MA010120220802752089,리틀사이공,,I2,음식,I205,동남아시아,I20501,베트남식 전문,I56129,기타 외국식 음식점업,11,서울특별시,11680,강남구,11680580,삼성1동,1168010500,삼성동,1168010500101590008,1,대지,159,8,서울특별시 강남구 삼성동 159-8,116803122010,서울특별시 강남구 테헤란로,521,,1168010500101590008016735,파르나스타워,서울특별시 강남구 테헤란로 521,135732,06164,,1,,127.060804431449,37.5091915130673
MA010120220803217124,옥돌커피,,I2,음식,I212,비알코올 ,I21201,카페,I56221,커피 전문점,11,서울특별시,11680,강남구,11680610,대치2동,1168010600,대치동,1168010600109440021,1,대지,944,21,서울특별시 강남구 대치동 944-21,116804166701,서울특별시 강남구 영동대로85길,34,,1168010600109440021000001,대치아이파크2차,서울특별시 강남구 영동대로85길 34,135846,06180,,,,127.060881686644,37.5068308407823
MA010120220801063573,유앤파트너즈주,,N1,시설관리·임대,N104,고용 알선,N10401,고용 알선업,M71531,경영 컨설팅업,11,서울특별시,11680,강남구,11680580,삼성1동,1168010500,삼성동,1168010500101590001,1,대지,159,1,서울특별시 강남구 삼성동 159-1,116802122002,서울특별시 강남구 영동대로,511,,1168010500101590001016561,트레이드타워,서울특별시 강남구 영동대로 511,135729,06164,,,,127.061031584621,37.5103536917228
MA010120220804067352,씨앤리마케팅주,,M1,과학·기술,M107,본사·경영 컨설팅,M10703,경영 컨설팅업,M71531,경영 컨설팅업,11,서울특별시,11680,강남구,11680580,삼성1동,1168010500,삼성동,1168010500101590001,1,대지,159,1,서울특별시 강남구 삼성동 159-1,116802122002,서울특별시 강남구 영동대로,511,,1168010500101590001016561,트레이드타워,서울특별시 강남구 영동대로 511,135729,06164,,,,127.061031584621,37.5103536917228
MA010120220801068915,에스엔에이치인터내셔날,,M1,과학·기술,M107,본사·경영 컨설팅,M10703,경영 컨설팅업,M71531,경영 컨설팅업,11,서울특별시,11680,강남구,11680580,삼성1동,1168010500,삼성동,1168010500101590001,1,대지,159,1,서울특별시 강남구 삼성동 159-1,116802122002,서울특별시 강남구 영동대로,511,,1168010500101590001016561,트레이드타워,서울특별시 강남구 영동대로 511,135729,06164,,30,,127.061031584621,37.5103536917228
MA010120220801061260,이씨이십일주,,M1,과학·기술,M105,광고,M10501,광고 대행업,M71310,광고 대행업,11,서울특별시,11680,강남구,11680580,삼성1동,1168010500,삼성동,1168010500101590001,1,대지,159,1,서울특별시 강남구 삼성동 159-1,116802122002,서울특별시 강남구 영동대로,511,,1168010500101590001016561,트레이드타워,서울특별시 강남구 영동대로 511,135729,06164,,,,127.061031584621,37.5103536917228
MA010120220805511229,변호사전상용법률사무소,,M1,과학·기술,M103,법무관련 ,M10301,변호사,M71101,변호사업,11,서울특별시,11680,강남구,11680580,삼성1동,1168010500,삼성동,1168010500101590001,1,대지,159,1,서울특별시 강남구 삼성동 159-1,116802122002,서울특별시 강남구 영동대로,511,,1168010500101590001016561,트레이드타워,서울특별시 강남구 영동대로 511,135729,06164,,,,127.061031584621,37.5103536917228
MA010120220801047349,코엑스아트,,S2,수리·개인,S207,이용·미용,S20701,미용실,S96111,이용업,11,서울특별시,11680,강남구,11680580,삼성1동,1168010500,삼성동,1168010500101590001,1,대지,159,1,서울특별시 강남구 삼성동 159-1,116802122002,서울특별시 강남구 영동대로,511,,1168010500101590001016561,코엑스인터콘티넨탈호탤내,서울특별시 강남구 영동대로 511,135729,06164,,,,127.061031584621,37.5103536917228
MA010120220801057838,인터내셔날데이터코퍼레이션주,코리아,M1,과학·기술,M106,시장 조사,M10601,시장 조사 및 여론 조사업,M71400,시장 조사 및 여론 조사업,11,서울특별시,11680,강남구,11680580,삼성1동,1168010500,삼성동,1168010500101590001,1,대지,159,1,서울특별시 강남구 삼성동 159-1,116802122002,서울특별시 강남구 영동대로,511,,1168010500101590001016561,트레이드타워,서울특별시 강남구 영동대로 511,135729,06164,,,,127.061031584621,37.5103536917228
MA010120220800817682,인피네라리미티드,코리아,M1,과학·기술,M115,기타 전문 과학,M11504,사업/무형 재산권 중개업,M73903,사업 및 무형 재산권 중개업,11,서울특별시,11680,강남구,11680580,삼성1동,1168010500,삼성동,1168010500101590001,1,대지,159,1,서울특별시 강남구 삼성동 159-1,116802122002,서울특별시 강남구 영동대로,511,,1168010500101590001016561,월드트레이드타워,서울특별시 강남구 영동대로 511,135729,06164,,27,,127.061031584621,37.5103536917228
MA010120220804494799,이엠에이파트너스,코리아,N1,시설관리·임대,N104,고용 알선,N10401,고용 알선업,N75110,고용 알선업,11,서울특별시,11680,강남구,11680580,삼성1동,1168010500,삼성동,1168010500101590001,1,대지,159,1,서울특별시 강남구 삼성동 159-1,116802122002,서울특별시 강남구 영동대로,511,,1168010500101590001016561,트레이드타워,서울특별시 강남구 영동대로 511,135729,06164,,,,127.061031584621,37.5103536917228
MA010120220800071472,인디텍스바스트고드,코리아,G2,소매,G209,섬유·의복·신발 소매,G20905,기타 의류 소매업,G47414,셔츠 및 블라우스 소매업,11,서울특별시,11680,강남구,11680580,삼성1동,1168010500,삼성동,1168010500101590001,1,대지,159,1,서울특별시 강남구 삼성동 159-1,116802122002,서울특별시 강남구 영동대로,511,,1168010500101590001016561,트레이드타워,서울특별시 강남구 영동대로 511,135729,06164,,20,,127.061031584621,37.5103536917228
MA010120220800071471,자라리테일,코리아,G2,소매,G209,섬유·의복·신발 소매,G20905,기타 의류 소매업,G47414,셔츠 및 블라우스 소매업,11,서울특별시,11680,강남구,11680580,삼성1동,1168010500,삼성동,1168010500101590001,1,대지,159,1,서울특별시 강남구 삼성동 159-1,116802122002,서울특별시 강남구 영동대로,511,,1168010500101590001016561,트레이드타워,서울특별시 강남구 영동대로 511,135729,06164,,20,,127.061031584621,37.5103536917228
MA010120220801073953,아이티엑스,코리아,G2,소매,G209,섬유·의복·신발 소매,G20905,기타 의류 소매업,G47414,셔츠 및 블라우스 소매업,11,서울특별시,11680,강남구,11680580,삼성1동,1168010500,삼성동,1168010500101590001,1,대지,159,1,서울특별시 강남구 삼성동 159-1,116802122002,서울특별시 강남구 영동대로,511,,1168010500101590001016561,트레이드타워,서울특별시 강남구 영동대로 511,135729,06164,,33,,127.061031584621,37.5103536917228
MA010120220802964778,더블유엠코어,,M1,과학·기술,M107,본사·경영 컨설팅,M10703,경영 컨설팅업,M71531,경영 컨설팅업,11,서울특별시,11680,강남구,11680580,삼성1동,1168010500,삼성동,1168010500101590001,1,대지,159,1,서울특별시 강남구 삼성동 159-1,116802122002,서울특별시 강남구 영동대로,511,,1168010500101590001016561,트레이드타워,서울특별시 강남구 영동대로 511,135729,06164,,13,,127.061031584621,37.5103536917228
MA010120220800065454,글렌코아주,코리아,M1,과학·기술,M106,시장 조사,M10601,시장 조사 및 여론 조사업,M71400,시장 조사 및 여론 조사업,11,서울특별시,11680,강남구,11680580,삼성1동,1168010500,삼성동,1168010500101590001,1,대지,159,1,서울특별시 강남구 삼성동 159-1,116802122002,서울특별시 강남구 영동대로,511,,1168010500101590001016561,트레이드타워,서울특별시 강남구 영동대로 511,135729,06164,,,,127.061031584621,37.5103536917228
MA010120220805213638,헤이데일테크놀로지스,코리아,M1,과학·기술,M109,기술 서비스,M10901,건축 설계 및 관련 서비스업,M72111,건축 설계 및 관련 서비스업,11,서울특별시,11680,강남구,11680580,삼성1동,1168010500,삼성동,1168010500101590001,1,대지,159,1,서울특별시 강남구 삼성동 159-1,116802122002,서울특별시 강남구 영동대로,511,,1168010500101590001016561,트레이드타워,서울특별시 강남구 영동대로 511,135729,06164,,33,,127.061031584621,37.5103536917228
MA010120220803116686,컨소시아아시아,,M1,과학·기술,M109,기술 서비스,M10904,환경 관련 엔지니어링 서비스업,M72122,환경 관련 엔지니어링 서비스업,11,서울특별시,11680,강남구,11680580,삼성1동,1168010500,삼성동,1168010500101590001,1,대지,159,1,서울특별시 강남구 삼성동 159-1,116802122002,서울특별시 강남구 영동대로,511,,1168010500101590001016561,트레이드타워,서울특별시 강남구 영동대로 511,135729,06164,,30,,127.061031584621,37.5103536917228
MA010120220803005153,루드윅제이호유한책임회사,,M1,과학·기술,M107,본사·경영 컨설팅,M10703,경영 컨설팅업,M71531,경영 컨설팅업,11,서울특별시,11680,강남구,11680580,삼성1동,1168010500,삼성동,1168010500101590001,1,대지,159,1,서울특별시 강남구 삼성동 159-1,116802122002,서울특별시 강남구 영동대로,511,,1168010500101590001016561,무역센터,서울특별시 강남구 영동대로 511,135729,06164,,27,,127.061031584621,37.5103536917228
MA010120220801071768,시니어앤파트너즈,,N1,시설관리·임대,N104,고용 알선,N10401,고용 알선업,N75110,고용 알선업,11,서울특별시,11680,강남구,11680580,삼성1동,1168010500,삼성동,1168010500101590001,1,대지,159,1,서울특별시 강남구 삼성동 159-1,116802122002,서울특별시 강남구 영동대로,511,,1168010500101590001016561,트레이드타워,서울특별시 강남구 영동대로 511,135729,06164,,,,127.061031584621,37.5103536917228
MA010120220804489149,법무법인은율,,M1,과학·기술,M103,법무관련 ,M10301,변호사,M71101,변호사업,11,서울특별시,11680,강남구,11680580,삼성1동,1168010500,삼성동,1168010500101590001,1,대지,159,1,서울특별시 강남구 삼성동 159-1,116802122002,서울특별시 강남구 영동대로,511,,1168010500101590001016561,도심공항,서울특별시 강남구 영동대로 511,135729,06164,,,,127.061031584621,37.5103536917228
MA010120220801021048,김연호법률사무소,,M1,과학·기술,M103,법무관련 ,M10301,변호사,M71101,변호사업,11,서울특별시,11680,강남구,11680580,삼성1동,1168010500,삼성동,1168010500101590001,1,대지,159,1,서울특별시 강남구 삼성동 159-1,116802122002,서울특별시 강남구 영동대로,511,,1168010500101590001016561,무역회관,서울특별시 강남구 영동대로 511,135729,06164,,,,127.061031584621,37.5103536917228
MA010120220801249935,오토늄,코리아,N1,시설관리·임대,N101,시설관리,N10101,사업시설 유지·관리 서비스업,N74100,사업시설 유지ㆍ관리 서비스업,11,서울특별시,11680,강남구,11680580,삼성1동,1168010500,삼성동,1168010500101590001,1,대지,159,1,서울특별시 강남구 삼성동 159-1,116802122002,서울특별시 강남구 영동대로,511,,1168010500101590001016561,트레이드타워,서울특별시 강남구 영동대로 511,135729,06164,,19,,127.061031584621,37.5103536917228
MA010120220801063213,골든플래너스,코리아,M1,과학·기술,M107,본사·경영 컨설팅,M10703,경영 컨설팅업,M71531,경영 컨설팅업,11,서울특별시,11680,강남구,11680580,삼성1동,1168010500,삼성동,1168010500101590001,1,대지,159,1,서울특별시 강남구 삼성동 159-1,116802122002,서울특별시 강남구 영동대로,511,,1168010500101590001016561,트레이드타워,서울특별시 강남구 영동대로 511,135729,06164,,30,,127.061031584621,37.5103536917228
MA010120220804489526,피엔케이어드바이저스부동산중개법인주,,L1,부동산,L102,부동산 서비스,L10203,부동산 중개/대리업,L68221,부동산 중개 및 대리업,11,서울특별시,11680,강남구,11680580,삼성1동,1168010500,삼성동,1168010500101590001,1,대지,159,1,서울특별시 강남구 삼성동 159-1,116802122002,서울특별시 강남구 영동대로,511,,1168010500101590001016561,트레이드타워,서울특별시 강남구 영동대로 511,135729,06164,,33,,127.061031584621,37.5103536917228
MA010120220801062183,씨엘아이엔,,M1,과학·기술,M107,본사·경영 컨설팅,M10703,경영 컨설팅업,M71531,경영 컨설팅업,11,서울특별시,11680,강남구,11680580,삼성1동,1168010500,삼성동,1168010500101590001,1,대지,159,1,서울특별시 강남구 삼성동 159-1,116802122002,서울특별시 강남구 영동대로,511,,1168010500101590001016561,트레이드타워,서울특별시 강남구 영동대로 511,135729,06164,,,,127.061031584621,37.5103536917228
MA010120220803517798,에이케이디자인주,,M1,과학·기술,M114,인쇄·제품제작,M11401,명함/간판/광고물 제작,C18111,경 인쇄업,11,서울특별시,11680,강남구,11680580,삼성1동,1168010500,삼성동,1168010500101590001,1,대지,159,1,서울특별시 강남구 삼성동 159-1,116802122002,서울특별시 강남구 영동대로,511,,1168010500101590001016561,트레이드타워,서울특별시 강남구 영동대로 511,135729,06164,,27,,127.061031584621,37.5103536917228
MA010120220803369511,법무법인한일,,M1,과학·기술,M103,법무관련 ,M10301,변호사,M71101,변호사업,11,서울특별시,11680,강남구,11680580,삼성1동,1168010500,삼성동,1168010500101590001,1,대지,159,1,서울특별시 강남구 삼성동 159-1,116802122002,서울특별시 강남구 영동대로,511,,1168010500101590001016561,트레이드타워,서울특별시 강남구 영동대로 511,135729,06164,,39,,127.061031584621,37.5103536917228
MA010120220805077338,마이나비,코리아,N1,시설관리·임대,N101,시설관리,N10101,사업시설 유지·관리 서비스업,N74100,사업시설 유지ㆍ관리 서비스업,11,서울특별시,11680,강남구,11680580,삼성1동,1168010500,삼성동,1168010500101590001,1,대지,159,1,서울특별시 강남구 삼성동 159-1,116802122002,서울특별시 강남구 영동대로,511,,1168010500101590001016561,트레이드타워,서울특별시 강남구 영동대로 511,135729,06164,,,,127.061031584621,37.5103536917228
MA010120220805127375,아이더블유지,코리아,N1,시설관리·임대,N111,산업용품 대여,N11102,컴퓨터/사무기기 대여업,N76320,컴퓨터 및 사무용 기계ㆍ장비 임대업,11,서울특별시,11680,강남구,11680580,삼성1동,1168010500,삼성동,1168010500101590001,1,대지,159,1,서울특별시 강남구 삼성동 159-1,116802122002,서울특별시 강남구 영동대로,511,,1168010500101590001016561,트레이드타워,서울특별시 강남구 영동대로 511,135729,06164,,27,,127.061031584621,37.5103536917228
MA010120220801058807,대한상사중재원사단,,M1,과학·기술,M115,기타 전문 과학,M11504,사업/무형 재산권 중개업,M71109,기타 법무관련 서비스업,11,서울특별시,11680,강남구,11680580,삼성1동,1168010500,삼성동,1168010500101590001,1,대지,159,1,서울특별시 강남구 삼성동 159-1,116802122002,서울특별시 강남구 영동대로,511,,1168010500101590001016561,트레이드타워,서울특별시 강남구 영동대로 511,135729,06164,,43,,127.061031584621,37.5103536917228
MA010120220801063921,유진메트로컴,,M1,과학·기술,M105,광고,M10502,옥외/전시 광고 대행업,M71391,옥외 및 전시 광고업,11,서울특별시,11680,강남구,11680580,삼성1동,1168010500,삼성동,1168010500101590001,1,대지,159,1,서울특별시 강남구 삼성동 159-1,116802122002,서울특별시 강남구 영동대로,511,,1168010500101590001016561,무역센터,서울특별시 강남구 영동대로 511,135729,06164,,,,127.061031584621,37.5103536917228
MA010120220801943420,유아컨설턴트종합건축사사무소주,,M1,과학·기술,M109,기술 서비스,M10902,도시 계획 및 조경 설계 서비스업,M72112,도시 계획 및 조경 설계 서비스업,11,서울특별시,11680,강남구,11680580,삼성1동,1168010500,삼성동,1168010500101590001,1,대지,159,1,서울특별시 강남구 삼성동 159-1,116802122002,서울특별시 강남구 영동대로,511,,1168010500101590001016561,트레이드타워,서울특별시 강남구 영동대로 511,135729,06164,,25,,127.061031584621,37.5103536917228
MA010120220804486507,오크트리캐피탈서울,,M1,과학·기술,M107,본사·경영 컨설팅,M10703,경영 컨설팅업,M71531,경영 컨설팅업,11,서울특별시,11680,강남구,11680580,삼성1동,1168010500,삼성동,1168010500101590001,1,대지,159,1,서울특별시 강남구 삼성동 159-1,116802122002,서울특별시 강남구 영동대로,511,,1168010500101590001016561,트레이드타워,서울특별시 강남구 영동대로 511,135729,06164,,,,127.061031584621,37.5103536917228
MA010120220801070645,에스제이앤엠와이주,,P1,교육,P107,교육 지원,P10701,교육컨설팅업,P85701,교육관련 자문 및 평가업,11,서울특별시,11680,강남구,11680580,삼성1동,1168010500,삼성동,1168010500101590001,1,대지,159,1,서울특별시 강남구 삼성동 159-1,116802122002,서울특별시 강남구 영동대로,511,,1168010500101590001016561,트레이드타워,서울특별시 강남구 영동대로 511,135729,06164,,30,,127.061031584621,37.5103536917228
MA010120220801032803,제이에이치에이치알,,M1,과학·기술,M107,본사·경영 컨설팅,M10703,경영 컨설팅업,M71531,경영 컨설팅업,11,서울특별시,11680,강남구,11680580,삼성1동,1168010500,삼성동,1168010500101590001,1,대지,159,1,서울특별시 강남구 삼성동 159-1,116802122002,서울특별시 강남구 영동대로,511,,1168010500101590001016561,트레이드타워,서울특별시 강남구 영동대로 511,135729,06164,,30,,127.061031584621,37.5103536917228
MA010120220803177786,쓰리쉐이프,코리아,M1,과학·기술,M107,본사·경영 컨설팅,M10703,경영 컨설팅업,M71531,경영 컨설팅업,11,서울특별시,11680,강남구,11680580,삼성1동,1168010500,삼성동,1168010500101590001,1,대지,159,1,서울특별시 강남구 삼성동 159-1,116802122002,서울특별시 강남구 영동대로,511,,1168010500101590001016561,트레이드타워,서울특별시 강남구 영동대로 511,135729,06164,,,,127.061031584621,37.5103536917228
MA010120220803359194,밥콕인테그레이티드테크놀러지리미티드영업소,코리아,M1,과학·기술,M109,기술 서비스,M10999,기타 엔지니어링 서비스업,M72129,기타 엔지니어링 서비스업,11,서울특별시,11680,강남구,11680580,삼성1동,1168010500,삼성동,1168010500101590000,1,대지,159,,서울특별시 강남구 삼성동 159,116802122002,서울특별시 강남구 영동대로,511,,1168010500101590001016561,월드트레이드타워,서울특별시 강남구 영동대로 511,135525,06164,,33,,127.061031584621,37.5103536917228
MA010120220804307616,에너아이에이치씨,,M1,과학·기술,M109,기술 서비스,M10999,기타 엔지니어링 서비스업,M72129,기타 엔지니어링 서비스업,11,서울특별시,11680,강남구,11680580,삼성1동,1168010500,삼성동,1168010500101590001,1,대지,159,1,서울특별시 강남구 삼성동 159-1,116802122002,서울특별시 강남구 영동대로,511,,1168010500101590001016561,무역센터,서울특별시 강남구 영동대로 511,135729,06164,,27,,127.061031584621,37.5103536917228
MA010120220801065212,유러스에너지,코리아,M1,과학·기술,M106,시장 조사,M10601,시장 조사 및 여론 조사업,M71531,경영 컨설팅업,11,서울특별시,11680,강남구,11680580,삼성1동,1168010500,삼성동,1168010500101590001,1,대지,159,1,서울특별시 강남구 삼성동 159-1,116802122002,서울특별시 강남구 영동대로,511,,1168010500101590001016561,트레이드타워,서울특별시 강남구 영동대로 511,135729,06164,,25,,127.061031584621,37.5103536917228
MA010120220803368980,에이치에이파트너스,,M1,과학·기술,M107,본사·경영 컨설팅,M10703,경영 컨설팅업,M71531,경영 컨설팅업,11,서울특별시,11680,강남구,11680580,삼성1동,1168010500,삼성동,1168010500101590001,1,대지,159,1,서울특별시 강남구 삼성동 159-1,116802122002,서울특별시 강남구 영동대로,511,,1168010500101590001016561,트레이드타워,서울특별시 강남구 영동대로 511,135729,06164,,,,127.061031584621,37.5103536917228
MA010120220802161264,장수케어,,G2,소매,G213,오락용품 소매,G21304,운동용품 소매업,G47631,운동 및 경기용품 소매업,11,서울특별시,11680,강남구,11680580,삼성1동,1168010500,삼성동,1168010500101590001,1,대지,159,1,서울특별시 강남구 삼성동 159-1,116802122002,서울특별시 강남구 영동대로,511,,1168010500101590001016561,트레이드타워,서울특별시 강남구 영동대로 511,135729,06164,,,,127.061031584621,37.5103536917228
MA010120220801063721,가트너리서치어드바이저리,코리아,M1,과학·기술,M106,시장 조사,M10601,시장 조사 및 여론 조사업,M71400,시장 조사 및 여론 조사업,11,서울특별시,11680,강남구,11680580,삼성1동,1168010500,삼성동,1168010500101590001,1,대지,159,1,서울특별시 강남구 삼성동 159-1,116802122002,서울특별시 강남구 영동대로,511,,1168010500101590001016561,트레이드타워,서울특별시 강남구 영동대로 511,135729,06164,,,,127.061031584621,37.5103536917228
MA010120220801062084,아이피알포럼주,,N1,시설관리·임대,N108,기타 사업 서비스,N10802,전시/컨벤션/행사 대행 서비스업,N75992,"전시, 컨벤션 및 행사 대행업",11,서울특별시,11680,강남구,11680580,삼성1동,1168010500,삼성동,1168010500101590001,1,대지,159,1,서울특별시 강남구 삼성동 159-1,116802122002,서울특별시 강남구 영동대로,511,,1168010500101590001016561,무역센터무역타워,서울특별시 강남구 영동대로 511,135729,06164,,,,127.061031584621,37.5103536917228
MA010120220801059809,닛산트레이딩,서울지점,M1,과학·기술,M106,시장 조사,M10601,시장 조사 및 여론 조사업,G45219,기타 자동차 신품 부품 및 내장품 판매업,11,서울특별시,11680,강남구,11680580,삼성1동,1168010500,삼성동,1168010500101590001,1,대지,159,1,서울특별시 강남구 삼성동 159-1,116802122002,서울특별시 강남구 영동대로,511,,1168010500101590001016561,트레이드타워,서울특별시 강남구 영동대로 511,135729,06164,,,,127.061031584621,37.5103536917228
MA010120220801066950,티티엔종합상사,,M1,과학·기술,M115,기타 전문 과학,M11504,사업/무형 재산권 중개업,M73903,사업 및 무형 재산권 중개업,11,서울특별시,11680,강남구,11680580,삼성1동,1168010500,삼성동,1168010500101590001,1,대지,159,1,서울특별시 강남구 삼성동 159-1,116802122002,서울특별시 강남구 영동대로,511,,1168010500101590001016561,무역센터,서울특별시 강남구 영동대로 511,135729,06164,,33,,127.061031584621,37.5103536917228
MA010120220801069228,데라게란덴파이낸스,,N1,시설관리·임대,N111,산업용품 대여,N11199,기타 산업용 기계/장비 대여업,N76390,기타 산업용 기계 및 장비 임대업,11,서울특별시,11680,강남구,11680580,삼성1동,1168010500,삼성동,1168010500101590001,1,대지,159,1,서울특별시 강남구 삼성동 159-1,116802122002,서울특별시 강남구 영동대로,511,,1168010500101590001016561,트레이드타워,서울특별시 강남구 영동대로 511,135729,06164,,8,,127.061031584621,37.5103536917228
MA010120220805486737,법무법인한원,,M1,과학·기술,M103,법무관련 ,M10301,변호사,M71101,변호사업,11,서울특별시,11680,강남구,11680580,삼성1동,1168010500,삼성동,1168010500101590001,1,대지,159,1,서울특별시 강남구 삼성동 159-1,116802122002,서울특별시 강남구 영동대로,511,,1168010500101590001016561,트레이드타워,서울특별시 강남구 영동대로 511,135729,06164,,23,,127.061031584621,37.5103536917228
MA010120220801059786,프로스트앤드설리번영업소,,M1,과학·기술,M107,본사·경영 컨설팅,M10703,경영 컨설팅업,M71531,경영 컨설팅업,11,서울특별시,11680,강남구,11680580,삼성1동,1168010500,삼성동,1168010500101590001,1,대지,159,1,서울특별시 강남구 삼성동 159-1,116802122002,서울특별시 강남구 영동대로,511,,1168010500101590001016561,트레이드타워,서울특별시 강남구 영동대로 511,135729,06164,,,,127.061031584621,37.5103536917228
MA010120220804444073,서울브릿지컴퍼니,,M1,과학·기술,M115,기타 전문 과학,M11504,사업/무형 재산권 중개업,M73903,사업 및 무형 재산권 중개업,11,서울특별시,11680,강남구,11680580,삼성1동,1168010500,삼성동,1168010500101590001,1,대지,159,1,서울특별시 강남구 삼성동 159-1,116802122002,서울특별시 강남구 영동대로,511,,1168010500101590001016561,한국종합무역센터,서울특별시 강남구 영동대로 511,135729,06164,,,,127.061031584621,37.5103536917228
MA010120220804409432,비에이치알,코리아,N1,시설관리·임대,N104,고용 알선,N10401,고용 알선업,N75110,고용 알선업,11,서울특별시,11680,강남구,11680580,삼성1동,1168010500,삼성동,1168010500101590001,1,대지,159,1,서울특별시 강남구 삼성동 159-1,116802122002,서울특별시 강남구 영동대로,511,,1168010500101590001016561,트레이드타워,서울특별시 강남구 영동대로 511,135729,06164,,27,,127.061031584621,37.5103536917228
MA010120220801060824,코오롱인더스트리FNC부문시리즈주,코엑스몰점,G2,소매,G209,섬유·의복·신발 소매,G20905,기타 의류 소매업,G47416,가죽 및 모피 의복 소매업,11,서울특별시,11680,강남구,11680580,삼성1동,1168010500,삼성동,1168010500101590001,1,대지,159,1,서울특별시 강남구 삼성동 159-1,116802122002,서울특별시 강남구 영동대로,511,,1168010500101590001016561,삼성동트레이드타워,서울특별시 강남구 영동대로 511,135729,06164,,1,,127.061031584621,37.5103536917228
MA010120220803740513,리틀프린스,,M1,과학·기술,M105,광고,M10501,광고 대행업,M71310,광고 대행업,11,서울특별시,11680,강남구,11680580,삼성1동,1168010500,삼성동,1168010500101590001,1,대지,159,1,서울특별시 강남구 삼성동 159-1,116802122002,서울특별시 강남구 영동대로,511,,1168010500101590001016561,월드트레이드센터,서울특별시 강남구 영동대로 511,135729,06164,,33,,127.061031584621,37.5103536917228
MA010120220804926364,법무법인조운,,M1,과학·기술,M103,법무관련 ,M10301,변호사,M71101,변호사업,11,서울특별시,11680,강남구,11680580,삼성1동,1168010500,삼성동,1168010500101590001,1,대지,159,1,서울특별시 강남구 삼성동 159-1,116802122002,서울특별시 강남구 영동대로,511,,1168010500101590001016561,트레이드타워,서울특별시 강남구 영동대로 511,135729,06164,,,,127.061031584621,37.5103536917228
MA010120220801024339,삼천리활성탄소서울,대리점,G2,소매,G221,기타 상품 소매,G22199,그 외 기타 상품 전문 소매업,G47859,그 외 기타 분류 안된 상품 전문 소매업,11,서울특별시,11680,강남구,11680580,삼성1동,1168010500,삼성동,1168010500101590001,1,대지,159,1,서울특별시 강남구 삼성동 159-1,116802122002,서울특별시 강남구 영동대로,511,,1168010500101590001016561,무역센터,서울특별시 강남구 영동대로 511,135729,06164,,,,127.061031584621,37.5103536917228
MA010120220804481161,세프테니,한국지점,M1,과학·기술,M105,광고,M10501,광고 대행업,M71310,광고 대행업,11,서울특별시,11680,강남구,11680580,삼성1동,1168010500,삼성동,1168010500101590001,1,대지,159,1,서울특별시 강남구 삼성동 159-1,116802122002,서울특별시 강남구 영동대로,511,,1168010500101590001016561,트레이드타워,서울특별시 강남구 영동대로 511,135729,06164,,27,,127.061031584621,37.5103536917228
MA010120220801063410,히타치밴타라,코리아,M1,과학·기술,M107,본사·경영 컨설팅,M10703,경영 컨설팅업,M71531,경영 컨설팅업,11,서울특별시,11680,강남구,11680580,삼성1동,1168010500,삼성동,1168010500101590001,1,대지,159,1,서울특별시 강남구 삼성동 159-1,116802122002,서울특별시 강남구 영동대로,511,,1168010500101590001016561,트레이드타워,서울특별시 강남구 영동대로 511,135729,06164,,,,127.061031584621,37.5103536917228
MA010120220804178515,한미에듀,,P1,교육,P107,교육 지원,P10701,교육컨설팅업,P85701,교육관련 자문 및 평가업,11,서울특별시,11680,강남구,11680580,삼성1동,1168010500,삼성동,1168010500101590001,1,대지,159,1,서울특별시 강남구 삼성동 159-1,116802122002,서울특별시 강남구 영동대로,511,,1168010500101590001016561,트레이드타워,서울특별시 강남구 영동대로 511,135729,06164,,33,,127.061031584621,37.5103536917228
MA010120220801058009,한국이앤엑스,,N1,시설관리·임대,N108,기타 사업 서비스,N10802,전시/컨벤션/행사 대행 서비스업,N75992,"전시, 컨벤션 및 행사 대행업",11,서울특별시,11680,강남구,11680580,삼성1동,1168010500,삼성동,1168010500101590001,1,대지,159,1,서울특별시 강남구 삼성동 159-1,116802122002,서울특별시 강남구 영동대로,511,,1168010500101590001016561,무역회관,서울특별시 강남구 영동대로 511,135729,06164,,20,,127.061031584621,37.5103536917228
MA010120220800410700,에펠,,M1,과학·기술,M115,기타 전문 과학,M11504,사업/무형 재산권 중개업,M73903,사업 및 무형 재산권 중개업,11,서울특별시,11680,강남구,11680580,삼성1동,1168010500,삼성동,1168010500101590001,1,대지,159,1,서울특별시 강남구 삼성동 159-1,116802122002,서울특별시 강남구 영동대로,511,,1168010500101590001016561,트레이드타워,서울특별시 강남구 영동대로 511,135729,06164,,33,,127.061031584621,37.5103536917228
MA010120220804184441,포티스파트너스,,M1,과학·기술,M107,본사·경영 컨설팅,M10703,경영 컨설팅업,M71531,경영 컨설팅업,11,서울특별시,11680,강남구,11680580,삼성1동,1168010500,삼성동,1168010500101590001,1,대지,159,1,서울특별시 강남구 삼성동 159-1,116802122002,서울특별시 강남구 영동대로,511,,1168010500101590001016561,트레이드타워,서울특별시 강남구 영동대로 511,135729,06164,,,,127.061031584621,37.5103536917228
MA010120220805026807,뉴플라이트,,M1,과학·기술,M107,본사·경영 컨설팅,M10703,경영 컨설팅업,M71531,경영 컨설팅업,11,서울특별시,11680,강남구,11680610,대치2동,1168010600,대치동,1168010600109450000,1,대지,945,,서울특별시 강남구 대치동 945,116803122010,서울특별시 강남구 테헤란로,520,,1168010600109450000012103,삼안빌딩,서울특별시 강남구 테헤란로 520,135846,06181,,7,,127.061063453718,37.507821852319
MA010120220803521575,케이리얼티부동산중개,,L1,부동산,L102,부동산 서비스,L10203,부동산 중개/대리업,L68221,부동산 중개 및 대리업,11,서울특별시,11680,강남구,11680610,대치2동,1168010600,대치동,1168010600109450000,1,대지,945,,서울특별시 강남구 대치동 945,116803122010,서울특별시 강남구 테헤란로,520,,1168010600109450000012103,삼안빌딩,서울특별시 강남구 테헤란로 520,135846,06181,,10,,127.061063453718,37.507821852319
MA010120220801046416,가우디치과의원,,Q1,보건의료,Q102,의원,Q10210,치과의원,Q86202,치과의원,11,서울특별시,11680,강남구,11680610,대치2동,1168010600,대치동,1168010600109450000,1,대지,945,,서울특별시 강남구 대치동 945,116803122010,서울특별시 강남구 테헤란로,520,,1168010600109450000012103,삼안빌딩,서울특별시 강남구 테헤란로 520,135846,06181,,4,,127.061063453718,37.507821852319
MA010120220803798893,태경회계법인,,M1,과학·기술,M104,회계·세무,M10401,공인회계사,M71201,공인회계사업,11,서울특별시,11680,강남구,11680610,대치2동,1168010600,대치동,1168010600109450000,1,대지,945,,서울특별시 강남구 대치동 945,116803122010,서울특별시 강남구 테헤란로,520,,1168010600109450000012103,삼안빌딩,서울특별시 강남구 테헤란로 520,135846,06181,,2,,127.061063453718,37.507821852319
MA010120220802483287,카라,,L1,부동산,L102,부동산 서비스,L10203,부동산 중개/대리업,L68221,부동산 중개 및 대리업,11,서울특별시,11680,강남구,11680610,대치2동,1168010600,대치동,1168010600109450000,1,대지,945,,서울특별시 강남구 대치동 945,116803122010,서울특별시 강남구 테헤란로,520,,1168010600109450000012103,삼안빌딩,서울특별시 강남구 테헤란로 520,135846,06181,,10,,127.061063453718,37.507821852319
MA010120220803452607,국제특허바른,,M1,과학·기술,M103,법무관련 ,M10302,변리사,M71102,변리사업,11,서울특별시,11680,강남구,11680610,대치2동,1168010600,대치동,1168010600109450000,1,대지,945,,서울특별시 강남구 대치동 945,116803122010,서울특별시 강남구 테헤란로,520,,1168010600109450000012103,삼안빌딩,서울특별시 강남구 테헤란로 520,135846,06181,,9,,127.061063453718,37.507821852319
MA010120220804021526,IR공인중개사사무소,,L1,부동산,L102,부동산 서비스,L10203,부동산 중개/대리업,L68221,부동산 중개 및 대리업,11,서울특별시,11680,강남구,11680610,대치2동,1168010600,대치동,1168010600109440029,1,대지,944,29,서울특별시 강남구 대치동 944-29,116804166701,서울특별시 강남구 영동대로85길,30,,1168010600109440029000001,은탑타워,서울특별시 강남구 영동대로85길 30,135846,06180,,1,,127.061107871677,37.5068127038912
MA010120220800397783,정명회계법인,,M1,과학·기술,M104,회계·세무,M10401,공인회계사,M71201,공인회계사업,11,서울특별시,11680,강남구,11680610,대치2동,1168010600,대치동,1168010600109440029,1,대지,944,29,서울특별시 강남구 대치동 944-29,116804166701,서울특별시 강남구 영동대로85길,30,,1168010600109440029000001,은탑타워,서울특별시 강남구 영동대로85길 30,135846,06180,,5,,127.061107871677,37.5068127038912
MA010120220801026053,조수정한지그림갤러리,,G2,소매,G210,철물·건설자재 소매,G21002,벽지/장판/마루 소매업,G47513,"벽지, 마루덮개 및 장판류 소매업",11,서울특별시,11680,강남구,11680610,대치2동,1168010600,대치동,1168010600109440020,1,대지,944,20,서울특별시 강남구 대치동 944-20,116804166768,서울특별시 강남구 테헤란로92길,14,,1168010600109440020012138,동우리빌딩,서울특별시 강남구 테헤란로92길 14,135846,06180,,,,127.061153288005,37.5070289215721
MA010120220801060515,플랜비수시전문학원,,P1,교육,P106,기타 교육,P10615,외국어학원,P85631,외국어학원,11,서울특별시,11680,강남구,11680610,대치2동,1168010600,대치동,1168010600109440020,1,대지,944,20,서울특별시 강남구 대치동 944-20,116804166768,서울특별시 강남구 테헤란로92길,14,,1168010600109440020012138,대치동3,서울특별시 강남구 테헤란로92길 14,135846,06180,,4,,127.061153288005,37.5070289215721
MA010120220804453790,헤니앤머코이,,N1,시설관리·임대,N104,고용 알선,N10401,고용 알선업,N75110,고용 알선업,11,서울특별시,11680,강남구,11680610,대치2동,1168010600,대치동,1168010600109440020,1,대지,944,20,서울특별시 강남구 대치동 944-20,116804166768,서울특별시 강남구 테헤란로92길,14,,1168010600109440020012138,동우리빌딩,서울특별시 강남구 테헤란로92길 14,135846,06180,,10,,127.061153288005,37.5070289215721
MA010120220801071391,와우리츠,,L1,부동산,L102,부동산 서비스,L10203,부동산 중개/대리업,L68221,부동산 중개 및 대리업,11,서울특별시,11680,강남구,11680610,대치2동,1168010600,대치동,1168010600109440020,1,대지,944,20,서울특별시 강남구 대치동 944-20,116804166768,서울특별시 강남구 테헤란로92길,14,,1168010600109440020012138,동우리빌딩,서울특별시 강남구 테헤란로92길 14,135846,06180,,8,,127.061153288005,37.5070289215721
MA010120220805434650,헤니앤맥코이,,M1,과학·기술,M107,본사·경영 컨설팅,M10703,경영 컨설팅업,M71531,경영 컨설팅업,11,서울특별시,11680,강남구,11680610,대치2동,1168010600,대치동,1168010600109440020,1,대지,944,20,서울특별시 강남구 대치동 944-20,116804166768,서울특별시 강남구 테헤란로92길,14,,1168010600109440020012138,동우리빌딩,서울특별시 강남구 테헤란로92길 14,135846,06180,,10,,127.061153288005,37.5070289215721
MA010120220801028462,닥터밸리의원,,Q1,보건의료,Q102,의원,Q10204,피부/비뇨기과 의원,Q86201,일반의원,11,서울특별시,11680,강남구,11680610,대치2동,1168010600,대치동,1168010600109440020,1,대지,944,20,서울특별시 강남구 대치동 944-20,116804166768,서울특별시 강남구 테헤란로92길,14,,1168010600109440020012138,우리빌딩,서울특별시 강남구 테헤란로92길 14,135846,06180,,1,,127.061153288005,37.5070289215721
MA010120220801072749,티피엠엔,,M1,과학·기술,M105,광고,M10501,광고 대행업,M71310,광고 대행업,11,서울특별시,11680,강남구,11680610,대치2동,1168010600,대치동,1168010600109440020,1,대지,944,20,서울특별시 강남구 대치동 944-20,116804166768,서울특별시 강남구 테헤란로92길,14,,1168010600109440020012138,동우리빌딩,서울특별시 강남구 테헤란로92길 14,135846,06180,,5,,127.061153288005,37.5070289215721
MA010120220804436660,맥서브(MaxerveCo.，Ltd.)주,,N1,시설관리·임대,N101,시설관리,N10101,사업시설 유지·관리 서비스업,N74100,사업시설 유지ㆍ관리 서비스업,11,서울특별시,11680,강남구,11680610,대치2동,1168010600,대치동,1168010600109440030,1,대지,944,30,서울특별시 강남구 대치동 944-30,116804166701,서울특별시 강남구 영동대로85길,28,,1168010600109440030000001,,서울특별시 강남구 영동대로85길 28,135846,06180,,,,127.06125493827,37.5068576779674
MA010120220803116826,바른플레이스,,I2,음식,I212,비알코올 ,I21201,카페,I56221,커피 전문점,11,서울특별시,11680,강남구,11680610,대치2동,1168010600,대치동,1168010600109450027,1,대지,945,27,서울특별시 강남구 대치동 945-27,116804166768,서울특별시 강남구 테헤란로92길,7,,1168010600109450027000001,바른빌딩,서울특별시 강남구 테헤란로92길 7,135846,06181,,1,,127.061255416807,37.5074433309029
MA010120220800813999,법무법인바른유한,,M1,과학·기술,M103,법무관련 ,M10301,변호사,M71101,변호사업,11,서울특별시,11680,강남구,11680610,대치2동,1168010600,대치동,1168010600109450027,1,대지,945,27,서울특별시 강남구 대치동 945-27,116804166768,서울특별시 강남구 테헤란로92길,7,,1168010600109450027000001,바른빌딩,서울특별시 강남구 테헤란로92길 7,135846,06181,,,,127.061255416807,37.5074433309029
MA010120220804826715,센트럴이엔지,,M1,과학·기술,M109,기술 서비스,M10999,기타 엔지니어링 서비스업,M71531,경영 컨설팅업,11,서울특별시,11680,강남구,11680610,대치2동,1168010600,대치동,1168010600109450001,1,대지,945,1,서울특별시 강남구 대치동 945-1,116803122010,서울특별시 강남구 테헤란로,522,,1168010600109450001012097,홍우빌딩,서울특별시 강남구 테헤란로 522,135846,06181,,10,,127.061346280839,37.5079118062538
MA010120220804741054,엘프스,,M1,과학·기술,M109,기술 서비스,M10904,환경 관련 엔지니어링 서비스업,M72122,환경 관련 엔지니어링 서비스업,11,서울특별시,11680,강남구,11680610,대치2동,1168010600,대치동,1168010600109450001,1,대지,945,1,서울특별시 강남구 대치동 945-1,116803122010,서울특별시 강남구 테헤란로,522,,1168010600109450001012097,홍우빌딩,서울특별시 강남구 테헤란로 522,135846,06181,,5,,127.061346280839,37.5079118062538
MA010120220800109766,법무법인태하,,M1,과학·기술,M103,법무관련 ,M10301,변호사,M71101,변호사업,11,서울특별시,11680,강남구,11680610,대치2동,1168010600,대치동,1168010600109450001,1,대지,945,1,서울특별시 강남구 대치동 945-1,116803122010,서울특별시 강남구 테헤란로,522,,1168010600109450001012097,홍우빌딩,서울특별시 강남구 테헤란로 522,135846,06181,,14,,127.061346280839,37.5079118062538
MA010120220804587155,엠앤에스관리,,N1,시설관리·임대,N101,시설관리,N10101,사업시설 유지·관리 서비스업,N74100,사업시설 유지ㆍ관리 서비스업,11,서울특별시,11680,강남구,11680610,대치2동,1168010600,대치동,1168010600109450001,1,대지,945,1,서울특별시 강남구 대치동 945-1,116803122010,서울특별시 강남구 테헤란로,522,,1168010600109450001012097,,서울특별시 강남구 테헤란로 522,135846,06181,,,,127.061346280839,37.5079118062538
MA010120220803802200,지디인베스트,,M1,과학·기술,M115,기타 전문 과학,M11504,사업/무형 재산권 중개업,M73903,사업 및 무형 재산권 중개업,11,서울특별시,11680,강남구,11680610,대치2동,1168010600,대치동,1168010600109450001,1,대지,945,1,서울특별시 강남구 대치동 945-1,116803122010,서울특별시 강남구 테헤란로,522,,1168010600109450001012097,홍우빌딩,서울특별시 강남구 테헤란로 522,135846,06181,,8,,127.061346280839,37.5079118062538
MA010120220803413985,알프스행정,,M1,과학·기술,M103,법무관련 ,M10306,행정사,M71109,기타 법무관련 서비스업,11,서울특별시,11680,강남구,11680610,대치2동,1168010600,대치동,1168010600109450001,1,대지,945,1,서울특별시 강남구 대치동 945-1,116803122010,서울특별시 강남구 테헤란로,522,,1168010600109450001012097,홍우빌딩,서울특별시 강남구 테헤란로 522,135846,06181,,4,,127.061346280839,37.5079118062538
MA010120220801041689,장수서울순대가,,I2,음식,I201,한식,I20102,국/탕/찌개류,I56111,한식 일반 음식점업,11,서울특별시,11680,강남구,11680610,대치2동,1168010600,대치동,1168010600109450028,1,대지,945,28,서울특별시 강남구 대치동 945-28,116804166768,서울특별시 강남구 테헤란로92길,11,,1168010600109450028012125,,서울특별시 강남구 테헤란로92길 11,135846,06181,,1,,127.061368399578,37.5072991114817
MA010120220805180318,플라넌,,I2,음식,I203,일식,I20301,일식 회/초밥,I56122,일식 음식점업,11,서울특별시,11680,강남구,11680610,대치2동,1168010600,대치동,1168010600109450029,1,대지,945,29,서울특별시 강남구 대치동 945-29,116804166768,서울특별시 강남구 테헤란로92길,13,,1168010600109450029012132,제비,서울특별시 강남구 테헤란로92길 13,135846,06181,,,,127.061424839124,37.5071639314139
MA010120220801856158,피넛테크,,M1,과학·기술,M105,광고,M10501,광고 대행업,J62010,컴퓨터 프로그래밍 서비스업,11,서울특별시,11680,강남구,11680610,대치2동,1168010600,대치동,1168010600109450025,1,대지,945,25,서울특별시 강남구 대치동 945-25,116804166769,서울특별시 강남구 테헤란로98길,6,9,1168010600109450025012112,티아이타워,서울특별시 강남구 테헤란로98길 6-9,135846,06181,,11,,127.0615609517,37.5076413931318
MA010120220804487579,미시간컨설팅주,,N1,시설관리·임대,N104,고용 알선,N10401,고용 알선업,N75110,고용 알선업,11,서울특별시,11680,강남구,11680610,대치2동,1168010600,대치동,1168010600109450002,1,대지,945,2,서울특별시 강남구 대치동 945-2,116803122010,서울특별시 강남구 테헤란로,524,,1168010600109450002012095,삼성대세빌딩,서울특별시 강남구 테헤란로 524,135846,06181,,3,,127.061595163343,37.5079837571196
MA010120220801065995,에임즈인터내셔널,코리아,N1,시설관리·임대,N104,고용 알선,N10401,고용 알선업,M71531,경영 컨설팅업,11,서울특별시,11680,강남구,11680610,대치2동,1168010600,대치동,1168010600109450002,1,대지,945,2,서울특별시 강남구 대치동 945-2,116803122010,서울특별시 강남구 테헤란로,524,,1168010600109450002012095,삼성대세빌딩,서울특별시 강남구 테헤란로 524,135846,06181,,3,,127.061595163343,37.5079837571196
MA010120220801042094,차.이.정성형외과,,Q1,보건의료,Q102,의원,Q10208,성형외과 의원,Q86201,일반의원,11,서울특별시,11680,강남구,11680610,대치2동,1168010600,대치동,1168010600109450002,1,대지,945,2,서울특별시 강남구 대치동 945-2,116803122010,서울특별시 강남구 테헤란로,524,,1168010600109450002012095,세명빌딩,서울특별시 강남구 테헤란로 524,135846,06181,,,,127.061595163343,37.5079837571196
MA010120220801064744,프로매치주,코리아,N1,시설관리·임대,N104,고용 알선,N10401,고용 알선업,N75110,고용 알선업,11,서울특별시,11680,강남구,11680610,대치2동,1168010600,대치동,1168010600109450002,1,대지,945,2,서울특별시 강남구 대치동 945-2,116803122010,서울특별시 강남구 테헤란로,524,,1168010600109450002012095,삼성대세빌딩,서울특별시 강남구 테헤란로 524,135846,06181,,3,,127.061595163343,37.5079837571196
MA010120220803794810,한국교육학습개발원,,P1,교육,P107,교육 지원,P10799,기타 교육지원 서비스업,P85709,기타 교육지원 서비스업,11,서울특별시,11680,강남구,11680610,대치2동,1168010600,대치동,1168010600109450024,1,대지,945,24,서울특별시 강남구 대치동 945-24,116804166701,서울특별시 강남구 영동대로85길,20,9,1168010600109450024026989,모아코빌딩,서울특별시 강남구 영동대로85길 20-9,135846,06181,,,,127.061606095876,37.5075242389682
MA010120220803208380,진도시기획,,M1,과학·기술,M107,본사·경영 컨설팅,M10703,경영 컨설팅업,M71531,경영 컨설팅업,11,서울특별시,11680,강남구,11680610,대치2동,1168010600,대치동,1168010600109450023,1,대지,945,23,서울특별시 강남구 대치동 945-23,116804166701,서울특별시 강남구 영동대로85길,20,7,1168010600109450023012120,,서울특별시 강남구 영동대로85길 20-7,135846,06181,,,,127.061617287475,37.5073800723549
MA010120220804068020,지오넷,,G2,소매,G205,식료품 소매,G20508,건강보조식품 소매업,G47217,건강 보조식품 소매업,11,서울특별시,11680,강남구,11680610,대치2동,1168010600,대치동,1168010600109450023,1,대지,945,23,서울특별시 강남구 대치동 945-23,116804166701,서울특별시 강남구 영동대로85길,20,7,1168010600109450023012120,우협빌딩,서울특별시 강남구 영동대로85길 20-7,135846,06181,,5,,127.061617287475,37.5073800723549
MA010120220801675600,위드유비,,M1,과학·기술,M107,본사·경영 컨설팅,M10703,경영 컨설팅업,M71531,경영 컨설팅업,11,서울특별시,11680,강남구,11680610,대치2동,1168010600,대치동,1168010600109450023,1,대지,945,23,서울특별시 강남구 대치동 945-23,116804166701,서울특별시 강남구 영동대로85길,20,7,1168010600109450023012120,,서울특별시 강남구 영동대로85길 20-7,135846,06181,,,,127.061617287475,37.5073800723549
MA010120220804112982,리드앤리드,,M1,과학·기술,M105,광고,M10504,광고물 설계/제작업,M71393,"광고물 문안, 도안, 설계 등 작성업",11,서울특별시,11680,강남구,11680610,대치2동,1168010600,대치동,1168010600109450023,1,대지,945,23,서울특별시 강남구 대치동 945-23,116804166701,서울특별시 강남구 영동대로85길,20,7,1168010600109450023012120,대치동우협빌딩,서울특별시 강남구 영동대로85길 20-7,135846,06181,,,,127.061617287475,37.5073800723549
MA010120220802051088,만인보커뮤니케이션즈,,M1,과학·기술,M105,광고,M10501,광고 대행업,M71310,광고 대행업,11,서울특별시,11680,강남구,11680610,대치2동,1168010600,대치동,1168010600109450023,1,대지,945,23,서울특별시 강남구 대치동 945-23,116804166701,서울특별시 강남구 영동대로85길,20,7,1168010600109450023012120,우협빌딩,서울특별시 강남구 영동대로85길 20-7,135846,06181,,5,,127.061617287475,37.5073800723549
MA010120220802662156,아이엠에스원대치지점,,N1,시설관리·임대,N109,운송장비 대여,N10901,자동차 대여업,N76110,자동차 임대업,11,서울특별시,11680,강남구,11680610,대치2동,1168010600,대치동,1168010600109450023,1,대지,945,23,서울특별시 강남구 대치동 945-23,116804166701,서울특별시 강남구 영동대로85길,20,7,1168010600109450023012120,우협빌딩,서울특별시 강남구 영동대로85길 20-7,135846,06181,,4,,127.061617287475,37.5073800723549
MA010120220801067733,제이에이치앤코주,,M1,과학·기술,M105,광고,M10504,광고물 설계/제작업,M71393,"광고물 문안, 도안, 설계 등 작성업",11,서울특별시,11680,강남구,11680610,대치2동,1168010600,대치동,1168010600109450023,1,대지,945,23,서울특별시 강남구 대치동 945-23,116804166701,서울특별시 강남구 영동대로85길,20,7,1168010600109450023012120,우협빌딩,서울특별시 강남구 영동대로85길 20-7,135846,06181,,,,127.061617287475,37.5073800723549
MA010120220800063656,지와택주,,L1,부동산,L102,부동산 서비스,L10203,부동산 중개/대리업,L68221,부동산 중개 및 대리업,11,서울특별시,11680,강남구,11680610,대치2동,1168010600,대치동,1168010600109450023,1,대지,945,23,서울특별시 강남구 대치동 945-23,116804166701,서울특별시 강남구 영동대로85길,20,7,1168010600109450023012120,우협빌딩,서울특별시 강남구 영동대로85길 20-7,135846,06181,,5,,127.061617287475,37.5073800723549
MA010120220805735921,더에스씨브이,,N1,시설관리·임대,N104,고용 알선,N10402,임시/일용 인력 공급업,N75121,임시 및 일용 인력 공급업,11,서울특별시,11680,강남구,11680610,대치2동,1168010600,대치동,1168010600109450023,1,대지,945,23,서울특별시 강남구 대치동 945-23,116804166701,서울특별시 강남구 영동대로85길,20,7,1168010600109450023012120,우협빌딩,서울특별시 강남구 영동대로85길 20-7,135846,06181,,4,,127.061617287475,37.5073800723549
MA010120220801074476,엔터바이오메드,,M1,과학·기술,M107,본사·경영 컨설팅,M10703,경영 컨설팅업,M71531,경영 컨설팅업,11,서울특별시,11680,강남구,11680610,대치2동,1168010600,대치동,1168010600109450023,1,대지,945,23,서울특별시 강남구 대치동 945-23,116804166701,서울특별시 강남구 영동대로85길,20,7,1168010600109450023012120,우협빌딩,서울특별시 강남구 영동대로85길 20-7,135846,06181,,,,127.061617287475,37.5073800723549
MA010120220801070891,이제이어드바이저,,M1,과학·기술,M107,본사·경영 컨설팅,M10703,경영 컨설팅업,M71531,경영 컨설팅업,11,서울특별시,11680,강남구,11680610,대치2동,1168010600,대치동,1168010600109450023,1,대지,945,23,서울특별시 강남구 대치동 945-23,116804166701,서울특별시 강남구 영동대로85길,20,7,1168010600109450023012120,우협빌딩,서울특별시 강남구 영동대로85길 20-7,135846,06181,,4,,127.061617287475,37.5073800723549
MA010120220805907214,엑셈플라르,,M1,과학·기술,M107,본사·경영 컨설팅,M10703,경영 컨설팅업,M71531,경영 컨설팅업,11,서울특별시,11680,강남구,11680610,대치2동,1168010600,대치동,1168010600109450023,1,대지,945,23,서울특별시 강남구 대치동 945-23,116804166701,서울특별시 강남구 영동대로85길,20,7,1168010600109450023012120,우협빌딩,서울특별시 강남구 영동대로85길 20-7,135846,06181,,4,,127.061617287475,37.5073800723549
MA010120220801073140,엘림투어주,,N1,시설관리·임대,N105,여행사·보조,N10501,여행사,N75210,여행사업,11,서울특별시,11680,강남구,11680610,대치2동,1168010600,대치동,1168010600109450023,1,대지,945,23,서울특별시 강남구 대치동 945-23,116804166701,서울특별시 강남구 영동대로85길,20,7,1168010600109450023012120,우협빌딩,서울특별시 강남구 영동대로85길 20-7,135846,06181,,,,127.061617287475,37.5073800723549
MA010120220801045937,올어라운드,,I2,음식,I212,비알코올 ,I21201,카페,I56221,커피 전문점,11,서울특별시,11680,강남구,11680610,대치2동,1168010600,대치동,1168010600109450023,1,대지,945,23,서울특별시 강남구 대치동 945-23,116804166701,서울특별시 강남구 영동대로85길,20,7,1168010600109450023012120,,서울특별시 강남구 영동대로85길 20-7,135846,06181,,1,,127.061617287475,37.5073800723549
MA010120220800323166,상원디앤씨,,M1,과학·기술,M107,본사·경영 컨설팅,M10703,경영 컨설팅업,M71531,경영 컨설팅업,11,서울특별시,11680,강남구,11680610,대치2동,1168010600,대치동,1168010600109450023,1,대지,945,23,서울특별시 강남구 대치동 945-23,116804166701,서울특별시 강남구 영동대로85길,20,7,1168010600109450023012120,우협빌딩,서울특별시 강남구 영동대로85길 20-7,135846,06181,,4,,127.061617287475,37.5073800723549
MA010120220803690411,크리테리온어드바이저,,M1,과학·기술,M107,본사·경영 컨설팅,M10703,경영 컨설팅업,M71531,경영 컨설팅업,11,서울특별시,11680,강남구,11680610,대치2동,1168010600,대치동,1168010600109450023,1,대지,945,23,서울특별시 강남구 대치동 945-23,116804166701,서울특별시 강남구 영동대로85길,20,7,1168010600109450023012120,우협빌딩,서울특별시 강남구 영동대로85길 20-7,135846,06181,,4,,127.061617287475,37.5073800723549
MA010120220801074375,인벤투스씨엔에이,,M1,과학·기술,M107,본사·경영 컨설팅,M10703,경영 컨설팅업,M71531,경영 컨설팅업,11,서울특별시,11680,강남구,11680610,대치2동,1168010600,대치동,1168010600109450023,1,대지,945,23,서울특별시 강남구 대치동 945-23,116804166701,서울특별시 강남구 영동대로85길,20,7,1168010600109450023012120,,서울특별시 강남구 영동대로85길 20-7,135846,06181,,,,127.061617287475,37.5073800723549
MA010120220800243404,그린씨티개발,,N1,시설관리·임대,N104,고용 알선,N10401,고용 알선업,N75110,고용 알선업,11,서울특별시,11680,강남구,11680610,대치2동,1168010600,대치동,1168010600109450023,1,대지,945,23,서울특별시 강남구 대치동 945-23,116804166701,서울특별시 강남구 영동대로85길,20,7,1168010600109450023012120,우협빌딩,서울특별시 강남구 영동대로85길 20-7,135846,06181,,,,127.061617287475,37.5073800723549
MA010120220801073417,어트랙트엔터프라이즈,,M1,과학·기술,M107,본사·경영 컨설팅,M10703,경영 컨설팅업,M71531,경영 컨설팅업,11,서울특별시,11680,강남구,11680610,대치2동,1168010600,대치동,1168010600109450023,1,대지,945,23,서울특별시 강남구 대치동 945-23,116804166701,서울특별시 강남구 영동대로85길,20,7,1168010600109450023012120,우협빌딩,서울특별시 강남구 영동대로85길 20-7,135846,06181,,,,127.061617287475,37.5073800723549
MA010120220803797640,리버티컨설팅,,M1,과학·기술,M107,본사·경영 컨설팅,M10703,경영 컨설팅업,M71531,경영 컨설팅업,11,서울특별시,11680,강남구,11680610,대치2동,1168010600,대치동,1168010600109450023,1,대지,945,23,서울특별시 강남구 대치동 945-23,116804166701,서울특별시 강남구 영동대로85길,20,7,1168010600109450023012120,우협빌딩,서울특별시 강남구 영동대로85길 20-7,135846,06181,,,,127.061617287475,37.5073800723549
MA010120220804993145,더라움공인중개사사무소,,L1,부동산,L102,부동산 서비스,L10203,부동산 중개/대리업,L68221,부동산 중개 및 대리업,11,서울특별시,11680,강남구,11680610,대치2동,1168010600,대치동,1168010600109450023,1,대지,945,23,서울특별시 강남구 대치동 945-23,116804166701,서울특별시 강남구 영동대로85길,20,7,1168010600109450023012120,,서울특별시 강남구 영동대로85길 20-7,135846,06181,,5,,127.061617287475,37.5073800723549
MA010120220803876967,동영애드컴주,,M1,과학·기술,M105,광고,M10504,광고물 설계/제작업,M71393,"광고물 문안, 도안, 설계 등 작성업",11,서울특별시,11680,강남구,11680610,대치2동,1168010600,대치동,1168010600109450023,1,대지,945,23,서울특별시 강남구 대치동 945-23,116804166701,서울특별시 강남구 영동대로85길,20,7,1168010600109450023012120,우협빌딩,서울특별시 강남구 영동대로85길 20-7,135846,06181,,,,127.061617287475,37.5073800723549
MA010120220801074836,오딘주,,G2,소매,G209,섬유·의복·신발 소매,G20905,기타 의류 소매업,G47419,기타 의복 소매업,11,서울특별시,11680,강남구,11680610,대치2동,1168010600,대치동,1168010600109450023,1,대지,945,23,서울특별시 강남구 대치동 945-23,116804166701,서울특별시 강남구 영동대로85길,20,7,1168010600109450023012120,우협빌딩,서울특별시 강남구 영동대로85길 20-7,135846,06181,,4,,127.061617287475,37.5073800723549
MA010120220804065461,달리플래닝,,M1,과학·기술,M105,광고,M10504,광고물 설계/제작업,M71393,"광고물 문안, 도안, 설계 등 작성업",11,서울특별시,11680,강남구,11680610,대치2동,1168010600,대치동,1168010600109450023,1,대지,945,23,서울특별시 강남구 대치동 945-23,116804166701,서울특별시 강남구 영동대로85길,20,7,1168010600109450023012120,우협빌딩,서울특별시 강남구 영동대로85길 20-7,135846,06181,,4,,127.061617287475,37.5073800723549
MA010120220800251763,엔케이와이글로벌주,,M1,과학·기술,M107,본사·경영 컨설팅,M10703,경영 컨설팅업,M71531,경영 컨설팅업,11,서울특별시,11680,강남구,11680610,대치2동,1168010600,대치동,1168010600109450023,1,대지,945,23,서울특별시 강남구 대치동 945-23,116804166701,서울특별시 강남구 영동대로85길,20,7,1168010600109450023012120,우협빌딩,서울특별시 강남구 영동대로85길 20-7,135846,06181,,4,,127.061617287475,37.5073800723549
MA010120220805643264,"영진Design&ECCo.,Ltd",,M1,과학·기술,M109,기술 서비스,M10903,건물 및 토목 엔지니어링 서비스업,M72121,건물 및 토목 엔지니어링 서비스업,11,서울특별시,11680,강남구,11680610,대치2동,1168010600,대치동,1168010600109450023,1,대지,945,23,서울특별시 강남구 대치동 945-23,116804166701,서울특별시 강남구 영동대로85길,20,7,1168010600109450023012120,우협빌딩,서울특별시 강남구 영동대로85길 20-7,135846,06181,,4,,127.061617287475,37.5073800723549
MA010120220800448580,수커뮤니케이션즈,,M1,과학·기술,M105,광고,M10501,광고 대행업,M71310,광고 대행업,11,서울특별시,11680,강남구,11680610,대치2동,1168010600,대치동,1168010600109450023,1,대지,945,23,서울특별시 강남구 대치동 945-23,116804166701,서울특별시 강남구 영동대로85길,20,7,1168010600109450023012120,우협빌딩,서울특별시 강남구 영동대로85길 20-7,135846,06181,,5,,127.061617287475,37.5073800723549
MA010120220800395223,엔에스디플래닝주,,L1,부동산,L102,부동산 서비스,L10203,부동산 중개/대리업,L68221,부동산 중개 및 대리업,11,서울특별시,11680,강남구,11680610,대치2동,1168010600,대치동,1168010600109450023,1,대지,945,23,서울특별시 강남구 대치동 945-23,116804166701,서울특별시 강남구 영동대로85길,20,7,1168010600109450023012120,우협빌딩,서울특별시 강남구 영동대로85길 20-7,135846,06181,,4,,127.061617287475,37.5073800723549
MA010120220804495289,네트웍스,코리아,M1,과학·기술,M105,광고,M10501,광고 대행업,M71310,광고 대행업,11,서울특별시,11680,강남구,11680610,대치2동,1168010600,대치동,1168010600109450023,1,대지,945,23,서울특별시 강남구 대치동 945-23,116804166701,서울특별시 강남구 영동대로85길,20,7,1168010600109450023012120,우협빌딩,서울특별시 강남구 영동대로85길 20-7,135846,06181,,5,,127.061617287475,37.5073800723549
MA010120220801015321,다온에이치앤알,,N1,시설관리·임대,N104,고용 알선,N10402,임시/일용 인력 공급업,N75121,임시 및 일용 인력 공급업,11,서울특별시,11680,강남구,11680610,대치2동,1168010600,대치동,1168010600109450023,1,대지,945,23,서울특별시 강남구 대치동 945-23,116804166701,서울특별시 강남구 영동대로85길,20,7,1168010600109450023012120,우협빌딩,서울특별시 강남구 영동대로85길 20-7,135846,06181,,4,,127.061617287475,37.5073800723549
MA010120220805018871,그랑블루,,S2,수리·개인,S207,이용·미용,S20702,피부 관리실,S96113,피부 미용업,11,서울특별시,11680,강남구,11680610,대치2동,1168010600,대치동,1168010600109450020,1,대지,945,20,서울특별시 강남구 대치동 945-20,116804166701,서울특별시 강남구 영동대로85길,20,,1168010600109450020012140,,서울특별시 강남구 영동대로85길 20,135846,06181,,,,127.06168485875,37.5070286451821
MA010120220804390803,티피지엑스,,N1,시설관리·임대,N111,산업용품 대여,N11199,기타 산업용 기계/장비 대여업,N76390,기타 산업용 기계 및 장비 임대업,11,서울특별시,11680,강남구,11680610,대치2동,1168010600,대치동,1168010600109450020,1,대지,945,20,서울특별시 강남구 대치동 945-20,116804166701,서울특별시 강남구 영동대로85길,20,,1168010600109450020012140,대치3차,서울특별시 강남구 영동대로85길 20,135846,06181,,1,,127.06168485875,37.5070286451821
MA010120220803562326,에스앤유현대의원,,Q1,보건의료,Q102,의원,Q10209,기타 의원,Q86201,일반의원,11,서울특별시,11680,강남구,11680610,대치2동,1168010600,대치동,1168010600109450020,1,대지,945,20,서울특별시 강남구 대치동 945-20,116804166701,서울특별시 강남구 영동대로85길,20,,1168010600109450020012140,대치3차,서울특별시 강남구 영동대로85길 20,135846,06181,,2,,127.06168485875,37.5070286451821
MA010120220802691867,클린해브,,N1,시설관리·임대,N102,청소·방제,N10201,건축물 일반 청소업,N74211,건축물 일반 청소업,11,서울특별시,11680,강남구,11680610,대치2동,1168010600,대치동,1168010600109450030,1,대지,945,30,서울특별시 강남구 대치동 945-30,116804166701,서울특별시 강남구 영동대로85길,20,,1168010600109450020012140,대치3차,서울특별시 강남구 영동대로85길 20,135846,06181,,,,127.06168485875,37.5070286451821
MA010120220801047929,전자담배,삼성역,G2,소매,G207,담배 소매,G20701,담배/전자담배 소매업,G47222,담배 소매업,11,서울특별시,11680,강남구,11680610,대치2동,1168010600,대치동,1168010600109450020,1,대지,945,20,서울특별시 강남구 대치동 945-20,116804166701,서울특별시 강남구 영동대로85길,20,,1168010600109450020012140,대치3차,서울특별시 강남구 영동대로85길 20,135846,06181,,,,127.06168485875,37.5070286451821
MA010120220804353498,소더비,,G2,소매,G209,섬유·의복·신발 소매,G20902,여성 의류 소매업,G47412,여자용 겉옷 소매업,11,서울특별시,11680,강남구,11680610,대치2동,1168010600,대치동,1168010600109450020,1,대지,945,20,서울특별시 강남구 대치동 945-20,116804166701,서울특별시 강남구 영동대로85길,20,,1168010600109450020012140,대치3차,서울특별시 강남구 영동대로85길 20,135846,06181,,3,,127.06168485875,37.5070286451821
MA010120220801071882,김앤주인베스트먼트,,L1,부동산,L102,부동산 서비스,L10203,부동산 중개/대리업,L68221,부동산 중개 및 대리업,11,서울특별시,11680,강남구,11680610,대치2동,1168010600,대치동,1168010600109450022,1,대지,945,22,서울특별시 강남구 대치동 945-22,116804166701,서울특별시 강남구 영동대로85길,20,5,1168010600109450022012124,수륙빌딩,서울특별시 강남구 영동대로85길 20-5,135846,06181,,6,,127.061707686443,37.50728091463
MA010120220800172048,신우현대,,M1,과학·기술,M107,본사·경영 컨설팅,M10703,경영 컨설팅업,M71531,경영 컨설팅업,11,서울특별시,11680,강남구,11680610,대치2동,1168010600,대치동,1168010600109450022,1,대지,945,22,서울특별시 강남구 대치동 945-22,116804166701,서울특별시 강남구 영동대로85길,20,5,1168010600109450022012124,수륙빌딩,서울특별시 강남구 영동대로85길 20-5,135846,06181,,5,,127.061707686443,37.50728091463
MA010120220800899536,한국기업거래소주,,M1,과학·기술,M107,본사·경영 컨설팅,M10703,경영 컨설팅업,M71531,경영 컨설팅업,11,서울특별시,11680,강남구,11680610,대치2동,1168010600,대치동,1168010600109450022,1,대지,945,22,서울특별시 강남구 대치동 945-22,116804166701,서울특별시 강남구 영동대로85길,20,5,1168010600109450022012124,,서울특별시 강남구 영동대로85길 20-5,135846,06181,,4,,127.061707686443,37.50728091463
MA010120220801045039,봉남이네,,I2,음식,I201,한식,I20105,국수/칼국수,I56112,한식 면 요리 전문점,11,서울특별시,11680,강남구,11680610,대치2동,1168010600,대치동,1168010600109450022,1,대지,945,22,서울특별시 강남구 대치동 945-22,116804166701,서울특별시 강남구 영동대로85길,20,5,1168010600109450022012124,수륙빌딩,서울특별시 강남구 영동대로85길 20-5,135846,06181,,1,,127.061707686443,37.50728091463
MA010120220801057252,에이엠영보,,N1,시설관리·임대,N101,시설관리,N10101,사업시설 유지·관리 서비스업,N74100,사업시설 유지ㆍ관리 서비스업,11,서울특별시,11680,강남구,11680610,대치2동,1168010600,대치동,1168010600109450022,1,대지,945,22,서울특별시 강남구 대치동 945-22,116804166701,서울특별시 강남구 영동대로85길,20,5,1168010600109450022012124,,서울특별시 강남구 영동대로85길 20-5,135846,06181,,6,,127.061707686443,37.50728091463
MA010120220801060322,슈페리어타워주,,G2,소매,G218,장식품 소매,G21801,예술품 소매업,G47841,예술품 및 골동품 소매업,11,서울특별시,11680,강남구,11680610,대치2동,1168010600,대치동,1168010600109450005,1,대지,945,5,서울특별시 강남구 대치동 945-5,116803122010,서울특별시 강남구 테헤란로,528,,1168010600109450005000001,대치동6,서울특별시 강남구 테헤란로 528,135846,06181,,,,127.061991108347,37.5080916705636
MA010120220801046439,견의원,,Q1,보건의료,Q102,의원,Q10204,피부/비뇨기과 의원,Q86201,일반의원,11,서울특별시,11680,강남구,11680610,대치2동,1168010600,대치동,1168010600109450005,1,대지,945,5,서울특별시 강남구 대치동 945-5,116803122010,서울특별시 강남구 테헤란로,528,,1168010600109450005000001,슈페리어타워,서울특별시 강남구 테헤란로 528,135846,06181,,,,127.061991108347,37.5080916705636
MA010120220801046431,삼성연세고운미소치과의원,,Q1,보건의료,Q102,의원,Q10210,치과의원,Q86202,치과의원,11,서울특별시,11680,강남구,11680610,대치2동,1168010600,대치동,1168010600109450005,1,대지,945,5,서울특별시 강남구 대치동 945-5,116803122010,서울특별시 강남구 테헤란로,528,,1168010600109450005000001,슈페리어타워,서울특별시 강남구 테헤란로 528,135846,06181,,7,,127.061991108347,37.5080916705636
MA010120220800930586,사이먼,,M1,과학·기술,M107,본사·경영 컨설팅,M10703,경영 컨설팅업,M71531,경영 컨설팅업,11,서울특별시,11680,강남구,11680610,대치2동,1168010600,대치동,1168010600109450005,1,대지,945,5,서울특별시 강남구 대치동 945-5,116803122010,서울특별시 강남구 테헤란로,528,,1168010600109450005000001,슈페리어타워,서울특별시 강남구 테헤란로 528,135846,06181,,15,,127.061991108347,37.5080916705636
MA010120220801046069,준오헤어,,S2,수리·개인,S207,이용·미용,S20701,미용실,S96112,두발 미용업,11,서울특별시,11680,강남구,11680610,대치2동,1168010600,대치동,1168010600109450005,1,대지,945,5,서울특별시 강남구 대치동 945-5,116803122010,서울특별시 강남구 테헤란로,528,,1168010600109450005000001,슈페리어타워,서울특별시 강남구 테헤란로 528,135846,06181,,,,127.061991108347,37.5080916705636
MA010120220801071914,레오미나,코리아,G2,소매,G218,장식품 소매,G21801,예술품 소매업,M71531,경영 컨설팅업,11,서울특별시,11680,강남구,11680610,대치2동,1168010600,대치동,1168010600109450005,1,대지,945,5,서울특별시 강남구 대치동 945-5,116803122010,서울특별시 강남구 테헤란로,528,,1168010600109450005000001,슈페리어타워,서울특별시 강남구 테헤란로 528,135846,06181,,,,127.061991108347,37.5080916705636
MA010120220800667353,누토피아협동조합,,P1,교육,P106,기타 교육,P10619,사회교육시설,P85640,사회교육시설,11,서울특별시,11680,강남구,11680610,대치2동,1168010600,대치동,1168010600109450005,1,대지,945,5,서울특별시 강남구 대치동 945-5,116803122010,서울특별시 강남구 테헤란로,528,,1168010600109450005000001,슈페리어타워,서울특별시 강남구 테헤란로 528,135846,06181,,13,,127.061991108347,37.5080916705636
MA010120220800011191,가인미가,,S2,수리·개인,S207,이용·미용,S20702,피부 관리실,S96113,피부 미용업,11,서울특별시,11680,강남구,11680610,대치2동,1168010600,대치동,1168010600109450005,1,대지,945,5,서울특별시 강남구 대치동 945-5,116803122010,서울특별시 강남구 테헤란로,528,,1168010600109450005000001,슈페리어빌딩,서울특별시 강남구 테헤란로 528,135846,06181,,,,127.061991108347,37.5080916705636
MA010120220801072691,누토아이티시,,L1,부동산,L102,부동산 서비스,L10203,부동산 중개/대리업,L68221,부동산 중개 및 대리업,11,서울특별시,11680,강남구,11680610,대치2동,1168010600,대치동,1168010600109450005,1,대지,945,5,서울특별시 강남구 대치동 945-5,116803122010,서울특별시 강남구 테헤란로,528,,1168010600109450005000001,슈페리어타워,서울특별시 강남구 테헤란로 528,135846,06181,,13,,127.061991108347,37.5080916705636
MA010120220803156937,커머스플랜,,L1,부동산,L102,부동산 서비스,L10203,부동산 중개/대리업,L68221,부동산 중개 및 대리업,11,서울특별시,11680,강남구,11680610,대치2동,1168010600,대치동,1168010600109450010,1,대지,945,10,서울특별시 강남구 대치동 945-10,116804166769,서울특별시 강남구 테헤란로98길,8,,1168010600109450010000001,KOSM,서울특별시 강남구 테헤란로98길 8,135846,06181,,12,,127.06201338584,37.5076771966704
MA010120220801041462,GS25대치,삼성점,G2,소매,G204,종합 소매,G20405,편의점,G47122,체인화 편의점,11,서울특별시,11680,강남구,11680610,대치2동,1168010600,대치동,1168010600109450010,1,대지,945,10,서울특별시 강남구 대치동 945-10,116804166769,서울특별시 강남구 테헤란로98길,8,,1168010600109450010000001,KT&G코스모대치타워,서울특별시 강남구 테헤란로98길 8,135846,06181,,1,,127.06201338584,37.5076771966704
MA010120220804464532,알찬교육컨설팅,,P1,교육,P107,교육 지원,P10701,교육컨설팅업,P85701,교육관련 자문 및 평가업,11,서울특별시,11680,강남구,11680610,대치2동,1168010600,대치동,1168010600109450010,1,대지,945,10,서울특별시 강남구 대치동 945-10,116804166769,서울특별시 강남구 테헤란로98길,8,,1168010600109450010000001,KOSM,서울특별시 강남구 테헤란로98길 8,135846,06181,,3,,127.06201338584,37.5076771966704
MA010120220801536665,엘와이에스,,M1,과학·기술,M107,본사·경영 컨설팅,M10703,경영 컨설팅업,M71531,경영 컨설팅업,11,서울특별시,11680,강남구,11680610,대치2동,1168010600,대치동,1168010600109450010,1,대지,945,10,서울특별시 강남구 대치동 945-10,116804166769,서울특별시 강남구 테헤란로98길,8,,1168010600109450010000001,,서울특별시 강남구 테헤란로98길 8,135846,06181,,3,,127.06201338584,37.5076771966704
MA010120220800828671,컴퓨터출장수리애플맥북수리데이타복구유지보수,삼성역,S2,수리·개인,S201,컴퓨터 수리,S20101,컴퓨터/노트북/프린터 수리업,S95110,컴퓨터 및 주변 기기 수리업,11,서울특별시,11680,강남구,11680610,대치2동,1168010600,대치동,1168010600109450010,1,대지,945,10,서울특별시 강남구 대치동 945-10,116804166769,서울특별시 강남구 테헤란로98길,8,,1168010600109450010000001,,서울특별시 강남구 테헤란로98길 8,135846,06181,,3,,127.06201338584,37.5076771966704
MA010120220803035348,체스터톤스르부르낙산,,M1,과학·기술,M107,본사·경영 컨설팅,M10703,경영 컨설팅업,M71531,경영 컨설팅업,11,서울특별시,11680,강남구,11680610,대치2동,1168010600,대치동,1168010600109450010,1,대지,945,10,서울특별시 강남구 대치동 945-10,116804166769,서울특별시 강남구 테헤란로98길,8,,1168010600109450010000001,대치타워,서울특별시 강남구 테헤란로98길 8,135846,06181,,3,,127.06201338584,37.5076771966704
MA010120220805537016,제이쓰엔엠,,M1,과학·기술,M107,본사·경영 컨설팅,M10703,경영 컨설팅업,M71531,경영 컨설팅업,11,서울특별시,11680,강남구,11680610,대치2동,1168010600,대치동,1168010600109450010,1,대지,945,10,서울특별시 강남구 대치동 945-10,116804166769,서울특별시 강남구 테헤란로98길,8,,1168010600109450010000001,대치타워,서울특별시 강남구 테헤란로98길 8,135846,06181,,3,,127.06201338584,37.5076771966704
MA010120220801038633,미니스톱,삼성역점,G2,소매,G204,종합 소매,G20405,편의점,G47122,체인화 편의점,11,서울특별시,11680,강남구,11680610,대치2동,1168010600,대치동,1168010600109460000,1,대지,946,,서울특별시 강남구 대치동 946,116803122010,서울특별시 강남구 테헤란로,532,,1168010600109460000012080,,서울특별시 강남구 테헤란로 532,135846,06181,,,,127.062273952566,37.5081996423581
MA010120220803103880,한국표준금거래소강남,,G2,소매,G217,시계·귀금속 소매,G21701,시계/귀금속 소매업,G47830,시계 및 귀금속 소매업,11,서울특별시,11680,강남구,11680610,대치2동,1168010600,대치동,1168010600109460000,1,대지,946,,서울특별시 강남구 대치동 946,116803122010,서울특별시 강남구 테헤란로,532,,1168010600109460000012080,,서울특별시 강남구 테헤란로 532,135846,06181,,1,,127.062273952566,37.5081996423581
MA010120220801030364,업소명없음,,L1,부동산,L102,부동산 서비스,L10203,부동산 중개/대리업,L68221,부동산 중개 및 대리업,11,서울특별시,11680,강남구,11680610,대치2동,1168010600,대치동,1168010600109460000,1,대지,946,,서울특별시 강남구 대치동 946,116803122010,서울특별시 강남구 테헤란로,532,,1168010600109460000012080,,서울특별시 강남구 테헤란로 532,135846,06181,,,,127.062273952566,37.5081996423581
MA010120220803170215,허지웅약국,,G2,소매,G215,의약·화장품 소매,G21501,약국,G47811,의약품 및 의료용품 소매업,11,서울특별시,11680,강남구,11680610,대치2동,1168010600,대치동,1168010600109460000,1,대지,946,,서울특별시 강남구 대치동 946,116803122010,서울특별시 강남구 테헤란로,532,,1168010600109460000012080,,서울특별시 강남구 테헤란로 532,135846,06181,,1,,127.062273952566,37.5081996423581
MA010120220801030906,월매네주막,,I2,음식,I211,주점,I21104,요리 주점,I56219,기타 주점업,11,서울특별시,11680,강남구,11680610,대치2동,1168010600,대치동,1168010600109460000,1,대지,946,,서울특별시 강남구 대치동 946,116803122010,서울특별시 강남구 테헤란로,532,,1168010600109460000012080,,서울특별시 강남구 테헤란로 532,135846,06181,,1,,127.062273952566,37.5081996423581
MA010120220801060269,엠앤아이트리어삼성지점주,,G2,소매,G209,섬유·의복·신발 소매,G20902,여성 의류 소매업,G47412,여자용 겉옷 소매업,11,서울특별시,11680,강남구,11680610,대치2동,1168010600,대치동,1168010600109460000,1,대지,946,,서울특별시 강남구 대치동 946,116803122010,서울특별시 강남구 테헤란로,532,,1168010600109460000012080,,서울특별시 강남구 테헤란로 532,135846,06181,,,,127.062273952566,37.5081996423581
MA010120220803613778,뚜레쥬르,삼성점,I2,음식,I210,기타 간이,I21001,빵/도넛,I56191,제과점업,11,서울특별시,11680,강남구,11680610,대치2동,1168010600,대치동,1168010600109500000,1,대지,950,,서울특별시 강남구 대치동 950,116804166701,서울특별시 강남구 영동대로85길,17,,1168010600109500000027442,우정에쉐르,서울특별시 강남구 영동대로85길 17,135847,06183,,1,,127.062284162324,37.5068751598688
MA010120220804302722,세계프라임,,G2,소매,G212,기타 생활용품 소매,G21201,전기용품/조명장치 소매업,G47591,전기용품 및 조명장치 소매업,11,서울특별시,11680,강남구,11680610,대치2동,1168010600,대치동,1168010600109510006,1,대지,951,6,서울특별시 강남구 대치동 951-6,116804166768,서울특별시 강남구 테헤란로92길,39,,1168010600109510006012193,동해빌딩,서울특별시 강남구 테헤란로92길 39,135847,06183,,,,127.062317410745,37.506055227785
MA010120220801249652,노블스테이,,M1,과학·기술,M109,기술 서비스,M10903,건물 및 토목 엔지니어링 서비스업,M72121,건물 및 토목 엔지니어링 서비스업,11,서울특별시,11680,강남구,11680610,대치2동,1168010600,대치동,1168010600109510006,1,대지,951,6,서울특별시 강남구 대치동 951-6,116804166768,서울특별시 강남구 테헤란로92길,39,,1168010600109510006012193,동해빌딩,서울특별시 강남구 테헤란로92길 39,135847,06183,,5,,127.062317410745,37.506055227785
MA010120220806000111,정목엔지니어링종합건축사사무소,,M1,과학·기술,M109,기술 서비스,M10901,건축 설계 및 관련 서비스업,M72111,건축 설계 및 관련 서비스업,11,서울특별시,11680,강남구,11680610,대치2동,1168010600,대치동,1168010600109510006,1,대지,951,6,서울특별시 강남구 대치동 951-6,116804166768,서울특별시 강남구 테헤란로92길,39,,1168010600109510006012193,동해빌딩,서울특별시 강남구 테헤란로92길 39,135847,06183,,1,,127.062317410745,37.506055227785
MA010120220801069874,지지엔터프라이즈,,L1,부동산,L102,부동산 서비스,L10203,부동산 중개/대리업,L68221,부동산 중개 및 대리업,11,서울특별시,11680,강남구,11680610,대치2동,1168010600,대치동,1168010600109450015,1,대지,945,15,서울특별시 강남구 대치동 945-15,116804166769,서울특별시 강남구 테헤란로98길,16,,1168010600109450015012126,장학빌딩,서울특별시 강남구 테헤란로98길 16,135846,06181,,3,,127.062363647073,37.5072535399926
MA010120220801025707,대한민국,,I2,음식,I201,한식,I20107,돼지고기 구이/찜,I56113,한식 육류 요리 전문점,11,서울특별시,11680,강남구,11680610,대치2동,1168010600,대치동,1168010600109500002,1,대지,950,2,서울특별시 강남구 대치동 950-2,116804166701,서울특별시 강남구 영동대로85길,17,5,1168010600109500002012150,대치동,서울특별시 강남구 영동대로85길 17-5,135847,06183,,,,127.06238583229,37.5067309454259
MA010120220800144859,알파문구,,G2,소매,G213,오락용품 소매,G21302,문구/회화용품 소매업,G47612,문구용품 및 회화용품 소매업,11,서울특별시,11680,강남구,11680610,대치2동,1168010600,대치동,1168010600109500001,1,대지,950,1,서울특별시 강남구 대치동 950-1,116804166701,서울특별시 강남구 영동대로85길,13,,1168010600109500001028185,동송석빌딩,서울특별시 강남구 영동대로85길 13,135847,06183,,1,,127.062600887255,37.5069290527397
MA010120220805337719,투윈클,,N1,시설관리·임대,N102,청소·방제,N10201,건축물 일반 청소업,N74211,건축물 일반 청소업,11,서울특별시,11680,강남구,11680610,대치2동,1168010600,대치동,1168010600109500001,1,대지,950,1,서울특별시 강남구 대치동 950-1,116804166701,서울특별시 강남구 영동대로85길,13,,1168010600109500001028185,대치동송석빌딩,서울특별시 강남구 영동대로85길 13,135847,06183,,1,,127.062600887255,37.5069290527397
MA010120220801027083,인터텔,,I1,숙박,I102,기타 숙박,I10201,기숙사/고시원,I55901,기숙사 및 고시원 운영업,11,서울특별시,11680,강남구,11680610,대치2동,1168010600,대치동,1168010600109500006,1,대지,950,6,서울특별시 강남구 대치동 950-6,116804166701,서울특별시 강남구 영동대로85길,17,11,1168010600109500006012178,,서울특별시 강남구 영동대로85길 17-11,135847,06183,,,,127.062634275259,37.5062803114588
MA010120220803156716,커피스미스에프씨,삼성점,I2,음식,I212,비알코올 ,I21201,카페,I56221,커피 전문점,11,서울특별시,11680,강남구,11680610,대치2동,1168010600,대치동,1168010600109460016,1,대지,946,16,서울특별시 강남구 대치동 946-16,116804166769,서울특별시 강남구 테헤란로98길,15,,1168010600109460016012119,,서울특별시 강남구 테헤란로98길 15,135846,06181,,2,,127.06273699181,37.5073884930262
MA010120220801036653,씨유,대치점,G2,소매,G204,종합 소매,G20405,편의점,G47122,체인화 편의점,11,서울특별시,11680,강남구,11680610,대치2동,1168010600,대치동,1168010600109460016,1,대지,946,16,서울특별시 강남구 대치동 946-16,116804166769,서울특별시 강남구 테헤란로98길,15,,1168010600109460016012119,,서울특별시 강남구 테헤란로98길 15,135846,06181,,1,,127.06273699181,37.5073884930262
MA010120220804290750,협연종합건축사사무소주,,M1,과학·기술,M109,기술 서비스,M10901,건축 설계 및 관련 서비스업,M72111,건축 설계 및 관련 서비스업,11,서울특별시,11680,강남구,11680610,대치2동,1168010600,대치동,1168010600109500011,1,대지,950,11,서울특별시 강남구 대치동 950-11,116804166769,서울특별시 강남구 테헤란로98길,28,,1168010600109500011012159,,서울특별시 강남구 테헤란로98길 28,135847,06183,,4,,127.062804142693,37.5065415127185
MA010120220800849518,정보와미래주,,N1,시설관리·임대,N101,시설관리,N10101,사업시설 유지·관리 서비스업,N74100,사업시설 유지ㆍ관리 서비스업,11,서울특별시,11680,강남구,11680610,대치2동,1168010600,대치동,1168010600109500011,1,대지,950,11,서울특별시 강남구 대치동 950-11,116804166769,서울특별시 강남구 테헤란로98길,28,,1168010600109500011012159,성연빌딩,서울특별시 강남구 테헤란로98길 28,135847,06183,,6,,127.062804142693,37.5065415127185
MA010120220803242604,이봉,,I2,음식,I201,한식,I20101,백반/한정식,I56111,한식 일반 음식점업,11,서울특별시,11680,강남구,11680610,대치2동,1168010600,대치동,1168010600109500011,1,대지,950,11,서울특별시 강남구 대치동 950-11,116804166769,서울특별시 강남구 테헤란로98길,28,,1168010600109500011012159,성연빌딩,서울특별시 강남구 테헤란로98길 28,135847,06183,,1,,127.062804142693,37.5065415127185
MA010120220800171901,머큐리밸류파트너스,,M1,과학·기술,M107,본사·경영 컨설팅,M10703,경영 컨설팅업,M71531,경영 컨설팅업,11,서울특별시,11680,강남구,11680610,대치2동,1168010600,대치동,1168010600109460001,1,대지,946,1,서울특별시 강남구 대치동 946-1,116803122010,서울특별시 강남구 테헤란로,534,,1168010600109460008012087,글라스타워,서울특별시 강남구 테헤란로 534,135708,06181,,20,,127.062805395724,37.5080371801361
MA010120220800831232,에이치아너스,,M1,과학·기술,M107,본사·경영 컨설팅,M10703,경영 컨설팅업,M71531,경영 컨설팅업,11,서울특별시,11680,강남구,11680610,대치2동,1168010600,대치동,1168010600109460001,1,대지,946,1,서울특별시 강남구 대치동 946-1,116803122010,서울특별시 강남구 테헤란로,534,,1168010600109460008012087,글라스타워빌딩,서울특별시 강남구 테헤란로 534,135708,06181,,10,,127.062805395724,37.5080371801361
MA010120220800817187,골든컴퍼스주,,M1,과학·기술,M107,본사·경영 컨설팅,M10703,경영 컨설팅업,M71531,경영 컨설팅업,11,서울특별시,11680,강남구,11680610,대치2동,1168010600,대치동,1168010600109460001,1,대지,946,1,서울특별시 강남구 대치동 946-1,116803122010,서울특별시 강남구 테헤란로,534,,1168010600109460008012087,글라스타워빌딩,서울특별시 강남구 테헤란로 534,135708,06181,,20,,127.062805395724,37.5080371801361
MA010120220804069174,아이엑스엘,코리아,M1,과학·기술,M107,본사·경영 컨설팅,M10703,경영 컨설팅업,M71531,경영 컨설팅업,11,서울특별시,11680,강남구,11680610,대치2동,1168010600,대치동,1168010600109460001,1,대지,946,1,서울특별시 강남구 대치동 946-1,116803122010,서울특별시 강남구 테헤란로,534,,1168010600109460008012087,글라스타워빌딩,서울특별시 강남구 테헤란로 534,135708,06181,,20,,127.062805395724,37.5080371801361
MA010120220801044204,글라스커피,,I2,음식,I212,비알코올 ,I21201,카페,I56221,커피 전문점,11,서울특별시,11680,강남구,11680610,대치2동,1168010600,대치동,1168010600109460001,1,대지,946,1,서울특별시 강남구 대치동 946-1,116803122010,서울특별시 강남구 테헤란로,534,,1168010600109460008012087,글래스타워빌딩,서울특별시 강남구 테헤란로 534,135708,06181,,1,,127.062805395724,37.5080371801361
MA010120220804906496,아바커스,,M1,과학·기술,M115,기타 전문 과학,M11502,번역/통역 서비스업,M73902,번역 및 통역 서비스업,11,서울특별시,11680,강남구,11680610,대치2동,1168010600,대치동,1168010600109460001,1,대지,946,1,서울특별시 강남구 대치동 946-1,116803122010,서울특별시 강남구 테헤란로,534,,1168010600109460008012087,글라스타워,서울특별시 강남구 테헤란로 534,135708,06181,,20,,127.062805395724,37.5080371801361
MA010120220804065907,올투비컨설팅,,M1,과학·기술,M107,본사·경영 컨설팅,M10703,경영 컨설팅업,M71531,경영 컨설팅업,11,서울특별시,11680,강남구,11680610,대치2동,1168010600,대치동,1168010600109460001,1,대지,946,1,서울특별시 강남구 대치동 946-1,116803122010,서울특별시 강남구 테헤란로,534,,1168010600109460008012087,글라스타워빌딩,서울특별시 강남구 테헤란로 534,135708,06181,,20,,127.062805395724,37.5080371801361
MA010120220801067546,인터웍스미디어주,,M1,과학·기술,M105,광고,M10501,광고 대행업,M71310,광고 대행업,11,서울특별시,11680,강남구,11680610,대치2동,1168010600,대치동,1168010600109460001,1,대지,946,1,서울특별시 강남구 대치동 946-1,116803122010,서울특별시 강남구 테헤란로,534,,1168010600109460008012087,글라스타워,서울특별시 강남구 테헤란로 534,135708,06181,,30,,127.062805395724,37.5080371801361
MA010120220801045683,GS25,삼성역점,G2,소매,G204,종합 소매,G20405,편의점,G47122,체인화 편의점,11,서울특별시,11680,강남구,11680580,삼성1동,1168010500,삼성동,1168010500101680000,1,대지,168,,서울특별시 강남구 삼성동 168,116802122002,서울특별시 강남구 영동대로,510,,1168010500101680000016524,,서울특별시 강남구 영동대로 510,135882,06173,,1,,127.062852736565,37.5105419476433
MA010120220805158044,슈퍼트램프,,M1,과학·기술,M112,전문 디자인,M11201,인테리어 디자인업,M73201,인테리어 디자인업,11,서울특별시,11680,강남구,11680580,삼성1동,1168010500,삼성동,1168010500101680000,1,대지,168,,서울특별시 강남구 삼성동 168,116802122002,서울특별시 강남구 영동대로,510,,1168010500101680000016524,삼성빌딩,서울특별시 강남구 영동대로 510,135882,06173,,,,127.062852736565,37.5105419476433
MA010120220805086026,비상법무사,,M1,과학·기술,M103,법무관련 ,M10303,법무사,M71103,법무사업,11,서울특별시,11680,강남구,11680580,삼성1동,1168010500,삼성동,1168010500101680000,1,대지,168,,서울특별시 강남구 삼성동 168,116802122002,서울특별시 강남구 영동대로,510,,1168010500101680000016524,,서울특별시 강남구 영동대로 510,135882,06173,,3,,127.062852736565,37.5105419476433
MA010120220803332459,앤빌,,M1,과학·기술,M115,기타 전문 과학,M11504,사업/무형 재산권 중개업,M73903,사업 및 무형 재산권 중개업,11,서울특별시,11680,강남구,11680580,삼성1동,1168010500,삼성동,1168010500101680000,1,대지,168,,서울특별시 강남구 삼성동 168,116802122002,서울특별시 강남구 영동대로,510,,1168010500101680000016524,실삼성빌딩,서울특별시 강남구 영동대로 510,135882,06173,,4,,127.062852736565,37.5105419476433
MA010120220800575374,비캐츠인터내셔널,,G2,소매,G209,섬유·의복·신발 소매,G20907,액세서리/잡화 소매업,G47422,의복 액세서리 및 모조 장신구 소매업,11,서울특별시,11680,강남구,11680580,삼성1동,1168010500,삼성동,1168010500101680000,1,대지,168,,서울특별시 강남구 삼성동 168,116802122002,서울특별시 강남구 영동대로,510,,1168010500101680000016524,삼성빌딩,서울특별시 강남구 영동대로 510,135882,06173,,3,,127.062852736565,37.5105419476433
MA010120220801029453,세무사박인호사무소,,M1,과학·기술,M104,회계·세무,M10402,세무사,M71202,세무사업,11,서울특별시,11680,강남구,11680580,삼성1동,1168010500,삼성동,1168010500101680000,1,대지,168,,서울특별시 강남구 삼성동 168,116802122002,서울특별시 강남구 영동대로,510,,1168010500101680000016524,삼성빌딩,서울특별시 강남구 영동대로 510,135882,06173,,5,,127.062852736565,37.5105419476433
MA010120220801022778,푸세울닭,,I2,음식,I210,기타 간이,I21006,치킨,I56193,치킨 전문점,11,서울특별시,11680,강남구,11680580,삼성1동,1168010500,삼성동,1168010500101680000,1,대지,168,,서울특별시 강남구 삼성동 168,116802122002,서울특별시 강남구 영동대로,510,,1168010500101680000016524,,서울특별시 강남구 영동대로 510,135882,06173,,1,,127.062852736565,37.5105419476433
MA010120220804452722,한뫼컨설팅,,M1,과학·기술,M112,전문 디자인,M11203,시각 디자인업,M73203,시각 디자인업,11,서울특별시,11680,강남구,11680580,삼성1동,1168010500,삼성동,1168010500101680000,1,대지,168,,서울특별시 강남구 삼성동 168,116802122002,서울특별시 강남구 영동대로,510,,1168010500101680000016524,삼성빌딩,서울특별시 강남구 영동대로 510,135882,06173,,3,,127.062852736565,37.5105419476433
MA010120220801071373,코어앤플러스,,M1,과학·기술,M107,본사·경영 컨설팅,M10703,경영 컨설팅업,M71531,경영 컨설팅업,11,서울특별시,11680,강남구,11680580,삼성1동,1168010500,삼성동,1168010500101680000,1,대지,168,,서울특별시 강남구 삼성동 168,116802122002,서울특별시 강남구 영동대로,510,,1168010500101680000016524,삼성빌딩,서울특별시 강남구 영동대로 510,135882,06173,,,,127.062852736565,37.5105419476433
MA010120220801020124,씨티텔레콤,,M1,과학·기술,M107,본사·경영 컨설팅,M10703,경영 컨설팅업,M71531,경영 컨설팅업,11,서울특별시,11680,강남구,11680580,삼성1동,1168010500,삼성동,1168010500101680000,1,대지,168,,서울특별시 강남구 삼성동 168,116802122002,서울특별시 강남구 영동대로,510,,1168010500101680000016524,삼성빌딩,서울특별시 강남구 영동대로 510,135882,06173,,,,127.062852736565,37.5105419476433
MA010120220801629643,이사찾기주,,M1,과학·기술,M115,기타 전문 과학,M11504,사업/무형 재산권 중개업,M73903,사업 및 무형 재산권 중개업,11,서울특별시,11680,강남구,11680580,삼성1동,1168010500,삼성동,1168010500101680000,1,대지,168,,서울특별시 강남구 삼성동 168,116802122002,서울특별시 강남구 영동대로,510,,1168010500101680000016524,삼성빌딩,서울특별시 강남구 영동대로 510,135882,06173,,,,127.062852736565,37.5105419476433
MA010120220800226942,둘둘치킨,,I2,음식,I210,기타 간이,I21006,치킨,I56193,치킨 전문점,11,서울특별시,11680,강남구,11680610,대치2동,1168010600,대치동,1168010600109460015,1,대지,946,15,서울특별시 강남구 대치동 946-15,116804166701,서울특별시 강남구 영동대로85길,6,,1168010600109460015012118,,서울특별시 강남구 영동대로85길 6,135846,06181,,,,127.062940603326,37.507424424905
MA010120220804051793,골프72,,R1,예술·스포츠,R103,스포츠 서비스,R10311,골프 연습장,R91136,골프 연습장 운영업,11,서울특별시,11680,강남구,11680610,대치2동,1168010600,대치동,1168010600109470002,1,대지,947,2,서울특별시 강남구 대치동 947-2,116804166769,서울특별시 강남구 테헤란로98길,23,,1168010600109470002012143,신아빌딩,서울특별시 강남구 테헤란로98길 23,135846,06182,,1,,127.063098512109,37.5069107678749
MA010120220804462676,세무그룹삼익,,M1,과학·기술,M104,회계·세무,M10402,세무사,M71202,세무사업,11,서울특별시,11680,강남구,11680610,대치2동,1168010600,대치동,1168010600109470002,1,대지,947,2,서울특별시 강남구 대치동 947-2,116804166769,서울특별시 강남구 테헤란로98길,23,,1168010600109470002012143,신아실업,서울특별시 강남구 테헤란로98길 23,135846,06182,,5,,127.063098512109,37.5069107678749
MA010120220804462877,세무회계삼익,,M1,과학·기술,M104,회계·세무,M10402,세무사,M71202,세무사업,11,서울특별시,11680,강남구,11680610,대치2동,1168010600,대치동,1168010600109470002,1,대지,947,2,서울특별시 강남구 대치동 947-2,116804166769,서울특별시 강남구 테헤란로98길,23,,1168010600109470002012143,신아빌딩,서울특별시 강남구 테헤란로98길 23,135846,06182,,5,,127.063098512109,37.5069107678749
MA010120220804488692,세무법인세율,,M1,과학·기술,M104,회계·세무,M10402,세무사,M71202,세무사업,11,서울특별시,11680,강남구,11680610,대치2동,1168010600,대치동,1168010600109470002,1,대지,947,2,서울특별시 강남구 대치동 947-2,116804166769,서울특별시 강남구 테헤란로98길,23,,1168010600109470002012143,신아빌딩,서울특별시 강남구 테헤란로98길 23,135846,06182,,4,,127.063098512109,37.5069107678749
MA010120220800813119,글로벌세아,,M1,과학·기술,M107,본사·경영 컨설팅,M10703,경영 컨설팅업,M71531,경영 컨설팅업,11,서울특별시,11680,강남구,11680610,대치2동,1168010600,대치동,1168010600109460012,1,대지,946,12,서울특별시 강남구 대치동 946-12,116802122002,서울특별시 강남구 영동대로,429,,1168010600109460013014586,세아빌딩,서울특별시 강남구 영동대로 429,135846,06181,,,,127.063144359232,37.5076315472729
MA010120220801044492,파스쿠찌,삼성역점,I2,음식,I212,비알코올 ,I21201,카페,I56221,커피 전문점,11,서울특별시,11680,강남구,11680580,삼성1동,1168010500,삼성동,1168010500101680021,1,대지,168,21,서울특별시 강남구 삼성동 168-21,116804166703,서울특별시 강남구 영동대로96길,8,,1168010500101680021027909,석광빌딩,서울특별시 강남구 영동대로96길 8,135882,06173,,1,,127.063214696819,37.5105687846194
MA010120220803420291,당스이화,,P1,교육,P106,기타 교육,P10613,기타 예술/스포츠 교육기관,P85629,기타 예술학원,11,서울특별시,11680,강남구,11680610,대치2동,1168010600,대치동,1168010600109670002,1,대지,967,2,서울특별시 강남구 대치동 967-2,116803122008,서울특별시 강남구 역삼로,550,,1168010600109670002012400,,서울특별시 강남구 역삼로 550,135848,06187,,2,,127.06325469307,37.5043518298006
MA010120220805099959,달콤커피,대치점,I2,음식,I212,비알코올 ,I21201,카페,I56221,커피 전문점,11,서울특별시,11680,강남구,11680610,대치2동,1168010600,대치동,1168010600109520002,1,대지,952,2,서울특별시 강남구 대치동 952-2,116803122008,서울특별시 강남구 역삼로,555,,1168010600109520002000001,대치동더블유타워,서울특별시 강남구 역삼로 555,135847,06183,,지,,127.063368337492,37.5050004926842
MA010120220804032732,더퀸뷰티샵,,G2,소매,G215,의약·화장품 소매,G21503,화장품 소매업,G47813,"화장품, 비누 및 방향제 소매업",11,서울특별시,11680,강남구,11680610,대치2동,1168010600,대치동,1168010600109520002,1,대지,952,2,서울특별시 강남구 대치동 952-2,116803122008,서울특별시 강남구 역삼로,555,,1168010600109520002000001,대치동더블유타워,서울특별시 강남구 역삼로 555,135847,06183,,1,,127.063368337492,37.5050004926842
MA010120220805864547,실크캐슬,,M1,과학·기술,M107,본사·경영 컨설팅,M10703,경영 컨설팅업,M71531,경영 컨설팅업,11,서울특별시,11680,강남구,11680610,대치2동,1168010600,대치동,1168010600109670003,1,대지,967,3,서울특별시 강남구 대치동 967-3,116803122008,서울특별시 강남구 역삼로,552,,1168010600109670003012402,K,서울특별시 강남구 역삼로 552,135848,06187,,7,,127.063480999734,37.5044868591979
MA010120220803799856,인터케이주,,G2,소매,G209,섬유·의복·신발 소매,G20907,액세서리/잡화 소매업,G47422,의복 액세서리 및 모조 장신구 소매업,11,서울특별시,11680,강남구,11680610,대치2동,1168010600,대치동,1168010600109670003,1,대지,967,3,서울특별시 강남구 대치동 967-3,116803122008,서울특별시 강남구 역삼로,552,,1168010600109670003012402,KM빌딩,서울특별시 강남구 역삼로 552,135848,06187,,,,127.063480999734,37.5044868591979
MA010120220801057405,월드와이드써비스주,코리아,N1,시설관리·임대,N101,시설관리,N10101,사업시설 유지·관리 서비스업,N74100,사업시설 유지ㆍ관리 서비스업,11,서울특별시,11680,강남구,11680610,대치2동,1168010600,대치동,1168010600109470007,1,대지,947,7,서울특별시 강남구 대치동 947-7,116802122002,서울특별시 강남구 영동대로,421,,1168010600109470007012136,삼탄빌딩,서울특별시 강남구 영동대로 421,135735,06182,,,,127.063539678382,37.5070006318867
MA010120220801042227,짱구네,,G2,소매,G204,종합 소매,G20404,슈퍼마켓,G47129,기타 음ㆍ식료품 위주 종합 소매업,11,서울특별시,11680,강남구,11680580,삼성1동,1168010500,삼성동,1168010500101680022,1,대지,168,22,서울특별시 강남구 삼성동 168-22,116804166703,서울특별시 강남구 영동대로96길,12,,1168010500101680022016469,페코빌딩,서울특별시 강남구 영동대로96길 12,135882,06173,,,,127.063576779603,37.5107397811162
MA010120220805028033,아마레플라워,,G2,소매,G219,식물 소매,G21901,꽃집,G47851,화초 및 식물 소매업,11,서울특별시,11680,강남구,11680580,삼성1동,1168010500,삼성동,1168010500101680022,1,대지,168,22,서울특별시 강남구 삼성동 168-22,116804166703,서울특별시 강남구 영동대로96길,12,,1168010500101680022016469,페코빌딩,서울특별시 강남구 영동대로96길 12,135882,06173,,1,,127.063576779603,37.5107397811162
MA010120220804001287,레페리,,M1,과학·기술,M105,광고,M10501,광고 대행업,M71310,광고 대행업,11,서울특별시,11680,강남구,11680610,대치2동,1168010600,대치동,1168010600109480000,1,대지,948,,서울특별시 강남구 대치동 948,116802122002,서울특별시 강남구 영동대로,417,,1168010600109480000000001,오토웨이타워,서울특별시 강남구 영동대로 417,135847,06182,,2,,127.063697413751,37.5062887530135
MA010120220804837302,스페이시스,,I2,음식,I212,비알코올 ,I21201,카페,I56221,커피 전문점,11,서울특별시,11680,강남구,11680610,대치2동,1168010600,대치동,1168010600109480000,1,대지,948,,서울특별시 강남구 대치동 948,116802122002,서울특별시 강남구 영동대로,417,,1168010600109480000000001,오토웨이타워,서울특별시 강남구 영동대로 417,135847,06182,,1,,127.063697413751,37.5062887530135
MA010120220801009615,에스티유니타스,,P1,교육,P107,교육 지원,P10799,기타 교육지원 서비스업,P85709,기타 교육지원 서비스업,11,서울특별시,11680,강남구,11680610,대치2동,1168010600,대치동,1168010600109480000,1,대지,948,,서울특별시 강남구 대치동 948,116802122002,서울특별시 강남구 영동대로,417,,1168010600109480000000001,오토웨이타워,서울특별시 강남구 영동대로 417,135847,06182,,3,,127.063697413751,37.5062887530135
MA010120220801069233,정우글로벌,,G2,소매,G209,섬유·의복·신발 소매,G20905,기타 의류 소매업,G47413,속옷 및 잠옷 소매업,11,서울특별시,11680,강남구,11680610,대치2동,1168010600,대치동,1168010600109670005,1,대지,967,5,서울특별시 강남구 대치동 967-5,116803122008,서울특별시 강남구 역삼로,554,,1168010600109670005027034,정우빌딩,서울특별시 강남구 역삼로 554,135848,06187,,,,127.063752507515,37.5045768135084
MA010120220804489065,현대피아이주,,N1,시설관리·임대,N101,시설관리,N10101,사업시설 유지·관리 서비스업,N74100,사업시설 유지ㆍ관리 서비스업,11,서울특별시,11680,강남구,11680610,대치2동,1168010600,대치동,1168010600109490000,1,대지,949,,서울특별시 강남구 대치동 949,116804166697,서울특별시 강남구 영동대로75길,9,,1168010600109490000012249,,서울특별시 강남구 영동대로75길 9,135847,06182,,5,,127.063843713573,37.5054327192038
MA010120220802253860,제이와이파트너스,,N1,시설관리·임대,N104,고용 알선,N10401,고용 알선업,N75110,고용 알선업,11,서울특별시,11680,강남구,11680610,대치2동,1168010600,대치동,1168010600109490000,1,대지,949,,서울특별시 강남구 대치동 949,116804166697,서울특별시 강남구 영동대로75길,9,,1168010600109490000012249,수암빌딩,서울특별시 강남구 영동대로75길 9,135847,06182,,5,,127.063843713573,37.5054327192038
MA010120220801073298,카비스트,,G2,소매,G206,음료 소매,G20602,주류 소매업,G47221,음료 소매업,11,서울특별시,11680,강남구,11680610,대치2동,1168010600,대치동,1168010600109490000,1,대지,949,,서울특별시 강남구 대치동 949,116804166697,서울특별시 강남구 영동대로75길,9,,1168010600109490000012249,수암빌딩,서울특별시 강남구 영동대로75길 9,135847,06182,,1,,127.063843713573,37.5054327192038
MA010120220804164346,엘앤씨세무회계,,M1,과학·기술,M104,회계·세무,M10402,세무사,M71202,세무사업,11,서울특별시,11680,강남구,11680610,대치2동,1168010600,대치동,1168010600109490000,1,대지,949,,서울특별시 강남구 대치동 949,116804166697,서울특별시 강남구 영동대로75길,9,,1168010600109490000012249,수암빌딩,서울특별시 강남구 영동대로75길 9,135847,06182,,6,,127.063843713573,37.5054327192038
MA010120220803259503,에스에이치벤처스,,M1,과학·기술,M107,본사·경영 컨설팅,M10703,경영 컨설팅업,M71531,경영 컨설팅업,11,서울특별시,11680,강남구,11680580,삼성1동,1168010500,삼성동,1168010500101680026,1,대지,168,26,서울특별시 강남구 삼성동 168-26,116804166710,서울특별시 강남구 테헤란로103길,9,,1168010500101680026016641,제일빌딩,서울특별시 강남구 테헤란로103길 9,135882,06173,,,,127.063892884346,37.5100458371743
MA010120220801056252,캐논쎄미콘덕터엔지니어링,코리아,M1,과학·기술,M109,기술 서비스,M10999,기타 엔지니어링 서비스업,M72129,기타 엔지니어링 서비스업,11,서울특별시,11680,강남구,11680580,삼성1동,1168010500,삼성동,1168010500101680012,1,대지,168,12,서울특별시 강남구 삼성동 168-12,116803122010,서울특별시 강남구 테헤란로,607,,1168010500101680012000001,,서울특별시 강남구 테헤란로 607,135882,06173,,,,127.064005535139,37.5095141835417
MA010120220803389474,캐논광학기기사업본부한국사무소,,M1,과학·기술,M109,기술 서비스,M10999,기타 엔지니어링 서비스업,M72129,기타 엔지니어링 서비스업,11,서울특별시,11680,강남구,11680580,삼성1동,1168010500,삼성동,1168010500101680012,1,대지,168,12,서울특별시 강남구 삼성동 168-12,116803122010,서울특별시 강남구 테헤란로,607,,1168010500101680012000001,,서울특별시 강남구 테헤란로 607,135882,06173,,9,,127.064005535139,37.5095141835417
MA010120220801060545,성원개발성원빈주,,I2,음식,I212,비알코올 ,I21201,카페,I56221,커피 전문점,11,서울특별시,11680,강남구,11680580,삼성1동,1168010500,삼성동,1168010500101680012,1,대지,168,12,서울특별시 강남구 삼성동 168-12,116803122010,서울특별시 강남구 테헤란로,607,,1168010500101680012000001,,서울특별시 강남구 테헤란로 607,135882,06173,,1,,127.064005535139,37.5095141835417
MA010120220800900595,인노바드주,,G2,소매,G211,가구 소매,G21101,가구 소매업,G47520,가구 소매업,11,서울특별시,11680,강남구,11680610,대치2동,1168010600,대치동,1168010600109490003,1,대지,949,3,서울특별시 강남구 대치동 949-3,116803122008,서울특별시 강남구 역삼로,557,,1168010600109490006000001,제니스타워,서울특별시 강남구 역삼로 557,135847,06182,,6,,127.064035718083,37.5051262735172
MA010120220804228171,미래티엠에스글로벌,,N1,시설관리·임대,N102,청소·방제,N10201,건축물 일반 청소업,N74211,건축물 일반 청소업,11,서울특별시,11680,강남구,11680580,삼성1동,1168010500,삼성동,1168010500101690000,1,대지,169,,서울특별시 강남구 삼성동 169,116804166703,서울특별시 강남구 영동대로96길,20,,1168010500101690000016439,,서울특별시 강남구 영동대로96길 20,135882,06173,,1,,127.064210202688,37.5107754786612
MA010120220802245927,다인그룹엔지니어링건축사사무소주,,M1,과학·기술,M109,기술 서비스,M10901,건축 설계 및 관련 서비스업,M72111,건축 설계 및 관련 서비스업,11,서울특별시,11680,강남구,11680580,삼성1동,1168010500,삼성동,1168010500101690000,1,대지,169,,서울특별시 강남구 삼성동 169,116804166703,서울특별시 강남구 영동대로96길,20,,1168010500101690000016439,대화빌딩,서울특별시 강남구 영동대로96길 20,135882,06173,,8,,127.064210202688,37.5107754786612
MA010120220803057722,카페머머,,I2,음식,I212,비알코올 ,I21201,카페,I56221,커피 전문점,11,서울특별시,11680,강남구,11680580,삼성1동,1168010500,삼성동,1168010500101690000,1,대지,169,,서울특별시 강남구 삼성동 169,116804166703,서울특별시 강남구 영동대로96길,20,,1168010500101690000016439,,서울특별시 강남구 영동대로96길 20,135882,06173,,1,,127.064210202688,37.5107754786612
MA010120220800350137,한국재무설계연구소,,M1,과학·기술,M115,기타 전문 과학,M11504,사업/무형 재산권 중개업,M73903,사업 및 무형 재산권 중개업,11,서울특별시,11680,강남구,11680580,삼성1동,1168010500,삼성동,1168010500101690000,1,대지,169,,서울특별시 강남구 삼성동 169,116804166703,서울특별시 강남구 영동대로96길,20,,1168010500101690000016439,대화빌딩,서울특별시 강남구 영동대로96길 20,135882,06173,,7,,127.064210202688,37.5107754786612
MA010120220801073791,티앤아이글로벌아이엔씨,,M1,과학·기술,M115,기타 전문 과학,M11504,사업/무형 재산권 중개업,M73903,사업 및 무형 재산권 중개업,11,서울특별시,11680,강남구,11680610,대치2동,1168010600,대치동,1168010600109680000,1,대지,968,,서울특별시 강남구 대치동 968,116803122008,서울특별시 강남구 역삼로,558,,1168010600109680000012351,안양빌딩,서울특별시 강남구 역삼로 558,135848,06188,,7,,127.064250263175,37.5047297147207
MA010120220801068624,정명회계법인,,M1,과학·기술,M104,회계·세무,M10401,공인회계사,M71201,공인회계사업,11,서울특별시,11680,강남구,11680610,대치2동,1168010600,대치동,1168010600109680000,1,대지,968,,서울특별시 강남구 대치동 968,116803122008,서울특별시 강남구 역삼로,558,,1168010600109680000012351,안양빌딩,서울특별시 강남구 역삼로 558,135848,06188,,2,,127.064250263175,37.5047297147207
MA010120220801064926,호텔에이치디씨,,I1,숙박,I101,일반 숙박,I10101,호텔/리조트,I55101,호텔업,11,서울특별시,11680,강남구,11680610,대치2동,1168010600,대치동,1168010600109950014,1,대지,995,14,서울특별시 강남구 대치동 995-14,116803122010,서울특별시 강남구 테헤란로,606,,1168010600109950014000001,,서울특별시 강남구 테헤란로 606,135552,06174,,,,127.064287622632,37.5087301563665
MA010120220804497233,에스더블류오십육,,M1,과학·기술,M107,본사·경영 컨설팅,M10703,경영 컨설팅업,M71531,경영 컨설팅업,11,서울특별시,11680,강남구,11680580,삼성1동,1168010500,삼성동,1168010500101690001,1,대지,169,1,서울특별시 강남구 삼성동 169-1,116804166710,서울특별시 강남구 테헤란로103길,14,,1168010500101690001016573,L,서울특별시 강남구 테헤란로103길 14,135882,06173,,3,,127.064322968294,37.5103789753899
MA010120220802627721,컨설팅,,P1,교육,P106,기타 교육,P10629,그 외 기타 교육기관,P85699,그 외 기타 분류 안된 교육기관,11,서울특별시,11680,강남구,11680580,삼성1동,1168010500,삼성동,1168010500101690001,1,대지,169,1,서울특별시 강남구 삼성동 169-1,116804166710,서울특별시 강남구 테헤란로103길,14,,1168010500101690001016573,토즈비즈니스센터,서울특별시 강남구 테헤란로103길 14,135882,06173,,3,,127.064322968294,37.5103789753899
MA010120220804060519,비트리인베스트먼트,,M1,과학·기술,M107,본사·경영 컨설팅,M10703,경영 컨설팅업,M71531,경영 컨설팅업,11,서울특별시,11680,강남구,11680580,삼성1동,1168010500,삼성동,1168010500101690001,1,대지,169,1,서울특별시 강남구 삼성동 169-1,116804166710,서울특별시 강남구 테헤란로103길,14,,1168010500101690001016573,엘에스,서울특별시 강남구 테헤란로103길 14,135882,06173,,3,,127.064322968294,37.5103789753899
MA010120220806037393,울산전하제1호,,M1,과학·기술,M107,본사·경영 컨설팅,M10703,경영 컨설팅업,M71531,경영 컨설팅업,11,서울특별시,11680,강남구,11680580,삼성1동,1168010500,삼성동,1168010500101690001,1,대지,169,1,서울특별시 강남구 삼성동 169-1,116804166710,서울특별시 강남구 테헤란로103길,14,,1168010500101690001016573,대한기독교서회빌딩,서울특별시 강남구 테헤란로103길 14,135882,06173,,3,,127.064322968294,37.5103789753899
MA010120220801071264,현대수리조트엔제너두,,N1,시설관리·임대,N105,여행사·보조,N10599,기타 여행 보조/예약 서비스업,N75290,기타 여행 보조 및 예약 서비스업,11,서울특별시,11680,강남구,11680580,삼성1동,1168010500,삼성동,1168010500101690001,1,대지,169,1,서울특별시 강남구 삼성동 169-1,116804166710,서울특별시 강남구 테헤란로103길,14,,1168010500101690001016573,,서울특별시 강남구 테헤란로103길 14,135882,06173,,2,,127.064322968294,37.5103789753899
MA010120220801068717,노인콕,,M1,과학·기술,M105,광고,M10501,광고 대행업,M71310,광고 대행업,11,서울특별시,11680,강남구,11680580,삼성1동,1168010500,삼성동,1168010500101690001,1,대지,169,1,서울특별시 강남구 삼성동 169-1,116804166710,서울특별시 강남구 테헤란로103길,14,,1168010500101690001016573,대한기독교서회,서울특별시 강남구 테헤란로103길 14,135882,06173,,2,,127.064322968294,37.5103789753899
MA010120220804226121,송파트너스,,M1,과학·기술,M107,본사·경영 컨설팅,M10703,경영 컨설팅업,M71531,경영 컨설팅업,11,서울특별시,11680,강남구,11680580,삼성1동,1168010500,삼성동,1168010500101690001,1,대지,169,1,서울특별시 강남구 삼성동 169-1,116804166710,서울특별시 강남구 테헤란로103길,14,,1168010500101690001016573,,서울특별시 강남구 테헤란로103길 14,135882,06173,,3,,127.064322968294,37.5103789753899
MA010120220805427053,다움,,G2,소매,G218,장식품 소매,G21801,예술품 소매업,G47841,예술품 및 골동품 소매업,11,서울특별시,11680,강남구,11680610,대치2동,1168010600,대치동,1168010600109490001,1,대지,949,1,서울특별시 강남구 대치동 949-1,116802122002,서울특별시 강남구 영동대로,407,,1168010600109490001000001,코니빌딩,서울특별시 강남구 영동대로 407,135847,06182,,8,,127.064330180769,37.5056036462578
MA010120220805415438,아트오너,,G2,소매,G218,장식품 소매,G21801,예술품 소매업,G47841,예술품 및 골동품 소매업,11,서울특별시,11680,강남구,11680610,대치2동,1168010600,대치동,1168010600109490001,1,대지,949,1,서울특별시 강남구 대치동 949-1,116802122002,서울특별시 강남구 영동대로,407,,1168010600109490001000001,코니빌딩,서울특별시 강남구 영동대로 407,135847,06182,,6,,127.064330180769,37.5056036462578
MA010120220804986283,스시유,,I2,음식,I203,일식,I20301,일식 회/초밥,I56122,일식 음식점업,11,서울특별시,11680,강남구,11680610,대치2동,1168010600,대치동,1168010600109490001,1,대지,949,1,서울특별시 강남구 대치동 949-1,116802122002,서울특별시 강남구 영동대로,407,,1168010600109490001000001,,서울특별시 강남구 영동대로 407,135847,06182,,2,,127.064330180769,37.5056036462578
MA010120220804857031,한국벤처펀딩,,M1,과학·기술,M107,본사·경영 컨설팅,M10703,경영 컨설팅업,M71531,경영 컨설팅업,11,서울특별시,11680,강남구,11680610,대치2동,1168010600,대치동,1168010600109490001,1,대지,949,1,서울특별시 강남구 대치동 949-1,116802122002,서울특별시 강남구 영동대로,407,,1168010600109490001000001,코니빌딩,서울특별시 강남구 영동대로 407,135847,06182,,6,,127.064330180769,37.5056036462578
MA010120220805107452,한국벤처경영원,,M1,과학·기술,M107,본사·경영 컨설팅,M10703,경영 컨설팅업,M71531,경영 컨설팅업,11,서울특별시,11680,강남구,11680610,대치2동,1168010600,대치동,1168010600109490001,1,대지,949,1,서울특별시 강남구 대치동 949-1,116802122002,서울특별시 강남구 영동대로,407,,1168010600109490001000001,코니빌딩,서울특별시 강남구 영동대로 407,135847,06182,,7,,127.064330180769,37.5056036462578
MA010120220804002070,한국청소년정책개발원,,N1,시설관리·임대,N108,기타 사업 서비스,N10802,전시/컨벤션/행사 대행 서비스업,N75992,"전시, 컨벤션 및 행사 대행업",11,서울특별시,11680,강남구,11680610,대치2동,1168010600,대치동,1168010600109490001,1,대지,949,1,서울특별시 강남구 대치동 949-1,116802122002,서울특별시 강남구 영동대로,407,,1168010600109490001000001,코니빌딩,서울특별시 강남구 영동대로 407,135847,06182,,1,,127.064330180769,37.5056036462578
MA010120220801023114,기아오토큐,대치점,S2,수리·개인,S203,자동차 수리·세차,S20301,자동차 정비소,S95212,자동차 전문 수리업,11,서울특별시,11680,강남구,11680610,대치2동,1168010600,대치동,1168010600109490009,1,대지,949,9,서울특별시 강남구 대치동 949-9,116803122008,서울특별시 강남구 역삼로,559,,1168010600109490009000001,,서울특별시 강남구 역삼로 559,135847,06182,,,,127.064352483279,37.505234221999
MA010120220804231621,동강,,I2,음식,I202,중식,I20201,중국집,I56121,중식 음식점업,11,서울특별시,11680,강남구,11680580,삼성1동,1168010500,삼성동,1168010500101690006,1,대지,169,6,서울특별시 강남구 삼성동 169-6,116804166710,서울특별시 강남구 테헤란로103길,10,,1168010500101690006016608,,서울특별시 강남구 테헤란로103길 10,135882,06173,,,,127.064368055634,37.5101987499482
MA010120220801072576,제이제이홈주,,I2,음식,I201,한식,I20101,백반/한정식,I56111,한식 일반 음식점업,11,서울특별시,11680,강남구,11680610,대치2동,1168010600,대치동,1168010600110010000,1,대지,1001,,서울특별시 강남구 대치동 1001,116802122002,서울특별시 강남구 영동대로,424,,1168010600110010000012114,,서울특별시 강남구 영동대로 424,135502,06174,,1,,127.064467525435,37.5074956818301
MA010120220804307245,행복가정경제연구소,,M1,과학·기술,M107,본사·경영 컨설팅,M10703,경영 컨설팅업,M71531,경영 컨설팅업,11,서울특별시,11680,강남구,11680610,대치2동,1168010600,대치동,1168010600110010000,1,대지,1001,,서울특별시 강남구 대치동 1001,116802122002,서울특별시 강남구 영동대로,424,,1168010600110010000012114,사조빌딩,서울특별시 강남구 영동대로 424,135502,06174,,8,,127.064467525435,37.5074956818301
MA010120220805158098,갓포아키,삼성점,I2,음식,I201,한식,I20101,백반/한정식,I56111,한식 일반 음식점업,11,서울특별시,11680,강남구,11680610,대치2동,1168010600,대치동,1168010600109950016,1,대지,995,16,서울특별시 강남구 대치동 995-16,116803122010,서울특별시 강남구 테헤란로,610,,1168010600109950016012058,글래드강남코엑스센터,서울특별시 강남구 테헤란로 610,135502,06174,,2,,127.064547844226,37.5088291249661
MA010120220801057264,보인씨엔아이주,,N1,시설관리·임대,N108,기타 사업 서비스,N10802,전시/컨벤션/행사 대행 서비스업,N75992,"전시, 컨벤션 및 행사 대행업",11,서울특별시,11680,강남구,11680580,삼성1동,1168010500,삼성동,1168010500101690011,1,대지,169,11,서울특별시 강남구 삼성동 169-11,116804166710,서울특별시 강남구 테헤란로103길,6,,1168010500101690012016681,한진빌딩,서울특별시 강남구 테헤란로103길 6,135882,06173,,2,,127.064548798525,37.5099373600309
MA010120220804490101,세무법인산경,,M1,과학·기술,M104,회계·세무,M10402,세무사,M71202,세무사업,11,서울특별시,11680,강남구,11680580,삼성1동,1168010500,삼성동,1168010500101690011,1,대지,169,11,서울특별시 강남구 삼성동 169-11,116804166710,서울특별시 강남구 테헤란로103길,6,,1168010500101690012016681,,서울특별시 강남구 테헤란로103길 6,135882,06173,,,,127.064548798525,37.5099373600309
MA010120220801071704,유진,,M1,과학·기술,M103,법무관련 ,M10307,공인노무사,M71109,기타 법무관련 서비스업,11,서울특별시,11680,강남구,11680580,삼성1동,1168010500,삼성동,1168010500101690011,1,대지,169,11,서울특별시 강남구 삼성동 169-11,116804166710,서울특별시 강남구 테헤란로103길,6,,1168010500101690012016681,한진빌딩,서울특별시 강남구 테헤란로103길 6,135882,06173,,,,127.064548798525,37.5099373600309
MA010120220804210855,텍스트100리미티드,한국지점,M1,과학·기술,M105,광고,M10502,옥외/전시 광고 대행업,M71391,옥외 및 전시 광고업,11,서울특별시,11680,강남구,11680580,삼성1동,1168010500,삼성동,1168010500101690011,1,대지,169,11,서울특별시 강남구 삼성동 169-11,116804166710,서울특별시 강남구 테헤란로103길,6,,1168010500101690012016681,한진빌딩,서울특별시 강남구 테헤란로103길 6,135882,06173,,,,127.064548798525,37.5099373600309
MA010120220801062678,회계법인세현,,M1,과학·기술,M104,회계·세무,M10401,공인회계사,M71201,공인회계사업,11,서울특별시,11680,강남구,11680580,삼성1동,1168010500,삼성동,1168010500101690011,1,대지,169,11,서울특별시 강남구 삼성동 169-11,116804166710,서울특별시 강남구 테헤란로103길,6,,1168010500101690012016681,한진빌딩,서울특별시 강남구 테헤란로103길 6,135882,06173,,6,,127.064548798525,37.5099373600309
MA010120220803516433,중부기업주,,L1,부동산,L102,부동산 서비스,L10203,부동산 중개/대리업,L68221,부동산 중개 및 대리업,11,서울특별시,11680,강남구,11680580,삼성1동,1168010500,삼성동,1168010500101690011,1,대지,169,11,서울특별시 강남구 삼성동 169-11,116804166710,서울특별시 강남구 테헤란로103길,6,,1168010500101690012016681,,서울특별시 강남구 테헤란로103길 6,135882,06173,,,,127.064548798525,37.5099373600309
MA010120220805254215,우리드림,,L1,부동산,L102,부동산 서비스,L10203,부동산 중개/대리업,L68221,부동산 중개 및 대리업,11,서울특별시,11680,강남구,11680580,삼성1동,1168010500,삼성동,1168010500101690011,1,대지,169,11,서울특별시 강남구 삼성동 169-11,116804166710,서울특별시 강남구 테헤란로103길,6,,1168010500101690012016681,한진빌딩,서울특별시 강남구 테헤란로103길 6,135882,06173,,,,127.064548798525,37.5099373600309
MA010120220801059284,희망사회적협동조합,,M1,과학·기술,M107,본사·경영 컨설팅,M10703,경영 컨설팅업,M71531,경영 컨설팅업,11,서울특별시,11680,강남구,11680580,삼성1동,1168010500,삼성동,1168010500101690011,1,대지,169,11,서울특별시 강남구 삼성동 169-11,116804166710,서울특별시 강남구 테헤란로103길,6,,1168010500101690012016681,한진빌딩,서울특별시 강남구 테헤란로103길 6,135882,06173,,,,127.064548798525,37.5099373600309
MA010120220801064113,티엔브이,,M1,과학·기술,M105,광고,M10599,기타 광고 관련 서비스업,M71399,그 외 기타 광고 관련 서비스업,11,서울특별시,11680,강남구,11680610,대치2동,1168010600,대치동,1168010600110010005,1,대지,1001,5,서울특별시 강남구 대치동 1001-5,116804166702,서울특별시 강남구 영동대로86길,6,,1168010600110010005012110,지산빌딩,서울특별시 강남구 영동대로86길 6,135502,06174,,4,,127.064682626963,37.5077388355397
MA010120220801074182,미래희망가정경제연구소주,,P1,교육,P107,교육 지원,P10799,기타 교육지원 서비스업,P85709,기타 교육지원 서비스업,11,서울특별시,11680,강남구,11680610,대치2동,1168010600,대치동,1168010600110010001,1,대지,1001,1,서울특별시 강남구 대치동 1001-1,116802122002,서울특별시 강남구 영동대로,422,,1168010600110010001012134,동,서울특별시 강남구 영동대로 422,135502,06174,,2,,127.064704726162,37.5071351501947
MA010120220801073103,아이티티,,M1,과학·기술,M107,본사·경영 컨설팅,M10703,경영 컨설팅업,M71531,경영 컨설팅업,11,서울특별시,11680,강남구,11680610,대치2동,1168010600,대치동,1168010600110010001,1,대지,1001,1,서울특별시 강남구 대치동 1001-1,116802122002,서울특별시 강남구 영동대로,422,,1168010600110010001012134,,서울특별시 강남구 영동대로 422,135502,06174,,,,127.064704726162,37.5071351501947
MA010120220801028447,테라스,,I2,음식,I212,비알코올 ,I21201,카페,I56221,커피 전문점,11,서울특별시,11680,강남구,11680580,삼성1동,1168010500,삼성동,1168010500101690005,1,대지,169,5,서울특별시 강남구 삼성동 169-5,116804166710,서울특별시 강남구 테헤란로103길,8,7,1168010500101690005016612,,서울특별시 강남구 테헤란로103길 8-7,135882,06173,,,,127.064707417105,37.5102526247971
MA010120220805156216,종로김밥,,I2,음식,I210,기타 간이,I21007,김밥/만두/분식,I56194,김밥 및 기타 간이 음식점업,11,서울특별시,11680,강남구,11680580,삼성1동,1168010500,삼성동,1168010500101690005,1,대지,169,5,서울특별시 강남구 삼성동 169-5,116804166710,서울특별시 강남구 테헤란로103길,8,7,1168010500101690005016612,,서울특별시 강남구 테헤란로103길 8-7,135882,06173,,1,,127.064707417105,37.5102526247971
MA010120220801027256,건축사사무소ADD,,M1,과학·기술,M109,기술 서비스,M10901,건축 설계 및 관련 서비스업,M72111,건축 설계 및 관련 서비스업,11,서울특별시,11680,강남구,11680580,삼성1동,1168010500,삼성동,1168010500101650015,1,대지,165,15,서울특별시 강남구 삼성동 165-15,116804166331,서울특별시 강남구 봉은사로112길,28,,1168010500101650015015877,명신빌딩,서울특별시 강남구 봉은사로112길 28,135881,06172,,4,,127.064755118816,37.5130997718971
MA010120220801066817,천희푸드,,I2,음식,I201,한식,I20101,백반/한정식,I56111,한식 일반 음식점업,11,서울특별시,11680,강남구,11680580,삼성1동,1168010500,삼성동,1168010500101650015,1,대지,165,15,서울특별시 강남구 삼성동 165-15,116804166331,서울특별시 강남구 봉은사로112길,28,,1168010500101650015015877,명신빌딩,서울특별시 강남구 봉은사로112길 28,135881,06172,,1,,127.064755118816,37.5130997718971
MA010120220801021747,이조식당,,I2,음식,I201,한식,I20101,백반/한정식,I56111,한식 일반 음식점업,11,서울특별시,11680,강남구,11680580,삼성1동,1168010500,삼성동,1168010500101650015,1,대지,165,15,서울특별시 강남구 삼성동 165-15,116804166331,서울특별시 강남구 봉은사로112길,28,,1168010500101650015015877,,서울특별시 강남구 봉은사로112길 28,135881,06172,,,,127.064755118816,37.5130997718971
MA010120220801039413,광혜헬스스포츠센타,,R1,예술·스포츠,R103,스포츠 서비스,R10307,헬스장,R91132,체력 단련시설 운영업,11,서울특별시,11680,강남구,11680610,대치2동,1168010600,대치동,1168010600109950025,1,대지,995,25,서울특별시 강남구 대치동 995-25,116804166702,서울특별시 강남구 영동대로86길,9,,1168010600109950025012083,지,서울특별시 강남구 영동대로86길 9,135502,06174,,2,,127.064762140306,37.5081352340681
MA010120220804197477,신라특허법률사무소,,M1,과학·기술,M103,법무관련 ,M10302,변리사,M71102,변리사업,11,서울특별시,11680,강남구,11680610,대치2동,1168010600,대치동,1168010600109950021,1,대지,995,21,서울특별시 강남구 대치동 995-21,116804166711,서울특별시 강남구 테헤란로104길,8,,1168010600109950021012067,,서울특별시 강남구 테헤란로104길 8,135502,06174,,2,,127.064807778294,37.5085947214331
MA010120220801950261,야나두,,G2,소매,G213,오락용품 소매,G21304,운동용품 소매업,G47631,운동 및 경기용품 소매업,11,서울특별시,11680,강남구,11680580,삼성1동,1168010500,삼성동,1168010500101690024,1,대지,169,24,서울특별시 강남구 삼성동 169-24,116804166703,서울특별시 강남구 영동대로96길,26,,1168010500101690024016402,ACE1,서울특별시 강남구 영동대로96길 26,135882,06173,,4,,127.064832432681,37.5109463295998
MA010120220804948538,세븐일레븐대치코스모점,,G2,소매,G204,종합 소매,G20405,편의점,G47122,체인화 편의점,11,서울특별시,11680,강남구,11680610,대치2동,1168010600,대치동,1168010600110010006,1,대지,1001,6,서울특별시 강남구 대치동 1001-6,116804166702,서울특별시 강남구 영동대로86길,10,,1168010600110010006012108,,서울특별시 강남구 영동대로86길 10,135502,06174,,1,,127.064908884018,37.507801781764
MA010120220801048618,록스플레이트,,I2,음식,I203,일식,I20301,일식 회/초밥,I56122,일식 음식점업,11,서울특별시,11680,강남구,11680610,대치2동,1168010600,대치동,1168010600110010006,1,대지,1001,6,서울특별시 강남구 대치동 1001-6,116804166702,서울특별시 강남구 영동대로86길,10,,1168010600110010006012108,지,서울특별시 강남구 영동대로86길 10,135502,06174,,1,,127.064908884018,37.507801781764
MA010120220801026921,메디칼희민약국,,G2,소매,G215,의약·화장품 소매,G21501,약국,G47811,의약품 및 의료용품 소매업,11,서울특별시,11680,강남구,11680610,대치2동,1168010600,대치동,1168010600110010006,1,대지,1001,6,서울특별시 강남구 대치동 1001-6,116804166702,서울특별시 강남구 영동대로86길,10,,1168010600110010006012108,,서울특별시 강남구 영동대로86길 10,135502,06174,,,,127.064908884018,37.507801781764
MA010120220801047272,세븐일레븐대치1,1호점,G2,소매,G204,종합 소매,G20405,편의점,G47122,체인화 편의점,11,서울특별시,11680,강남구,11680610,대치2동,1168010600,대치동,1168010600109950023,1,대지,995,23,서울특별시 강남구 대치동 995-23,116804166711,서울특별시 강남구 테헤란로104길,12,,1168010600109950023000001,,서울특별시 강남구 테헤란로104길 12,135502,06174,,1,,127.064943220303,37.5082702853592
MA010120220804162381,강영수특허법률사무소,,M1,과학·기술,M103,법무관련 ,M10302,변리사,M71102,변리사업,11,서울특별시,11680,강남구,11680610,대치2동,1168010600,대치동,1168010600109950023,1,대지,995,23,서울특별시 강남구 대치동 995-23,116804166711,서울특별시 강남구 테헤란로104길,12,,1168010600109950023000001,양유빌딩,서울특별시 강남구 테헤란로104길 12,135502,06174,,,,127.064943220303,37.5082702853592
MA010120220801060056,세븐대치11호점주,코리아,G2,소매,G204,종합 소매,G20405,편의점,G47122,체인화 편의점,11,서울특별시,11680,강남구,11680610,대치2동,1168010600,대치동,1168010600109950023,1,대지,995,23,서울특별시 강남구 대치동 995-23,116804166711,서울특별시 강남구 테헤란로104길,12,,1168010600109950023000001,,서울특별시 강남구 테헤란로104길 12,135502,06174,,,,127.064943220303,37.5082702853592
MA010120220801046241,지성국제특허법률사무소,,M1,과학·기술,M103,법무관련 ,M10302,변리사,M71102,변리사업,11,서울특별시,11680,강남구,11680610,대치2동,1168010600,대치동,1168010600109950023,1,대지,995,23,서울특별시 강남구 대치동 995-23,116804166711,서울특별시 강남구 테헤란로104길,12,,1168010600109950023000001,양유빌딩,서울특별시 강남구 테헤란로104길 12,135502,06174,,5,,127.064943220303,37.5082702853592
MA010120220801059958,슈페리어테헤란주,,G2,소매,G213,오락용품 소매,G21304,운동용품 소매업,G47631,운동 및 경기용품 소매업,11,서울특별시,11680,강남구,11680610,대치2동,1168010600,대치동,1168010600109960000,1,대지,996,,서울특별시 강남구 대치동 996,116803122010,서울특별시 강남구 테헤란로,614,,1168010600109960000012055,,서울특별시 강남구 테헤란로 614,135502,06174,,,,127.064955186309,37.5090271226876
MA010120220804302188,대현그룹,,M1,과학·기술,M107,본사·경영 컨설팅,M10703,경영 컨설팅업,M71531,경영 컨설팅업,11,서울특별시,11680,강남구,11680580,삼성1동,1168010500,삼성동,1168010500101690013,1,대지,169,13,서울특별시 강남구 삼성동 169-13,116804166710,서울특별시 강남구 테헤란로103길,8,8,1168010500101690013016661,한승빌딩,서울특별시 강남구 테헤란로103길 8-8,135882,06173,,,,127.064956076367,37.510054267346
MA010120220804827765,세무법인다솔삼성지점,,M1,과학·기술,M104,회계·세무,M10402,세무사,M71202,세무사업,11,서울특별시,11680,강남구,11680580,삼성1동,1168010500,삼성동,1168010500101690013,1,대지,169,13,서울특별시 강남구 삼성동 169-13,116804166710,서울특별시 강남구 테헤란로103길,8,8,1168010500101690013016661,한승빌딩,서울특별시 강남구 테헤란로103길 8-8,135882,06173,,3,,127.064956076367,37.510054267346
MA010120220805092364,개성풍천장어,,I2,음식,I201,한식,I20112,해산물 구이/찜,I56111,한식 일반 음식점업,11,서울특별시,11680,강남구,11680580,삼성1동,1168010500,삼성동,1168010500101690013,1,대지,169,13,서울특별시 강남구 삼성동 169-13,116804166710,서울특별시 강남구 테헤란로103길,8,8,1168010500101690013016661,,서울특별시 강남구 테헤란로103길 8-8,135882,06173,,,,127.064956076367,37.510054267346
MA010120220804221335,티오디오주,,M1,과학·기술,M107,본사·경영 컨설팅,M10703,경영 컨설팅업,M71531,경영 컨설팅업,11,서울특별시,11680,강남구,11680580,삼성1동,1168010500,삼성동,1168010500101690013,1,대지,169,13,서울특별시 강남구 삼성동 169-13,116804166710,서울특별시 강남구 테헤란로103길,8,8,1168010500101690013016661,한승빌딩,서울특별시 강남구 테헤란로103길 8-8,135882,06173,,,,127.064956076367,37.510054267346
MA010120220801071859,대현세무법인,,M1,과학·기술,M104,회계·세무,M10402,세무사,M71202,세무사업,11,서울특별시,11680,강남구,11680580,삼성1동,1168010500,삼성동,1168010500101690013,1,대지,169,13,서울특별시 강남구 삼성동 169-13,116804166710,서울특별시 강남구 테헤란로103길,8,8,1168010500101690013016661,한승빌딩,서울특별시 강남구 테헤란로103길 8-8,135882,06173,,2,,127.064956076367,37.510054267346
MA010120220800108998,대현세무법인삼성지점,,M1,과학·기술,M104,회계·세무,M10402,세무사,M71202,세무사업,11,서울특별시,11680,강남구,11680580,삼성1동,1168010500,삼성동,1168010500101690013,1,대지,169,13,서울특별시 강남구 삼성동 169-13,116804166710,서울특별시 강남구 테헤란로103길,8,8,1168010500101690013016661,한승빌딩,서울특별시 강남구 테헤란로103길 8-8,135882,06173,,4,,127.064956076367,37.510054267346
MA010120220801341172,순두부와삼겹살,,I2,음식,I201,한식,I20107,돼지고기 구이/찜,I56113,한식 육류 요리 전문점,11,서울특별시,11680,강남구,11680610,대치2동,1168010600,대치동,1168010600110010011,1,대지,1001,11,서울특별시 강남구 대치동 1001-11,116804166702,서울특별시 강남구 영동대로86길,10,7,1168010600110010011028187,한티빌딩,서울특별시 강남구 영동대로86길 10-7,135502,06174,,1,,127.065032967182,37.5074232914952
MA010120220802932663,꼼꼼한치과의원,,Q1,보건의료,Q102,의원,Q10210,치과의원,Q86202,치과의원,11,서울특별시,11680,강남구,11680610,대치2동,1168010600,대치동,1168010600109950024,1,대지,995,24,서울특별시 강남구 대치동 995-24,116804166702,서울특별시 강남구 영동대로86길,11,,1168010600109950024012093,,서울특별시 강남구 영동대로86길 11,135502,06174,,3,,127.065033537776,37.508081024677
MA010120220801021131,지안법무사합동사무소,,M1,과학·기술,M103,법무관련 ,M10303,법무사,M71103,법무사업,11,서울특별시,11680,강남구,11680610,대치2동,1168010600,대치동,1168010600109950024,1,대지,995,24,서울특별시 강남구 대치동 995-24,116804166702,서울특별시 강남구 영동대로86길,11,,1168010600109950024012093,승원빌딩,서울특별시 강남구 영동대로86길 11,135502,06174,,,,127.065033537776,37.508081024677
MA010120220801032316,지안법무사합동사무소,,M1,과학·기술,M103,법무관련 ,M10303,법무사,M71103,법무사업,11,서울특별시,11680,강남구,11680610,대치2동,1168010600,대치동,1168010600109950024,1,대지,995,24,서울특별시 강남구 대치동 995-24,116804166702,서울특별시 강남구 영동대로86길,11,,1168010600109950024012093,승원빌딩,서울특별시 강남구 영동대로86길 11,135502,06174,,,,127.065033537776,37.508081024677
MA010120220801047567,고운님,삼성역점,I2,음식,I201,한식,I20101,백반/한정식,I56111,한식 일반 음식점업,11,서울특별시,11680,강남구,11680610,대치2동,1168010600,대치동,1168010600109950024,1,대지,995,24,서울특별시 강남구 대치동 995-24,116804166702,서울특별시 강남구 영동대로86길,11,,1168010600109950024012093,,서울특별시 강남구 영동대로86길 11,135502,06174,,2,,127.065033537776,37.508081024677
MA010120220805960947,식껍,삼성역점,I2,음식,I201,한식,I20107,돼지고기 구이/찜,I56113,한식 육류 요리 전문점,11,서울특별시,11680,강남구,11680580,삼성1동,1168010500,삼성동,1168010500101690010,1,대지,169,10,서울특별시 강남구 삼성동 169-10,116804166712,서울특별시 강남구 테헤란로107길,11,,1168010500101690010027394,성보타운,서울특별시 강남구 테헤란로107길 11,135882,06173,,,,127.065058199052,37.5104326329951
MA010120220804956150,인컴퍼니,코리아,M1,과학·기술,M107,본사·경영 컨설팅,M10703,경영 컨설팅업,M71531,경영 컨설팅업,11,서울특별시,11680,강남구,11680580,삼성1동,1168010500,삼성동,1168010500101690010,1,대지,169,10,서울특별시 강남구 삼성동 169-10,116804166712,서울특별시 강남구 테헤란로107길,11,,1168010500101690010027394,성보타워,서울특별시 강남구 테헤란로107길 11,135882,06173,,3,,127.065058199052,37.5104326329951
MA010120220800517118,이디야커피삼성,한전점,I2,음식,I212,비알코올 ,I21201,카페,I56221,커피 전문점,11,서울특별시,11680,강남구,11680580,삼성1동,1168010500,삼성동,1168010500101690010,1,대지,169,10,서울특별시 강남구 삼성동 169-10,116804166712,서울특별시 강남구 테헤란로107길,11,,1168010500101690010027394,,서울특별시 강남구 테헤란로107길 11,135882,06173,,1,,127.065058199052,37.5104326329951
MA010120220801028350,이창림세무회계사무소,,M1,과학·기술,M104,회계·세무,M10401,공인회계사,M71201,공인회계사업,11,서울특별시,11680,강남구,11680580,삼성1동,1168010500,삼성동,1168010500101660001,1,대지,166,1,서울특별시 강남구 삼성동 166-1,116804166333,서울특별시 강남구 봉은사로114길,30,5,1168010500101660001015921,평화빌딩,서울특별시 강남구 봉은사로114길 30-5,135881,06172,,,,127.065116794636,37.5127842216666
MA010120220801023086,에프앤비회계컨설팅,,M1,과학·기술,M104,회계·세무,M10401,공인회계사,M71201,공인회계사업,11,서울특별시,11680,강남구,11680580,삼성1동,1168010500,삼성동,1168010500101660001,1,대지,166,1,서울특별시 강남구 삼성동 166-1,116804166333,서울특별시 강남구 봉은사로114길,30,5,1168010500101660001015921,평화빌딩,서울특별시 강남구 봉은사로114길 30-5,135881,06172,,,,127.065116794636,37.5127842216666
MA010120220801048112,소나이,,G2,소매,G209,섬유·의복·신발 소매,G20905,기타 의류 소매업,G47416,가죽 및 모피 의복 소매업,11,서울특별시,11680,강남구,11680580,삼성1동,1168010500,삼성동,1168010500101660001,1,대지,166,1,서울특별시 강남구 삼성동 166-1,116804166333,서울특별시 강남구 봉은사로114길,30,5,1168010500101660001015921,제,서울특별시 강남구 봉은사로114길 30-5,135881,06172,,1,,127.065116794636,37.5127842216666
MA010120220800806094,디자인그룹구현,,M1,과학·기술,M112,전문 디자인,M11201,인테리어 디자인업,M73201,인테리어 디자인업,11,서울특별시,11680,강남구,11680580,삼성1동,1168010500,삼성동,1168010500101660001,1,대지,166,1,서울특별시 강남구 삼성동 166-1,116804166333,서울특별시 강남구 봉은사로114길,30,5,1168010500101660001015921,디자인그룹구현평화빌딩,서울특별시 강남구 봉은사로114길 30-5,135881,06172,,2,,127.065116794636,37.5127842216666
MA010120220801056950,건축사사무소대원아키텍주,,M1,과학·기술,M109,기술 서비스,M10901,건축 설계 및 관련 서비스업,M72111,건축 설계 및 관련 서비스업,11,서울특별시,11680,강남구,11680580,삼성1동,1168010500,삼성동,1168010500101660001,1,대지,166,1,서울특별시 강남구 삼성동 166-1,116804166333,서울특별시 강남구 봉은사로114길,30,5,1168010500101660001015921,평화빌딩,서울특별시 강남구 봉은사로114길 30-5,135881,06172,,,,127.065116794636,37.5127842216666
MA010120220800162156,지에스25뉴삼성아트점,,G2,소매,G204,종합 소매,G20405,편의점,G47122,체인화 편의점,11,서울특별시,11680,강남구,11680580,삼성1동,1168010500,삼성동,1168010500101690025,1,대지,169,25,서울특별시 강남구 삼성동 169-25,116804166710,서울특별시 강남구 테헤란로103길,8,10,1168010500101690025016646,,서울특별시 강남구 테헤란로103길 8-10,135882,06173,,1,,127.065148409199,37.5101172317344
MA010120220804187278,대박노래연습장,,R1,예술·스포츠,R104,유원지·오락,R10407,노래방,R91223,노래 연습장 운영업,11,서울특별시,11680,강남구,11680610,대치2동,1168010600,대치동,1168010600110010010,1,대지,1001,10,서울특별시 강남구 대치동 1001-10,116804166702,서울특별시 강남구 영동대로86길,12,,1168010600110010008012104,,서울특별시 강남구 영동대로86길 12,135502,06174,,,,127.06519165298,37.5078196461405
MA010120220804061020,디에이그룹엔지니어링종합건축사사무소주,,M1,과학·기술,M109,기술 서비스,M10901,건축 설계 및 관련 서비스업,M72111,건축 설계 및 관련 서비스업,11,서울특별시,11680,강남구,11680610,대치2동,1168010600,대치동,1168010600109960008,1,대지,996,8,서울특별시 강남구 대치동 996-8,116804166711,서울특별시 강남구 테헤란로104길,7,,1168010600109960008000001,디에이그룹빌딩,서울특별시 강남구 테헤란로104길 7,135502,06174,,,,127.065237701143,37.5087476555658
MA010120220801070092,디에이씨엠테크놀로지스종합건축사사무소주,,M1,과학·기술,M109,기술 서비스,M10901,건축 설계 및 관련 서비스업,M72111,건축 설계 및 관련 서비스업,11,서울특별시,11680,강남구,11680610,대치2동,1168010600,대치동,1168010600109960008,1,대지,996,8,서울특별시 강남구 대치동 996-8,116804166711,서울특별시 강남구 테헤란로104길,7,,1168010600109960008000001,디에이그룹빌딩,서울특별시 강남구 테헤란로104길 7,135502,06174,,,,127.065237701143,37.5087476555658
MA010120220801039516,카페7그램,,I2,음식,I212,비알코올 ,I21201,카페,I56221,커피 전문점,11,서울특별시,11680,강남구,11680610,대치2동,1168010600,대치동,1168010600109960008,1,대지,996,8,서울특별시 강남구 대치동 996-8,116804166711,서울특별시 강남구 테헤란로104길,7,,1168010600109960008000001,,서울특별시 강남구 테헤란로104길 7,135502,06174,,1,,127.065237701143,37.5087476555658
MA010120220801031138,임고집한우&보쌈마을,,I2,음식,I201,한식,I20101,백반/한정식,I56111,한식 일반 음식점업,11,서울특별시,11680,강남구,11680610,대치2동,1168010600,대치동,1168010600109960012,1,대지,996,12,서울특별시 강남구 대치동 996-12,116804166711,서울특별시 강남구 테헤란로104길,11,,1168010600109960012000001,,서울특별시 강남구 테헤란로104길 11,135502,06174,,,,127.065248752615,37.5084503179245
MA010120220804476233,세광엔지니어링주,,M1,과학·기술,M109,기술 서비스,M10903,건물 및 토목 엔지니어링 서비스업,M72121,건물 및 토목 엔지니어링 서비스업,11,서울특별시,11680,강남구,11680610,대치2동,1168010600,대치동,1168010600109960012,1,대지,996,12,서울특별시 강남구 대치동 996-12,116804166711,서울특별시 강남구 테헤란로104길,11,,1168010600109960012000001,,서울특별시 강남구 테헤란로104길 11,135502,06174,,3,,127.065248752615,37.5084503179245
MA010120220801046006,깐부치킨,삼성역점,I2,음식,I210,기타 간이,I21006,치킨,I56193,치킨 전문점,11,서울특별시,11680,강남구,11680610,대치2동,1168010600,대치동,1168010600109960009,1,대지,996,9,서울특별시 강남구 대치동 996-9,116804166711,서울특별시 강남구 테헤란로104길,9,,1168010600109960009027347,,서울특별시 강남구 테헤란로104길 9,135502,06174,,1,,127.065248878095,37.5085944786024
MA010120220801070614,케이투인베스트먼트파트너스,,M1,과학·기술,M107,본사·경영 컨설팅,M10703,경영 컨설팅업,M71531,경영 컨설팅업,11,서울특별시,11680,강남구,11680580,삼성1동,1168010500,삼성동,1168010500101700000,1,대지,170,,서울특별시 강남구 삼성동 170,116804166703,서울특별시 강남구 영동대로96길,34,,1168010500101700000016320,대윤빌딩,서울특별시 강남구 영동대로96길 34,135882,06173,,5,,127.065307666544,37.5111623088322
MA010120220801067535,법무법인퍼스트,,M1,과학·기술,M103,법무관련 ,M10301,변호사,M71101,변호사업,11,서울특별시,11680,강남구,11680580,삼성1동,1168010500,삼성동,1168010500101700000,1,대지,170,,서울특별시 강남구 삼성동 170,116804166703,서울특별시 강남구 영동대로96길,34,,1168010500101700000016320,대윤빌딩,서울특별시 강남구 영동대로96길 34,135882,06173,,2,,127.065307666544,37.5111623088322
MA010120220804479256,플러스앤,,N1,시설관리·임대,N105,여행사·보조,N10501,여행사,N75210,여행사업,11,서울특별시,11680,강남구,11680580,삼성1동,1168010500,삼성동,1168010500101700000,1,대지,170,,서울특별시 강남구 삼성동 170,116804166703,서울특별시 강남구 영동대로96길,34,,1168010500101700000016320,대윤빌딩,서울특별시 강남구 영동대로96길 34,135882,06173,,6,,127.065307666544,37.5111623088322
MA010120220801072581,창조트레저,,N1,시설관리·임대,N101,시설관리,N10101,사업시설 유지·관리 서비스업,N74100,사업시설 유지ㆍ관리 서비스업,11,서울특별시,11680,강남구,11680580,삼성1동,1168010500,삼성동,1168010500101700000,1,대지,170,,서울특별시 강남구 삼성동 170,116804166703,서울특별시 강남구 영동대로96길,34,,1168010500101700000016320,대윤빌딩,서울특별시 강남구 영동대로96길 34,135882,06173,,6,,127.065307666544,37.5111623088322
MA010120220803778366,박윤미술촬영,,M1,과학·기술,M113,사진 촬영,M11301,사진촬영업,M73302,상업용 사진 촬영업,11,서울특별시,11680,강남구,11680580,삼성1동,1168010500,삼성동,1168010500101660005,1,대지,166,5,서울특별시 강남구 삼성동 166-5,116804166333,서울특별시 강남구 봉은사로114길,40,,1168010500101660005016006,홍선빌딩,서울특별시 강남구 봉은사로114길 40,135881,06172,,B1,,127.065320037189,37.5123786576257
MA010120220802001722,스파1899대치,본점,G2,소매,G215,의약·화장품 소매,G21503,화장품 소매업,G47813,"화장품, 비누 및 방향제 소매업",11,서울특별시,11680,강남구,11680610,대치2동,1168010600,대치동,1168010600110020000,1,대지,1002,,서울특별시 강남구 대치동 1002,116802122002,서울특별시 강남구 영동대로,416,,1168010600110020000014582,케이티앤지타워,서울특별시 강남구 영동대로 416,135549,06176,,B2,,127.065326298939,37.5065851950799
MA010120220801021540,코스모문구,,G2,소매,G213,오락용품 소매,G21302,문구/회화용품 소매업,G47612,문구용품 및 회화용품 소매업,11,서울특별시,11680,강남구,11680610,대치2동,1168010600,대치동,1168010600110020000,1,대지,1002,,서울특별시 강남구 대치동 1002,116802122002,서울특별시 강남구 영동대로,416,,1168010600110020000014582,,서울특별시 강남구 영동대로 416,135549,06176,,,,127.065326298939,37.5065851950799
MA010120220801045957,우리,,N1,시설관리·임대,N102,청소·방제,N10201,건축물 일반 청소업,S96999,그 외 기타 달리 분류되지 않은 개인 서비스업,11,서울특별시,11680,강남구,11680610,대치2동,1168010600,대치동,1168010600110020000,1,대지,1002,,서울특별시 강남구 대치동 1002,116802122002,서울특별시 강남구 영동대로,416,,1168010600110020000014582,KT,서울특별시 강남구 영동대로 416,135549,06176,,2,,127.065326298939,37.5065851950799
MA010120220801044448,카페테라,,I2,음식,I212,비알코올 ,I21201,카페,I56221,커피 전문점,11,서울특별시,11680,강남구,11680610,대치2동,1168010600,대치동,1168010600110020000,1,대지,1002,,서울특별시 강남구 대치동 1002,116802122002,서울특별시 강남구 영동대로,416,,1168010600110020000014582,,서울특별시 강남구 영동대로 416,135549,06176,,2,,127.065326298939,37.5065851950799
MA010120220804465865,에스앤엘파트너스,,M1,과학·기술,M103,법무관련 ,M10301,변호사,M71101,변호사업,11,서울특별시,11680,강남구,11680610,대치2동,1168010600,대치동,1168010600110020000,1,대지,1002,,서울특별시 강남구 대치동 1002,116802122002,서울특별시 강남구 영동대로,416,,1168010600110020000014582,타워,서울특별시 강남구 영동대로 416,135549,06176,,8,,127.065326298939,37.5065851950799
MA010120220801059098,담배인삼공제회사,,N1,시설관리·임대,N101,시설관리,N10101,사업시설 유지·관리 서비스업,N74100,사업시설 유지ㆍ관리 서비스업,11,서울특별시,11680,강남구,11680610,대치2동,1168010600,대치동,1168010600110020000,1,대지,1002,,서울특별시 강남구 대치동 1002,116802122002,서울특별시 강남구 영동대로,416,,1168010600110020000014582,코스모타워,서울특별시 강남구 영동대로 416,135549,06176,,1,,127.065326298939,37.5065851950799
MA010120220800822104,가빈에이앤씨주,,M1,과학·기술,M105,광고,M10504,광고물 설계/제작업,M71393,"광고물 문안, 도안, 설계 등 작성업",11,서울특별시,11680,강남구,11680610,대치2동,1168010600,대치동,1168010600110020000,1,대지,1002,,서울특별시 강남구 대치동 1002,116802122002,서울특별시 강남구 영동대로,416,,1168010600110020000014582,케이티앤지타워,서울특별시 강남구 영동대로 416,135549,06176,,2,,127.065326298939,37.5065851950799
MA010120220801060029,케이티앤지서울사무소,,N1,시설관리·임대,N107,사무 지원,N10799,기타 사무 지원 서비스업,N75919,기타 사무 지원 서비스업,11,서울특별시,11680,강남구,11680610,대치2동,1168010600,대치동,1168010600110020000,1,대지,1002,,서울특별시 강남구 대치동 1002,116802122002,서울특별시 강남구 영동대로,416,,1168010600110020000014582,,서울특별시 강남구 영동대로 416,135549,06176,,,,127.065326298939,37.5065851950799
MA010120220801070813,스프링파트너스,,M1,과학·기술,M107,본사·경영 컨설팅,M10703,경영 컨설팅업,M71531,경영 컨설팅업,11,서울특별시,11680,강남구,11680610,대치2동,1168010600,대치동,1168010600110020000,1,대지,1002,,서울특별시 강남구 대치동 1002,116802122002,서울특별시 강남구 영동대로,416,,1168010600110020000014582,코스모타워,서울특별시 강남구 영동대로 416,135549,06176,,9,,127.065326298939,37.5065851950799
MA010120220801046867,케이필라테스,,P1,교육,P106,기타 교육,P10603,요가/필라테스 학원,P85612,기타 스포츠 교육기관,11,서울특별시,11680,강남구,11680610,대치2동,1168010600,대치동,1168010600110020000,1,대지,1002,,서울특별시 강남구 대치동 1002,116802122002,서울특별시 강남구 영동대로,416,,1168010600110020000014582,,서울특별시 강남구 영동대로 416,135549,06176,,,,127.065326298939,37.5065851950799
MA010120220801034935,지에스25코스모타워,,G2,소매,G204,종합 소매,G20405,편의점,G47129,기타 음ㆍ식료품 위주 종합 소매업,11,서울특별시,11680,강남구,11680610,대치2동,1168010600,대치동,1168010600110020000,1,대지,1002,,서울특별시 강남구 대치동 1002,116802122002,서울특별시 강남구 영동대로,416,,1168010600110020000014582,코스모타워,서울특별시 강남구 영동대로 416,135549,06176,,1,,127.065326298939,37.5065851950799
MA010120220801039301,대호이발관,,S2,수리·개인,S207,이용·미용,S20701,미용실,S96111,이용업,11,서울특별시,11680,강남구,11680610,대치2동,1168010600,대치동,1168010600110020000,1,대지,1002,,서울특별시 강남구 대치동 1002,116802122002,서울특별시 강남구 영동대로,416,,1168010600110020000014582,KT,서울특별시 강남구 영동대로 416,135549,06176,,2,,127.065326298939,37.5065851950799
MA010120220803394044,앰비션풋볼랩,,P1,교육,P106,기타 교육,P10603,요가/필라테스 학원,P85612,기타 스포츠 교육기관,11,서울특별시,11680,강남구,11680610,대치2동,1168010600,대치동,1168010600110010016,1,대지,1001,16,서울특별시 강남구 대치동 1001-16,116804166700,서울특별시 강남구 영동대로82길,9,,1168010600110010016000001,,서울특별시 강남구 영동대로82길 9,135502,06174,,B2,,127.065326840683,37.507206888174
MA010120220804906068,케이알부동산중개법인,,L1,부동산,L102,부동산 서비스,L10203,부동산 중개/대리업,L68221,부동산 중개 및 대리업,11,서울특별시,11680,강남구,11680580,삼성1동,1168010500,삼성동,1168010500101660006,1,대지,166,6,서울특별시 강남구 삼성동 166-6,116804166333,서울특별시 강남구 봉은사로114길,42,,1168010500101660006016048,,서울특별시 강남구 봉은사로114길 42,135881,06172,,,,127.065331159528,37.5121624104913
MA010120220801020120,전주식당,,I2,음식,I201,한식,I20101,백반/한정식,I56111,한식 일반 음식점업,11,서울특별시,11680,강남구,11680580,삼성1동,1168010500,삼성동,1168010500101660006,1,대지,166,6,서울특별시 강남구 삼성동 166-6,116804166333,서울특별시 강남구 봉은사로114길,42,,1168010500101660006016048,,서울특별시 강남구 봉은사로114길 42,135881,06172,,,,127.065331159528,37.5121624104913
MA010120220801030711,업소명없음,,I1,숙박,I102,기타 숙박,I10201,기숙사/고시원,I55901,기숙사 및 고시원 운영업,11,서울특별시,11680,강남구,11680580,삼성1동,1168010500,삼성동,1168010500101660006,1,대지,166,6,서울특별시 강남구 삼성동 166-6,116804166333,서울특별시 강남구 봉은사로114길,42,,1168010500101660006016048,,서울특별시 강남구 봉은사로114길 42,135881,06172,,4,,127.065331159528,37.5121624104913
MA010120220803779426,리커피로스터스,,I2,음식,I212,비알코올 ,I21201,카페,I56229,기타 비알코올 음료점업,11,서울특별시,11680,강남구,11680580,삼성1동,1168010500,삼성동,1168010500101660006,1,대지,166,6,서울특별시 강남구 삼성동 166-6,116804166333,서울특별시 강남구 봉은사로114길,42,,1168010500101660006016048,,서울특별시 강남구 봉은사로114길 42,135881,06172,,1,,127.065331159528,37.5121624104913
MA010120220801038569,신촌설렁탕,,I2,음식,I201,한식,I20102,국/탕/찌개류,I56111,한식 일반 음식점업,11,서울특별시,11680,강남구,11680580,삼성1동,1168010500,삼성동,1168010500101660002,1,대지,166,2,서울특별시 강남구 삼성동 166-2,116804166333,서울특별시 강남구 봉은사로114길,32,,1168010500101660002015902,,서울특별시 강남구 봉은사로114길 32,135881,06172,,,,127.06534314584,37.5129372673474
MA010120220800398859,모음인터렉티브,,G2,소매,G208,가전·통신 소매,G20802,핸드폰 소매업,G47312,통신기기 소매업,11,서울특별시,11680,강남구,11680580,삼성1동,1168010500,삼성동,1168010500101660002,1,대지,166,2,서울특별시 강남구 삼성동 166-2,116804166333,서울특별시 강남구 봉은사로114길,32,,1168010500101660002015902,우남빌딩,서울특별시 강남구 봉은사로114길 32,135881,06172,,2,,127.06534314584,37.5129372673474
MA010120220801024396,하이비즈,코리아,G2,소매,G213,오락용품 소매,G21302,문구/회화용품 소매업,G47612,문구용품 및 회화용품 소매업,11,서울특별시,11680,강남구,11680580,삼성1동,1168010500,삼성동,1168010500101690014,1,대지,169,14,서울특별시 강남구 삼성동 169-14,116803122010,서울특별시 강남구 테헤란로,621,,1168010500101690014016656,,서울특별시 강남구 테헤란로 621,135882,06173,,1,,127.065351864316,37.5099639485919
MA010120220804828492,크라운랩스,,M1,과학·기술,M107,본사·경영 컨설팅,M10703,경영 컨설팅업,M71531,경영 컨설팅업,11,서울특별시,11680,강남구,11680580,삼성1동,1168010500,삼성동,1168010500101690014,1,대지,169,14,서울특별시 강남구 삼성동 169-14,116803122010,서울특별시 강남구 테헤란로,621,,1168010500101690014016656,,서울특별시 강남구 테헤란로 621,135882,06173,,3,,127.065351864316,37.5099639485919
MA010120220801057822,휴먼리소스,,N1,시설관리·임대,N104,고용 알선,N10403,상용 인력 공급 및 인사관리 서비스업,N75122,상용 인력 공급 및 인사관리 서비스업,11,서울특별시,11680,강남구,11680580,삼성1동,1168010500,삼성동,1168010500101660003,1,대지,166,3,서울특별시 강남구 삼성동 166-3,116804166333,서울특별시 강남구 봉은사로114길,38,,1168010500101660003015950,경인빌딩,서울특별시 강남구 봉은사로114길 38,135881,06172,,5,,127.065354213199,37.5126579499795
MA010120220803149997,리담세무컨설팅,,M1,과학·기술,M104,회계·세무,M10402,세무사,M71202,세무사업,11,서울특별시,11680,강남구,11680580,삼성1동,1168010500,삼성동,1168010500101660003,1,대지,166,3,서울특별시 강남구 삼성동 166-3,116804166333,서울특별시 강남구 봉은사로114길,38,,1168010500101660003015950,경인빌딩,서울특별시 강남구 봉은사로114길 38,135881,06172,,6,,127.065354213199,37.5126579499795
MA010120220801614710,양형란세무회계사무소,,M1,과학·기술,M104,회계·세무,M10402,세무사,M71202,세무사업,11,서울특별시,11680,강남구,11680580,삼성1동,1168010500,삼성동,1168010500101660003,1,대지,166,3,서울특별시 강남구 삼성동 166-3,116804166333,서울특별시 강남구 봉은사로114길,38,,1168010500101660003015950,경인빌딩,서울특별시 강남구 봉은사로114길 38,135881,06172,,,,127.065354213199,37.5126579499795
MA010120220802861831,도명골청국장,,I2,음식,I201,한식,I20102,국/탕/찌개류,I56111,한식 일반 음식점업,11,서울특별시,11680,강남구,11680580,삼성1동,1168010500,삼성동,1168010500101660003,1,대지,166,3,서울특별시 강남구 삼성동 166-3,116804166333,서울특별시 강남구 봉은사로114길,38,,1168010500101660003015950,,서울특별시 강남구 봉은사로114길 38,135881,06172,,1,,127.065354213199,37.5126579499795
MA010120220800088702,톤앤스피치방송보이스코칭센터,,P1,교육,P106,기타 교육,P10629,그 외 기타 교육기관,P85699,그 외 기타 분류 안된 교육기관,11,서울특별시,11680,강남구,11680580,삼성1동,1168010500,삼성동,1168010500101660003,1,대지,166,3,서울특별시 강남구 삼성동 166-3,116804166333,서울특별시 강남구 봉은사로114길,38,,1168010500101660003015950,경인빌딩,서울특별시 강남구 봉은사로114길 38,135881,06172,,6,,127.065354213199,37.5126579499795
MA010120220803695451,성지세무회계사무소,,M1,과학·기술,M104,회계·세무,M10402,세무사,M71202,세무사업,11,서울특별시,11680,강남구,11680580,삼성1동,1168010500,삼성동,1168010500101700003,1,대지,170,3,서울특별시 강남구 삼성동 170-3,116804166712,서울특별시 강남구 테헤란로107길,12,,1168010500101700003016500,한일빌딩,서울특별시 강남구 테헤란로107길 12,135882,06173,,4,,127.06543164312,37.5106576778114
MA010120220803493815,호안법무사사무소,,M1,과학·기술,M103,법무관련 ,M10303,법무사,M71103,법무사업,11,서울특별시,11680,강남구,11680580,삼성1동,1168010500,삼성동,1168010500101700003,1,대지,170,3,서울특별시 강남구 삼성동 170-3,116804166712,서울특별시 강남구 테헤란로107길,12,,1168010500101700003016500,한일빌딩,서울특별시 강남구 테헤란로107길 12,135882,06173,,3,,127.06543164312,37.5106576778114
MA010120220801458428,원네이쳐,,G2,소매,G213,오락용품 소매,G21304,운동용품 소매업,G47631,운동 및 경기용품 소매업,11,서울특별시,11680,강남구,11680580,삼성1동,1168010500,삼성동,1168010500101700003,1,대지,170,3,서울특별시 강남구 삼성동 170-3,116804166712,서울특별시 강남구 테헤란로107길,12,,1168010500101700003016500,한일빌딩,서울특별시 강남구 테헤란로107길 12,135882,06173,,3,,127.06543164312,37.5106576778114
MA010120220803519491,어울림청소년인재개발협회,,P1,교육,P107,교육 지원,P10701,교육컨설팅업,P85701,교육관련 자문 및 평가업,11,서울특별시,11680,강남구,11680580,삼성1동,1168010500,삼성동,1168010500101700003,1,대지,170,3,서울특별시 강남구 삼성동 170-3,116804166712,서울특별시 강남구 테헤란로107길,12,,1168010500101700003016500,,서울특별시 강남구 테헤란로107길 12,135882,06173,,3,,127.06543164312,37.5106576778114
MA010120220805895159,사조참치,삼성점,I2,음식,I203,일식,I20301,일식 회/초밥,I56122,일식 음식점업,11,서울특별시,11680,강남구,11680610,대치2동,1168010600,대치동,1168010600109960016,1,대지,996,16,서울특별시 강남구 대치동 996-16,116804166702,서울특별시 강남구 영동대로86길,17,,1168010600109960016012075,,서울특별시 강남구 영동대로86길 17,135502,06174,,,,127.065474807681,37.5082790019488
MA010120220801070382,알에이지,,M1,과학·기술,M107,본사·경영 컨설팅,M10703,경영 컨설팅업,M71531,경영 컨설팅업,11,서울특별시,11680,강남구,11680610,대치2동,1168010600,대치동,1168010600109960016,1,대지,996,16,서울특별시 강남구 대치동 996-16,116804166702,서울특별시 강남구 영동대로86길,17,,1168010600109960016012075,육인빌딩,서울특별시 강남구 영동대로86길 17,135502,06174,,2,,127.065474807681,37.5082790019488
MA010120220801043633,오베로,,I2,음식,I211,주점,I21104,요리 주점,I56219,기타 주점업,11,서울특별시,11680,강남구,11680610,대치2동,1168010600,대치동,1168010600109960016,1,대지,996,16,서울특별시 강남구 대치동 996-16,116804166702,서울특별시 강남구 영동대로86길,17,,1168010600109960016012075,육인빌딩,서울특별시 강남구 영동대로86길 17,135502,06174,,,,127.065474807681,37.5082790019488
MA010120220804479238,우리벤처컨설팅주,,M1,과학·기술,M107,본사·경영 컨설팅,M10703,경영 컨설팅업,M71531,경영 컨설팅업,11,서울특별시,11680,강남구,11680610,대치2동,1168010600,대치동,1168010600109960016,1,대지,996,16,서울특별시 강남구 대치동 996-16,116804166702,서울특별시 강남구 영동대로86길,17,,1168010600109960016012075,육인빌딩,서울특별시 강남구 영동대로86길 17,135502,06174,,,,127.065474807681,37.5082790019488
MA010120220801057664,우리회계법인,,M1,과학·기술,M104,회계·세무,M10401,공인회계사,M71201,공인회계사업,11,서울특별시,11680,강남구,11680610,대치2동,1168010600,대치동,1168010600109960016,1,대지,996,16,서울특별시 강남구 대치동 996-16,116804166702,서울특별시 강남구 영동대로86길,17,,1168010600109960016012075,육인빌딩,서울특별시 강남구 영동대로86길 17,135502,06174,,,,127.065474807681,37.5082790019488
MA010120220801069538,에제르홈주,,G2,소매,G213,오락용품 소매,G21304,운동용품 소매업,M71531,경영 컨설팅업,11,서울특별시,11680,강남구,11680610,대치2동,1168010600,대치동,1168010600109960016,1,대지,996,16,서울특별시 강남구 대치동 996-16,116804166702,서울특별시 강남구 영동대로86길,17,,1168010600109960016012075,육인빌딩,서울특별시 강남구 영동대로86길 17,135502,06174,,,,127.065474807681,37.5082790019488
MA010120220804497332,피비엔제이,,M1,과학·기술,M107,본사·경영 컨설팅,M10703,경영 컨설팅업,M71531,경영 컨설팅업,11,서울특별시,11680,강남구,11680580,삼성1동,1168010500,삼성동,1168010500101660007,1,대지,166,7,서울특별시 강남구 삼성동 166-7,116804166333,서울특별시 강남구 봉은사로114길,46,,1168010500101660007016134,,서울특별시 강남구 봉은사로114길 46,135881,06172,,1,,127.065511903783,37.5119010191861
MA010120220803583084,커리인,,I2,음식,I205,동남아시아,I20599,기타 동남아식 전문,I56129,기타 외국식 음식점업,11,서울특별시,11680,강남구,11680580,삼성1동,1168010500,삼성동,1168010500101660008,1,대지,166,8,서울특별시 강남구 삼성동 166-8,116804166703,서울특별시 강남구 영동대로96길,37,,1168010500101660008016203,,서울특별시 강남구 영동대로96길 37,135881,06172,,1,,127.065523009747,37.5116667519417
MA010120220802936816,오늘도행복해,,I2,음식,I212,비알코올 ,I21201,카페,I56221,커피 전문점,11,서울특별시,11680,강남구,11680580,삼성1동,1168010500,삼성동,1168010500101660008,1,대지,166,8,서울특별시 강남구 삼성동 166-8,116804166703,서울특별시 강남구 영동대로96길,37,,1168010500101660008016203,,서울특별시 강남구 영동대로96길 37,135881,06172,,1,,127.065523009747,37.5116667519417
MA010120220801874570,카페이레,,I2,음식,I210,기타 간이,I21003,피자,I56192,"피자, 햄버거, 샌드위치 및 유사 음식점업",11,서울특별시,11680,강남구,11680580,삼성1동,1168010500,삼성동,1168010500101660008,1,대지,166,8,서울특별시 강남구 삼성동 166-8,116804166703,서울특별시 강남구 영동대로96길,37,,1168010500101660008016203,,서울특별시 강남구 영동대로96길 37,135881,06172,,1,,127.065523009747,37.5116667519417
MA010120220803797675,플러스그린렌트카주,,N1,시설관리·임대,N109,운송장비 대여,N10901,자동차 대여업,N76110,자동차 임대업,11,서울특별시,11680,강남구,11680580,삼성1동,1168010500,삼성동,1168010500101660008,1,대지,166,8,서울특별시 강남구 삼성동 166-8,116804166703,서울특별시 강남구 영동대로96길,37,,1168010500101660008016203,,서울특별시 강남구 영동대로96길 37,135881,06172,,,,127.065523009747,37.5116667519417
MA010120220801047093,소울담은퓨전요리,,I2,음식,I204,서양식,I20401,경양식,I56123,서양식 음식점업,11,서울특별시,11680,강남구,11680580,삼성1동,1168010500,삼성동,1168010500101660008,1,대지,166,8,서울특별시 강남구 삼성동 166-8,116804166703,서울특별시 강남구 영동대로96길,37,,1168010500101660008016203,제,서울특별시 강남구 영동대로96길 37,135881,06172,,2,,127.065523009747,37.5116667519417
MA010120220804056234,예림종합건축사사무소주,,M1,과학·기술,M109,기술 서비스,M10901,건축 설계 및 관련 서비스업,M72111,건축 설계 및 관련 서비스업,11,서울특별시,11680,강남구,11680580,삼성1동,1168010500,삼성동,1168010500101700004,1,대지,170,4,서울특별시 강남구 삼성동 170-4,116804166712,서울특별시 강남구 테헤란로107길,10,,1168010500101700004016553,성림빌딩,서울특별시 강남구 테헤란로107길 10,135882,06173,,3,,127.065555917468,37.5104954281221
MA010120220801067678,벨킨,,N1,시설관리·임대,N107,사무 지원,N10799,기타 사무 지원 서비스업,N75919,기타 사무 지원 서비스업,11,서울특별시,11680,강남구,11680610,대치2동,1168010600,대치동,1168010600110050008,1,대지,1005,8,서울특별시 강남구 대치동 1005-8,116803122008,서울특별시 강남구 역삼로,601,,1168010600110050008014545,보성빌딩,서울특별시 강남구 역삼로 601,135851,06176,,8,,127.065574227249,37.5055669220113
MA010120220804059542,전인씨엠건축사사무소주,,M1,과학·기술,M109,기술 서비스,M10901,건축 설계 및 관련 서비스업,M72111,건축 설계 및 관련 서비스업,11,서울특별시,11680,강남구,11680610,대치2동,1168010600,대치동,1168010600109960001,1,대지,996,1,서울특별시 강남구 대치동 996-1,116803122010,서울특별시 강남구 테헤란로,620,,1168010600109960001012052,미래에셋타워,서울특별시 강남구 테헤란로 620,135502,06174,,17,,127.065577403476,37.5091979697646
MA010120220801073544,더블유제이코퍼레이션,,M1,과학·기술,M107,본사·경영 컨설팅,M10703,경영 컨설팅업,M71531,경영 컨설팅업,11,서울특별시,11680,강남구,11680610,대치2동,1168010600,대치동,1168010600109960001,1,대지,996,1,서울특별시 강남구 대치동 996-1,116803122010,서울특별시 강남구 테헤란로,620,,1168010600109960001012052,미래에셋타워,서울특별시 강남구 테헤란로 620,135502,06174,,14,,127.065577403476,37.5091979697646
MA010120220804301656,빌드에셋,,L1,부동산,L102,부동산 서비스,L10203,부동산 중개/대리업,L68221,부동산 중개 및 대리업,11,서울특별시,11680,강남구,11680610,대치2동,1168010600,대치동,1168010600109960001,1,대지,996,1,서울특별시 강남구 대치동 996-1,116803122010,서울특별시 강남구 테헤란로,620,,1168010600109960001012052,미래에셋타워,서울특별시 강남구 테헤란로 620,135502,06174,,8,,127.065577403476,37.5091979697646
MA010120220803299762,한국에이아이,,M1,과학·기술,M107,본사·경영 컨설팅,M10703,경영 컨설팅업,M71531,경영 컨설팅업,11,서울특별시,11680,강남구,11680610,대치2동,1168010600,대치동,1168010600109960001,1,대지,996,1,서울특별시 강남구 대치동 996-1,116803122010,서울특별시 강남구 테헤란로,620,,1168010600109960001012052,미래에셋타워,서울특별시 강남구 테헤란로 620,135502,06174,,11,,127.065577403476,37.5091979697646
MA010120220800849064,피코노스아시아,,N1,시설관리·임대,N108,기타 사업 서비스,N10802,전시/컨벤션/행사 대행 서비스업,N75992,"전시, 컨벤션 및 행사 대행업",11,서울특별시,11680,강남구,11680610,대치2동,1168010600,대치동,1168010600110000001,1,대지,1000,1,서울특별시 강남구 대치동 1000-1,116804166702,서울특별시 강남구 영동대로86길,18,,1168010600110000001012099,우성빌딩,서울특별시 강남구 영동대로86길 18,135502,06174,,5,,127.065587633808,37.5079635877011
MA010120220801070508,키움에듀(KiwoomeduCo.，Ltd.)주,,P1,교육,P105,일반 교육,P10501,입시·교과학원,P85501,일반 교과학원,11,서울특별시,11680,강남구,11680610,대치2동,1168010600,대치동,1168010600110000001,1,대지,1000,1,서울특별시 강남구 대치동 1000-1,116804166702,서울특별시 강남구 영동대로86길,18,,1168010600110000001012099,우성빌딩,서울특별시 강남구 영동대로86길 18,135502,06174,,4,,127.065587633808,37.5079635877011
MA010120220801026472,치킨뱅이,대치점,I2,음식,I210,기타 간이,I21006,치킨,I56193,치킨 전문점,11,서울특별시,11680,강남구,11680610,대치2동,1168010600,대치동,1168010600110000001,1,대지,1000,1,서울특별시 강남구 대치동 1000-1,116804166702,서울특별시 강남구 영동대로86길,18,,1168010600110000001012099,,서울특별시 강남구 영동대로86길 18,135502,06174,,,,127.065587633808,37.5079635877011
MA010120220801026480,명동칼국수,,I2,음식,I201,한식,I20105,국수/칼국수,I56112,한식 면 요리 전문점,11,서울특별시,11680,강남구,11680610,대치2동,1168010600,대치동,1168010600110000001,1,대지,1000,1,서울특별시 강남구 대치동 1000-1,116804166702,서울특별시 강남구 영동대로86길,18,,1168010600110000001012099,,서울특별시 강남구 영동대로86길 18,135502,06174,,1,,127.065587633808,37.5079635877011
MA010120220802279508,휴앤코공인중개사사무소,,L1,부동산,L102,부동산 서비스,L10203,부동산 중개/대리업,L68221,부동산 중개 및 대리업,11,서울특별시,11680,강남구,11680610,대치2동,1168010600,대치동,1168010600110000001,1,대지,1000,1,서울특별시 강남구 대치동 1000-1,116804166702,서울특별시 강남구 영동대로86길,18,,1168010600110000001012099,,서울특별시 강남구 영동대로86길 18,135502,06174,,7,,127.065587633808,37.5079635877011
MA010120220803066168,버스터,,M1,과학·기술,M105,광고,M10501,광고 대행업,M71310,광고 대행업,11,서울특별시,11680,강남구,11680580,삼성1동,1168010500,삼성동,1168010500101700008,1,대지,170,8,서울특별시 강남구 삼성동 170-8,116803122010,서울특별시 강남구 테헤란로,623,,1168010500101700008016667,삼성빌딩,서울특별시 강남구 테헤란로 623,135882,06173,,10,,127.065702535892,37.5100178143262
MA010120220800307118,월드클래스특허법률사무소,,M1,과학·기술,M103,법무관련 ,M10301,변호사,M71101,변호사업,11,서울특별시,11680,강남구,11680580,삼성1동,1168010500,삼성동,1168010500101700008,1,대지,170,8,서울특별시 강남구 삼성동 170-8,116803122010,서울특별시 강남구 테헤란로,623,,1168010500101700008016667,삼성빌딩,서울특별시 강남구 테헤란로 623,135882,06173,,3,,127.065702535892,37.5100178143262
MA010120220802842869,폴라몬드주,,M1,과학·기술,M115,기타 전문 과학,M11504,사업/무형 재산권 중개업,M73903,사업 및 무형 재산권 중개업,11,서울특별시,11680,강남구,11680580,삼성1동,1168010500,삼성동,1168010500101700008,1,대지,170,8,서울특별시 강남구 삼성동 170-8,116803122010,서울특별시 강남구 테헤란로,623,,1168010500101700008016667,삼성빌딩,서울특별시 강남구 테헤란로 623,135882,06173,,6,,127.065702535892,37.5100178143262
MA010120220805435906,월드클래스,코리아,M1,과학·기술,M107,본사·경영 컨설팅,M10703,경영 컨설팅업,M71531,경영 컨설팅업,11,서울특별시,11680,강남구,11680580,삼성1동,1168010500,삼성동,1168010500101700008,1,대지,170,8,서울특별시 강남구 삼성동 170-8,116803122010,서울특별시 강남구 테헤란로,623,,1168010500101700008016667,삼성빌딩,서울특별시 강남구 테헤란로 623,135882,06173,,3,,127.065702535892,37.5100178143262
MA010120220803312329,특허법률사무소베젤,,M1,과학·기술,M103,법무관련 ,M10302,변리사,M71102,변리사업,11,서울특별시,11680,강남구,11680580,삼성1동,1168010500,삼성동,1168010500101700008,1,대지,170,8,서울특별시 강남구 삼성동 170-8,116803122010,서울특별시 강남구 테헤란로,623,,1168010500101700008016667,삼성빌딩,서울특별시 강남구 테헤란로 623,135882,06173,,6,,127.065702535892,37.5100178143262
MA010120220803546922,변호사강지훈법률사무소,,M1,과학·기술,M103,법무관련 ,M10301,변호사,M71101,변호사업,11,서울특별시,11680,강남구,11680580,삼성1동,1168010500,삼성동,1168010500101700008,1,대지,170,8,서울특별시 강남구 삼성동 170-8,116803122010,서울특별시 강남구 테헤란로,623,,1168010500101700008016667,삼성빌딩,서울특별시 강남구 테헤란로 623,135882,06173,,3,,127.065702535892,37.5100178143262
MA010120220804495494,회원권프로,,M1,과학·기술,M115,기타 전문 과학,M11504,사업/무형 재산권 중개업,M73903,사업 및 무형 재산권 중개업,11,서울특별시,11680,강남구,11680610,대치2동,1168010600,대치동,1168010600110060000,1,대지,1006,,서울특별시 강남구 대치동 1006,116802122002,서울특별시 강남구 영동대로,342,,1168010600110060000012275,덕유빌딩,서울특별시 강남구 영동대로 342,135851,06177,,7,,127.065732256281,37.5052154421737
MA010120220804030329,원세컨드,,M1,과학·기술,M113,사진 촬영,M11301,사진촬영업,M73301,인물 사진 및 행사용 영상 촬영업,11,서울특별시,11680,강남구,11680610,대치2동,1168010600,대치동,1168010600110060000,1,대지,1006,,서울특별시 강남구 대치동 1006,116802122002,서울특별시 강남구 영동대로,342,,1168010600110060000012275,덕유빌딩,서울특별시 강남구 영동대로 342,135851,06177,,,,127.065732256281,37.5052154421737
MA010120220801046506,김수균외과,,Q1,보건의료,Q102,의원,Q10202,외과 의원,Q86201,일반의원,11,서울특별시,11680,강남구,11680610,대치2동,1168010600,대치동,1168010600110060000,1,대지,1006,,서울특별시 강남구 대치동 1006,116802122002,서울특별시 강남구 영동대로,342,,1168010600110060000012275,덕유빌딩,서울특별시 강남구 영동대로 342,135851,06177,,,,127.065732256281,37.5052154421737
MA010120220803127836,크로스핏강남삼성,,R1,예술·스포츠,R103,스포츠 서비스,R10307,헬스장,R91132,체력 단련시설 운영업,11,서울특별시,11680,강남구,11680610,대치2동,1168010600,대치동,1168010600109960014,1,대지,996,14,서울특별시 강남구 대치동 996-14,116804166713,서울특별시 강남구 테헤란로108길,12,,1168010600109960014027425,하나빌딩,서울특별시 강남구 테헤란로108길 12,135502,06174,,B1,,127.065757855204,37.5086122164506
MA010120220800814949,정부법무공단,,M1,과학·기술,M103,법무관련 ,M10301,변호사,M71101,변호사업,11,서울특별시,11680,강남구,11680610,대치2동,1168010600,대치동,1168010600109960014,1,대지,996,14,서울특별시 강남구 대치동 996-14,116804166713,서울특별시 강남구 테헤란로108길,12,,1168010600109960014027425,하나빌딩,서울특별시 강남구 테헤란로108길 12,135502,06174,,,,127.065757855204,37.5086122164506
MA010120220804813111,자녀안심하고학교보내기운동국민재단,,P1,교육,P106,기타 교육,P10619,사회교육시설,P85640,사회교육시설,11,서울특별시,11680,강남구,11680610,대치2동,1168010600,대치동,1168010600109960014,1,대지,996,14,서울특별시 강남구 대치동 996-14,116804166713,서울특별시 강남구 테헤란로108길,12,,1168010600109960014027425,,서울특별시 강남구 테헤란로108길 12,135502,06174,,,,127.065757855204,37.5086122164506
MA010120220801071778,케이에스커뮤니케이션스,,N1,시설관리·임대,N108,기타 사업 서비스,N10802,전시/컨벤션/행사 대행 서비스업,N75992,"전시, 컨벤션 및 행사 대행업",11,서울특별시,11680,강남구,11680610,대치2동,1168010600,대치동,1168010600110000010,1,대지,1000,10,서울특별시 강남구 대치동 1000-10,116804166711,서울특별시 강남구 테헤란로104길,31,,1168010600110000010012129,다온빌딩,서울특별시 강남구 테헤란로104길 31,135502,06174,,2,,127.06576797974,37.5072607036782
MA010120220804218872,케이앤디,,N1,시설관리·임대,N105,여행사·보조,N10501,여행사,N75210,여행사업,11,서울특별시,11680,강남구,11680610,대치2동,1168010600,대치동,1168010600109960015,1,대지,996,15,서울특별시 강남구 대치동 996-15,116804166702,서울특별시 강남구 영동대로86길,21,,1168010600109960015012072,태화빌딩,서울특별시 강남구 영동대로86길 21,135502,06174,,1,,127.065836829151,37.5083869212927
MA010120220801064721,한경회계법인,,M1,과학·기술,M104,회계·세무,M10401,공인회계사,M71201,공인회계사업,11,서울특별시,11680,강남구,11680610,대치2동,1168010600,대치동,1168010600109960015,1,대지,996,15,서울특별시 강남구 대치동 996-15,116804166702,서울특별시 강남구 영동대로86길,21,,1168010600109960015012072,태화빌딩,서울특별시 강남구 영동대로86길 21,135502,06174,,4,,127.065836829151,37.5083869212927
MA010120220804158328,두양매니지먼트주,,N1,시설관리·임대,N102,청소·방제,N10201,건축물 일반 청소업,N74211,건축물 일반 청소업,11,서울특별시,11680,강남구,11680610,대치2동,1168010600,대치동,1168010600109960015,1,대지,996,15,서울특별시 강남구 대치동 996-15,116804166702,서울특별시 강남구 영동대로86길,21,,1168010600109960015012072,태화빌딩,서울특별시 강남구 영동대로86길 21,135502,06174,,1,,127.065836829151,37.5083869212927
MA010120220801060518,케이엔디(,,I2,음식,I210,기타 간이,I21007,김밥/만두/분식,I56194,김밥 및 기타 간이 음식점업,11,서울특별시,11680,강남구,11680610,대치2동,1168010600,대치동,1168010600109960015,1,대지,996,15,서울특별시 강남구 대치동 996-15,116804166702,서울특별시 강남구 영동대로86길,21,,1168010600109960015012072,태화빌딩,서울특별시 강남구 영동대로86길 21,135502,06174,,1,,127.065836829151,37.5083869212927
MA010120220801069224,태율회계법인,,M1,과학·기술,M104,회계·세무,M10401,공인회계사,M71201,공인회계사업,11,서울특별시,11680,강남구,11680610,대치2동,1168010600,대치동,1168010600109960015,1,대지,996,15,서울특별시 강남구 대치동 996-15,116804166702,서울특별시 강남구 영동대로86길,21,,1168010600109960015012072,태화빌딩,서울특별시 강남구 영동대로86길 21,135502,06174,,3,,127.065836829151,37.5083869212927
MA010120220804457299,MTS세무회계[세무사배민환],,M1,과학·기술,M104,회계·세무,M10402,세무사,M71202,세무사업,11,서울특별시,11680,강남구,11680580,삼성1동,1168010500,삼성동,1168010500101700011,1,대지,170,11,서울특별시 강남구 삼성동 170-11,116804166715,서울특별시 강남구 테헤란로113길,13,,1168010500101700011016440,칠성빌딩,서울특별시 강남구 테헤란로113길 13,135882,06173,,,,127.065839013305,37.5108736924895
MA010120220804217242,하영인포에셋,,I2,음식,I207,구내식당·뷔페,I20701,구내식당,I56130,기관 구내식당업,11,서울특별시,11680,강남구,11680580,삼성1동,1168010500,삼성동,1168010500101700011,1,대지,170,11,서울특별시 강남구 삼성동 170-11,116804166715,서울특별시 강남구 테헤란로113길,13,,1168010500101700011016440,칠성빌딩,서울특별시 강남구 테헤란로113길 13,135882,06173,,1,,127.065839013305,37.5108736924895
MA010120220800544726,에프에이경영컨설팅,,M1,과학·기술,M107,본사·경영 컨설팅,M10703,경영 컨설팅업,M71531,경영 컨설팅업,11,서울특별시,11680,강남구,11680580,삼성1동,1168010500,삼성동,1168010500101700011,1,대지,170,11,서울특별시 강남구 삼성동 170-11,116804166715,서울특별시 강남구 테헤란로113길,13,,1168010500101700011016440,칠성빌딩,서울특별시 강남구 테헤란로113길 13,135882,06173,,,,127.065839013305,37.5108736924895
MA010120220801059100,가정문화원,,P1,교육,P106,기타 교육,P10619,사회교육시설,P85640,사회교육시설,11,서울특별시,11680,강남구,11680580,삼성1동,1168010500,삼성동,1168010500101700011,1,대지,170,11,서울특별시 강남구 삼성동 170-11,116804166715,서울특별시 강남구 테헤란로113길,13,,1168010500101700011016440,칠성빌딩,서울특별시 강남구 테헤란로113길 13,135882,06173,,5,,127.065839013305,37.5108736924895
MA010120220801110779,MTS세무회계[세무사김준형],,M1,과학·기술,M104,회계·세무,M10402,세무사,M71202,세무사업,11,서울특별시,11680,강남구,11680580,삼성1동,1168010500,삼성동,1168010500101700011,1,대지,170,11,서울특별시 강남구 삼성동 170-11,116804166715,서울특별시 강남구 테헤란로113길,13,,1168010500101700011016440,칠성빌딩,서울특별시 강남구 테헤란로113길 13,135882,06173,,,,127.065839013305,37.5108736924895
MA010120220804063554,크로스커뮤니케이션즈주,,M1,과학·기술,M105,광고,M10501,광고 대행업,M71310,광고 대행업,11,서울특별시,11680,강남구,11680580,삼성1동,1168010500,삼성동,1168010500101700011,1,대지,170,11,서울특별시 강남구 삼성동 170-11,116804166715,서울특별시 강남구 테헤란로113길,13,,1168010500101700011016440,칠성빌딩,서울특별시 강남구 테헤란로113길 13,135882,06173,,,,127.065839013305,37.5108736924895
MA010120220801068101,에우로파인베스트먼트,,M1,과학·기술,M115,기타 전문 과학,M11504,사업/무형 재산권 중개업,M73903,사업 및 무형 재산권 중개업,11,서울특별시,11680,강남구,11680580,삼성1동,1168010500,삼성동,1168010500101700011,1,대지,170,11,서울특별시 강남구 삼성동 170-11,116804166715,서울특별시 강남구 테헤란로113길,13,,1168010500101700011016440,칠성빌딩,서울특별시 강남구 테헤란로113길 13,135882,06173,,1,,127.065839013305,37.5108736924895
MA010120220802871054,케이더블유파트너스,,M1,과학·기술,M107,본사·경영 컨설팅,M10703,경영 컨설팅업,M71531,경영 컨설팅업,11,서울특별시,11680,강남구,11680580,삼성1동,1168010500,삼성동,1168010500101700011,1,대지,170,11,서울특별시 강남구 삼성동 170-11,116804166715,서울특별시 강남구 테헤란로113길,13,,1168010500101700011016440,칠성빌딩,서울특별시 강남구 테헤란로113길 13,135882,06173,,1,,127.065839013305,37.5108736924895
MA010120220801074398,제타엔지니어링,,M1,과학·기술,M109,기술 서비스,M10999,기타 엔지니어링 서비스업,M72129,기타 엔지니어링 서비스업,11,서울특별시,11680,강남구,11680580,삼성1동,1168010500,삼성동,1168010500101700011,1,대지,170,11,서울특별시 강남구 삼성동 170-11,116804166715,서울특별시 강남구 테헤란로113길,13,,1168010500101700011016440,칠성빌딩,서울특별시 강남구 테헤란로113길 13,135882,06173,,,,127.065839013305,37.5108736924895
MA010120220801071534,씨에프오서비스,,M1,과학·기술,M107,본사·경영 컨설팅,M10703,경영 컨설팅업,M71531,경영 컨설팅업,11,서울특별시,11680,강남구,11680580,삼성1동,1168010500,삼성동,1168010500101700011,1,대지,170,11,서울특별시 강남구 삼성동 170-11,116804166715,서울특별시 강남구 테헤란로113길,13,,1168010500101700011016440,칠성빌딩,서울특별시 강남구 테헤란로113길 13,135882,06173,,1,,127.065839013305,37.5108736924895
MA010120220801034660,이클립스,,S2,수리·개인,S201,컴퓨터 수리,S20101,컴퓨터/노트북/프린터 수리업,S95110,컴퓨터 및 주변 기기 수리업,11,서울특별시,11680,강남구,11680580,삼성1동,1168010500,삼성동,1168010500101700011,1,대지,170,11,서울특별시 강남구 삼성동 170-11,116804166715,서울특별시 강남구 테헤란로113길,13,,1168010500101700011016440,칠성빌딩,서울특별시 강남구 테헤란로113길 13,135882,06173,,B1,,127.065839013305,37.5108736924895
MA010120220804487539,굿데이애드컴주,,M1,과학·기술,M105,광고,M10502,옥외/전시 광고 대행업,M71391,옥외 및 전시 광고업,11,서울특별시,11680,강남구,11680580,삼성1동,1168010500,삼성동,1168010500101700011,1,대지,170,11,서울특별시 강남구 삼성동 170-11,116804166715,서울특별시 강남구 테헤란로113길,13,,1168010500101700011016440,칠성빌딩,서울특별시 강남구 테헤란로113길 13,135882,06173,,,,127.065839013305,37.5108736924895
MA010120220804302928,트라이앵글파트너스주,,M1,과학·기술,M115,기타 전문 과학,M11504,사업/무형 재산권 중개업,M71531,경영 컨설팅업,11,서울특별시,11680,강남구,11680580,삼성1동,1168010500,삼성동,1168010500101700011,1,대지,170,11,서울특별시 강남구 삼성동 170-11,116804166715,서울특별시 강남구 테헤란로113길,13,,1168010500101700011016440,비1층,서울특별시 강남구 테헤란로113길 13,135882,06173,,1,,127.065839013305,37.5108736924895
MA010120220804462000,바다풍경,,I2,음식,I203,일식,I20301,일식 회/초밥,I56122,일식 음식점업,11,서울특별시,11680,강남구,11680580,삼성1동,1168010500,삼성동,1168010500101700011,1,대지,170,11,서울특별시 강남구 삼성동 170-11,116804166715,서울특별시 강남구 테헤란로113길,13,,1168010500101700011016440,칠성빌딩,서울특별시 강남구 테헤란로113길 13,135882,06173,,1,,127.065839013305,37.5108736924895
MA010120220801069910,케이앤비,,L1,부동산,L102,부동산 서비스,L10203,부동산 중개/대리업,L68221,부동산 중개 및 대리업,11,서울특별시,11680,강남구,11680610,대치2동,1168010600,대치동,1168010600110060017,1,대지,1006,17,서울특별시 강남구 대치동 1006-17,116802122002,서울특별시 강남구 영동대로,338,,1168010600110060017012329,대원빌딩,서울특별시 강남구 영동대로 338,135851,06177,,5,,127.065845076733,37.5049000275215
MA010120220800066128,다산인베스트,,M1,과학·기술,M103,법무관련 ,M10306,행정사,M71109,기타 법무관련 서비스업,11,서울특별시,11680,강남구,11680580,삼성1동,1168010500,삼성동,1168010500101700005,1,대지,170,5,서울특별시 강남구 삼성동 170-5,116804166715,서울특별시 강남구 테헤란로113길,7,,1168010500101700005016495,동백제예술대학,서울특별시 강남구 테헤란로113길 7,135882,06173,,3,,127.065872770891,37.5106754527176
MA010120220801044649,오성세무컨설팅,,M1,과학·기술,M104,회계·세무,M10402,세무사,M71202,세무사업,11,서울특별시,11680,강남구,11680580,삼성1동,1168010500,삼성동,1168010500101700005,1,대지,170,5,서울특별시 강남구 삼성동 170-5,116804166715,서울특별시 강남구 테헤란로113길,7,,1168010500101700005016495,백암아트센터,서울특별시 강남구 테헤란로113길 7,135882,06173,,5,,127.065872770891,37.5106754527176
MA010120220803517311,에프앤에이치씨컨설팅주,,M1,과학·기술,M107,본사·경영 컨설팅,M10703,경영 컨설팅업,M71531,경영 컨설팅업,11,서울특별시,11680,강남구,11680580,삼성1동,1168010500,삼성동,1168010500101700005,1,대지,170,5,서울특별시 강남구 삼성동 170-5,116804166715,서울특별시 강남구 테헤란로113길,7,,1168010500101700005016495,백제예술대학,서울특별시 강남구 테헤란로113길 7,135882,06173,,4,,127.065872770891,37.5106754527176
MA010120220801074632,비케이엔,,M1,과학·기술,M107,본사·경영 컨설팅,M10703,경영 컨설팅업,M71531,경영 컨설팅업,11,서울특별시,11680,강남구,11680580,삼성1동,1168010500,삼성동,1168010500101700005,1,대지,170,5,서울특별시 강남구 삼성동 170-5,116804166715,서울특별시 강남구 테헤란로113길,7,,1168010500101700005016495,백제예술대학,서울특별시 강남구 테헤란로113길 7,135882,06173,,4,,127.065872770891,37.5106754527176
MA010120220801070129,푸른다산주,,M1,과학·기술,M109,기술 서비스,M10902,도시 계획 및 조경 설계 서비스업,M72112,도시 계획 및 조경 설계 서비스업,11,서울특별시,11680,강남구,11680580,삼성1동,1168010500,삼성동,1168010500101700005,1,대지,170,5,서울특별시 강남구 삼성동 170-5,116804166715,서울특별시 강남구 테헤란로113길,7,,1168010500101700005016495,백제예술대학,서울특별시 강남구 테헤란로113길 7,135882,06173,,6,,127.065872770891,37.5106754527176
MA010120220804489060,도영회계법인,,M1,과학·기술,M104,회계·세무,M10401,공인회계사,M71201,공인회계사업,11,서울특별시,11680,강남구,11680580,삼성1동,1168010500,삼성동,1168010500101700005,1,대지,170,5,서울특별시 강남구 삼성동 170-5,116804166715,서울특별시 강남구 테헤란로113길,7,,1168010500101700005016495,백암아트센터,서울특별시 강남구 테헤란로113길 7,135882,06173,,3,,127.065872770891,37.5106754527176
MA010120220805191446,마이다스에이앤디,,L1,부동산,L102,부동산 서비스,L10203,부동산 중개/대리업,L68221,부동산 중개 및 대리업,11,서울특별시,11680,강남구,11680610,대치2동,1168010600,대치동,1168010600110000002,1,대지,1000,2,서울특별시 강남구 대치동 1000-2,116804166713,서울특별시 강남구 테헤란로108길,22,,1168010600110000002000001,서경빌딩,서울특별시 강남구 테헤란로108길 22,135502,06174,,2,,127.065938232791,37.5079453724178
MA010120220801055999,이케이맨파워,,N1,시설관리·임대,N104,고용 알선,N10403,상용 인력 공급 및 인사관리 서비스업,N75122,상용 인력 공급 및 인사관리 서비스업,11,서울특별시,11680,강남구,11680610,대치2동,1168010600,대치동,1168010600109970000,1,대지,997,,서울특별시 강남구 대치동 997,116803122010,서울특별시 강남구 테헤란로,624,,1168010600109970003012050,오로라빌딩,서울특별시 강남구 테헤란로 624,135502,06175,,2,,127.066029952083,37.509350888433
MA010120220801061539,아너스피플,,N1,시설관리·임대,N104,고용 알선,N10402,임시/일용 인력 공급업,N75121,임시 및 일용 인력 공급업,11,서울특별시,11680,강남구,11680610,대치2동,1168010600,대치동,1168010600109970000,1,대지,997,,서울특별시 강남구 대치동 997,116803122010,서울특별시 강남구 테헤란로,624,,1168010600109970003012050,오로라빌딩,서울특별시 강남구 테헤란로 624,135502,06175,,2,,127.066029952083,37.509350888433
MA010120220801061725,잡,코리아,N1,시설관리·임대,N104,고용 알선,N10402,임시/일용 인력 공급업,N75121,임시 및 일용 인력 공급업,11,서울특별시,11680,강남구,11680610,대치2동,1168010600,대치동,1168010600109970000,1,대지,997,,서울특별시 강남구 대치동 997,116803122010,서울특별시 강남구 테헤란로,624,,1168010600109970003012050,오로라빌딩,서울특별시 강남구 테헤란로 624,135502,06175,,2,,127.066029952083,37.509350888433
MA010120220805350020,동해횟집,,I2,음식,I201,한식,I20111,횟집,I56114,한식 해산물 요리 전문점,11,서울특별시,11680,강남구,11680610,대치2동,1168010600,대치동,1168010600110050004,1,대지,1005,4,서울특별시 강남구 대치동 1005-4,116804166698,서울특별시 강남구 영동대로76길,12,,1168010600110050004012183,,서울특별시 강남구 영동대로76길 12,135851,06176,,,,127.066049802206,37.506206370653
MA010120220804008335,정인피엠씨,,L1,부동산,L102,부동산 서비스,L10203,부동산 중개/대리업,L68221,부동산 중개 및 대리업,11,서울특별시,11680,강남구,11680580,삼성1동,1168010500,삼성동,1168010500101700009,1,대지,170,9,서울특별시 강남구 삼성동 170-9,116803122010,서울특별시 강남구 테헤란로,625,,1168010500101700009016621,덕명빌딩,서울특별시 강남구 테헤란로 625,135741,06173,,17,,127.066053279427,37.5101527693766
MA010120220800485744,클라츠CLATTs,,M1,과학·기술,M107,본사·경영 컨설팅,M10703,경영 컨설팅업,M71531,경영 컨설팅업,11,서울특별시,11680,강남구,11680580,삼성1동,1168010500,삼성동,1168010500101700009,1,대지,170,9,서울특별시 강남구 삼성동 170-9,116803122010,서울특별시 강남구 테헤란로,625,,1168010500101700009016621,덕명빌딩,서울특별시 강남구 테헤란로 625,135741,06173,,16,,127.066053279427,37.5101527693766
MA010120220804494838,월드아이엔티,,L1,부동산,L102,부동산 서비스,L10203,부동산 중개/대리업,L68221,부동산 중개 및 대리업,11,서울특별시,11680,강남구,11680580,삼성1동,1168010500,삼성동,1168010500101700009,1,대지,170,9,서울특별시 강남구 삼성동 170-9,116803122010,서울특별시 강남구 테헤란로,625,,1168010500101700009016621,덕명빌딩,서울특별시 강남구 테헤란로 625,135741,06173,,17,,127.066053279427,37.5101527693766
MA010120220801834918,로움택스앤컨설팅,,M1,과학·기술,M104,회계·세무,M10402,세무사,M71202,세무사업,11,서울특별시,11680,강남구,11680580,삼성1동,1168010500,삼성동,1168010500101700009,1,대지,170,9,서울특별시 강남구 삼성동 170-9,116803122010,서울특별시 강남구 테헤란로,625,,1168010500101700009016621,덕명빌딩,서울특별시 강남구 테헤란로 625,135741,06173,,17,,127.066053279427,37.5101527693766
MA010120220800719743,올바른개원,,M1,과학·기술,M107,본사·경영 컨설팅,M10703,경영 컨설팅업,M71531,경영 컨설팅업,11,서울특별시,11680,강남구,11680580,삼성1동,1168010500,삼성동,1168010500101700009,1,대지,170,9,서울특별시 강남구 삼성동 170-9,116803122010,서울특별시 강남구 테헤란로,625,,1168010500101700009016621,,서울특별시 강남구 테헤란로 625,135741,06173,,,,127.066053279427,37.5101527693766
MA010120220803723627,에스앤탑,,N1,시설관리·임대,N105,여행사·보조,N10501,여행사,N75210,여행사업,11,서울특별시,11680,강남구,11680580,삼성1동,1168010500,삼성동,1168010500101700009,1,대지,170,9,서울특별시 강남구 삼성동 170-9,116803122010,서울특별시 강남구 테헤란로,625,,1168010500101700009016621,덕명빌딩,서울특별시 강남구 테헤란로 625,135741,06173,,17,,127.066053279427,37.5101527693766
MA010120220803015647,신아세무회계컨설팅,,M1,과학·기술,M104,회계·세무,M10402,세무사,M71202,세무사업,11,서울특별시,11680,강남구,11680580,삼성1동,1168010500,삼성동,1168010500101700009,1,대지,170,9,서울특별시 강남구 삼성동 170-9,116803122010,서울특별시 강남구 테헤란로,625,,1168010500101700009016621,덕명빌딩,서울특별시 강남구 테헤란로 625,135741,06173,,17,,127.066053279427,37.5101527693766
MA010120220804484865,퓨처넥서스글로벌주,,M1,과학·기술,M107,본사·경영 컨설팅,M10703,경영 컨설팅업,M71531,경영 컨설팅업,11,서울특별시,11680,강남구,11680580,삼성1동,1168010500,삼성동,1168010500101700009,1,대지,170,9,서울특별시 강남구 삼성동 170-9,116803122010,서울특별시 강남구 테헤란로,625,,1168010500101700009016621,덕명빌딩,서울특별시 강남구 테헤란로 625,135741,06173,,17,,127.066053279427,37.5101527693766
MA010120220801250293,에스앤피1717,,L1,부동산,L102,부동산 서비스,L10203,부동산 중개/대리업,L68221,부동산 중개 및 대리업,11,서울특별시,11680,강남구,11680580,삼성1동,1168010500,삼성동,1168010500101700009,1,대지,170,9,서울특별시 강남구 삼성동 170-9,116803122010,서울특별시 강남구 테헤란로,625,,1168010500101700009016621,덕명빌딩,서울특별시 강남구 테헤란로 625,135741,06173,,17,,127.066053279427,37.5101527693766
MA010120220804498712,엠에스케이컴퍼니,,G2,소매,G208,가전·통신 소매,G20802,핸드폰 소매업,G47312,통신기기 소매업,11,서울특별시,11680,강남구,11680580,삼성1동,1168010500,삼성동,1168010500101700009,1,대지,170,9,서울특별시 강남구 삼성동 170-9,116803122010,서울특별시 강남구 테헤란로,625,,1168010500101700009016621,덕명빌딩,서울특별시 강남구 테헤란로 625,135741,06173,,17,,127.066053279427,37.5101527693766
MA010120220804284590,클래식그룹,,M1,과학·기술,M107,본사·경영 컨설팅,M10703,경영 컨설팅업,M71531,경영 컨설팅업,11,서울특별시,11680,강남구,11680580,삼성1동,1168010500,삼성동,1168010500101700009,1,대지,170,9,서울특별시 강남구 삼성동 170-9,116803122010,서울특별시 강남구 테헤란로,625,,1168010500101700009016621,덕명빌딩,서울특별시 강남구 테헤란로 625,135741,06173,,,,127.066053279427,37.5101527693766
MA010120220801068094,케이씨비씨주,,M1,과학·기술,M107,본사·경영 컨설팅,M10703,경영 컨설팅업,M71531,경영 컨설팅업,11,서울특별시,11680,강남구,11680580,삼성1동,1168010500,삼성동,1168010500101700009,1,대지,170,9,서울특별시 강남구 삼성동 170-9,116803122010,서울특별시 강남구 테헤란로,625,,1168010500101700009016621,,서울특별시 강남구 테헤란로 625,135741,06173,,17,,127.066053279427,37.5101527693766
MA010120220801047879,프라이엄텍,,M1,과학·기술,M107,본사·경영 컨설팅,M10703,경영 컨설팅업,M71531,경영 컨설팅업,11,서울특별시,11680,강남구,11680580,삼성1동,1168010500,삼성동,1168010500101700009,1,대지,170,9,서울특별시 강남구 삼성동 170-9,116803122010,서울특별시 강남구 테헤란로,625,,1168010500101700009016621,덕명빌딩,서울특별시 강남구 테헤란로 625,135741,06173,,16,,127.066053279427,37.5101527693766
MA010120220804534916,블랙스톤컨설팅,,M1,과학·기술,M107,본사·경영 컨설팅,M10703,경영 컨설팅업,M71531,경영 컨설팅업,11,서울특별시,11680,강남구,11680580,삼성1동,1168010500,삼성동,1168010500101700009,1,대지,170,9,서울특별시 강남구 삼성동 170-9,116803122010,서울특별시 강남구 테헤란로,625,,1168010500101700009016621,덕명빌딩,서울특별시 강남구 테헤란로 625,135741,06173,,17,,127.066053279427,37.5101527693766
MA010120220804187829,피트니스모터베이션,,R1,예술·스포츠,R103,스포츠 서비스,R10307,헬스장,R91199,그 외 기타 스포츠 서비스업,11,서울특별시,11680,강남구,11680580,삼성1동,1168010500,삼성동,1168010500101700009,1,대지,170,9,서울특별시 강남구 삼성동 170-9,116803122010,서울특별시 강남구 테헤란로,625,,1168010500101700009016621,덕명빌딩,서울특별시 강남구 테헤란로 625,135741,06173,,16,,127.066053279427,37.5101527693766
MA010120220801021556,버스카드충전소,,G2,소매,G207,담배 소매,G20701,담배/전자담배 소매업,G47222,담배 소매업,11,서울특별시,11680,강남구,11680580,삼성1동,1168010500,삼성동,1168010500101700009,1,대지,170,9,서울특별시 강남구 삼성동 170-9,116803122010,서울특별시 강남구 테헤란로,625,,1168010500101700009016621,덕명빌딩,서울특별시 강남구 테헤란로 625,135741,06173,,,,127.066053279427,37.5101527693766
MA010120220801907619,넷플러스,,S2,수리·개인,S201,컴퓨터 수리,S20101,컴퓨터/노트북/프린터 수리업,S95110,컴퓨터 및 주변 기기 수리업,11,서울특별시,11680,강남구,11680580,삼성1동,1168010500,삼성동,1168010500101700009,1,대지,170,9,서울특별시 강남구 삼성동 170-9,116803122010,서울특별시 강남구 테헤란로,625,,1168010500101700009016621,,서울특별시 강남구 테헤란로 625,135741,06173,,17,,127.066053279427,37.5101527693766
MA010120220804615555,한국해외투자연구원,,M1,과학·기술,M107,본사·경영 컨설팅,M10703,경영 컨설팅업,M71531,경영 컨설팅업,11,서울특별시,11680,강남구,11680580,삼성1동,1168010500,삼성동,1168010500101700009,1,대지,170,9,서울특별시 강남구 삼성동 170-9,116803122010,서울특별시 강남구 테헤란로,625,,1168010500101700009016621,덕명빌딩,서울특별시 강남구 테헤란로 625,135741,06173,,17,,127.066053279427,37.5101527693766
MA010120220804068673,올리브앤컴퍼니,,G2,소매,G213,오락용품 소매,G21306,장난감 소매업,G47640,"게임용구, 인형 및 장난감 소매업",11,서울특별시,11680,강남구,11680580,삼성1동,1168010500,삼성동,1168010500101700009,1,대지,170,9,서울특별시 강남구 삼성동 170-9,116803122010,서울특별시 강남구 테헤란로,625,,1168010500101700009016621,덕명빌딩,서울특별시 강남구 테헤란로 625,135741,06173,,17,,127.066053279427,37.5101527693766
MA010120220802995940,재율파트너스,,M1,과학·기술,M107,본사·경영 컨설팅,M10703,경영 컨설팅업,M71531,경영 컨설팅업,11,서울특별시,11680,강남구,11680580,삼성1동,1168010500,삼성동,1168010500101700009,1,대지,170,9,서울특별시 강남구 삼성동 170-9,116803122010,서울특별시 강남구 테헤란로,625,,1168010500101700009016621,덕명빌딩,서울특별시 강남구 테헤란로 625,135741,06173,,,,127.066053279427,37.5101527693766
MA010120220800697009,비바365,,P1,교육,P106,기타 교육,P10603,요가/필라테스 학원,P85612,기타 스포츠 교육기관,11,서울특별시,11680,강남구,11680580,삼성1동,1168010500,삼성동,1168010500101700009,1,대지,170,9,서울특별시 강남구 삼성동 170-9,116803122010,서울특별시 강남구 테헤란로,625,,1168010500101700009016621,덕명빌딩,서울특별시 강남구 테헤란로 625,135741,06173,,17,,127.066053279427,37.5101527693766
MA010120220800850307,더엘림,,M1,과학·기술,M107,본사·경영 컨설팅,M10703,경영 컨설팅업,M71531,경영 컨설팅업,11,서울특별시,11680,강남구,11680580,삼성1동,1168010500,삼성동,1168010500101700009,1,대지,170,9,서울특별시 강남구 삼성동 170-9,116803122010,서울특별시 강남구 테헤란로,625,,1168010500101700009016621,덕명빌딩,서울특별시 강남구 테헤란로 625,135741,06173,,17,,127.066053279427,37.5101527693766
MA010120220801042702,다빈치,,I2,음식,I211,주점,I21103,생맥주 전문,I56213,생맥주 전문점,11,서울특별시,11680,강남구,11680610,대치2동,1168010600,대치동,1168010600109970009,1,대지,997,9,서울특별시 강남구 대치동 997-9,116804166713,서울특별시 강남구 테헤란로108길,11,,1168010600109970009012063,삼호빌딩,서울특별시 강남구 테헤란로108길 11,135502,06175,,B1,,127.066176406178,37.5086930731249
MA010120220801007812,특허법인로얄,,M1,과학·기술,M103,법무관련 ,M10302,변리사,M71102,변리사업,11,서울특별시,11680,강남구,11680610,대치2동,1168010600,대치동,1168010600109970009,1,대지,997,9,서울특별시 강남구 대치동 997-9,116804166713,서울특별시 강남구 테헤란로108길,11,,1168010600109970009012063,삼호빌딩,서울특별시 강남구 테헤란로108길 11,135502,06175,,5,,127.066176406178,37.5086930731249
MA010120220801033609,GS25대치,삼호점,G2,소매,G204,종합 소매,G20405,편의점,G47122,체인화 편의점,11,서울특별시,11680,강남구,11680610,대치2동,1168010600,대치동,1168010600109970009,1,대지,997,9,서울특별시 강남구 대치동 997-9,116804166713,서울특별시 강남구 테헤란로108길,11,,1168010600109970009012063,,서울특별시 강남구 테헤란로108길 11,135502,06175,,,,127.066176406178,37.5086930731249
MA010120220801044907,거제지심도,,I2,음식,I203,일식,I20301,일식 회/초밥,I56122,일식 음식점업,11,서울특별시,11680,강남구,11680610,대치2동,1168010600,대치동,1168010600109970009,1,대지,997,9,서울특별시 강남구 대치동 997-9,116804166713,서울특별시 강남구 테헤란로108길,11,,1168010600109970009012063,삼호빌딩,서울특별시 강남구 테헤란로108길 11,135502,06175,,1,,127.066176406178,37.5086930731249
MA010120220801039187,남산옥,,I2,음식,I201,한식,I20101,백반/한정식,I56111,한식 일반 음식점업,11,서울특별시,11680,강남구,11680610,대치2동,1168010600,대치동,1168010600109970013,1,대지,997,13,서울특별시 강남구 대치동 997-13,116804166713,서울특별시 강남구 테헤란로108길,15,,1168010600109970013012070,,서울특별시 강남구 테헤란로108길 15,135502,06175,,,,127.066187509605,37.508458805693
MA010120220803611292,길농원,,I2,음식,I201,한식,I20101,백반/한정식,I56111,한식 일반 음식점업,11,서울특별시,11680,강남구,11680610,대치2동,1168010600,대치동,1168010600110000006,1,대지,1000,6,서울특별시 강남구 대치동 1000-6,116804166713,서울특별시 강남구 테헤란로108길,28,,1168010600110000006000001,동,서울특별시 강남구 테헤란로108길 28,135502,06174,,2,,127.066198040101,37.507575815144
MA010120220804499092,야놀자에프앤비솔루션,,M1,과학·기술,M105,광고,M10501,광고 대행업,M71310,광고 대행업,11,서울특별시,11680,강남구,11680610,대치2동,1168010600,대치동,1168010600110030000,1,대지,1003,,서울특별시 강남구 대치동 1003,116804166713,서울특별시 강남구 테헤란로108길,42,,1168010600110030000012137,엠디엠타워,서울특별시 강남구 테헤란로108길 42,135851,06176,,4,,127.066242611717,37.5068189460682
MA010120220804003316,세무법인안국삼성본부,,M1,과학·기술,M104,회계·세무,M10402,세무사,M71202,세무사업,11,서울특별시,11680,강남구,11680610,대치2동,1168010600,대치동,1168010600109990000,1,대지,999,,서울특별시 강남구 대치동 999,116804166713,서울특별시 강남구 테헤란로108길,19,,1168010600109990000014584,부림빌딩,서울특별시 강남구 테헤란로108길 19,135502,06175,,8,,127.066300380814,37.508197451033
MA010120220801073785,중앙협동조합연합회,,P1,교육,P106,기타 교육,P10621,직원 훈련기관,P85650,직원 훈련기관,11,서울특별시,11680,강남구,11680610,대치2동,1168010600,대치동,1168010600109990000,1,대지,999,,서울특별시 강남구 대치동 999,116804166713,서울특별시 강남구 테헤란로108길,19,,1168010600109990000014584,부림빌딩,서울특별시 강남구 테헤란로108길 19,135502,06175,,4,,127.066300380814,37.508197451033
MA010120220800699714,후레쉬빌,,I2,음식,I201,한식,I20101,백반/한정식,I56111,한식 일반 음식점업,11,서울특별시,11680,강남구,11680610,대치2동,1168010600,대치동,1168010600109990000,1,대지,999,,서울특별시 강남구 대치동 999,116804166713,서울특별시 강남구 테헤란로108길,19,,1168010600109990000014584,,서울특별시 강남구 테헤란로108길 19,135502,06175,,1,,127.066300380814,37.508197451033
MA010120220802732576,지앤에프씨,,G2,소매,G213,오락용품 소매,G21304,운동용품 소매업,G47631,운동 및 경기용품 소매업,11,서울특별시,11680,강남구,11680610,대치2동,1168010600,대치동,1168010600109990000,1,대지,999,,서울특별시 강남구 대치동 999,116804166713,서울특별시 강남구 테헤란로108길,19,,1168010600109990000014584,부림빌딩,서울특별시 강남구 테헤란로108길 19,135502,06175,,B1,,127.066300380814,37.508197451033
MA010120220803842312,위드미플러스,삼성점,G2,소매,G204,종합 소매,G20405,편의점,G47122,체인화 편의점,11,서울특별시,11680,강남구,11680610,대치2동,1168010600,대치동,1168010600109990000,1,대지,999,,서울특별시 강남구 대치동 999,116804166713,서울특별시 강남구 테헤란로108길,19,,1168010600109990000014584,,서울특별시 강남구 테헤란로108길 19,135502,06175,,1,,127.066300380814,37.508197451033
MA010120220801517143,노드랩,,M1,과학·기술,M112,전문 디자인,M11203,시각 디자인업,M73203,시각 디자인업,11,서울특별시,11680,강남구,11680610,대치2동,1168010600,대치동,1168010600109990000,1,대지,999,,서울특별시 강남구 대치동 999,116804166713,서울특별시 강남구 테헤란로108길,19,,1168010600109990000014584,,서울특별시 강남구 테헤란로108길 19,135502,06175,,B2,,127.066300380814,37.508197451033
MA010120220801037103,부산아지매국밥,,I2,음식,I201,한식,I20102,국/탕/찌개류,I56111,한식 일반 음식점업,11,서울특별시,11680,강남구,11680610,대치2동,1168010600,대치동,1168010600109970012,1,대지,997,12,서울특별시 강남구 대치동 997-12,116804166702,서울특별시 강남구 영동대로86길,27,,1168010600109970012012069,,서울특별시 강남구 영동대로86길 27,135502,06175,,1,,127.066323264258,37.5084947697352
MA010120220806025552,무진구두,,S2,수리·개인,S206,기타 가정용품 수리,S20601,의류/이불 수선업,S95391,의복 및 기타 가정용 직물제품 수리업,11,서울특별시,11680,강남구,11680610,대치2동,1168010600,대치동,1168010600109970004,1,대지,997,4,서울특별시 강남구 대치동 997-4,116803122010,서울특별시 강남구 테헤란로,626,,1168010600109970004012049,,서울특별시 강남구 테헤란로 626,135502,06175,,,,127.066403194132,37.5093506792028
MA010120220804252720,화인공인중개사,,L1,부동산,L102,부동산 서비스,L10203,부동산 중개/대리업,L68221,부동산 중개 및 대리업,11,서울특별시,11680,강남구,11680610,대치2동,1168010600,대치동,1168010600109970010,1,대지,997,10,서울특별시 강남구 대치동 997-10,116804166716,서울특별시 강남구 테헤란로114길,14,,1168010600109970010012060,,서울특별시 강남구 테헤란로114길 14,135502,06175,,1,,127.066447940412,37.5087920312001
MA010120220800649490,서울사진관,,M1,과학·기술,M113,사진 촬영,M11301,사진촬영업,M73301,인물 사진 및 행사용 영상 촬영업,11,서울특별시,11680,강남구,11680610,대치2동,1168010600,대치동,1168010600109970010,1,대지,997,10,서울특별시 강남구 대치동 997-10,116804166716,서울특별시 강남구 테헤란로114길,14,,1168010600109970010012060,유니온빌딩,서울특별시 강남구 테헤란로114길 14,135502,06175,,1,,127.066447940412,37.5087920312001
MA010120220804487950,동서회계법인,,M1,과학·기술,M104,회계·세무,M10401,공인회계사,M71201,공인회계사업,11,서울특별시,11680,강남구,11680610,대치2동,1168010600,대치동,1168010600109990009,1,대지,999,9,서울특별시 강남구 대치동 999-9,116804166713,서울특별시 강남구 테헤란로108길,29,,1168010600109990009012115,,서울특별시 강남구 테헤란로108길 29,135502,06175,,,,127.066503356777,37.5075125733102
MA010120220801034449,동호약국,,G2,소매,G215,의약·화장품 소매,G21501,약국,G47811,의약품 및 의료용품 소매업,11,서울특별시,11680,강남구,11680610,대치2동,1168010600,대치동,1168010600109970011,1,대지,997,11,서울특별시 강남구 대치동 997-11,116804166716,서울특별시 강남구 테헤란로114길,16,,1168010600109970011012068,동남빌딩,서울특별시 강남구 테헤란로114길 16,135502,06175,,1,,127.066549540965,37.5085757328895
MA010120220802889919,오메가시스템주,,N1,시설관리·임대,N111,산업용품 대여,N11199,기타 산업용 기계/장비 대여업,N76390,기타 산업용 기계 및 장비 임대업,11,서울특별시,11680,강남구,11680610,대치2동,1168010600,대치동,1168010600109990006,1,대지,999,6,서울특별시 강남구 대치동 999-6,116804166713,서울특별시 강남구 테헤란로108길,25,,1168010600109990007012107,대동빌딩,서울특별시 강남구 테헤란로108길 25,135502,06175,,5,,127.066571417333,37.5077377861732
MA010120220803076467,에버코어인베스트먼트,,M1,과학·기술,M107,본사·경영 컨설팅,M10703,경영 컨설팅업,M71531,경영 컨설팅업,11,서울특별시,11680,강남구,11680610,대치2동,1168010600,대치동,1168010600109990006,1,대지,999,6,서울특별시 강남구 대치동 999-6,116804166713,서울특별시 강남구 테헤란로108길,25,,1168010600109990007012107,대동빌딩,서울특별시 강남구 테헤란로108길 25,135502,06175,,5,,127.066571417333,37.5077377861732
MA010120220803075974,한국녹색건축진흥원,,M1,과학·기술,M109,기술 서비스,M10901,건축 설계 및 관련 서비스업,M72111,건축 설계 및 관련 서비스업,11,서울특별시,11680,강남구,11680610,대치2동,1168010600,대치동,1168010600109990006,1,대지,999,6,서울특별시 강남구 대치동 999-6,116804166713,서울특별시 강남구 테헤란로108길,25,,1168010600109990007012107,대동빌딩,서울특별시 강남구 테헤란로108길 25,135502,06175,,,,127.066571417333,37.5077377861732
MA010120220800665990,클라이드홈즈,,L1,부동산,L102,부동산 서비스,L10203,부동산 중개/대리업,L68221,부동산 중개 및 대리업,11,서울특별시,11680,강남구,11680610,대치2동,1168010600,대치동,1168010600109990006,1,대지,999,6,서울특별시 강남구 대치동 999-6,116804166713,서울특별시 강남구 테헤란로108길,25,,1168010600109990007012107,대동빌딩,서울특별시 강남구 테헤란로108길 25,135502,06175,,5,,127.066571417333,37.5077377861732
MA010120220805435901,21유비즈,,M1,과학·기술,M107,본사·경영 컨설팅,M10703,경영 컨설팅업,M71531,경영 컨설팅업,11,서울특별시,11680,강남구,11680610,대치2동,1168010600,대치동,1168010600109990006,1,대지,999,6,서울특별시 강남구 대치동 999-6,116804166713,서울특별시 강남구 테헤란로108길,25,,1168010600109990007012107,대동빌딩,서울특별시 강남구 테헤란로108길 25,135502,06175,,5,,127.066571417333,37.5077377861732
MA010120220801056288,솔로몬경영개발원주,,M1,과학·기술,M107,본사·경영 컨설팅,M10703,경영 컨설팅업,M71531,경영 컨설팅업,11,서울특별시,11680,강남구,11680610,대치2동,1168010600,대치동,1168010600109990006,1,대지,999,6,서울특별시 강남구 대치동 999-6,116804166713,서울특별시 강남구 테헤란로108길,25,,1168010600109990007012107,대동빌딩,서울특별시 강남구 테헤란로108길 25,135502,06175,,5,,127.066571417333,37.5077377861732
MA010120220803095747,마이파트너스삼성,,M1,과학·기술,M107,본사·경영 컨설팅,M10703,경영 컨설팅업,M71531,경영 컨설팅업,11,서울특별시,11680,강남구,11680610,대치2동,1168010600,대치동,1168010600109990006,1,대지,999,6,서울특별시 강남구 대치동 999-6,116804166713,서울특별시 강남구 테헤란로108길,25,,1168010600109990007012107,,서울특별시 강남구 테헤란로108길 25,135502,06175,,5,,127.066571417333,37.5077377861732
MA010120220801067558,위인크,,N1,시설관리·임대,N104,고용 알선,N10402,임시/일용 인력 공급업,N75121,임시 및 일용 인력 공급업,11,서울특별시,11680,강남구,11680610,대치2동,1168010600,대치동,1168010600109990006,1,대지,999,6,서울특별시 강남구 대치동 999-6,116804166713,서울특별시 강남구 테헤란로108길,25,,1168010600109990007012107,대동빌딩,서울특별시 강남구 테헤란로108길 25,135502,06175,,2,,127.066571417333,37.5077377861732
MA010120220801074711,케이원부동산중개법인,,L1,부동산,L102,부동산 서비스,L10203,부동산 중개/대리업,L68221,부동산 중개 및 대리업,11,서울특별시,11680,강남구,11680610,대치2동,1168010600,대치동,1168010600109990006,1,대지,999,6,서울특별시 강남구 대치동 999-6,116804166713,서울특별시 강남구 테헤란로108길,25,,1168010600109990007012107,,서울특별시 강남구 테헤란로108길 25,135502,06175,,5,,127.066571417333,37.5077377861732
MA010120220805355620,마이파트너스디앤씨,,M1,과학·기술,M109,기술 서비스,M10901,건축 설계 및 관련 서비스업,M72111,건축 설계 및 관련 서비스업,11,서울특별시,11680,강남구,11680610,대치2동,1168010600,대치동,1168010600109990006,1,대지,999,6,서울특별시 강남구 대치동 999-6,116804166713,서울특별시 강남구 테헤란로108길,25,,1168010600109990007012107,대동빌딩,서울특별시 강남구 테헤란로108길 25,135502,06175,,5,,127.066571417333,37.5077377861732
MA010120220805466863,에이치엘씨인베스트먼트,,M1,과학·기술,M107,본사·경영 컨설팅,M10703,경영 컨설팅업,M71531,경영 컨설팅업,11,서울특별시,11680,강남구,11680610,대치2동,1168010600,대치동,1168010600109990006,1,대지,999,6,서울특별시 강남구 대치동 999-6,116804166713,서울특별시 강남구 테헤란로108길,25,,1168010600109990007012107,대동빌딩,서울특별시 강남구 테헤란로108길 25,135502,06175,,5,,127.066571417333,37.5077377861732
MA010120220801022932,강남사진관,,M1,과학·기술,M113,사진 촬영,M11301,사진촬영업,M73301,인물 사진 및 행사용 영상 촬영업,11,서울특별시,11680,강남구,11680610,대치2동,1168010600,대치동,1168010600109990003,1,대지,999,3,서울특별시 강남구 대치동 999-3,116804166716,서울특별시 강남구 테헤란로114길,24,,1168010600109990003012084,,서울특별시 강남구 테헤란로114길 24,135502,06175,,,,127.066696197419,37.5081521779706
MA010120220800104833,전주콩나물국밥,,I2,음식,I201,한식,I20102,국/탕/찌개류,I56111,한식 일반 음식점업,11,서울특별시,11680,강남구,11680610,대치2동,1168010600,대치동,1168010600109990002,1,대지,999,2,서울특별시 강남구 대치동 999-2,116804166716,서울특별시 강남구 테헤란로114길,20,,1168010600109990002012074,,서울특별시 강남구 테헤란로114길 20,135502,06175,,1,,127.066764243088,37.5083593706123
MA010120220804061323,인지카주,,N1,시설관리·임대,N109,운송장비 대여,N10901,자동차 대여업,N76110,자동차 임대업,11,서울특별시,11680,강남구,11680610,대치2동,1168010600,대치동,1168010600109990002,1,대지,999,2,서울특별시 강남구 대치동 999-2,116804166716,서울특별시 강남구 테헤란로114길,20,,1168010600109990002012074,삼화빌딩,서울특별시 강남구 테헤란로114길 20,135502,06175,,2,,127.066764243088,37.5083593706123
MA010120220804844308,맥스파트너스,,M1,과학·기술,M107,본사·경영 컨설팅,M10703,경영 컨설팅업,M71531,경영 컨설팅업,11,서울특별시,11680,강남구,11680610,대치2동,1168010600,대치동,1168010600109990002,1,대지,999,2,서울특별시 강남구 대치동 999-2,116804166716,서울특별시 강남구 테헤란로114길,20,,1168010600109990002012074,,서울특별시 강남구 테헤란로114길 20,135502,06175,,,,127.066764243088,37.5083593706123
MA010120220804615454,법무법인바움,,M1,과학·기술,M103,법무관련 ,M10301,변호사,M71101,변호사업,11,서울특별시,11680,강남구,11680610,대치2동,1168010600,대치동,1168010600109990002,1,대지,999,2,서울특별시 강남구 대치동 999-2,116804166716,서울특별시 강남구 테헤란로114길,20,,1168010600109990002012074,삼화빌딩,서울특별시 강남구 테헤란로114길 20,135502,06175,,,,127.066764243088,37.5083593706123
MA010120220801019434,좋은사진관,,G2,소매,G213,오락용품 소매,G21302,문구/회화용품 소매업,G47612,문구용품 및 회화용품 소매업,11,서울특별시,11680,강남구,11680610,대치2동,1168010600,대치동,1168010600109990002,1,대지,999,2,서울특별시 강남구 대치동 999-2,116804166716,서울특별시 강남구 테헤란로114길,20,,1168010600109990002012074,환현빌딩,서울특별시 강남구 테헤란로114길 20,135502,06175,,1,,127.066764243088,37.5083593706123
MA010120220801072367,포인트커뮤니케이션즈,,M1,과학·기술,M105,광고,M10599,기타 광고 관련 서비스업,M71399,그 외 기타 광고 관련 서비스업,11,서울특별시,11680,강남구,11680610,대치2동,1168010600,대치동,1168010600109990002,1,대지,999,2,서울특별시 강남구 대치동 999-2,116804166716,서울특별시 강남구 테헤란로114길,20,,1168010600109990002012074,행복빌딩,서울특별시 강남구 테헤란로114길 20,135502,06175,,4,,127.066764243088,37.5083593706123
MA010120220801071122,포럼부동산중개,,L1,부동산,L102,부동산 서비스,L10203,부동산 중개/대리업,L68221,부동산 중개 및 대리업,11,서울특별시,11680,강남구,11680610,대치2동,1168010600,대치동,1168010600109990005,1,대지,999,5,서울특별시 강남구 대치동 999-5,116804166716,서울특별시 강남구 테헤란로114길,26,,1168010600109990005012098,두원빌딩,서울특별시 강남구 테헤란로114길 26,135502,06175,,,,127.066831767009,37.5079809104471
MA010120220802830370,까브아뱅,,G2,소매,G205,식료품 소매,G20509,반찬/식료품 소매업,G47219,기타 식료품 소매업,11,서울특별시,11680,강남구,11680610,대치2동,1168010600,대치동,1168010600109990005,1,대지,999,5,서울특별시 강남구 대치동 999-5,116804166716,서울특별시 강남구 테헤란로114길,26,,1168010600109990005012098,,서울특별시 강남구 테헤란로114길 26,135502,06175,,1,,127.066831767009,37.5079809104471
MA010120220804073406,야놀자에프앤지,,M1,과학·기술,M115,기타 전문 과학,M11504,사업/무형 재산권 중개업,M73903,사업 및 무형 재산권 중개업,11,서울특별시,11680,강남구,11680610,대치2동,1168010600,대치동,1168010600110040000,1,대지,1004,,서울특별시 강남구 대치동 1004,116804166716,서울특별시 강남구 테헤란로114길,38,,1168010600110040000000001,동일타워,서울특별시 강남구 테헤란로114길 38,135851,06176,,17,,127.067000654367,37.5071248602044
MA010120220801047348,세브일레븐대치동일점,,G2,소매,G204,종합 소매,G20405,편의점,G47122,체인화 편의점,11,서울특별시,11680,강남구,11680610,대치2동,1168010600,대치동,1168010600110040000,1,대지,1004,,서울특별시 강남구 대치동 1004,116804166716,서울특별시 강남구 테헤란로114길,38,,1168010600110040000000001,동일타워,서울특별시 강남구 테헤란로114길 38,135851,06176,,,,127.067000654367,37.5071248602044
MA010120220804996940,와이시너지,,I1,숙박,I101,일반 숙박,I10102,여관/모텔,I55102,여관업,11,서울특별시,11680,강남구,11680610,대치2동,1168010600,대치동,1168010600110040000,1,대지,1004,,서울특별시 강남구 대치동 1004,116804166716,서울특별시 강남구 테헤란로114길,38,,1168010600110040000000001,동일타워,서울특별시 강남구 테헤란로114길 38,135851,06176,,17,,127.067000654367,37.5071248602044
MA010120220801945319,지엠앤에이,,M1,과학·기술,M107,본사·경영 컨설팅,M10703,경영 컨설팅업,M71531,경영 컨설팅업,11,서울특별시,11680,강남구,11680610,대치2동,1168010600,대치동,1168010600110040000,1,대지,1004,,서울특별시 강남구 대치동 1004,116804166716,서울특별시 강남구 테헤란로114길,38,,1168010600110040000000001,동일타워,서울특별시 강남구 테헤란로114길 38,135851,06176,,14,,127.067000654367,37.5071248602044
MA010120220801630933,몰오브공주,,N1,시설관리·임대,N109,운송장비 대여,N10901,자동차 대여업,N76110,자동차 임대업,11,서울특별시,11680,강남구,11680610,대치2동,1168010600,대치동,1168010600110040000,1,대지,1004,,서울특별시 강남구 대치동 1004,116804166716,서울특별시 강남구 테헤란로114길,38,,1168010600110040000000001,동일타워,서울특별시 강남구 테헤란로114길 38,135851,06176,,,,127.067000654367,37.5071248602044
MA010120220801060605,세븐대치동일점주,코리아,G2,소매,G204,종합 소매,G20405,편의점,G47122,체인화 편의점,11,서울특별시,11680,강남구,11680610,대치2동,1168010600,대치동,1168010600110040000,1,대지,1004,,서울특별시 강남구 대치동 1004,116804166716,서울특별시 강남구 테헤란로114길,38,,1168010600110040000000001,,서울특별시 강남구 테헤란로114길 38,135851,06176,,,,127.067000654367,37.5071248602044
MA010120220804498347,공주몰개발,,M1,과학·기술,M115,기타 전문 과학,M11504,사업/무형 재산권 중개업,M73903,사업 및 무형 재산권 중개업,11,서울특별시,11680,강남구,11680610,대치2동,1168010600,대치동,1168010600110040000,1,대지,1004,,서울특별시 강남구 대치동 1004,116804166716,서울특별시 강남구 테헤란로114길,38,,1168010600110040000000001,동일타워,서울특별시 강남구 테헤란로114길 38,135851,06176,,14,,127.067000654367,37.5071248602044
MA010120220804612146,포포빈,,I2,음식,I205,동남아시아,I20501,베트남식 전문,I56129,기타 외국식 음식점업,11,서울특별시,11680,강남구,11680610,대치2동,1168010600,대치동,1168010600109990012,1,대지,999,12,서울특별시 강남구 대치동 999-12,116804166700,서울특별시 강남구 영동대로82길,29,,1168010600109990012028189,대신빌딩,서울특별시 강남구 영동대로82길 29,135502,06175,,1,,127.067068925646,37.5075843339295
MA010120220801037480,버스카드충전소,,G2,소매,G205,식료품 소매,G20509,반찬/식료품 소매업,G47219,기타 식료품 소매업,11,서울특별시,11680,강남구,11680610,대치2동,1168010600,대치동,1168010600109980000,1,대지,998,,서울특별시 강남구 대치동 998,116804166716,서울특별시 강남구 테헤란로114길,11,,1168010600109980000014592,노상,서울특별시 강남구 테헤란로114길 11,135844,06175,,,,127.067104452891,37.5093683029957
MA010120220800543492,cafe뜨레,,I2,음식,I212,비알코올 ,I21201,카페,I56221,커피 전문점,11,서울특별시,11680,강남구,11680610,대치2동,1168010600,대치동,1168010600109980000,1,대지,998,,서울특별시 강남구 대치동 998,116804166716,서울특별시 강남구 테헤란로114길,11,,1168010600109980000014592,,서울특별시 강남구 테헤란로114길 11,135844,06175,,,,127.067104452891,37.5093683029957
MA010120220801058984,경찰공제회사법,,Q1,보건의료,Q102,의원,Q10212,방사선 진단/병리 검사 의원,Q86204,방사선 진단 및 병리 검사 의원,11,서울특별시,11680,강남구,11680610,대치2동,1168010600,대치동,1168010600109980001,1,대지,998,1,서울특별시 강남구 대치동 998-1,116804166716,서울특별시 강남구 테헤란로114길,23,,1168010600109980001014592,면허시험장사,서울특별시 강남구 테헤란로114길 23,135502,06175,,1,,127.067420470576,37.5086202892382
MA010120220807135767,일일향,,I2,음식,I202,중식,I20201,중국집,I56111,한식 일반 음식점업,11,서울특별시,11680,강남구,11680580,삼성1동,1168010500,삼성동,1168010500101580003,1,대지,158,3,서울특별시 강남구 삼성동 158-3,116804166762,서울특별시 강남구 테헤란로83길,20,,1168010500101580003016836,,서울특별시 강남구 테헤란로83길 20,135880,06169,,1,,127.057648540947,37.5087966533863
MA010120220811745991,벨지움,,I2,음식,I204,서양식,I20401,경양식,G47221,음료 소매업,11,서울특별시,11680,강남구,11680580,삼성1동,1168010500,삼성동,1168010500101580003,1,대지,158,3,서울특별시 강남구 삼성동 158-3,116804166762,서울특별시 강남구 테헤란로83길,20,,1168010500101580003016836,,서울특별시 강남구 테헤란로83길 20,135880,06169,,1,,127.057648540947,37.5087966533863
MA0101202406A0540806,제이더블유메자닌,,M1,과학·기술,M107,본사·경영 컨설팅,M10703,경영 컨설팅업,M71531,경영 컨설팅업,11,서울특별시,11680,강남구,11680580,삼성1동,1168010500,삼성동,1168010500101580025,1,대지,158,25,서울특별시 강남구 삼성동 158-25,116804166762,서울특별시 강남구 테헤란로83길,18,,1168010500101580025016847,,서울특별시 강남구 테헤란로83길 18,135880,06169,,4,,127.057806780693,37.5086614253527
MA0101202306A0074955,한국소송지원,,M1,과학·기술,M107,본사·경영 컨설팅,M10703,경영 컨설팅업,M71531,경영 컨설팅업,11,서울특별시,11680,강남구,11680580,삼성1동,1168010500,삼성동,1168010500101580025,1,대지,158,25,서울특별시 강남구 삼성동 158-25,116804166762,서울특별시 강남구 테헤란로83길,18,,1168010500101580025016847,매직킹덤빌딩,서울특별시 강남구 테헤란로83길 18,135880,06169,,5,,127.057806780693,37.5086614253527
MA0101202211A0041650,홀릭,,I2,음식,I211,주점,I21104,요리 주점,I56219,기타 주점업,11,서울특별시,11680,강남구,11680580,삼성1동,1168010500,삼성동,1168010500101580025,1,대지,158,25,서울특별시 강남구 삼성동 158-25,116804166762,서울특별시 강남구 테헤란로83길,18,,1168010500101580025016847,,서울특별시 강남구 테헤란로83길 18,135880,06169,,1,,127.057806780693,37.5086614253527
MA010120220810171773,윈스커피,,I2,음식,I212,비알코올 ,I21201,카페,I56221,커피 전문점,11,서울특별시,11680,강남구,11680580,삼성1동,1168010500,삼성동,1168010500101580025,1,대지,158,25,서울특별시 강남구 삼성동 158-25,116804166762,서울특별시 강남구 테헤란로83길,18,,1168010500101580025016847,매직킹덤빌딩,서울특별시 강남구 테헤란로83길 18,135880,06169,,1,,127.057806780693,37.5086614253527
MA010120220811806667,디지털킹덤,,M1,과학·기술,M107,본사·경영 컨설팅,M10703,경영 컨설팅업,M71531,경영 컨설팅업,11,서울특별시,11680,강남구,11680580,삼성1동,1168010500,삼성동,1168010500101580025,1,대지,158,25,서울특별시 강남구 삼성동 158-25,116804166762,서울특별시 강남구 테헤란로83길,18,,1168010500101580025016847,매직킹덤빌딩,서울특별시 강남구 테헤란로83길 18,135880,06169,,7,,127.057806780693,37.5086614253527
MA0101202305A0194168,남해안집,삼성점,I2,음식,I211,주점,I21104,요리 주점,I56219,기타 주점업,11,서울특별시,11680,강남구,11680580,삼성1동,1168010500,삼성동,1168010500101580004,1,대지,158,4,서울특별시 강남구 삼성동 158-4,116804166762,서울특별시 강남구 테헤란로83길,14,,1168010500101580004027087,두산위브센티움,서울특별시 강남구 테헤란로83길 14,135880,06169,,1,,127.057829255254,37.5084722033658
MA0101202307A0064986,덴키카츠,,I2,음식,I203,일식,I20301,일식 회/초밥,I56122,일식 음식점업,11,서울특별시,11680,강남구,11680580,삼성1동,1168010500,삼성동,1168010500101580004,1,대지,158,4,서울특별시 강남구 삼성동 158-4,116804166762,서울특별시 강남구 테헤란로83길,14,,1168010500101580004027087,두산위브센티움,서울특별시 강남구 테헤란로83길 14,135880,06169,,1,,127.057829255254,37.5084722033658
MA010120220813436141,아리,,L1,부동산,L102,부동산 서비스,L10203,부동산 중개/대리업,L68221,부동산 중개 및 대리업,11,서울특별시,11680,강남구,11680580,삼성1동,1168010500,삼성동,1168010500101580004,1,대지,158,4,서울특별시 강남구 삼성동 158-4,116804166762,서울특별시 강남구 테헤란로83길,14,,1168010500101580004027087,두산위브센티움,서울특별시 강남구 테헤란로83길 14,135880,06169,,,,127.057829255254,37.5084722033658
MA0101202406A0434851,키레이플라워고움,,P1,교육,P106,기타 교육,P10625,기타 기술/직업 훈련학원,P85669,기타 기술 및 직업 훈련학원,11,서울특별시,11680,강남구,11680580,삼성1동,1168010500,삼성동,1168010500101580004,1,대지,158,4,서울특별시 강남구 삼성동 158-4,116804166762,서울특별시 강남구 테헤란로83길,14,,1168010500101580004027087,두산위브센티움,서울특별시 강남구 테헤란로83길 14,135880,06169,,2,,127.057829255254,37.5084722033658
MA0101202406A0156911,이모네뭉티기,,I2,음식,I201,한식,I20101,백반/한정식,I56111,한식 일반 음식점업,11,서울특별시,11680,강남구,11680580,삼성1동,1168010500,삼성동,1168010500101580004,1,대지,158,4,서울특별시 강남구 삼성동 158-4,116804166762,서울특별시 강남구 테헤란로83길,14,,1168010500101580004027087,두산위브센티움,서울특별시 강남구 테헤란로83길 14,135880,06169,,1,,127.057829255254,37.5084722033658
MA0101202406A0388064,비텍스,코리아,M1,과학·기술,M107,본사·경영 컨설팅,M10703,경영 컨설팅업,M71531,경영 컨설팅업,11,서울특별시,11680,강남구,11680580,삼성1동,1168010500,삼성동,1168010500101580004,1,대지,158,4,서울특별시 강남구 삼성동 158-4,116804166762,서울특별시 강남구 테헤란로83길,14,,1168010500101580004027087,,서울특별시 강남구 테헤란로83길 14,135880,06169,,,,127.057829255254,37.5084722033658
MA0101202310A0004614,이즈제니,,L1,부동산,L102,부동산 서비스,L10203,부동산 중개/대리업,L68221,부동산 중개 및 대리업,11,서울특별시,11680,강남구,11680580,삼성1동,1168010500,삼성동,1168010500101580004,1,대지,158,4,서울특별시 강남구 삼성동 158-4,116804166762,서울특별시 강남구 테헤란로83길,14,,1168010500101580004027087,두산위브센티움,서울특별시 강남구 테헤란로83길 14,135880,06169,,,,127.057829255254,37.5084722033658
MA010120220808699424,명동칼국수,,I2,음식,I201,한식,I20105,국수/칼국수,I56112,한식 면 요리 전문점,11,서울특별시,11680,강남구,11680580,삼성1동,1168010500,삼성동,1168010500101580004,1,대지,158,4,서울특별시 강남구 삼성동 158-4,116804166762,서울특별시 강남구 테헤란로83길,14,,1168010500101580004027087,두산위브센티움,서울특별시 강남구 테헤란로83길 14,135880,06169,,1,,127.057829255254,37.5084722033658
MA010120220810187825,아미치컨설팅,,M1,과학·기술,M107,본사·경영 컨설팅,M10703,경영 컨설팅업,M71531,경영 컨설팅업,11,서울특별시,11680,강남구,11680580,삼성1동,1168010500,삼성동,1168010500101580004,1,대지,158,4,서울특별시 강남구 삼성동 158-4,116804166762,서울특별시 강남구 테헤란로83길,14,,1168010500101580004027087,두산위브센티움,서울특별시 강남구 테헤란로83길 14,135880,06169,,,,127.057829255254,37.5084722033658
MA0101202303A0120840,행복파트너쉽,,M1,과학·기술,M115,기타 전문 과학,M11504,사업/무형 재산권 중개업,M73903,사업 및 무형 재산권 중개업,11,서울특별시,11680,강남구,11680580,삼성1동,1168010500,삼성동,1168010500101580004,1,대지,158,4,서울특별시 강남구 삼성동 158-4,116804166762,서울특별시 강남구 테헤란로83길,14,,1168010500101580004027087,두산위브센티움,서울특별시 강남구 테헤란로83길 14,135880,06169,,11,,127.057829255254,37.5084722033658
MA0101202301A0053190,시엑스알,,M1,과학·기술,M107,본사·경영 컨설팅,M10703,경영 컨설팅업,M71531,경영 컨설팅업,11,서울특별시,11680,강남구,11680580,삼성1동,1168010500,삼성동,1168010500101580004,1,대지,158,4,서울특별시 강남구 삼성동 158-4,116804166762,서울특별시 강남구 테헤란로83길,14,,1168010500101580004027087,,서울특별시 강남구 테헤란로83길 14,135880,06169,,,,127.057829255254,37.5084722033658
MA010120220812006120,에이치에스씨푸드,,G2,소매,G205,식료품 소매,G20509,반찬/식료품 소매업,G47218,조리 반찬류 소매업,11,서울특별시,11680,강남구,11680580,삼성1동,1168010500,삼성동,1168010500101580004,1,대지,158,4,서울특별시 강남구 삼성동 158-4,116804166762,서울특별시 강남구 테헤란로83길,14,,1168010500101580004027087,,서울특별시 강남구 테헤란로83길 14,135880,06169,,,,127.057829255254,37.5084722033658
MA010120220810265620,씨유삼성위브점,,G2,소매,G204,종합 소매,G20405,편의점,G47122,체인화 편의점,11,서울특별시,11680,강남구,11680580,삼성1동,1168010500,삼성동,1168010500101580004,1,대지,158,4,서울특별시 강남구 삼성동 158-4,116804166762,서울특별시 강남구 테헤란로83길,14,,1168010500101580004027087,,서울특별시 강남구 테헤란로83길 14,135880,06169,,1,,127.057829255254,37.5084722033658
MA010120220808600470,엘앤에스,,M1,과학·기술,M105,광고,M10501,광고 대행업,M71310,광고 대행업,11,서울특별시,11680,강남구,11680580,삼성1동,1168010500,삼성동,1168010500101580004,1,대지,158,4,서울특별시 강남구 삼성동 158-4,116804166762,서울특별시 강남구 테헤란로83길,14,,1168010500101580004027087,두산위브센티움,서울특별시 강남구 테헤란로83길 14,135880,06169,,,,127.057829255254,37.5084722033658
MA010120220813877354,디자인랩,,M1,과학·기술,M109,기술 서비스,M10999,기타 엔지니어링 서비스업,M72129,기타 엔지니어링 서비스업,11,서울특별시,11680,강남구,11680580,삼성1동,1168010500,삼성동,1168010500101580004,1,대지,158,4,서울특별시 강남구 삼성동 158-4,116804166762,서울특별시 강남구 테헤란로83길,14,,1168010500101580004027087,두산위브센티움,서울특별시 강남구 테헤란로83길 14,135880,06169,,,,127.057829255254,37.5084722033658
MA010120220812152103,미네떼네일,,S2,수리·개인,S207,이용·미용,S20703,네일숍,S96119,기타 미용업,11,서울특별시,11680,강남구,11680580,삼성1동,1168010500,삼성동,1168010500101580004,1,대지,158,4,서울특별시 강남구 삼성동 158-4,116804166762,서울특별시 강남구 테헤란로83길,14,,1168010500101580004027087,두산위브센티움,서울특별시 강남구 테헤란로83길 14,135880,06169,,1,,127.057829255254,37.5084722033658
MA010120220806618100,우리공인중개사사무소,,L1,부동산,L102,부동산 서비스,L10203,부동산 중개/대리업,L68221,부동산 중개 및 대리업,11,서울특별시,11680,강남구,11680580,삼성1동,1168010500,삼성동,1168010500101580004,1,대지,158,4,서울특별시 강남구 삼성동 158-4,116804166762,서울특별시 강남구 테헤란로83길,14,,1168010500101580004027087,삼성역두산위브센티움,서울특별시 강남구 테헤란로83길 14,135880,06169,,1,,127.057829255254,37.5084722033658
MA010120220812763109,토종맛집,,I2,음식,I201,한식,I20101,백반/한정식,I56111,한식 일반 음식점업,11,서울특별시,11680,강남구,11680580,삼성1동,1168010500,삼성동,1168010500101580004,1,대지,158,4,서울특별시 강남구 삼성동 158-4,116804166762,서울특별시 강남구 테헤란로83길,14,,1168010500101580004027087,B,서울특별시 강남구 테헤란로83길 14,135880,06169,,1,,127.057829255254,37.5084722033658
MA0101202406A0079081,임플라인치과의원,,Q1,보건의료,Q102,의원,Q10210,치과의원,Q86202,치과의원,11,서울특별시,11680,강남구,11680580,삼성1동,1168010500,삼성동,1168010500101540010,1,대지,154,10,서울특별시 강남구 삼성동 154-10,116804166765,서울특별시 강남구 테헤란로87길,33,,1168010500101540010016710,,서울특별시 강남구 테헤란로87길 33,135879,06167,,2,,127.057920781397,37.5098236654325
MA010120220810571374,날으는오징어,,I2,음식,I201,한식,I20111,횟집,I56194,김밥 및 기타 간이 음식점업,11,서울특별시,11680,강남구,11680580,삼성1동,1168010500,삼성동,1168010500101580005,1,대지,158,5,서울특별시 강남구 삼성동 158-5,116804166762,서울특별시 강남구 테헤란로83길,12,,1168010500101580005000001,,서울특별시 강남구 테헤란로83길 12,135880,06169,,,,127.057942141706,37.5081928365798
MA010120220810194201,인생노래바,,I2,음식,I211,주점,I21104,요리 주점,I56219,기타 주점업,11,서울특별시,11680,강남구,11680580,삼성1동,1168010500,삼성동,1168010500101540015,1,대지,154,15,서울특별시 강남구 삼성동 154-15,116804166436,서울특별시 강남구 삼성로96길,27,,1168010500101540015016789,,서울특별시 강남구 삼성로96길 27,135879,06167,,,,127.057954336547,37.5093371065221
MA010120220811994259,나이스,,I2,음식,I211,주점,I21104,요리 주점,I56219,기타 주점업,11,서울특별시,11680,강남구,11680580,삼성1동,1168010500,삼성동,1168010500101580026,1,대지,158,26,서울특별시 강남구 삼성동 158-26,116804166436,서울특별시 강남구 삼성로96길,26,6,1168010500101580026016842,,서울특별시 강남구 삼성로96길 26-6,135880,06169,,,,127.05799910396,37.5087244014049
MA0101202303A0055082,이도건강약국,,G2,소매,G215,의약·화장품 소매,G21501,약국,G47811,의약품 및 의료용품 소매업,11,서울특별시,11680,강남구,11680580,삼성1동,1168010500,삼성동,1168010500101540011,1,대지,154,11,서울특별시 강남구 삼성동 154-11,116804166765,서울특별시 강남구 테헤란로87길,29,,1168010500101540012016740,삼성동,서울특별시 강남구 테헤란로87길 29,135879,06167,,,,127.057999773206,37.5095893654972
MA010120220806564720,뚜따뚜,,M1,과학·기술,M107,본사·경영 컨설팅,M10703,경영 컨설팅업,M71531,경영 컨설팅업,11,서울특별시,11680,강남구,11680580,삼성1동,1168010500,삼성동,1168010500101540011,1,대지,154,11,서울특별시 강남구 삼성동 154-11,116804166765,서울특별시 강남구 테헤란로87길,29,,1168010500101540012016740,,서울특별시 강남구 테헤란로87길 29,135879,06167,,4,,127.057999773206,37.5095893654972
MA010120220813891965,키스영어연구소,,P1,교육,P105,일반 교육,P10501,입시·교과학원,P85501,일반 교과학원,11,서울특별시,11680,강남구,11680580,삼성1동,1168010500,삼성동,1168010500101540011,1,대지,154,11,서울특별시 강남구 삼성동 154-11,116804166765,서울특별시 강남구 테헤란로87길,29,,1168010500101540012016740,타워,서울특별시 강남구 테헤란로87길 29,135879,06167,,8,,127.057999773206,37.5095893654972
MA010120220813446719,고은산,,N1,시설관리·임대,N105,여행사·보조,N10501,여행사,N75210,여행사업,11,서울특별시,11680,강남구,11680580,삼성1동,1168010500,삼성동,1168010500101580006,1,대지,158,6,서울특별시 강남구 삼성동 158-6,116804166436,서울특별시 강남구 삼성로96길,26,12,1168010500101580006016869,조영빌딩,서울특별시 강남구 삼성로96길 26-12,135880,06169,,3,,127.058157182148,37.5083819418972
MA0101202309A0004442,파로스행정사사무소,,M1,과학·기술,M103,법무관련 ,M10306,행정사,M71109,기타 법무관련 서비스업,11,서울특별시,11680,강남구,11680580,삼성1동,1168010500,삼성동,1168010500101580006,1,대지,158,6,서울특별시 강남구 삼성동 158-6,116804166436,서울특별시 강남구 삼성로96길,26,12,1168010500101580006016869,조영빌딩,서울특별시 강남구 삼성로96길 26-12,135880,06169,,3,,127.058157182148,37.5083819418972
MA010120220809838480,훈민정식,,I2,음식,I205,동남아시아,I20501,베트남식 전문,I56129,기타 외국식 음식점업,11,서울특별시,11680,강남구,11680580,삼성1동,1168010500,삼성동,1168010500101580006,1,대지,158,6,서울특별시 강남구 삼성동 158-6,116804166436,서울특별시 강남구 삼성로96길,26,12,1168010500101580006016869,조영빌딩,서울특별시 강남구 삼성로96길 26-12,135880,06169,,2,,127.058157182148,37.5083819418972
MA010120220806906561,청담율정신건강의학과의원,,Q1,보건의료,Q102,의원,Q10203,신경/정신과 의원,Q86201,일반의원,11,서울특별시,11680,강남구,11680580,삼성1동,1168010500,삼성동,1168010500101540013,1,대지,154,13,서울특별시 강남구 삼성동 154-13,116804166765,서울특별시 강남구 테헤란로87길,25,,1168010500101540013016773,전방빌딩,서울특별시 강남구 테헤란로87길 25,135879,06167,,2,,127.058225876284,37.5094541035786
MA010120220812237509,청담선한의원,,Q1,보건의료,Q102,의원,Q10211,한의원,Q86203,한의원,11,서울특별시,11680,강남구,11680580,삼성1동,1168010500,삼성동,1168010500101540013,1,대지,154,13,서울특별시 강남구 삼성동 154-13,116804166765,서울특별시 강남구 테헤란로87길,25,,1168010500101540013016773,전방빌딩,서울특별시 강남구 테헤란로87길 25,135879,06167,,5,,127.058225876284,37.5094541035786
MA010120220806818435,월드,,R1,예술·스포츠,R103,스포츠 서비스,R10307,헬스장,R91132,체력 단련시설 운영업,11,서울특별시,11680,강남구,11680580,삼성1동,1168010500,삼성동,1168010500101540013,1,대지,154,13,서울특별시 강남구 삼성동 154-13,116804166765,서울특별시 강남구 테헤란로87길,25,,1168010500101540013016773,전방빌딩,서울특별시 강남구 테헤란로87길 25,135879,06167,,1,,127.058225876284,37.5094541035786
MA010120220812134150,리베르떼뷰티살롱강남벨라점,,S2,수리·개인,S207,이용·미용,S20701,미용실,S96112,두발 미용업,11,서울특별시,11680,강남구,11680580,삼성1동,1168010500,삼성동,1168010500101540013,1,대지,154,13,서울특별시 강남구 삼성동 154-13,116804166765,서울특별시 강남구 테헤란로87길,25,,1168010500101540013016773,,서울특별시 강남구 테헤란로87길 25,135879,06167,,2,,127.058225876284,37.5094541035786
MA010120220806433808,다원,,S2,수리·개인,S207,이용·미용,S20702,피부 관리실,S96113,피부 미용업,11,서울특별시,11680,강남구,11680580,삼성1동,1168010500,삼성동,1168010500101540013,1,대지,154,13,서울특별시 강남구 삼성동 154-13,116804166765,서울특별시 강남구 테헤란로87길,25,,1168010500101540013016773,,서울특별시 강남구 테헤란로87길 25,135879,06167,,4,,127.058225876284,37.5094541035786
MA0101202406A0533231,천사의숲협동조합,,P1,교육,P107,교육 지원,P10701,교육컨설팅업,P85701,교육관련 자문 및 평가업,11,서울특별시,11680,강남구,11680580,삼성1동,1168010500,삼성동,1168010500101580007,1,대지,158,7,서울특별시 강남구 삼성동 158-7,116804166434,서울특별시 강남구 삼성로92길,23,,1168010500101580007016878,경진빌딩,서울특별시 강남구 삼성로92길 23,135880,06169,,4,,127.0582362417,37.5082377421891
MA0101202305A0095359,캉가루당구장,,R1,예술·스포츠,R103,스포츠 서비스,R10310,당구장,R91135,당구장 운영업,11,서울특별시,11680,강남구,11680580,삼성1동,1168010500,삼성동,1168010500101580007,1,대지,158,7,서울특별시 강남구 삼성동 158-7,116804166434,서울특별시 강남구 삼성로92길,23,,1168010500101580007016878,,서울특별시 강남구 삼성로92길 23,135880,06169,,,,127.0582362417,37.5082377421891
MA0101202303A0031654,오비어밤,,I2,음식,I211,주점,I21103,생맥주 전문,I56213,생맥주 전문점,11,서울특별시,11680,강남구,11680580,삼성1동,1168010500,삼성동,1168010500101580007,1,대지,158,7,서울특별시 강남구 삼성동 158-7,116804166434,서울특별시 강남구 삼성로92길,23,,1168010500101580007016878,경진빌딩,서울특별시 강남구 삼성로92길 23,135880,06169,,,,127.0582362417,37.5082377421891
MA010120220808440819,더차이홍,,I2,음식,I202,중식,I20201,중국집,I56121,중식 음식점업,11,서울특별시,11680,강남구,11680580,삼성1동,1168010500,삼성동,1168010500101580007,1,대지,158,7,서울특별시 강남구 삼성동 158-7,116804166434,서울특별시 강남구 삼성로92길,23,,1168010500101580007016878,경진빌딩,서울특별시 강남구 삼성로92길 23,135880,06169,,2,,127.0582362417,37.5082377421891
MA010120220808031312,케임든어쏘시에이떼,,M1,과학·기술,M107,본사·경영 컨설팅,M10703,경영 컨설팅업,M71531,경영 컨설팅업,11,서울특별시,11680,강남구,11680580,삼성1동,1168010500,삼성동,1168010500101580007,1,대지,158,7,서울특별시 강남구 삼성동 158-7,116804166434,서울특별시 강남구 삼성로92길,23,,1168010500101580007016878,경진빌딩,서울특별시 강남구 삼성로92길 23,135880,06169,,,,127.0582362417,37.5082377421891
MA010120220806607998,제이디티컴퍼니,,I2,음식,I201,한식,I20101,백반/한정식,I56111,한식 일반 음식점업,11,서울특별시,11680,강남구,11680580,삼성1동,1168010500,삼성동,1168010500101580024,1,대지,158,24,서울특별시 강남구 삼성동 158-24,116804166765,서울특별시 강남구 테헤란로87길,21,,1168010500101580024016809,성빌딩,서울특별시 강남구 테헤란로87길 21,135880,06169,,,,127.058248188993,37.5090576505588
MA010120220809758461,동고동락,,M1,과학·기술,M107,본사·경영 컨설팅,M10703,경영 컨설팅업,M71531,경영 컨설팅업,11,서울특별시,11680,강남구,11680580,삼성1동,1168010500,삼성동,1168010500101580009,1,대지,158,9,서울특별시 강남구 삼성동 158-9,116804166765,서울특별시 강남구 테헤란로87길,21,,1168010500101580024016809,동성빌딩,서울특별시 강남구 테헤란로87길 21,135880,06169,,11,,127.058248188993,37.5090576505588
MA010120220810314727,소공동뚝배기집,,I2,음식,I201,한식,I20101,백반/한정식,I56111,한식 일반 음식점업,11,서울특별시,11680,강남구,11680580,삼성1동,1168010500,삼성동,1168010500101580009,1,대지,158,9,서울특별시 강남구 삼성동 158-9,116804166765,서울특별시 강남구 테헤란로87길,21,,1168010500101580024016809,동성빌딩,서울특별시 강남구 테헤란로87길 21,135880,06169,,1,,127.058248188993,37.5090576505588
MA010120220808551763,센추리21부동산중개법인,,L1,부동산,L102,부동산 서비스,L10203,부동산 중개/대리업,L68221,부동산 중개 및 대리업,11,서울특별시,11680,강남구,11680580,삼성1동,1168010500,삼성동,1168010500101580009,1,대지,158,9,서울특별시 강남구 삼성동 158-9,116804166765,서울특별시 강남구 테헤란로87길,21,,1168010500101580024016809,성빌딩,서울특별시 강남구 테헤란로87길 21,135880,06169,,12,,127.058248188993,37.5090576505588
MA010120220812405029,애니포인트미디어,,M1,과학·기술,M105,광고,M10501,광고 대행업,M71310,광고 대행업,11,서울특별시,11680,강남구,11680580,삼성1동,1168010500,삼성동,1168010500101580009,1,대지,158,9,서울특별시 강남구 삼성동 158-9,116804166765,서울특별시 강남구 테헤란로87길,21,,1168010500101580024016809,성빌딩,서울특별시 강남구 테헤란로87길 21,135880,06169,,6,,127.058248188993,37.5090576505588
MA010120220809987299,센추리21삼성부동산중개법인,,L1,부동산,L102,부동산 서비스,L10203,부동산 중개/대리업,L68221,부동산 중개 및 대리업,11,서울특별시,11680,강남구,11680580,삼성1동,1168010500,삼성동,1168010500101580009,1,대지,158,9,서울특별시 강남구 삼성동 158-9,116804166765,서울특별시 강남구 테헤란로87길,21,,1168010500101580024016809,동성빌딩,서울특별시 강남구 테헤란로87길 21,135880,06169,,12,,127.058248188993,37.5090576505588
MA010120220813871405,알고,,M1,과학·기술,M107,본사·경영 컨설팅,M10703,경영 컨설팅업,M71531,경영 컨설팅업,11,서울특별시,11680,강남구,11680580,삼성1동,1168010500,삼성동,1168010500101580009,1,대지,158,9,서울특별시 강남구 삼성동 158-9,116804166765,서울특별시 강남구 테헤란로87길,21,,1168010500101580024016809,성빌딩,서울특별시 강남구 테헤란로87길 21,135880,06169,,12,,127.058248188993,37.5090576505588
MA010120220806377427,위스키디에이,,I2,음식,I211,주점,I21104,요리 주점,I56219,기타 주점업,11,서울특별시,11680,강남구,11680580,삼성1동,1168010500,삼성동,1168010500101580010,1,대지,158,10,서울특별시 강남구 삼성동 158-10,116804166765,서울특별시 강남구 테헤란로87길,17,,1168010500101580010000001,마젤란21아스테리움,서울특별시 강남구 테헤란로87길 17,135880,06169,,,,127.058349736429,37.5087422488156
MA010120220809783120,선샤인필라테스,,P1,교육,P106,기타 교육,P10603,요가/필라테스 학원,P85612,기타 스포츠 교육기관,11,서울특별시,11680,강남구,11680580,삼성1동,1168010500,삼성동,1168010500101580010,1,대지,158,10,서울특별시 강남구 삼성동 158-10,116804166765,서울특별시 강남구 테헤란로87길,17,,1168010500101580010000001,마젤란21아스테리움,서울특별시 강남구 테헤란로87길 17,135880,06169,,4,,127.058349736429,37.5087422488156
MA0101202311A0030965,씨유삼성마젤란점,,G2,소매,G204,종합 소매,G20405,편의점,G47122,체인화 편의점,11,서울특별시,11680,강남구,11680580,삼성1동,1168010500,삼성동,1168010500101580010,1,대지,158,10,서울특별시 강남구 삼성동 158-10,116804166765,서울특별시 강남구 테헤란로87길,17,,1168010500101580010000001,마젤란21아스테리움,서울특별시 강남구 테헤란로87길 17,135880,06169,,1,,127.058349736429,37.5087422488156
MA010120220810898410,피엠큐티,,L1,부동산,L102,부동산 서비스,L10203,부동산 중개/대리업,L68221,부동산 중개 및 대리업,11,서울특별시,11680,강남구,11680580,삼성1동,1168010500,삼성동,1168010500101580010,1,대지,158,10,서울특별시 강남구 삼성동 158-10,116804166765,서울특별시 강남구 테헤란로87길,17,,1168010500101580010000001,마젤란21아스테리움,서울특별시 강남구 테헤란로87길 17,135880,06169,,,,127.058349736429,37.5087422488156
MA0101202311A0015140,얀의원,,Q1,보건의료,Q102,의원,Q10209,기타 의원,Q86201,일반의원,11,서울특별시,11680,강남구,11680580,삼성1동,1168010500,삼성동,1168010500101580010,1,대지,158,10,서울특별시 강남구 삼성동 158-10,116804166765,서울특별시 강남구 테헤란로87길,17,,1168010500101580010000001,마젤란21아스테리움,서울특별시 강남구 테헤란로87길 17,135880,06169,,,,127.058349736429,37.5087422488156
MA0101202406A0202544,마젤란공인중개사사무소,,L1,부동산,L102,부동산 서비스,L10203,부동산 중개/대리업,L68221,부동산 중개 및 대리업,11,서울특별시,11680,강남구,11680580,삼성1동,1168010500,삼성동,1168010500101580010,1,대지,158,10,서울특별시 강남구 삼성동 158-10,116804166765,서울특별시 강남구 테헤란로87길,17,,1168010500101580010000001,마젤란21아스테리움,서울특별시 강남구 테헤란로87길 17,135880,06169,,1,,127.058349736429,37.5087422488156
MA0101202406A0335605,해솔,,L1,부동산,L102,부동산 서비스,L10203,부동산 중개/대리업,L68221,부동산 중개 및 대리업,11,서울특별시,11680,강남구,11680580,삼성1동,1168010500,삼성동,1168010500101580010,1,대지,158,10,서울특별시 강남구 삼성동 158-10,116804166765,서울특별시 강남구 테헤란로87길,17,,1168010500101580010000001,마젤란21아스테리움,서울특별시 강남구 테헤란로87길 17,135880,06169,,,,127.058349736429,37.5087422488156
MA010120220812116674,우나영정신건강의학과의원,,Q1,보건의료,Q102,의원,Q10203,신경/정신과 의원,Q86201,일반의원,11,서울특별시,11680,강남구,11680580,삼성1동,1168010500,삼성동,1168010500101580010,1,대지,158,10,서울특별시 강남구 삼성동 158-10,116804166765,서울특별시 강남구 테헤란로87길,17,,1168010500101580010000001,마젤란21아스테리움,서울특별시 강남구 테헤란로87길 17,135880,06169,,,,127.058349736429,37.5087422488156
MA0101202306A0061621,천효,,P1,교육,P106,기타 교육,P10603,요가/필라테스 학원,P85612,기타 스포츠 교육기관,11,서울특별시,11680,강남구,11680580,삼성1동,1168010500,삼성동,1168010500101580010,1,대지,158,10,서울특별시 강남구 삼성동 158-10,116804166765,서울특별시 강남구 테헤란로87길,17,,1168010500101580010000001,마젤란21아스테리움,서울특별시 강남구 테헤란로87길 17,135880,06169,,,,127.058349736429,37.5087422488156
MA010120220810294984,튠바이오3,,M1,과학·기술,M107,본사·경영 컨설팅,M10703,경영 컨설팅업,M71531,경영 컨설팅업,11,서울특별시,11680,강남구,11680580,삼성1동,1168010500,삼성동,1168010500101580010,1,대지,158,10,서울특별시 강남구 삼성동 158-10,116804166765,서울특별시 강남구 테헤란로87길,17,,1168010500101580010000001,마젤란21아스테리움,서울특별시 강남구 테헤란로87길 17,135880,06169,,,,127.058349736429,37.5087422488156
MA010120220813040611,에이유니버스,,P1,교육,P107,교육 지원,P10799,기타 교육지원 서비스업,P85709,기타 교육지원 서비스업,11,서울특별시,11680,강남구,11680580,삼성1동,1168010500,삼성동,1168010500101580010,1,대지,158,10,서울특별시 강남구 삼성동 158-10,116804166765,서울특별시 강남구 테헤란로87길,17,,1168010500101580010000001,마젤란21아스테리움,서울특별시 강남구 테헤란로87길 17,135880,06169,,,,127.058349736429,37.5087422488156
MA010120220808332115,엔트로피인베스터,,M1,과학·기술,M107,본사·경영 컨설팅,M10703,경영 컨설팅업,M71531,경영 컨설팅업,11,서울특별시,11680,강남구,11680580,삼성1동,1168010500,삼성동,1168010500101580010,1,대지,158,10,서울특별시 강남구 삼성동 158-10,116804166765,서울특별시 강남구 테헤란로87길,17,,1168010500101580010000001,,서울특별시 강남구 테헤란로87길 17,135880,06169,,9,,127.058349736429,37.5087422488156
MA010120220808352156,임마클,,P1,교육,P106,기타 교육,P10625,기타 기술/직업 훈련학원,P85669,기타 기술 및 직업 훈련학원,11,서울특별시,11680,강남구,11680580,삼성1동,1168010500,삼성동,1168010500101580011,1,대지,158,11,서울특별시 강남구 삼성동 158-11,116804166765,서울특별시 강남구 테헤란로87길,17,,1168010500101580010000001,마젤란21아스테리움,서울특별시 강남구 테헤란로87길 17,135880,06169,,,,127.058349736429,37.5087422488156
MA010120220812351268,로데,,G2,소매,G218,장식품 소매,G21801,예술품 소매업,G47841,예술품 및 골동품 소매업,11,서울특별시,11680,강남구,11680580,삼성1동,1168010500,삼성동,1168010500101580010,1,대지,158,10,서울특별시 강남구 삼성동 158-10,116804166765,서울특별시 강남구 테헤란로87길,17,,1168010500101580010000001,마젤란21아스테리움,서울특별시 강남구 테헤란로87길 17,135880,06169,,8,,127.058349736429,37.5087422488156
MA010120220810404987,얌샘김밥,,I2,음식,I210,기타 간이,I21007,김밥/만두/분식,I56194,김밥 및 기타 간이 음식점업,11,서울특별시,11680,강남구,11680580,삼성1동,1168010500,삼성동,1168010500101580011,1,대지,158,11,서울특별시 강남구 삼성동 158-11,116804166765,서울특별시 강남구 테헤란로87길,17,,1168010500101580010000001,마젤란21아스테리움,서울특별시 강남구 테헤란로87길 17,135880,06169,,1,,127.058349736429,37.5087422488156
MA010120220812148235,메머드익스프레스삼성도심,공항점,I2,음식,I212,비알코올 ,I21201,카페,I56221,커피 전문점,11,서울특별시,11680,강남구,11680580,삼성1동,1168010500,삼성동,1168010500101580011,1,대지,158,11,서울특별시 강남구 삼성동 158-11,116804166765,서울특별시 강남구 테헤란로87길,17,,1168010500101580010000001,마젤란21아스테리움,서울특별시 강남구 테헤란로87길 17,135880,06169,,1,,127.058349736429,37.5087422488156
MA010120220809697645,엠디애드,,M1,과학·기술,M105,광고,M10501,광고 대행업,M71310,광고 대행업,11,서울특별시,11680,강남구,11680580,삼성1동,1168010500,삼성동,1168010500101580010,1,대지,158,10,서울특별시 강남구 삼성동 158-10,116804166765,서울특별시 강남구 테헤란로87길,17,,1168010500101580010000001,마젤란21아스테리움,서울특별시 강남구 테헤란로87길 17,135880,06169,,4,,127.058349736429,37.5087422488156
MA010120220806865873,캐마클,,P1,교육,P106,기타 교육,P10625,기타 기술/직업 훈련학원,P85669,기타 기술 및 직업 훈련학원,11,서울특별시,11680,강남구,11680580,삼성1동,1168010500,삼성동,1168010500101580010,1,대지,158,10,서울특별시 강남구 삼성동 158-10,116804166765,서울특별시 강남구 테헤란로87길,17,,1168010500101580010000001,마젤란21아스테리움,서울특별시 강남구 테헤란로87길 17,135880,06169,,,,127.058349736429,37.5087422488156
MA010120220806896221,와이키키에셋,,M1,과학·기술,M107,본사·경영 컨설팅,M10703,경영 컨설팅업,M71531,경영 컨설팅업,11,서울특별시,11680,강남구,11680580,삼성1동,1168010500,삼성동,1168010500101580010,1,대지,158,10,서울특별시 강남구 삼성동 158-10,116804166765,서울특별시 강남구 테헤란로87길,17,,1168010500101580010000001,마젤란21아스테리움,서울특별시 강남구 테헤란로87길 17,135880,06169,,,,127.058349736429,37.5087422488156
MA010120220807001606,크레스트,,G2,소매,G209,섬유·의복·신발 소매,G20905,기타 의류 소매업,G47414,셔츠 및 블라우스 소매업,11,서울특별시,11680,강남구,11680580,삼성1동,1168010500,삼성동,1168010500101580010,1,대지,158,10,서울특별시 강남구 삼성동 158-10,116804166765,서울특별시 강남구 테헤란로87길,17,,1168010500101580010000001,마젤란21아스테리움,서울특별시 강남구 테헤란로87길 17,135880,06169,,,,127.058349736429,37.5087422488156
MA0101202406A0581529,조유,,I2,음식,I201,한식,I20101,백반/한정식,I56111,한식 일반 음식점업,11,서울특별시,11680,강남구,11680580,삼성1동,1168010500,삼성동,1168010500101580010,1,대지,158,10,서울특별시 강남구 삼성동 158-10,116804166765,서울특별시 강남구 테헤란로87길,17,,1168010500101580010000001,마젤란21아스테리움,서울특별시 강남구 테헤란로87길 17,135880,06169,,,,127.058349736429,37.5087422488156
MA0101202406A0239899,이룬다컴퍼니,,G2,소매,G211,가구 소매,G21101,가구 소매업,G47520,가구 소매업,11,서울특별시,11680,강남구,11680580,삼성1동,1168010500,삼성동,1168010500101580010,1,대지,158,10,서울특별시 강남구 삼성동 158-10,116804166765,서울특별시 강남구 테헤란로87길,17,,1168010500101580010000001,마젤란21아스테리움,서울특별시 강남구 테헤란로87길 17,135880,06169,,10,,127.058349736429,37.5087422488156
MA010120220812319327,사랑온누리약국,,G2,소매,G215,의약·화장품 소매,G21501,약국,G47811,의약품 및 의료용품 소매업,11,서울특별시,11680,강남구,11680580,삼성1동,1168010500,삼성동,1168010500101580014,1,대지,158,14,서울특별시 강남구 삼성동 158-14,116804166434,서울특별시 강남구 삼성로92길,27,,1168010500101580014016861,,서울특별시 강남구 삼성로92길 27,135880,06169,,지,,127.058530419429,37.5083817575473
MA010120220812594884,코모키이비인후과,,Q1,보건의료,Q102,의원,Q10206,이비인후과 의원,Q86201,일반의원,11,서울특별시,11680,강남구,11680580,삼성1동,1168010500,삼성동,1168010500101580012,1,대지,158,12,서울특별시 강남구 삼성동 158-12,116804166765,서울특별시 강남구 테헤란로87길,13,,1168010500101580012026485,서영빌딩,서울특별시 강남구 테헤란로87길 13,135880,06169,,8,,127.05859847796,37.5086340051211
MA010120220810886967,2060오스킨성형외과의원,,Q1,보건의료,Q102,의원,Q10208,성형외과 의원,Q86201,일반의원,11,서울특별시,11680,강남구,11680580,삼성1동,1168010500,삼성동,1168010500101580012,1,대지,158,12,서울특별시 강남구 삼성동 158-12,116804166765,서울특별시 강남구 테헤란로87길,13,,1168010500101580012026485,서영빌딩,서울특별시 강남구 테헤란로87길 13,135880,06169,,7,,127.05859847796,37.5086340051211
MA010120220809858229,엘와이컴퍼니,,G2,소매,G215,의약·화장품 소매,G21503,화장품 소매업,G47813,"화장품, 비누 및 방향제 소매업",11,서울특별시,11680,강남구,11680580,삼성1동,1168010500,삼성동,1168010500101580012,1,대지,158,12,서울특별시 강남구 삼성동 158-12,116804166765,서울특별시 강남구 테헤란로87길,13,,1168010500101580012026485,서영빌딩,서울특별시 강남구 테헤란로87길 13,135880,06169,,7,,127.05859847796,37.5086340051211
MA010120220811842390,그대안에산부인과,,Q1,보건의료,Q102,의원,Q10207,산부인과 의원,Q86201,일반의원,11,서울특별시,11680,강남구,11680580,삼성1동,1168010500,삼성동,1168010500101580012,1,대지,158,12,서울특별시 강남구 삼성동 158-12,116804166765,서울특별시 강남구 테헤란로87길,13,,1168010500101580012026485,서영빌딩,서울특별시 강남구 테헤란로87길 13,135880,06169,,5,,127.05859847796,37.5086340051211
MA010120220809666785,제이오원,,M1,과학·기술,M112,전문 디자인,M11203,시각 디자인업,M73203,시각 디자인업,11,서울특별시,11680,강남구,11680580,삼성1동,1168010500,삼성동,1168010500101590009,1,대지,159,9,서울특별시 강남구 삼성동 159-9,116804166765,서울특별시 강남구 테헤란로87길,36,,1168010500101590009016088,도심공항타워,서울특별시 강남구 테헤란로87길 36,135973,06164,,24,,127.058599731696,37.5102377926157
MA0101202308A0086108,포르투나벤처스,,M1,과학·기술,M107,본사·경영 컨설팅,M10703,경영 컨설팅업,M71531,경영 컨설팅업,11,서울특별시,11680,강남구,11680580,삼성1동,1168010500,삼성동,1168010500101590009,1,대지,159,9,서울특별시 강남구 삼성동 159-9,116804166765,서울특별시 강남구 테헤란로87길,36,,1168010500101590009016088,도심공항타워,서울특별시 강남구 테헤란로87길 36,135973,06164,,6,,127.058599731696,37.5102377926157
MA010120220811492236,빅케어,,N1,시설관리·임대,N107,사무 지원,N10799,기타 사무 지원 서비스업,N75919,기타 사무 지원 서비스업,11,서울특별시,11680,강남구,11680580,삼성1동,1168010500,삼성동,1168010500101590009,1,대지,159,9,서울특별시 강남구 삼성동 159-9,116804166765,서울특별시 강남구 테헤란로87길,36,,1168010500101590009016088,도심공항타워,서울특별시 강남구 테헤란로87길 36,135973,06164,,12,,127.058599731696,37.5102377926157
MA010120220814266746,한미글로벌피엠씨건축사사무소,,M1,과학·기술,M109,기술 서비스,M10901,건축 설계 및 관련 서비스업,M72111,건축 설계 및 관련 서비스업,11,서울특별시,11680,강남구,11680580,삼성1동,1168010500,삼성동,1168010500101590009,1,대지,159,9,서울특별시 강남구 삼성동 159-9,116804166765,서울특별시 강남구 테헤란로87길,36,,1168010500101590009016088,도심공항타워,서울특별시 강남구 테헤란로87길 36,135973,06164,,11,,127.058599731696,37.5102377926157
MA010120220807056248,트라벨리오,,N1,시설관리·임대,N105,여행사·보조,N10599,기타 여행 보조/예약 서비스업,N75290,기타 여행 보조 및 예약 서비스업,11,서울특별시,11680,강남구,11680580,삼성1동,1168010500,삼성동,1168010500101590009,1,대지,159,9,서울특별시 강남구 삼성동 159-9,116804166765,서울특별시 강남구 테헤란로87길,36,,1168010500101590009016088,도심공항타워,서울특별시 강남구 테헤란로87길 36,135973,06164,,24,,127.058599731696,37.5102377926157
MA010120220809987720,퀀텀스퀘어,코리아,M1,과학·기술,M107,본사·경영 컨설팅,M10703,경영 컨설팅업,M71531,경영 컨설팅업,11,서울특별시,11680,강남구,11680580,삼성1동,1168010500,삼성동,1168010500101590009,1,대지,159,9,서울특별시 강남구 삼성동 159-9,116804166765,서울특별시 강남구 테헤란로87길,36,,1168010500101590009016088,도심공항타워,서울특별시 강남구 테헤란로87길 36,135973,06164,,24,,127.058599731696,37.5102377926157
MA010120220812005730,티소셜에즈,,M1,과학·기술,M105,광고,M10501,광고 대행업,M71310,광고 대행업,11,서울특별시,11680,강남구,11680580,삼성1동,1168010500,삼성동,1168010500101590009,1,대지,159,9,서울특별시 강남구 삼성동 159-9,116804166765,서울특별시 강남구 테헤란로87길,36,,1168010500101590009016088,도심공항타워,서울특별시 강남구 테헤란로87길 36,135973,06164,,24,,127.058599731696,37.5102377926157
MA010120220813842186,모스페이스,,M1,과학·기술,M105,광고,M10501,광고 대행업,M71310,광고 대행업,11,서울특별시,11680,강남구,11680580,삼성1동,1168010500,삼성동,1168010500101590009,1,대지,159,9,서울특별시 강남구 삼성동 159-9,116804166765,서울특별시 강남구 테헤란로87길,36,,1168010500101590009016088,도심공항타워,서울특별시 강남구 테헤란로87길 36,135973,06164,,24,,127.058599731696,37.5102377926157
MA010120220810117981,법무법인승본,,M1,과학·기술,M103,법무관련 ,M10301,변호사,M71101,변호사업,11,서울특별시,11680,강남구,11680580,삼성1동,1168010500,삼성동,1168010500101590009,1,대지,159,9,서울특별시 강남구 삼성동 159-9,116804166765,서울특별시 강남구 테헤란로87길,36,,1168010500101590009016088,공항타워,서울특별시 강남구 테헤란로87길 36,135973,06164,,5,,127.058599731696,37.5102377926157
MA010120220807787451,라클래스,,L1,부동산,L102,부동산 서비스,L10203,부동산 중개/대리업,L68221,부동산 중개 및 대리업,11,서울특별시,11680,강남구,11680580,삼성1동,1168010500,삼성동,1168010500101590009,1,대지,159,9,서울특별시 강남구 삼성동 159-9,116804166765,서울특별시 강남구 테헤란로87길,36,,1168010500101590009016088,도심공항타워,서울특별시 강남구 테헤란로87길 36,135973,06164,,,,127.058599731696,37.5102377926157
MA0101202406A0070144,삼성밴스의원,,Q1,보건의료,Q102,의원,Q10204,피부/비뇨기과 의원,Q86201,일반의원,11,서울특별시,11680,강남구,11680580,삼성1동,1168010500,삼성동,1168010500101580020,1,대지,158,20,서울특별시 강남구 삼성동 158-20,116803122010,서울특별시 강남구 테헤란로,511,,1168010500101580020000001,PARKTE,서울특별시 강남구 테헤란로 511,135880,06169,,2,,127.058609252843,37.5079492361769
MA010120220808402061,리윤스시치우점,,I2,음식,I203,일식,I20301,일식 회/초밥,I56111,한식 일반 음식점업,11,서울특별시,11680,강남구,11680610,대치2동,1168010600,대치동,1168010600109430000,1,대지,943,,서울특별시 강남구 대치동 943,116803122010,서울특별시 강남구 테헤란로,510,,1168010600109430000000001,루첸타워,서울특별시 강남구 테헤란로 510,135845,06179,,1,,127.058653753258,37.5070031589866
MA010120220806755988,디씨티산업,,M1,과학·기술,M109,기술 서비스,M10903,건물 및 토목 엔지니어링 서비스업,M72121,건물 및 토목 엔지니어링 서비스업,11,서울특별시,11680,강남구,11680610,대치2동,1168010600,대치동,1168010600109430000,1,대지,943,,서울특별시 강남구 대치동 943,116803122010,서울특별시 강남구 테헤란로,510,,1168010600109430000000001,루첸타워,서울특별시 강남구 테헤란로 510,135845,06179,,20,,127.058653753258,37.5070031589866
MA0101202305A0032914,해머스미스커피포스코,사거리점,I2,음식,I212,비알코올 ,I21201,카페,I56221,커피 전문점,11,서울특별시,11680,강남구,11680610,대치2동,1168010600,대치동,1168010600109430008,1,대지,943,8,서울특별시 강남구 대치동 943-8,116804166763,서울특별시 강남구 테헤란로84길,9,,1168010600109430008012156,,서울특별시 강남구 테헤란로84길 9,135845,06179,,1,,127.05866475304,37.506606711341
MA010120220812038196,아지트,,I2,음식,I211,주점,I21104,요리 주점,I56219,기타 주점업,11,서울특별시,11680,강남구,11680610,대치2동,1168010600,대치동,1168010600109430008,1,대지,943,8,서울특별시 강남구 대치동 943-8,116804166763,서울특별시 강남구 테헤란로84길,9,,1168010600109430008012156,,서울특별시 강남구 테헤란로84길 9,135845,06179,,1,,127.05866475304,37.506606711341
MA0101202306A0064345,박현근국어,,P1,교육,P105,일반 교육,P10501,입시·교과학원,P85631,외국어학원,11,서울특별시,11680,강남구,11680580,삼성1동,1168010500,삼성동,1168010500101580020,1,대지,158,20,서울특별시 강남구 삼성동 158-20,116803122010,서울특별시 강남구 테헤란로,511,,1168010500101580020000001,PARKTE,서울특별시 강남구 테헤란로 511,135880,06169,,18,,127.058699684699,37.5078861209376
MA010120220811896329,세븐삼성페이토점,코리아,G2,소매,G204,종합 소매,G20405,편의점,G47122,체인화 편의점,11,서울특별시,11680,강남구,11680580,삼성1동,1168010500,삼성동,1168010500101580013,1,대지,158,13,서울특별시 강남구 삼성동 158-13,116804166765,서울특별시 강남구 테헤란로87길,9,,1168010500101580013016859,,서울특별시 강남구 테헤란로87길 9,135880,06169,,1,,127.058711439411,37.5084537480901
MA0101202406A0394737,베일리,,I2,음식,I211,주점,I21104,요리 주점,I56219,기타 주점업,11,서울특별시,11680,강남구,11680610,대치2동,1168010600,대치동,1168010600109430011,1,대지,943,11,서울특별시 강남구 대치동 943-11,116804166763,서울특별시 강남구 테헤란로84길,11,,1168010600109430011012164,,서울특별시 강남구 테헤란로84길 11,135845,06179,,1,,127.05875512674,37.5064715156738
MA0101202310A0004164,퍼스트,코리아,P1,교육,P106,기타 교육,P10621,직원 훈련기관,P85650,직원 훈련기관,11,서울특별시,11680,강남구,11680610,대치2동,1168010600,대치동,1168010600109430011,1,대지,943,11,서울특별시 강남구 대치동 943-11,116804166763,서울특별시 강남구 테헤란로84길,11,,1168010600109430011012164,엘타워,서울특별시 강남구 테헤란로84길 11,135845,06179,,2,,127.05875512674,37.5064715156738
MA0101202307A0063596,디바인포레스트,,M1,과학·기술,M107,본사·경영 컨설팅,M10703,경영 컨설팅업,M71531,경영 컨설팅업,11,서울특별시,11680,강남구,11680610,대치2동,1168010600,대치동,1168010600109430011,1,대지,943,11,서울특별시 강남구 대치동 943-11,116804166763,서울특별시 강남구 테헤란로84길,11,,1168010600109430011012164,,서울특별시 강남구 테헤란로84길 11,135845,06179,,,,127.05875512674,37.5064715156738
MA0101202306A0004200,디바인투자컨설팅,,M1,과학·기술,M107,본사·경영 컨설팅,M10703,경영 컨설팅업,M71531,경영 컨설팅업,11,서울특별시,11680,강남구,11680610,대치2동,1168010600,대치동,1168010600109430011,1,대지,943,11,서울특별시 강남구 대치동 943-11,116804166763,서울특별시 강남구 테헤란로84길,11,,1168010600109430011012164,비엘타워,서울특별시 강남구 테헤란로84길 11,135845,06179,,,,127.05875512674,37.5064715156738
MA010120220808663438,더정형외과의원,,Q1,보건의료,Q102,의원,Q10202,외과 의원,Q86201,일반의원,11,서울특별시,11680,강남구,11680580,삼성1동,1168010500,삼성동,1168010500101580015,1,대지,158,15,서울특별시 강남구 삼성동 158-15,116804166434,서울특별시 강남구 삼성로92길,29,,1168010500101580015000001,퀼트하우스빌딩,서울특별시 강남구 삼성로92길 29,135880,06169,,6,,127.058779194827,37.508318563686
MA010120220808011923,루케테,,P1,교육,P106,기타 교육,P10603,요가/필라테스 학원,P85612,기타 스포츠 교육기관,11,서울특별시,11680,강남구,11680580,삼성1동,1168010500,삼성동,1168010500101580015,1,대지,158,15,서울특별시 강남구 삼성동 158-15,116804166434,서울특별시 강남구 삼성로92길,29,,1168010500101580015000001,도일빌딩,서울특별시 강남구 삼성로92길 29,135880,06169,,7,,127.058779194827,37.508318563686
MA0101202307A0066173,강산세무회계,,M1,과학·기술,M104,회계·세무,M10402,세무사,M71202,세무사업,11,서울특별시,11680,강남구,11680610,대치2동,1168010600,대치동,1168010600109430012,1,대지,943,12,서울특별시 강남구 대치동 943-12,116804166763,서울특별시 강남구 테헤란로84길,13,,1168010600109430012012171,금원빌딩,서울특별시 강남구 테헤란로84길 13,135845,06179,,4,,127.05882288736,37.5063453412475
MA0101202302A0029118,씨유뉴대치,플러스점,G2,소매,G204,종합 소매,G20405,편의점,G47122,체인화 편의점,11,서울특별시,11680,강남구,11680610,대치2동,1168010600,대치동,1168010600109430012,1,대지,943,12,서울특별시 강남구 대치동 943-12,116804166763,서울특별시 강남구 테헤란로84길,13,,1168010600109430012012171,금원빌딩,서울특별시 강남구 테헤란로84길 13,135845,06179,,1,,127.05882288736,37.5063453412475
MA010120220812117078,컨설팅그룹,코리아,M1,과학·기술,M107,본사·경영 컨설팅,M10703,경영 컨설팅업,M71531,경영 컨설팅업,11,서울특별시,11680,강남구,11680610,대치2동,1168010600,대치동,1168010600109430012,1,대지,943,12,서울특별시 강남구 대치동 943-12,116804166763,서울특별시 강남구 테헤란로84길,13,,1168010600109430012012171,금원빌딩,서울특별시 강남구 테헤란로84길 13,135845,06179,,7,,127.05882288736,37.5063453412475
MA0101202307A0080662,택스프로세무회계,,M1,과학·기술,M104,회계·세무,M10402,세무사,M71202,세무사업,11,서울특별시,11680,강남구,11680610,대치2동,1168010600,대치동,1168010600109430015,1,대지,943,15,서울특별시 강남구 대치동 943-15,116804166763,서울특별시 강남구 테헤란로84길,15,,1168010600109430015012183,시몬타워,서울특별시 강남구 테헤란로84길 15,135845,06179,,5,,127.058890647751,37.5062191667799
MA010120220813020229,나래구조안전기술,,M1,과학·기술,M109,기술 서비스,M10901,건축 설계 및 관련 서비스업,M72111,건축 설계 및 관련 서비스업,11,서울특별시,11680,강남구,11680610,대치2동,1168010600,대치동,1168010600109430015,1,대지,943,15,서울특별시 강남구 대치동 943-15,116804166763,서울특별시 강남구 테헤란로84길,15,,1168010600109430015012183,전층시몬타워,서울특별시 강남구 테헤란로84길 15,135845,06179,,7,,127.058890647751,37.5062191667799
MA010120220810003256,하이스트아이피컨설팅,,M1,과학·기술,M103,법무관련 ,M10302,변리사,M71102,변리사업,11,서울특별시,11680,강남구,11680610,대치2동,1168010600,대치동,1168010600109430015,1,대지,943,15,서울특별시 강남구 대치동 943-15,116804166763,서울특별시 강남구 테헤란로84길,15,,1168010600109430015012183,시몬타워,서울특별시 강남구 테헤란로84길 15,135845,06179,,13,,127.058890647751,37.5062191667799
MA010120220814365716,특허법인유일하이스트,,M1,과학·기술,M103,법무관련 ,M10302,변리사,M71102,변리사업,11,서울특별시,11680,강남구,11680610,대치2동,1168010600,대치동,1168010600109430015,1,대지,943,15,서울특별시 강남구 대치동 943-15,116804166763,서울특별시 강남구 테헤란로84길,15,,1168010600109430015012183,시몬타워,서울특별시 강남구 테헤란로84길 15,135845,06179,,12,,127.058890647751,37.5062191667799
MA0101202302A0054903,세무법인택스프로삼성지점,,M1,과학·기술,M104,회계·세무,M10402,세무사,M71202,세무사업,11,서울특별시,11680,강남구,11680610,대치2동,1168010600,대치동,1168010600109430015,1,대지,943,15,서울특별시 강남구 대치동 943-15,116804166763,서울특별시 강남구 테헤란로84길,15,,1168010600109430015012183,,서울특별시 강남구 테헤란로84길 15,135845,06179,,5,,127.058890647751,37.5062191667799
MA0101202301A0086117,세무법인택스프로,,M1,과학·기술,M104,회계·세무,M10402,세무사,M71202,세무사업,11,서울특별시,11680,강남구,11680610,대치2동,1168010600,대치동,1168010600109430015,1,대지,943,15,서울특별시 강남구 대치동 943-15,116804166763,서울특별시 강남구 테헤란로84길,15,,1168010600109430015012183,시몬타워,서울특별시 강남구 테헤란로84길 15,135845,06179,,5,,127.058890647751,37.5062191667799
MA010120220809818334,로뎀나인,,L1,부동산,L102,부동산 서비스,L10203,부동산 중개/대리업,L68221,부동산 중개 및 대리업,11,서울특별시,11680,강남구,11680610,대치2동,1168010600,대치동,1168010600109430015,1,대지,943,15,서울특별시 강남구 대치동 943-15,116804166763,서울특별시 강남구 테헤란로84길,15,,1168010600109430015012183,시몬타워,서울특별시 강남구 테헤란로84길 15,135845,06179,,5,,127.058890647751,37.5062191667799
MA010120220812448622,더블유의원,,Q1,보건의료,Q102,의원,Q10204,피부/비뇨기과 의원,Q86201,일반의원,11,서울특별시,11680,강남구,11680580,삼성1동,1168010500,삼성동,1168010500101580023,1,대지,158,23,서울특별시 강남구 삼성동 158-23,116803122010,서울특별시 강남구 테헤란로,513,,1168010500101580023000001,,서울특별시 강남구 테헤란로 513,135880,06169,,5,,127.05889206335,37.5080211758996
MA010120220807116007,이디테크,,M1,과학·기술,M109,기술 서비스,M10904,환경 관련 엔지니어링 서비스업,M72122,환경 관련 엔지니어링 서비스업,11,서울특별시,11680,강남구,11680610,대치2동,1168010600,대치동,1168010600109430016,1,대지,943,16,서울특별시 강남구 대치동 943-16,116804166763,서울특별시 강남구 테헤란로84길,17,,1168010600109430016012194,영광빌딩,서울특별시 강남구 테헤란로84길 17,135845,06179,,,,127.058947090956,37.506083987868
MA010120220810419566,삼사라테크,,M1,과학·기술,M109,기술 서비스,M10999,기타 엔지니어링 서비스업,M72129,기타 엔지니어링 서비스업,11,서울특별시,11680,강남구,11680610,대치2동,1168010600,대치동,1168010600109430016,1,대지,943,16,서울특별시 강남구 대치동 943-16,116804166763,서울특별시 강남구 테헤란로84길,17,,1168010600109430016012194,영광빌딩,서울특별시 강남구 테헤란로84길 17,135845,06179,,4,,127.058947090956,37.506083987868
MA010120220812282282,세무회계창,,M1,과학·기술,M104,회계·세무,M10402,세무사,M71202,세무사업,11,서울특별시,11680,강남구,11680610,대치2동,1168010600,대치동,1168010600109430009,1,대지,943,9,서울특별시 강남구 대치동 943-9,116804166764,서울특별시 강남구 테헤란로86길,10,,1168010600109430009012151,명진빌딩,서울특별시 강남구 테헤란로86길 10,135845,06179,,,,127.058981495514,37.506687644061
MA010120220813350919,옐로트렁크,,I2,음식,I210,기타 간이,I21003,피자,I56192,"피자, 햄버거, 샌드위치 및 유사 음식점업",11,서울특별시,11680,강남구,11680610,대치2동,1168010600,대치동,1168010600109430009,1,대지,943,9,서울특별시 강남구 대치동 943-9,116804166764,서울특별시 강남구 테헤란로86길,10,,1168010600109430009012151,명진빌딩,서울특별시 강남구 테헤란로86길 10,135845,06179,,1,,127.058981495514,37.506687644061
MA010120220808692714,에이플래닝,,L1,부동산,L102,부동산 서비스,L10203,부동산 중개/대리업,L68221,부동산 중개 및 대리업,11,서울특별시,11680,강남구,11680610,대치2동,1168010600,대치동,1168010600109560000,1,대지,956,,서울특별시 강남구 대치동 956,116804166432,서울특별시 강남구 삼성로86길,18,,1168010600109560000012213,우경빌딩,서울특별시 강남구 삼성로86길 18,135847,06184,,5,,127.059003434681,37.5058226682617
MA010120220808670619,스페셜세무회계,,M1,과학·기술,M104,회계·세무,M10499,기타 회계 관련 서비스업,M71209,기타 회계 관련 서비스업,11,서울특별시,11680,강남구,11680610,대치2동,1168010600,대치동,1168010600109430010,1,대지,943,10,서울특별시 강남구 대치동 943-10,116804166764,서울특별시 강남구 테헤란로86길,12,,1168010600109430010000001,디케이오케이빌딩,서울특별시 강남구 테헤란로86길 12,135845,06179,,3,,127.059049255948,37.5065614695097
MA010120220809747753,엑스플랜,,M1,과학·기술,M105,광고,M10501,광고 대행업,M71310,광고 대행업,11,서울특별시,11680,강남구,11680610,대치2동,1168010600,대치동,1168010600109430010,1,대지,943,10,서울특별시 강남구 대치동 943-10,116804166764,서울특별시 강남구 테헤란로86길,12,,1168010600109430010000001,티케이오케이빌딩,서울특별시 강남구 테헤란로86길 12,135845,06179,,6,,127.059049255948,37.5065614695097
MA010120220810267692,파이브스타렌탈,,N1,시설관리·임대,N110,가정용품 대여,N11099,기타 개인/가정용품 대여업,N76299,그 외 기타 개인 및 가정용품 임대업,11,서울특별시,11680,강남구,11680610,대치2동,1168010600,대치동,1168010600109430010,1,대지,943,10,서울특별시 강남구 대치동 943-10,116804166764,서울특별시 강남구 테헤란로86길,12,,1168010600109430010000001,,서울특별시 강남구 테헤란로86길 12,135845,06179,,4,,127.059049255948,37.5065614695097
MA010120220810322059,예송법무사사무소,,M1,과학·기술,M103,법무관련 ,M10303,법무사,M71103,법무사업,11,서울특별시,11680,강남구,11680610,대치2동,1168010600,대치동,1168010600109430010,1,대지,943,10,서울특별시 강남구 대치동 943-10,116804166764,서울특별시 강남구 테헤란로86길,12,,1168010600109430010000001,디케이오케이빌딩,서울특별시 강남구 테헤란로86길 12,135845,06179,,3,,127.059049255948,37.5065614695097
MA0101202406A0528712,둥지부동산중개법인,,L1,부동산,L102,부동산 서비스,L10203,부동산 중개/대리업,L68221,부동산 중개 및 대리업,11,서울특별시,11680,강남구,11680610,대치2동,1168010600,대치동,1168010600109430013,1,대지,943,13,서울특별시 강남구 대치동 943-13,116804166764,서울특별시 강남구 테헤란로86길,14,,1168010600109430013000002,윤천빌딩,서울특별시 강남구 테헤란로86길 14,135845,06179,,4,,127.059117023258,37.5064443049636
MA010120220806606130,당산오돌,대치점,I2,음식,I201,한식,I20107,돼지고기 구이/찜,I56113,한식 육류 요리 전문점,11,서울특별시,11680,강남구,11680610,대치2동,1168010600,대치동,1168010600109430013,1,대지,943,13,서울특별시 강남구 대치동 943-13,116804166764,서울특별시 강남구 테헤란로86길,14,,1168010600109430013000002,,서울특별시 강남구 테헤란로86길 14,135845,06179,,1,,127.059117023258,37.5064443049636
MA010120220809928191,메디앤컨설팅,,M1,과학·기술,M107,본사·경영 컨설팅,M10703,경영 컨설팅업,M71531,경영 컨설팅업,11,서울특별시,11680,강남구,11680610,대치2동,1168010600,대치동,1168010600109430013,1,대지,943,13,서울특별시 강남구 대치동 943-13,116804166764,서울특별시 강남구 테헤란로86길,14,,1168010600109430013000002,윤천빌딩,서울특별시 강남구 테헤란로86길 14,135845,06179,,2,,127.059117023258,37.5064443049636
MA010120220811946472,임팩트매니지먼트,코리아,M1,과학·기술,M107,본사·경영 컨설팅,M10703,경영 컨설팅업,M71531,경영 컨설팅업,11,서울특별시,11680,강남구,11680580,삼성1동,1168010500,삼성동,1168010500101590000,1,대지,159,,서울특별시 강남구 삼성동 159,116802122002,서울특별시 강남구 영동대로,513,,1168010500101590009016086,및한국종합무역센터,서울특별시 강남구 영동대로 513,135525,06164,,30,,127.059155204804,37.5118322933754
MA010120220810270835,삼송빵집코엑스,스타필드점,I2,음식,I210,기타 간이,I21001,빵/도넛,I56191,제과점업,11,서울특별시,11680,강남구,11680580,삼성1동,1168010500,삼성동,1168010500101590000,1,대지,159,,서울특별시 강남구 삼성동 159,116802122002,서울특별시 강남구 영동대로,513,,1168010500101590009016086,코엑스,서울특별시 강남구 영동대로 513,135525,06164,,1,,127.059155204804,37.5118322933754
MA010120220811686638,스튜디오삭스탑,코엑스몰점,G2,소매,G209,섬유·의복·신발 소매,G20907,액세서리/잡화 소매업,G47422,의복 액세서리 및 모조 장신구 소매업,11,서울특별시,11680,강남구,11680580,삼성1동,1168010500,삼성동,1168010500101590000,1,대지,159,,서울특별시 강남구 삼성동 159,116802122002,서울특별시 강남구 영동대로,513,,1168010500101590009016086,스타필드코엑스몰,서울특별시 강남구 영동대로 513,135525,06164,,B1,,127.059155204804,37.5118322933754
MA010120220806654680,스시타이쇼,,I2,음식,I203,일식,I20301,일식 회/초밥,I56113,한식 육류 요리 전문점,11,서울특별시,11680,강남구,11680580,삼성1동,1168010500,삼성동,1168010500101590000,1,대지,159,,서울특별시 강남구 삼성동 159,116802122002,서울특별시 강남구 영동대로,513,,1168010500101590009016086,스타필드코엑스몰,서울특별시 강남구 영동대로 513,135525,06164,,1,,127.059155204804,37.5118322933754
MA0101202309A0036229,호호식당스타필드코엑스,,I2,음식,I203,일식,I20301,일식 회/초밥,I56122,일식 음식점업,11,서울특별시,11680,강남구,11680580,삼성1동,1168010500,삼성동,1168010500101590000,1,대지,159,,서울특별시 강남구 삼성동 159,116802122002,서울특별시 강남구 영동대로,513,,1168010500101590009016086,스타필드코엑스쇼핑몰,서울특별시 강남구 영동대로 513,135525,06164,,B1,,127.059155204804,37.5118322933754
MA0101202305A0146488,라일라에프엔비,,I2,음식,I201,한식,I20105,국수/칼국수,I56112,한식 면 요리 전문점,11,서울특별시,11680,강남구,11680580,삼성1동,1168010500,삼성동,1168010500101590000,1,대지,159,,서울특별시 강남구 삼성동 159,116802122002,서울특별시 강남구 영동대로,513,,1168010500101590009016086,비,서울특별시 강남구 영동대로 513,135525,06164,,,,127.059155204804,37.5118322933754
MA010120220806274511,리복RCS코엑스,,G2,소매,G209,섬유·의복·신발 소매,G20905,기타 의류 소매업,G47419,기타 의복 소매업,11,서울특별시,11680,강남구,11680580,삼성1동,1168010500,삼성동,1168010500101590000,1,대지,159,,서울특별시 강남구 삼성동 159,116802122002,서울특별시 강남구 영동대로,513,,1168010500101590009016086,코엑스,서울특별시 강남구 영동대로 513,135525,06164,,B1,,127.059155204804,37.5118322933754
MA0101202406A0554924,한국국제전시서울국제와인주류박람회,,G2,소매,G204,종합 소매,G20404,슈퍼마켓,G47129,기타 음ㆍ식료품 위주 종합 소매업,11,서울특별시,11680,강남구,11680580,삼성1동,1168010500,삼성동,1168010500101590000,1,대지,159,,서울특별시 강남구 삼성동 159,116802122002,서울특별시 강남구 영동대로,513,,1168010500101590009016086,홀코엑스,서울특별시 강남구 영동대로 513,135525,06164,,1,,127.059155204804,37.5118322933754
MA0101202311A0058354,피어커피,,I2,음식,I212,비알코올 ,I21201,카페,I56221,커피 전문점,11,서울특별시,11680,강남구,11680580,삼성1동,1168010500,삼성동,1168010500101590000,1,대지,159,,서울특별시 강남구 삼성동 159,116802122002,서울특별시 강남구 영동대로,513,,1168010500101590009016086,코엑스몰,서울특별시 강남구 영동대로 513,135525,06164,,1,,127.059155204804,37.5118322933754
MA010120220810598500,오엠지애드테크놀로지,,M1,과학·기술,M105,광고,M10501,광고 대행업,M71310,광고 대행업,11,서울특별시,11680,강남구,11680580,삼성1동,1168010500,삼성동,1168010500101590000,1,대지,159,,서울특별시 강남구 삼성동 159,116802122002,서울특별시 강남구 영동대로,513,,1168010500101590009016086,코엑스상사전시장,서울특별시 강남구 영동대로 513,135525,06164,,,,127.059155204804,37.5118322933754
MA010120220812583802,신세계푸드노브랜드버거,코엑스점,I2,음식,I210,기타 간이,I21004,버거,I56192,"피자, 햄버거, 샌드위치 및 유사 음식점업",11,서울특별시,11680,강남구,11680580,삼성1동,1168010500,삼성동,1168010500101590000,1,대지,159,,서울특별시 강남구 삼성동 159,116802122002,서울특별시 강남구 영동대로,513,,1168010500101590009016086,코엑스,서울특별시 강남구 영동대로 513,135525,06164,,,,127.059155204804,37.5118322933754
MA010120220810048203,골든포레스트에쿼티파트너스,,G2,소매,G215,의약·화장품 소매,G21501,약국,M71531,경영 컨설팅업,11,서울특별시,11680,강남구,11680580,삼성1동,1168010500,삼성동,1168010500101590000,1,대지,159,,서울특별시 강남구 삼성동 159,116802122002,서울특별시 강남구 영동대로,513,,1168010500101590009016086,아셈타워,서울특별시 강남구 영동대로 513,135525,06164,,,,127.059155204804,37.5118322933754
MA0101202212A0010115,티비컴퍼니,,G2,소매,G213,오락용품 소매,G21304,운동용품 소매업,G47631,운동 및 경기용품 소매업,11,서울특별시,11680,강남구,11680580,삼성1동,1168010500,삼성동,1168010500101590000,1,대지,159,,서울특별시 강남구 삼성동 159,116802122002,서울특별시 강남구 영동대로,513,,1168010500101590009016086,의일부스타필드코엑스몰,서울특별시 강남구 영동대로 513,135525,06164,,B2,,127.059155204804,37.5118322933754
MA0101202406A0231891,지케이인터내셔널,,G2,소매,G206,음료 소매,G20602,주류 소매업,G47221,음료 소매업,11,서울특별시,11680,강남구,11680580,삼성1동,1168010500,삼성동,1168010500101590000,1,대지,159,,서울특별시 강남구 삼성동 159,116802122002,서울특별시 강남구 영동대로,513,,1168010500101590009016086,코엑스,서울특별시 강남구 영동대로 513,135525,06164,,,,127.059155204804,37.5118322933754
MA0101202406A0550354,티지엑스코엑스,,R1,예술·스포츠,R103,스포츠 서비스,R10311,골프 연습장,R91136,골프 연습장 운영업,11,서울특별시,11680,강남구,11680580,삼성1동,1168010500,삼성동,1168010500101590000,1,대지,159,,서울특별시 강남구 삼성동 159,116802122002,서울특별시 강남구 영동대로,513,,1168010500101590009016086,,서울특별시 강남구 영동대로 513,135798,06164,,B2,,127.059155204804,37.5118322933754
MA010120220806758462,세븐일레븐공항,타워점,G2,소매,G204,종합 소매,G20405,편의점,G47122,체인화 편의점,11,서울특별시,11680,강남구,11680580,삼성1동,1168010500,삼성동,1168010500101590000,1,대지,159,,서울특별시 강남구 삼성동 159,116802122002,서울특별시 강남구 영동대로,513,,1168010500101590009016086,코엑스,서울특별시 강남구 영동대로 513,135525,06164,,,,127.059155204804,37.5118322933754
MA0101202306A0017419,마오타이그룹,코리아,G2,소매,G206,음료 소매,G20602,주류 소매업,G47221,음료 소매업,11,서울특별시,11680,강남구,11680580,삼성1동,1168010500,삼성동,1168010500101590000,1,대지,159,,서울특별시 강남구 삼성동 159,116802122002,서울특별시 강남구 영동대로,513,,1168010500101590009016086,A홀,서울특별시 강남구 영동대로 513,135525,06164,,,,127.059155204804,37.5118322933754
MA0101202310A0100080,리김밥,코엑스점,I2,음식,I210,기타 간이,I21007,김밥/만두/분식,I56194,김밥 및 기타 간이 음식점업,11,서울특별시,11680,강남구,11680580,삼성1동,1168010500,삼성동,1168010500101590000,1,대지,159,,서울특별시 강남구 삼성동 159,116802122002,서울특별시 강남구 영동대로,513,,1168010500101590009016086,코엑스,서울특별시 강남구 영동대로 513,135525,06164,,B1,,127.059155204804,37.5118322933754
MA0101202305A0070993,경연,,G2,소매,G209,섬유·의복·신발 소매,G20910,신발 소매업,G47430,신발 소매업,11,서울특별시,11680,강남구,11680580,삼성1동,1168010500,삼성동,1168010500101590000,1,대지,159,,서울특별시 강남구 삼성동 159,116802122002,서울특별시 강남구 영동대로,513,,1168010500101590009016086,코엑스몰,서울특별시 강남구 영동대로 513,135525,06164,,B1,,127.059155204804,37.5118322933754
MA0101202303A0004267,아크테릭스,,G2,소매,G209,섬유·의복·신발 소매,G20905,기타 의류 소매업,G47419,기타 의복 소매업,11,서울특별시,11680,강남구,11680580,삼성1동,1168010500,삼성동,1168010500101590000,1,대지,159,,서울특별시 강남구 삼성동 159,116802122002,서울특별시 강남구 영동대로,513,,1168010500101590009016086,스타필드코엑스,서울특별시 강남구 영동대로 513,135525,06164,,1,,127.059155204804,37.5118322933754
MA010120220807505426,러쉬코리아스타필드,코엑스점,G2,소매,G215,의약·화장품 소매,G21503,화장품 소매업,G47813,"화장품, 비누 및 방향제 소매업",11,서울특별시,11680,강남구,11680580,삼성1동,1168010500,삼성동,1168010500101590000,1,대지,159,,서울특별시 강남구 삼성동 159,116802122002,서울특별시 강남구 영동대로,513,,1168010500101590009016086,스타필드코엑스,서울특별시 강남구 영동대로 513,135525,06164,,B1,,127.059155204804,37.5118322933754
MA010120220809470497,직화한상스타필드,코엑스몰점,I2,음식,I201,한식,I20101,백반/한정식,I56111,한식 일반 음식점업,11,서울특별시,11680,강남구,11680580,삼성1동,1168010500,삼성동,1168010500101590000,1,대지,159,,서울특별시 강남구 삼성동 159,116802122002,서울특별시 강남구 영동대로,513,,1168010500101590009016086,라운지코엑스,서울특별시 강남구 영동대로 513,135525,06164,,1,,127.059155204804,37.5118322933754
MA0101202307A0099435,마인드브릿지,,G2,소매,G209,섬유·의복·신발 소매,G20901,남성 의류 소매업,G47411,남자용 겉옷 소매업,11,서울특별시,11680,강남구,11680580,삼성1동,1168010500,삼성동,1168010500101590000,1,대지,159,,서울특별시 강남구 삼성동 159,116802122002,서울특별시 강남구 영동대로,513,,1168010500101590009016086,코엑스몰스타필드,서울특별시 강남구 영동대로 513,135525,06164,,B1,,127.059155204804,37.5118322933754
MA010120220813792839,남포동수제비,,I2,음식,I201,한식,I20105,국수/칼국수,I56194,김밥 및 기타 간이 음식점업,11,서울특별시,11680,강남구,11680580,삼성1동,1168010500,삼성동,1168010500101590000,1,대지,159,,서울특별시 강남구 삼성동 159,116802122002,서울특별시 강남구 영동대로,513,,1168010500101590009016086,큐,서울특별시 강남구 영동대로 513,135525,06164,,1,,127.059155204804,37.5118322933754
MA0101202305A0018677,나자인스타필드코엑스,,G2,소매,G209,섬유·의복·신발 소매,G20911,가방 소매업,G47440,가방 및 기타 가죽제품 소매업,11,서울특별시,11680,강남구,11680580,삼성1동,1168010500,삼성동,1168010500101590000,1,대지,159,,서울특별시 강남구 삼성동 159,116802122002,서울특별시 강남구 영동대로,513,,1168010500101590009016086,스타필드코엑스몰,서울특별시 강남구 영동대로 513,135525,06164,,B1,,127.059155204804,37.5118322933754
MA0101202305A0004216,소울마켓베이커리,,I2,음식,I210,기타 간이,I21001,빵/도넛,I56191,제과점업,11,서울특별시,11680,강남구,11680580,삼성1동,1168010500,삼성동,1168010500101590000,1,대지,159,,서울특별시 강남구 삼성동 159,116802122002,서울특별시 강남구 영동대로,513,,1168010500101590009016086,비,서울특별시 강남구 영동대로 513,135525,06164,,,,127.059155204804,37.5118322933754
MA0101202307A0048846,케이푸드코엑스우면관,코리아,I2,음식,I202,중식,I20201,중국집,I56121,중식 음식점업,11,서울특별시,11680,강남구,11680580,삼성1동,1168010500,삼성동,1168010500101590000,1,대지,159,,서울특별시 강남구 삼성동 159,116802122002,서울특별시 강남구 영동대로,513,,1168010500101590009016086,스타필드코엑스몰,서울특별시 강남구 영동대로 513,135525,06164,,B1,,127.059155204804,37.5118322933754
MA010120220813861482,미래전람코엑스지사,,N1,시설관리·임대,N111,산업용품 대여,N11199,기타 산업용 기계/장비 대여업,N76390,기타 산업용 기계 및 장비 임대업,11,서울특별시,11680,강남구,11680580,삼성1동,1168010500,삼성동,1168010500101590000,1,대지,159,,서울특별시 강남구 삼성동 159,116802122002,서울특별시 강남구 영동대로,513,,1168010500101590009016086,코엑스HAL,서울특별시 강남구 영동대로 513,135525,06164,,,,127.059155204804,37.5118322933754
MA010120220808515766,클라비스스타필드코엑스,,G2,소매,G209,섬유·의복·신발 소매,G20902,여성 의류 소매업,G47412,여자용 겉옷 소매업,11,서울특별시,11680,강남구,11680580,삼성1동,1168010500,삼성동,1168010500101590000,1,대지,159,,서울특별시 강남구 삼성동 159,116802122002,서울특별시 강남구 영동대로,513,,1168010500101590009016086,스타필드코엑스,서울특별시 강남구 영동대로 513,135525,06164,,,,127.059155204804,37.5118322933754
MA0101202303A0114097,강남교자스타필드,코엑스몰점,I2,음식,I201,한식,I20105,국수/칼국수,I56111,한식 일반 음식점업,11,서울특별시,11680,강남구,11680580,삼성1동,1168010500,삼성동,1168010500101590000,1,대지,159,,서울특별시 강남구 삼성동 159,116802122002,서울특별시 강남구 영동대로,513,,1168010500101590009016086,코엑스,서울특별시 강남구 영동대로 513,135525,06164,,1,,127.059155204804,37.5118322933754
MA0101202302A0107333,금화제옥스스타필드,코엑스점,G2,소매,G209,섬유·의복·신발 소매,G20910,신발 소매업,G47430,신발 소매업,11,서울특별시,11680,강남구,11680580,삼성1동,1168010500,삼성동,1168010500101590000,1,대지,159,,서울특별시 강남구 삼성동 159,116802122002,서울특별시 강남구 영동대로,513,,1168010500101590009016086,스타필드코엑스코엑스,서울특별시 강남구 영동대로 513,135525,06164,,B1,,127.059155204804,37.5118322933754
MA010120220812066110,지엘에프앤비,,I2,음식,I201,한식,I20101,백반/한정식,I56111,한식 일반 음식점업,11,서울특별시,11680,강남구,11680580,삼성1동,1168010500,삼성동,1168010500101590000,1,대지,159,,서울특별시 강남구 삼성동 159,116802122002,서울특별시 강남구 영동대로,513,,1168010500101590009016086,코엑스,서울특별시 강남구 영동대로 513,135525,06164,,1,,127.059155204804,37.5118322933754
MA0101202301A0073085,무탄코엑스몰,본점,I2,음식,I202,중식,I20201,중국집,I56121,중식 음식점업,11,서울특별시,11680,강남구,11680580,삼성1동,1168010500,삼성동,1168010500101590000,1,대지,159,,서울특별시 강남구 삼성동 159,116802122002,서울특별시 강남구 영동대로,513,,1168010500101590009016086,스타필드코엑스,서울특별시 강남구 영동대로 513,135525,06164,,B1,,127.059155204804,37.5118322933754
MA010120220813089263,고봉삼계탕,코엑스점,I2,음식,I201,한식,I20102,국/탕/찌개류,I56111,한식 일반 음식점업,11,서울특별시,11680,강남구,11680580,삼성1동,1168010500,삼성동,1168010500101590000,1,대지,159,,서울특별시 강남구 삼성동 159,116802122002,서울특별시 강남구 영동대로,513,,1168010500101590009016086,코엑스,서울특별시 강남구 영동대로 513,135525,06164,,1,,127.059155204804,37.5118322933754
MA010120220810353254,스타카토코엑스몰,,G2,소매,G209,섬유·의복·신발 소매,G20910,신발 소매업,G47430,신발 소매업,11,서울특별시,11680,강남구,11680580,삼성1동,1168010500,삼성동,1168010500101590000,1,대지,159,,서울특별시 강남구 삼성동 159,116802122002,서울특별시 강남구 영동대로,513,,1168010500101590009016086,코엑스몰,서울특별시 강남구 영동대로 513,135525,06164,,B1,,127.059155204804,37.5118322933754
MA010120220806167593,에이앤드에이엔터테인먼트코엑스,2호점,R1,예술·스포츠,R104,유원지·오락,R10406,PC방,R91222,컴퓨터 게임방 운영업,11,서울특별시,11680,강남구,11680580,삼성1동,1168010500,삼성동,1168010500101590000,1,대지,159,,서울특별시 강남구 삼성동 159,116802122002,서울특별시 강남구 영동대로,513,,1168010500101590009016086,스타필드코엑스몰,서울특별시 강남구 영동대로 513,135525,06164,,B2,,127.059155204804,37.5118322933754
MA010120220807732748,이랜드월드패션코엑스,,G2,소매,G209,섬유·의복·신발 소매,G20905,기타 의류 소매업,G47416,가죽 및 모피 의복 소매업,11,서울특별시,11680,강남구,11680580,삼성1동,1168010500,삼성동,1168010500101590000,1,대지,159,,서울특별시 강남구 삼성동 159,116802122002,서울특별시 강남구 영동대로,513,,1168010500101590009016086,코엑스,서울특별시 강남구 영동대로 513,135525,06164,,,,127.059155204804,37.5118322933754
MA010120220806610141,샤브촌바이계백집,코엑스몰점,I2,음식,I201,한식,I20101,백반/한정식,I56111,한식 일반 음식점업,11,서울특별시,11680,강남구,11680580,삼성1동,1168010500,삼성동,1168010500101590000,1,대지,159,,서울특별시 강남구 삼성동 159,116802122002,서울특별시 강남구 영동대로,513,,1168010500101590009016086,코엑스,서울특별시 강남구 영동대로 513,135525,06164,,1,,127.059155204804,37.5118322933754
MA010120220810132824,이마트24스타필드코엑스몰,4호점,G2,소매,G204,종합 소매,G20405,편의점,G47122,체인화 편의점,11,서울특별시,11680,강남구,11680580,삼성1동,1168010500,삼성동,1168010500101590000,1,대지,159,,서울특별시 강남구 삼성동 159,116802122002,서울특별시 강남구 영동대로,513,,1168010500101590009016086,스타필드코엑스몰,서울특별시 강남구 영동대로 513,135525,06164,,B1,,127.059155204804,37.5118322933754
MA010120220810421121,원더플레이스,,G2,소매,G209,섬유·의복·신발 소매,G20905,기타 의류 소매업,G47419,기타 의복 소매업,11,서울특별시,11680,강남구,11680580,삼성1동,1168010500,삼성동,1168010500101590000,1,대지,159,,서울특별시 강남구 삼성동 159,116802122002,서울특별시 강남구 영동대로,513,,1168010500101590009016086,원더플레이스아파트,서울특별시 강남구 영동대로 513,135525,06164,,B1,,127.059155204804,37.5118322933754
MA0101202210A0023061,성한아이엔티스타필드코엑스,,G2,소매,G209,섬유·의복·신발 소매,G20910,신발 소매업,G47430,신발 소매업,11,서울특별시,11680,강남구,11680580,삼성1동,1168010500,삼성동,1168010500101590000,1,대지,159,,서울특별시 강남구 삼성동 159,116802122002,서울특별시 강남구 영동대로,513,,1168010500101590009016086,스타필드코엑스몰,서울특별시 강남구 영동대로 513,135525,06164,,B1,,127.059155204804,37.5118322933754
MA010120220813942465,탑텐키즈,,G2,소매,G209,섬유·의복·신발 소매,G20905,기타 의류 소매업,G47419,기타 의복 소매업,11,서울특별시,11680,강남구,11680580,삼성1동,1168010500,삼성동,1168010500101590000,1,대지,159,,서울특별시 강남구 삼성동 159,116802122002,서울특별시 강남구 영동대로,513,,1168010500101590009016086,,서울특별시 강남구 영동대로 513,135798,06164,,1,,127.059155204804,37.5118322933754
MA010120220812980256,더블유에프아웃도어,,G2,소매,G209,섬유·의복·신발 소매,G20905,기타 의류 소매업,G47419,기타 의복 소매업,11,서울특별시,11680,강남구,11680580,삼성1동,1168010500,삼성동,1168010500101590000,1,대지,159,,서울특별시 강남구 삼성동 159,116802122002,서울특별시 강남구 영동대로,513,,1168010500101590009016086,노스페이스스타필드코엑스,서울특별시 강남구 영동대로 513,135525,06164,,B1,,127.059155204804,37.5118322933754
MA010120220812017057,굿푸드알지오,,M1,과학·기술,M107,본사·경영 컨설팅,M10703,경영 컨설팅업,M71531,경영 컨설팅업,11,서울특별시,11680,강남구,11680580,삼성1동,1168010500,삼성동,1168010500101590000,1,대지,159,,서울특별시 강남구 삼성동 159,116802122002,서울특별시 강남구 영동대로,513,,1168010500101590009016086,아셈타워,서울특별시 강남구 영동대로 513,135525,06164,,,,127.059155204804,37.5118322933754
MA010120220811763651,퀸스,,G2,소매,G217,시계·귀금속 소매,G21701,시계/귀금속 소매업,G47830,시계 및 귀금속 소매업,11,서울특별시,11680,강남구,11680580,삼성1동,1168010500,삼성동,1168010500101590000,1,대지,159,,서울특별시 강남구 삼성동 159,116802122002,서울특별시 강남구 영동대로,513,,1168010500101590009016086,건물내호텔,서울특별시 강남구 영동대로 513,135525,06164,,,,127.059155204804,37.5118322933754
MA010120220810367004,무아,,M1,과학·기술,M107,본사·경영 컨설팅,M10703,경영 컨설팅업,M71531,경영 컨설팅업,11,서울특별시,11680,강남구,11680580,삼성1동,1168010500,삼성동,1168010500101590000,1,대지,159,,서울특별시 강남구 삼성동 159,116802122002,서울특별시 강남구 영동대로,513,,1168010500101590009016086,및한국종합무역센터,서울특별시 강남구 영동대로 513,135525,06164,,37,,127.059155204804,37.5118322933754
MA010120220808722882,인셉션,코리아,M1,과학·기술,M103,법무관련 ,M10303,법무사,M71103,법무사업,11,서울특별시,11680,강남구,11680580,삼성1동,1168010500,삼성동,1168010500101590000,1,대지,159,,서울특별시 강남구 삼성동 159,116802122002,서울특별시 강남구 영동대로,513,,1168010500101590009016086,아셈타워,서울특별시 강남구 영동대로 513,135525,06164,,37,,127.059155204804,37.5118322933754
MA010120220809228799,오렌즈스타필드,코엑스몰점,G2,소매,G216,안경·정밀기기 소매,G21602,안경렌즈 소매업,G47822,안경 및 렌즈 소매업,11,서울특별시,11680,강남구,11680580,삼성1동,1168010500,삼성동,1168010500101590000,1,대지,159,,서울특별시 강남구 삼성동 159,116802122002,서울특별시 강남구 영동대로,513,,1168010500101590009016086,스타필드코엑스몰,서울특별시 강남구 영동대로 513,135525,06164,,1,,127.059155204804,37.5118322933754
MA010120220811867018,에이케이트리,,M1,과학·기술,M107,본사·경영 컨설팅,M10703,경영 컨설팅업,M71531,경영 컨설팅업,11,서울특별시,11680,강남구,11680580,삼성1동,1168010500,삼성동,1168010500101590000,1,대지,159,,서울특별시 강남구 삼성동 159,116802122002,서울특별시 강남구 영동대로,513,,1168010500101590009016086,코엑스,서울특별시 강남구 영동대로 513,135525,06164,,2,,127.059155204804,37.5118322933754
MA010120220806564799,그레이스플랫폼,,M1,과학·기술,M105,광고,M10504,광고물 설계/제작업,M71393,"광고물 문안, 도안, 설계 등 작성업",11,서울특별시,11680,강남구,11680580,삼성1동,1168010500,삼성동,1168010500101590000,1,대지,159,,서울특별시 강남구 삼성동 159,116802122002,서울특별시 강남구 영동대로,513,,1168010500101590009016086,무역센터,서울특별시 강남구 영동대로 513,135525,06164,,27,,127.059155204804,37.5118322933754
MA010120220808198753,더라라갤러리,,G2,소매,G218,장식품 소매,G21801,예술품 소매업,G47841,예술품 및 골동품 소매업,11,서울특별시,11680,강남구,11680580,삼성1동,1168010500,삼성동,1168010500101590000,1,대지,159,,서울특별시 강남구 삼성동 159,116802122002,서울특별시 강남구 영동대로,513,,1168010500101590009016086,코엑스인터콘티넨탈서울,서울특별시 강남구 영동대로 513,135975,06164,,2,,127.059155204804,37.5118322933754
MA010120220814001569,이마트24스타필드코엑스몰,1호점,G2,소매,G204,종합 소매,G20405,편의점,G47122,체인화 편의점,11,서울특별시,11680,강남구,11680580,삼성1동,1168010500,삼성동,1168010500101590000,1,대지,159,,서울특별시 강남구 삼성동 159,116802122002,서울특별시 강남구 영동대로,513,,1168010500101590009016086,코엑스,서울특별시 강남구 영동대로 513,135525,06164,,1,,127.059155204804,37.5118322933754
MA010120220808730549,캘빈클라인언더웨어,,G2,소매,G209,섬유·의복·신발 소매,G20905,기타 의류 소매업,G47413,속옷 및 잠옷 소매업,11,서울특별시,11680,강남구,11680580,삼성1동,1168010500,삼성동,1168010500101590000,1,대지,159,,서울특별시 강남구 삼성동 159,116802122002,서울특별시 강남구 영동대로,513,,1168010500101590009016086,무역센터,서울특별시 강남구 영동대로 513,135525,06164,,4,,127.059155204804,37.5118322933754
MA010120220808581861,엠에스링크,코리아,M1,과학·기술,M107,본사·경영 컨설팅,M10703,경영 컨설팅업,M71531,경영 컨설팅업,11,서울특별시,11680,강남구,11680580,삼성1동,1168010500,삼성동,1168010500101590000,1,대지,159,,서울특별시 강남구 삼성동 159,116802122002,서울특별시 강남구 영동대로,513,,1168010500101590009016086,아셈타워,서울특별시 강남구 영동대로 513,135525,06164,,37,,127.059155204804,37.5118322933754
MA010120220806514140,케이엔바이로,,M1,과학·기술,M109,기술 서비스,M10904,환경 관련 엔지니어링 서비스업,M72122,환경 관련 엔지니어링 서비스업,11,서울특별시,11680,강남구,11680580,삼성1동,1168010500,삼성동,1168010500101590000,1,대지,159,,서울특별시 강남구 삼성동 159,116802122002,서울특별시 강남구 영동대로,513,,1168010500101590009016086,아셈타워,서울특별시 강남구 영동대로 513,135525,06164,,30,,127.059155204804,37.5118322933754
MA010120220807083305,갤러리이주,,G2,소매,G218,장식품 소매,G21801,예술품 소매업,G47841,예술품 및 골동품 소매업,11,서울특별시,11680,강남구,11680580,삼성1동,1168010500,삼성동,1168010500101590009,1,대지,159,9,서울특별시 강남구 삼성동 159-9,116802122002,서울특별시 강남구 영동대로,513,,1168010500101590009016086,인터컨티넨탈서울코엑스아케이드,서울특별시 강남구 영동대로 513,135973,06164,,,,127.059155204804,37.5118322933754
MA010120220806705625,마티프라이빗에쿼티,,M1,과학·기술,M107,본사·경영 컨설팅,M10703,경영 컨설팅업,M71531,경영 컨설팅업,11,서울특별시,11680,강남구,11680580,삼성1동,1168010500,삼성동,1168010500101590000,1,대지,159,,서울특별시 강남구 삼성동 159,116802122002,서울특별시 강남구 영동대로,513,,1168010500101590009016086,아셈타워,서울특별시 강남구 영동대로 513,135525,06164,,30,,127.059155204804,37.5118322933754
MA010120220807026594,세무법인화우,,M1,과학·기술,M104,회계·세무,M10402,세무사,M71202,세무사업,11,서울특별시,11680,강남구,11680580,삼성1동,1168010500,삼성동,1168010500101590000,1,대지,159,,서울특별시 강남구 삼성동 159,116802122002,서울특별시 강남구 영동대로,513,,1168010500101590009016086,아셈타워,서울특별시 강남구 영동대로 513,135525,06164,,6,,127.059155204804,37.5118322933754
MA010120220814108461,불고기브라더스도시락점방스타필드,코엑스점,I2,음식,I201,한식,I20108,소고기 구이/찜,I56199,간이 음식 포장 판매 전문점,11,서울특별시,11680,강남구,11680580,삼성1동,1168010500,삼성동,1168010500101590000,1,대지,159,,서울특별시 강남구 삼성동 159,116802122002,서울특별시 강남구 영동대로,513,,1168010500101590009016086,스타필드코엑스몰,서울특별시 강남구 영동대로 513,135525,06164,,1,,127.059155204804,37.5118322933754
MA010120220807060590,스튜디오톰보이,,G2,소매,G209,섬유·의복·신발 소매,G20902,여성 의류 소매업,G47412,여자용 겉옷 소매업,11,서울특별시,11680,강남구,11680580,삼성1동,1168010500,삼성동,1168010500101590000,1,대지,159,,서울특별시 강남구 삼성동 159,116802122002,서울특별시 강남구 영동대로,513,,1168010500101590009016086,스타필드코엑스몰,서울특별시 강남구 영동대로 513,135525,06164,,1,,127.059155204804,37.5118322933754
MA010120220813233395,비앙컨템포러리,,G2,소매,G218,장식품 소매,G21801,예술품 소매업,G47841,예술품 및 골동품 소매업,11,서울특별시,11680,강남구,11680580,삼성1동,1168010500,삼성동,1168010500101590000,1,대지,159,,서울특별시 강남구 삼성동 159,116802122002,서울특별시 강남구 영동대로,513,,1168010500101590009016086,인터콘티넨탈호텔,서울특별시 강남구 영동대로 513,135525,06164,,,,127.059155204804,37.5118322933754
MA010120220806532042,이마트24스타필드코엑스몰,2호점,G2,소매,G204,종합 소매,G20405,편의점,G47122,체인화 편의점,11,서울특별시,11680,강남구,11680580,삼성1동,1168010500,삼성동,1168010500101590000,1,대지,159,,서울특별시 강남구 삼성동 159,116802122002,서울특별시 강남구 영동대로,513,,1168010500101590009016086,코엑스,서울특별시 강남구 영동대로 513,135525,06164,,,,127.059155204804,37.5118322933754
MA010120220807129583,앤드지,,G2,소매,G209,섬유·의복·신발 소매,G20901,남성 의류 소매업,G47411,남자용 겉옷 소매업,11,서울특별시,11680,강남구,11680580,삼성1동,1168010500,삼성동,1168010500101590000,1,대지,159,,서울특별시 강남구 삼성동 159,116802122002,서울특별시 강남구 영동대로,513,,1168010500101590009016086,코엑스,서울특별시 강남구 영동대로 513,135525,06164,,1,,127.059155204804,37.5118322933754
MA010120220813297620,데헤사에프앤비카페드리옹,,I2,음식,I212,비알코올 ,I21201,카페,I56221,커피 전문점,11,서울특별시,11680,강남구,11680580,삼성1동,1168010500,삼성동,1168010500101590000,1,대지,159,,서울특별시 강남구 삼성동 159,116802122002,서울특별시 강남구 영동대로,513,,1168010500101590009016086,아이,서울특별시 강남구 영동대로 513,135525,06164,,1,,127.059155204804,37.5118322933754
MA010120220813910799,제이앤아이파트너스,,M1,과학·기술,M107,본사·경영 컨설팅,M10703,경영 컨설팅업,M71531,경영 컨설팅업,11,서울특별시,11680,강남구,11680580,삼성1동,1168010500,삼성동,1168010500101590000,1,대지,159,,서울특별시 강남구 삼성동 159,116802122002,서울특별시 강남구 영동대로,513,,1168010500101590009016086,아셈타워,서울특별시 강남구 영동대로 513,135525,06164,,30,,127.059155204804,37.5118322933754
MA010120220807166421,코리아세븐공항,타워점,G2,소매,G204,종합 소매,G20405,편의점,G47122,체인화 편의점,11,서울특별시,11680,강남구,11680580,삼성1동,1168010500,삼성동,1168010500101590000,1,대지,159,,서울특별시 강남구 삼성동 159,116802122002,서울특별시 강남구 영동대로,513,,1168010500101590009016086,도심공항,서울특별시 강남구 영동대로 513,135525,06164,,,,127.059155204804,37.5118322933754
MA010120220810151783,버터,,G2,소매,G204,종합 소매,G20499,그 외 기타 종합 소매업,G47190,그 외 기타 종합 소매업,11,서울특별시,11680,강남구,11680580,삼성1동,1168010500,삼성동,1168010500101590000,1,대지,159,,서울특별시 강남구 삼성동 159,116802122002,서울특별시 강남구 영동대로,513,,1168010500101590009016086,코엑스,서울특별시 강남구 영동대로 513,135525,06164,,1,,127.059155204804,37.5118322933754
MA010120220813118999,에이앤드에이엔터테인먼트,코엑스몰점,G2,소매,G213,오락용품 소매,G21306,장난감 소매업,G47640,"게임용구, 인형 및 장난감 소매업",11,서울특별시,11680,강남구,11680580,삼성1동,1168010500,삼성동,1168010500101590000,1,대지,159,,서울특별시 강남구 삼성동 159,116802122002,서울특별시 강남구 영동대로,513,,1168010500101590009016086,스타필드코엑스몰,서울특별시 강남구 영동대로 513,135525,06164,,1,,127.059155204804,37.5118322933754
MA010120220813723425,엔캣,코엑스점,G2,소매,G209,섬유·의복·신발 소매,G20907,액세서리/잡화 소매업,G47422,의복 액세서리 및 모조 장신구 소매업,11,서울특별시,11680,강남구,11680580,삼성1동,1168010500,삼성동,1168010500101590000,1,대지,159,,서울특별시 강남구 삼성동 159,116802122002,서울특별시 강남구 영동대로,513,,1168010500101590009016086,스타필드코엑스점,서울특별시 강남구 영동대로 513,135525,06164,,1,,127.059155204804,37.5118322933754
MA010120220812769851,코엑스NBA,,G2,소매,G209,섬유·의복·신발 소매,G20905,기타 의류 소매업,G47419,기타 의복 소매업,11,서울특별시,11680,강남구,11680580,삼성1동,1168010500,삼성동,1168010500101590000,1,대지,159,,서울특별시 강남구 삼성동 159,116802122002,서울특별시 강남구 영동대로,513,,1168010500101590009016086,코엑스,서울특별시 강남구 영동대로 513,135525,06164,,1,,127.059155204804,37.5118322933754
MA010120220808023136,케이비디아띠몽,코엑스점,I2,음식,I210,기타 간이,I21001,빵/도넛,I56191,제과점업,11,서울특별시,11680,강남구,11680580,삼성1동,1168010500,삼성동,1168010500101590000,1,대지,159,,서울특별시 강남구 삼성동 159,116802122002,서울특별시 강남구 영동대로,513,,1168010500101590009016086,일부코엑스,서울특별시 강남구 영동대로 513,135525,06164,,1,,127.059155204804,37.5118322933754
MA010120220810388526,더에브리데이,,G2,소매,G215,의약·화장품 소매,G21503,화장품 소매업,G47813,"화장품, 비누 및 방향제 소매업",11,서울특별시,11680,강남구,11680580,삼성1동,1168010500,삼성동,1168010500101590000,1,대지,159,,서울특별시 강남구 삼성동 159,116802122002,서울특별시 강남구 영동대로,513,,1168010500101590009016086,코엑스,서울특별시 강남구 영동대로 513,135525,06164,,2,,127.059155204804,37.5118322933754
MA010120220814383789,스타필드코엑스몰크렌즈갤러리,,S2,수리·개인,S209,세탁,S20901,세탁소,S96912,가정용 세탁업,11,서울특별시,11680,강남구,11680580,삼성1동,1168010500,삼성동,1168010500101590000,1,대지,159,,서울특별시 강남구 삼성동 159,116802122002,서울특별시 강남구 영동대로,513,,1168010500101590009016086,코엑스,서울특별시 강남구 영동대로 513,135525,06164,,1,,127.059155204804,37.5118322933754
MA010120220810080504,디앤케이,,G2,소매,G209,섬유·의복·신발 소매,G20903,유아용 의류 소매업,G47417,유아용 의류 소매업,11,서울특별시,11680,강남구,11680580,삼성1동,1168010500,삼성동,1168010500101590000,1,대지,159,,서울특별시 강남구 삼성동 159,116802122002,서울특별시 강남구 영동대로,513,,1168010500101590009016086,상사전시장,서울특별시 강남구 영동대로 513,135525,06164,,2,,127.059155204804,37.5118322933754
MA010120220811974383,리복RCS코엑스,,G2,소매,G213,오락용품 소매,G21304,운동용품 소매업,G47631,운동 및 경기용품 소매업,11,서울특별시,11680,강남구,11680580,삼성1동,1168010500,삼성동,1168010500101590000,1,대지,159,,서울특별시 강남구 삼성동 159,116802122002,서울특별시 강남구 영동대로,513,,1168010500101590009016086,삼성코엑스몰,서울특별시 강남구 영동대로 513,135525,06164,,,,127.059155204804,37.5118322933754
MA010120220812085824,팝마트코엑스몰지점,코리아,G2,소매,G213,오락용품 소매,G21306,장난감 소매업,G47640,"게임용구, 인형 및 장난감 소매업",11,서울특별시,11680,강남구,11680580,삼성1동,1168010500,삼성동,1168010500101590000,1,대지,159,,서울특별시 강남구 삼성동 159,116802122002,서울특별시 강남구 영동대로,513,,1168010500101590009016086,일부코엑스몰내,서울특별시 강남구 영동대로 513,135525,06164,,1,,127.059155204804,37.5118322933754
MA010120220812620059,트렌드랩,코리아,M1,과학·기술,M107,본사·경영 컨설팅,M10703,경영 컨설팅업,M71531,경영 컨설팅업,11,서울특별시,11680,강남구,11680580,삼성1동,1168010500,삼성동,1168010500101590000,1,대지,159,,서울특별시 강남구 삼성동 159,116802122002,서울특별시 강남구 영동대로,513,,1168010500101590009016086,C,서울특별시 강남구 영동대로 513,135525,06164,,30,,127.059155204804,37.5118322933754
MA010120220812136151,더블유티씨서울,,N1,시설관리·임대,N101,시설관리,N10101,사업시설 유지·관리 서비스업,N74100,사업시설 유지ㆍ관리 서비스업,11,서울특별시,11680,강남구,11680580,삼성1동,1168010500,삼성동,1168010500101590000,1,대지,159,,서울특별시 강남구 삼성동 159,116802122002,서울특별시 강남구 영동대로,513,,1168010500101590009016086,코엑스,서울특별시 강남구 영동대로 513,135525,06164,,2,,127.059155204804,37.5118322933754
MA010120220809857819,바이킹스워프,코엑스점,I2,음식,I210,기타 간이,I21003,피자,I56192,"피자, 햄버거, 샌드위치 및 유사 음식점업",11,서울특별시,11680,강남구,11680580,삼성1동,1168010500,삼성동,1168010500101590000,1,대지,159,,서울특별시 강남구 삼성동 159,116802122002,서울특별시 강남구 영동대로,513,,1168010500101590009016086,코엑스,서울특별시 강남구 영동대로 513,135525,06164,,2,,127.059155204804,37.5118322933754
MA010120220806805720,케이와이부동산투자연구소,,L1,부동산,L102,부동산 서비스,L10203,부동산 중개/대리업,L68221,부동산 중개 및 대리업,11,서울특별시,11680,강남구,11680610,대치2동,1168010600,대치동,1168010600109430014,1,대지,943,14,서울특별시 강남구 대치동 943-14,116804166764,서울특별시 강남구 테헤란로86길,16,,1168010600109430014012173,,서울특별시 강남구 테헤란로86길 16,135845,06179,,7,,127.059173473335,37.5063181359957
MA010120220808026813,엔솔라요가,,P1,교육,P106,기타 교육,P10603,요가/필라테스 학원,P85612,기타 스포츠 교육기관,11,서울특별시,11680,강남구,11680610,대치2동,1168010600,대치동,1168010600109560001,1,대지,956,1,서울특별시 강남구 대치동 956-1,116804166432,서울특별시 강남구 삼성로86길,20,,1168010600109560001012208,도림빌딩,서울특별시 강남구 삼성로86길 20,135847,06184,,6,,127.059184448934,37.5058946581159
MA0101202406A0557312,생활맥주삼성휘문점,,I2,음식,I211,주점,I21103,생맥주 전문,I56213,생맥주 전문점,11,서울특별시,11680,강남구,11680610,대치2동,1168010600,대치동,1168010600109560001,1,대지,956,1,서울특별시 강남구 대치동 956-1,116804166432,서울특별시 강남구 삼성로86길,20,,1168010600109560001012208,,서울특별시 강남구 삼성로86길 20,135847,06184,,1,,127.059184448934,37.5058946581159
MA010120220806835700,하얀풍차투어,,N1,시설관리·임대,N105,여행사·보조,N10501,여행사,N75210,여행사업,11,서울특별시,11680,강남구,11680610,대치2동,1168010600,대치동,1168010600109560001,1,대지,956,1,서울특별시 강남구 대치동 956-1,116804166432,서울특별시 강남구 삼성로86길,20,,1168010600109560001012208,,서울특별시 강남구 삼성로86길 20,135847,06184,,3,,127.059184448934,37.5058946581159
MA010120220807748197,네이처요양원,,M1,과학·기술,M107,본사·경영 컨설팅,M10703,경영 컨설팅업,M71531,경영 컨설팅업,11,서울특별시,11680,강남구,11680610,대치2동,1168010600,대치동,1168010600109430017,1,대지,943,17,서울특별시 강남구 대치동 943-17,116804166432,서울특별시 강남구 삼성로86길,23,,1168010600109430017012184,구일빌딩,서울특별시 강남구 삼성로86길 23,135845,06179,,2,,127.059241233112,37.5061919613269
MA010120220814295886,인베스타,,M1,과학·기술,M107,본사·경영 컨설팅,M10703,경영 컨설팅업,M71531,경영 컨설팅업,11,서울특별시,11680,강남구,11680610,대치2동,1168010600,대치동,1168010600109430017,1,대지,943,17,서울특별시 강남구 대치동 943-17,116804166432,서울특별시 강남구 삼성로86길,23,,1168010600109430017012184,구일빌딩,서울특별시 강남구 삼성로86길 23,135845,06179,,5,,127.059241233112,37.5061919613269
MA010120220808302298,토탈케어,,N1,시설관리·임대,N104,고용 알선,N10402,임시/일용 인력 공급업,N75121,임시 및 일용 인력 공급업,11,서울특별시,11680,강남구,11680610,대치2동,1168010600,대치동,1168010600109430017,1,대지,943,17,서울특별시 강남구 대치동 943-17,116804166432,서울특별시 강남구 삼성로86길,23,,1168010600109430017012184,구일빌딩,서울특별시 강남구 삼성로86길 23,135845,06179,,4,,127.059241233112,37.5061919613269
MA010120220812051585,김자연법률사무소,,M1,과학·기술,M103,법무관련 ,M10303,법무사,M71103,법무사업,11,서울특별시,11680,강남구,11680610,대치2동,1168010600,대치동,1168010600109430019,1,대지,943,19,서울특별시 강남구 대치동 943-19,116803122010,서울특별시 강남구 테헤란로,512,,1168010600109430019014508,,서울특별시 강남구 테헤란로 512,135845,06179,,14,,127.059242066151,37.507246136727
MA010120220807137243,윤슬미술학원,,P1,교육,P106,기타 교육,P10611,미술학원,P85622,미술학원,11,서울특별시,11680,강남구,11680610,대치2동,1168010600,대치동,1168010600109560016,1,대지,956,16,서울특별시 강남구 대치동 956-16,116804166430,서울특별시 강남구 삼성로84길,22,,1168010600109560016012231,,서울특별시 강남구 삼성로84길 22,135847,06184,,4,,127.059319946072,37.5056152785634
MA010120220808782533,세무법인셜록,,M1,과학·기술,M104,회계·세무,M10402,세무사,M71202,세무사업,11,서울특별시,11680,강남구,11680610,대치2동,1168010600,대치동,1168010600109560016,1,대지,956,16,서울특별시 강남구 대치동 956-16,116804166430,서울특별시 강남구 삼성로84길,22,,1168010600109560016012231,,서울특별시 강남구 삼성로84길 22,135847,06184,,3,,127.059319946072,37.5056152785634
MA010120220806815900,다인알앤디,,L1,부동산,L102,부동산 서비스,L10203,부동산 중개/대리업,L68221,부동산 중개 및 대리업,11,서울특별시,11680,강남구,11680610,대치2동,1168010600,대치동,1168010600109560016,1,대지,956,16,서울특별시 강남구 대치동 956-16,116804166430,서울특별시 강남구 삼성로84길,22,,1168010600109560016012231,,서울특별시 강남구 삼성로84길 22,135847,06184,,4,,127.059319946072,37.5056152785634
MA010120220811856803,커뮤니케이션플랫폼앤써,,N1,시설관리·임대,N108,기타 사업 서비스,N10802,전시/컨벤션/행사 대행 서비스업,N75992,"전시, 컨벤션 및 행사 대행업",11,서울특별시,11680,강남구,11680610,대치2동,1168010600,대치동,1168010600109560027,1,대지,956,27,서울특별시 강남구 대치동 956-27,116804166429,서울특별시 강남구 삼성로82길,21,,1168010600109560027027118,수영빌딩,서울특별시 강남구 삼성로82길 21,135847,06184,,3,,127.059410317396,37.5054800823742
MA010120220807934613,키친바락,,I2,음식,I203,일식,I20301,일식 회/초밥,I56122,일식 음식점업,11,서울특별시,11680,강남구,11680610,대치2동,1168010600,대치동,1168010600109560011,1,대지,956,11,서울특별시 강남구 대치동 956-11,116804166430,서울특별시 강남구 삼성로84길,23,,1168010600109560011012211,효령주택,서울특별시 강남구 삼성로84길 23,135847,06184,,1,,127.059433215528,37.505831462858
MA010120220812547083,준오헤어코엑스몰,,S2,수리·개인,S207,이용·미용,S20701,미용실,S96112,두발 미용업,11,서울특별시,11680,강남구,11680580,삼성1동,1168010500,삼성동,1168010500101590006,1,대지,159,6,서울특별시 강남구 삼성동 159-6,116804166765,서울특별시 강남구 테헤란로87길,22,,1168010500101590006016654,도심공항몰,서울특별시 강남구 테헤란로87길 22,135728,06164,,1,,127.059447540477,37.5096336959765
MA010120220813129645,펄어비스캐피탈,,M1,과학·기술,M107,본사·경영 컨설팅,M10703,경영 컨설팅업,M71531,경영 컨설팅업,11,서울특별시,11680,강남구,11680580,삼성1동,1168010500,삼성동,1168010500101590006,1,대지,159,6,서울특별시 강남구 삼성동 159-6,116804166765,서울특별시 강남구 테헤란로87길,22,,1168010500101590006016654,한국도심공항터미널,서울특별시 강남구 테헤란로87길 22,135728,06164,,,,127.059447540477,37.5096336959765
MA0101202306A0101069,코리아케이푸드베르체도심공항,터미널점,I2,음식,I212,비알코올 ,I21201,카페,I56221,커피 전문점,11,서울특별시,11680,강남구,11680580,삼성1동,1168010500,삼성동,1168010500101590006,1,대지,159,6,서울특별시 강남구 삼성동 159-6,116804166765,서울특별시 강남구 테헤란로87길,22,,1168010500101590006016654,한국도심공항터미널,서울특별시 강남구 테헤란로87길 22,135728,06164,,1,,127.059447540477,37.5096336959765
MA010120220808082037,에이치앤에프,,M1,과학·기술,M107,본사·경영 컨설팅,M10703,경영 컨설팅업,M71531,경영 컨설팅업,11,서울특별시,11680,강남구,11680580,삼성1동,1168010500,삼성동,1168010500101590006,1,대지,159,6,서울특별시 강남구 삼성동 159-6,116804166765,서울특별시 강남구 테헤란로87길,22,,1168010500101590006016654,한국도심공항터미널,서울특별시 강남구 테헤란로87길 22,135728,06164,,,,127.059447540477,37.5096336959765
MA010120220810323157,준오헤어코엑스몰,,S2,수리·개인,S207,이용·미용,S20701,미용실,S96112,두발 미용업,11,서울특별시,11680,강남구,11680580,삼성1동,1168010500,삼성동,1168010500101590006,1,대지,159,6,서울특별시 강남구 삼성동 159-6,116804166765,서울특별시 강남구 테헤란로87길,22,,1168010500101590006016654,한국도심공항터미널,서울특별시 강남구 테헤란로87길 22,135728,06164,,1,,127.059447540477,37.5096336959765
MA010120220811232048,경마,코리아,M1,과학·기술,M107,본사·경영 컨설팅,M10703,경영 컨설팅업,M71531,경영 컨설팅업,11,서울특별시,11680,강남구,11680580,삼성1동,1168010500,삼성동,1168010500101590006,1,대지,159,6,서울특별시 강남구 삼성동 159-6,116804166765,서울특별시 강남구 테헤란로87길,22,,1168010500101590006016654,,서울특별시 강남구 테헤란로87길 22,135728,06164,,7,,127.059447540477,37.5096336959765
MA0101202308A0021372,새결플래닝,,M1,과학·기술,M107,본사·경영 컨설팅,M10703,경영 컨설팅업,M71531,경영 컨설팅업,11,서울특별시,11680,강남구,11680580,삼성1동,1168010500,삼성동,1168010500101590006,1,대지,159,6,서울특별시 강남구 삼성동 159-6,116804166765,서울특별시 강남구 테헤란로87길,22,,1168010500101590006016654,한국도심공항터미널,서울특별시 강남구 테헤란로87길 22,135728,06164,,4,,127.059447540477,37.5096336959765
MA0101202303A0008419,하나투,,M1,과학·기술,M107,본사·경영 컨설팅,M10703,경영 컨설팅업,M71531,경영 컨설팅업,11,서울특별시,11680,강남구,11680580,삼성1동,1168010500,삼성동,1168010500101590006,1,대지,159,6,서울특별시 강남구 삼성동 159-6,116804166765,서울특별시 강남구 테헤란로87길,22,,1168010500101590006016654,한국도심공항빌딩,서울특별시 강남구 테헤란로87길 22,135728,06164,,,,127.059447540477,37.5096336959765
MA010120220813356641,제이더블유글로벌스,,M1,과학·기술,M107,본사·경영 컨설팅,M10703,경영 컨설팅업,M71531,경영 컨설팅업,11,서울특별시,11680,강남구,11680580,삼성1동,1168010500,삼성동,1168010500101590006,1,대지,159,6,서울특별시 강남구 삼성동 159-6,116804166765,서울특별시 강남구 테헤란로87길,22,,1168010500101590006016654,한국도심공항터미널,서울특별시 강남구 테헤란로87길 22,135728,06164,,,,127.059447540477,37.5096336959765
MA010120220809921353,집밥가득드림,,I2,음식,I201,한식,I20101,백반/한정식,I56111,한식 일반 음식점업,11,서울특별시,11680,강남구,11680580,삼성1동,1168010500,삼성동,1168010500101590006,1,대지,159,6,서울특별시 강남구 삼성동 159-6,116804166765,서울특별시 강남구 테헤란로87길,22,,1168010500101590006016654,한국도심공항터미널,서울특별시 강남구 테헤란로87길 22,135728,06164,,1,,127.059447540477,37.5096336959765
MA010120220808712378,와이드에이치컴퍼니,,M1,과학·기술,M107,본사·경영 컨설팅,M10703,경영 컨설팅업,M71531,경영 컨설팅업,11,서울특별시,11680,강남구,11680580,삼성1동,1168010500,삼성동,1168010500101590006,1,대지,159,6,서울특별시 강남구 삼성동 159-6,116804166765,서울특별시 강남구 테헤란로87길,22,,1168010500101590006016654,한국도심공항터미널,서울특별시 강남구 테헤란로87길 22,135728,06164,,,,127.059447540477,37.5096336959765
MA010120220810037937,씨케이엠컴퍼니,,G2,소매,G208,가전·통신 소매,G20802,핸드폰 소매업,G47312,통신기기 소매업,11,서울특별시,11680,강남구,11680580,삼성1동,1168010500,삼성동,1168010500101590006,1,대지,159,6,서울특별시 강남구 삼성동 159-6,116804166765,서울특별시 강남구 테헤란로87길,22,,1168010500101590006016654,,서울특별시 강남구 테헤란로87길 22,135728,06164,,B1,,127.059447540477,37.5096336959765
MA010120220811876496,앤레커피,코엑스점,I2,음식,I212,비알코올 ,I21201,카페,I56221,커피 전문점,11,서울특별시,11680,강남구,11680580,삼성1동,1168010500,삼성동,1168010500101590006,1,대지,159,6,서울특별시 강남구 삼성동 159-6,116804166765,서울특별시 강남구 테헤란로87길,22,,1168010500101590006016654,한국도심공항터미널,서울특별시 강남구 테헤란로87길 22,135728,06164,,1,,127.059447540477,37.5096336959765
MA010120220809653264,미샤,코엑스점,G2,소매,G215,의약·화장품 소매,G21503,화장품 소매업,G47813,"화장품, 비누 및 방향제 소매업",11,서울특별시,11680,강남구,11680580,삼성1동,1168010500,삼성동,1168010500101590006,1,대지,159,6,서울특별시 강남구 삼성동 159-6,116804166765,서울특별시 강남구 테헤란로87길,22,,1168010500101590006016654,한국도심공항터미널,서울특별시 강남구 테헤란로87길 22,135728,06164,,,,127.059447540477,37.5096336959765
MA010120220814039148,에스앤아이랩,,M1,과학·기술,M107,본사·경영 컨설팅,M10703,경영 컨설팅업,M71531,경영 컨설팅업,11,서울특별시,11680,강남구,11680580,삼성1동,1168010500,삼성동,1168010500101590006,1,대지,159,6,서울특별시 강남구 삼성동 159-6,116804166765,서울특별시 강남구 테헤란로87길,22,,1168010500101590006016654,한국도심공항터미널,서울특별시 강남구 테헤란로87길 22,135728,06164,,,,127.059447540477,37.5096336959765
MA010120220808771856,제노인베스트먼트아시아,,M1,과학·기술,M107,본사·경영 컨설팅,M10703,경영 컨설팅업,M71531,경영 컨설팅업,11,서울특별시,11680,강남구,11680580,삼성1동,1168010500,삼성동,1168010500101590006,1,대지,159,6,서울특별시 강남구 삼성동 159-6,116804166765,서울특별시 강남구 테헤란로87길,22,,1168010500101590006016654,한국도심공항터미널,서울특별시 강남구 테헤란로87길 22,135728,06164,,,,127.059447540477,37.5096336959765
MA010120220812693565,명당온라인,,M1,과학·기술,M112,전문 디자인,M11203,시각 디자인업,M73203,시각 디자인업,11,서울특별시,11680,강남구,11680580,삼성1동,1168010500,삼성동,1168010500101590006,1,대지,159,6,서울특별시 강남구 삼성동 159-6,116804166765,서울특별시 강남구 테헤란로87길,22,,1168010500101590006016654,도시공항터미널,서울특별시 강남구 테헤란로87길 22,135728,06164,,,,127.059447540477,37.5096336959765
MA010120220808731116,소호앤노호,,G2,소매,G219,식물 소매,G21901,꽃집,G47851,화초 및 식물 소매업,11,서울특별시,11680,강남구,11680580,삼성1동,1168010500,삼성동,1168010500101590006,1,대지,159,6,서울특별시 강남구 삼성동 159-6,116804166765,서울특별시 강남구 테헤란로87길,22,,1168010500101590006016654,도심공항몰,서울특별시 강남구 테헤란로87길 22,135728,06164,,1,,127.059447540477,37.5096336959765
MA010120220808562647,제다이벤처스,,M1,과학·기술,M107,본사·경영 컨설팅,M10703,경영 컨설팅업,M71531,경영 컨설팅업,11,서울특별시,11680,강남구,11680580,삼성1동,1168010500,삼성동,1168010500101590006,1,대지,159,6,서울특별시 강남구 삼성동 159-6,116804166765,서울특별시 강남구 테헤란로87길,22,,1168010500101590006016654,한국도심공항터미널,서울특별시 강남구 테헤란로87길 22,135728,06164,,,,127.059447540477,37.5096336959765
MA010120220806674167,에슬로우라운지,,I2,음식,I212,비알코올 ,I21201,카페,I56221,커피 전문점,11,서울특별시,11680,강남구,11680610,대치2동,1168010600,대치동,1168010600109430026,1,대지,943,26,서울특별시 강남구 대치동 943-26,116804166764,서울특별시 강남구 테헤란로86길,13,,1168010600109430026000001,,서울특별시 강남구 테헤란로86길 13,135845,06179,,1,,127.05946775253,37.5065972997678
MA0101202310A0049206,세무법인혜움,삼성점,M1,과학·기술,M104,회계·세무,M10402,세무사,M71202,세무사업,11,서울특별시,11680,강남구,11680610,대치2동,1168010600,대치동,1168010600109430026,1,대지,943,26,서울특별시 강남구 대치동 943-26,116804166764,서울특별시 강남구 테헤란로86길,13,,1168010600109430026000001,대경타워,서울특별시 강남구 테헤란로86길 13,135845,06179,,7,,127.05946775253,37.5065972997678
MA010120220812481462,오에이치엠컴퍼니,,M1,과학·기술,M105,광고,M10501,광고 대행업,M71310,광고 대행업,11,서울특별시,11680,강남구,11680610,대치2동,1168010600,대치동,1168010600109430024,1,대지,943,24,서울특별시 강남구 대치동 943-24,116804166766,서울특별시 강남구 테헤란로88길,10,,1168010600109430024012144,신안메트로칸,서울특별시 강남구 테헤란로88길 10,135845,06179,,,,127.059467952651,37.5068495810589
MA0101202310A0040441,씨유대치메트로칸점,,G2,소매,G204,종합 소매,G20405,편의점,G47122,체인화 편의점,11,서울특별시,11680,강남구,11680610,대치2동,1168010600,대치동,1168010600109430024,1,대지,943,24,서울특별시 강남구 대치동 943-24,116804166766,서울특별시 강남구 테헤란로88길,10,,1168010600109430024012144,신안메트로칸,서울특별시 강남구 테헤란로88길 10,135845,06179,,1,,127.059467952651,37.5068495810589
MA010120220812175506,이매지너리디멘션,,I2,음식,I211,주점,I21101,일반 유흥 주점,I56211,일반 유흥 주점업,11,서울특별시,11680,강남구,11680610,대치2동,1168010600,대치동,1168010600109430024,1,대지,943,24,서울특별시 강남구 대치동 943-24,116804166766,서울특별시 강남구 테헤란로88길,10,,1168010600109430024012144,신안메트로칸,서울특별시 강남구 테헤란로88길 10,135845,06179,,,,127.059467952651,37.5068495810589
MA0101202406A0560725,고운관리유한책임회사,,N1,시설관리·임대,N101,시설관리,N10101,사업시설 유지·관리 서비스업,N74100,사업시설 유지ㆍ관리 서비스업,11,서울특별시,11680,강남구,11680610,대치2동,1168010600,대치동,1168010600109430024,1,대지,943,24,서울특별시 강남구 대치동 943-24,116804166766,서울특별시 강남구 테헤란로88길,10,,1168010600109430024012144,신안메트로칸,서울특별시 강남구 테헤란로88길 10,135845,06179,,,,127.059467952651,37.5068495810589
MA0101202406A0575263,대용컨설팅,,M1,과학·기술,M107,본사·경영 컨설팅,M10703,경영 컨설팅업,M71531,경영 컨설팅업,11,서울특별시,11680,강남구,11680610,대치2동,1168010600,대치동,1168010600109430024,1,대지,943,24,서울특별시 강남구 대치동 943-24,116804166766,서울특별시 강남구 테헤란로88길,10,,1168010600109430024012144,신안메트로칸,서울특별시 강남구 테헤란로88길 10,135845,06179,,,,127.059467952651,37.5068495810589
MA010120220809084122,미니스톱메트로칸점,,G2,소매,G204,종합 소매,G20405,편의점,G47122,체인화 편의점,11,서울특별시,11680,강남구,11680610,대치2동,1168010600,대치동,1168010600109430024,1,대지,943,24,서울특별시 강남구 대치동 943-24,116804166766,서울특별시 강남구 테헤란로88길,10,,1168010600109430024012144,,서울특별시 강남구 테헤란로88길 10,135845,06179,,1,,127.059467952651,37.5068495810589
MA010120220812464595,현대티앤컨설팅,,M1,과학·기술,M107,본사·경영 컨설팅,M10703,경영 컨설팅업,M71531,경영 컨설팅업,11,서울특별시,11680,강남구,11680610,대치2동,1168010600,대치동,1168010600109430024,1,대지,943,24,서울특별시 강남구 대치동 943-24,116804166766,서울특별시 강남구 테헤란로88길,10,,1168010600109430024012144,신안메트로칸,서울특별시 강남구 테헤란로88길 10,135845,06179,,,,127.059467952651,37.5068495810589
MA0101202308A0055771,업소명없음,,M1,과학·기술,M107,본사·경영 컨설팅,M10703,경영 컨설팅업,M71531,경영 컨설팅업,11,서울특별시,11680,강남구,11680610,대치2동,1168010600,대치동,1168010600109430024,1,대지,943,24,서울특별시 강남구 대치동 943-24,116804166766,서울특별시 강남구 테헤란로88길,10,,1168010600109430024012144,신안메트로칸,서울특별시 강남구 테헤란로88길 10,135845,06179,,,,127.059467952651,37.5068495810589
MA0101202308A0078000,세븐메트로칸점,코리아,G2,소매,G204,종합 소매,G20405,편의점,G47122,체인화 편의점,11,서울특별시,11680,강남구,11680610,대치2동,1168010600,대치동,1168010600109430024,1,대지,943,24,서울특별시 강남구 대치동 943-24,116804166766,서울특별시 강남구 테헤란로88길,10,,1168010600109430024012144,신안메트로칸,서울특별시 강남구 테헤란로88길 10,135845,06179,,1,,127.059467952651,37.5068495810589
MA0101202311A0074357,포케올데이,삼성점,I2,음식,I210,기타 간이,I21005,토스트/샌드위치/샐러드,I56194,김밥 및 기타 간이 음식점업,11,서울특별시,11680,강남구,11680610,대치2동,1168010600,대치동,1168010600109430024,1,대지,943,24,서울특별시 강남구 대치동 943-24,116804166766,서울특별시 강남구 테헤란로88길,10,,1168010600109430024012144,신안메트로칸,서울특별시 강남구 테헤란로88길 10,135845,06179,,1,,127.059467952651,37.5068495810589
MA010120220808692591,스퀘어,코리아,M1,과학·기술,M107,본사·경영 컨설팅,M10703,경영 컨설팅업,M71531,경영 컨설팅업,11,서울특별시,11680,강남구,11680610,대치2동,1168010600,대치동,1168010600109430024,1,대지,943,24,서울특별시 강남구 대치동 943-24,116804166766,서울특별시 강남구 테헤란로88길,10,,1168010600109430024012144,신안메트로칸,서울특별시 강남구 테헤란로88길 10,135845,06179,,23,,127.059467952651,37.5068495810589
MA010120220813476296,원업인베스트,,M1,과학·기술,M107,본사·경영 컨설팅,M10703,경영 컨설팅업,M71531,경영 컨설팅업,11,서울특별시,11680,강남구,11680610,대치2동,1168010600,대치동,1168010600109430024,1,대지,943,24,서울특별시 강남구 대치동 943-24,116804166766,서울특별시 강남구 테헤란로88길,10,,1168010600109430024012144,신안메트로칸,서울특별시 강남구 테헤란로88길 10,135845,06179,,,,127.059467952651,37.5068495810589
MA0101202210A0045540,더웰스스퀘어,,L1,부동산,L102,부동산 서비스,L10203,부동산 중개/대리업,L68221,부동산 중개 및 대리업,11,서울특별시,11680,강남구,11680610,대치2동,1168010600,대치동,1168010600109430024,1,대지,943,24,서울특별시 강남구 대치동 943-24,116804166766,서울특별시 강남구 테헤란로88길,10,,1168010600109430024012144,,서울특별시 강남구 테헤란로88길 10,135845,06179,,10,,127.059467952651,37.5068495810589
MA0101202301A0008756,유진세무회계,,M1,과학·기술,M104,회계·세무,M10402,세무사,M71202,세무사업,11,서울특별시,11680,강남구,11680610,대치2동,1168010600,대치동,1168010600109430024,1,대지,943,24,서울특별시 강남구 대치동 943-24,116804166766,서울특별시 강남구 테헤란로88길,10,,1168010600109430024012144,,서울특별시 강남구 테헤란로88길 10,135845,06179,,,,127.059467952651,37.5068495810589
MA0101202302A0036681,라분,,M1,과학·기술,M105,광고,M10501,광고 대행업,M71310,광고 대행업,11,서울특별시,11680,강남구,11680610,대치2동,1168010600,대치동,1168010600109430024,1,대지,943,24,서울특별시 강남구 대치동 943-24,116804166766,서울특별시 강남구 테헤란로88길,10,,1168010600109430024012144,신안메트로칸,서울특별시 강남구 테헤란로88길 10,135845,06179,,,,127.059467952651,37.5068495810589
MA0101202301A0060638,참슨생수학연구소,,P1,교육,P105,일반 교육,P10501,입시·교과학원,P85501,일반 교과학원,11,서울특별시,11680,강남구,11680610,대치2동,1168010600,대치동,1168010600109430024,1,대지,943,24,서울특별시 강남구 대치동 943-24,116804166766,서울특별시 강남구 테헤란로88길,10,,1168010600109430024012144,신안메트로칸,서울특별시 강남구 테헤란로88길 10,135845,06179,,4,,127.059467952651,37.5068495810589
MA0101202302A0020104,헤어카페,,S2,수리·개인,S207,이용·미용,S20701,미용실,S96112,두발 미용업,11,서울특별시,11680,강남구,11680610,대치2동,1168010600,대치동,1168010600109430024,1,대지,943,24,서울특별시 강남구 대치동 943-24,116804166766,서울특별시 강남구 테헤란로88길,10,,1168010600109430024012144,신안메트로칸,서울특별시 강남구 테헤란로88길 10,135845,06179,,B1,,127.059467952651,37.5068495810589
MA010120220807440195,아이폰수리센터아이폰센터선릉,삼성점,S2,수리·개인,S202,통신장비 수리,S20201,핸드폰/통신장비 수리업,S95120,통신장비 수리업,11,서울특별시,11680,강남구,11680610,대치2동,1168010600,대치동,1168010600109430024,1,대지,943,24,서울특별시 강남구 대치동 943-24,116804166766,서울특별시 강남구 테헤란로88길,10,,1168010600109430024012144,신안메트로칸,서울특별시 강남구 테헤란로88길 10,135845,06179,,,,127.059467952651,37.5068495810589
MA010120220806594653,월드플랜잇,,L1,부동산,L102,부동산 서비스,L10203,부동산 중개/대리업,L68221,부동산 중개 및 대리업,11,서울특별시,11680,강남구,11680610,대치2동,1168010600,대치동,1168010600109430024,1,대지,943,24,서울특별시 강남구 대치동 943-24,116804166766,서울특별시 강남구 테헤란로88길,10,,1168010600109430024012144,신안메트로칸,서울특별시 강남구 테헤란로88길 10,135845,06179,,,,127.059467952651,37.5068495810589
MA0101202209A0015436,신안공인중개사사무소,,L1,부동산,L102,부동산 서비스,L10203,부동산 중개/대리업,L68221,부동산 중개 및 대리업,11,서울특별시,11680,강남구,11680610,대치2동,1168010600,대치동,1168010600109430024,1,대지,943,24,서울특별시 강남구 대치동 943-24,116804166766,서울특별시 강남구 테헤란로88길,10,,1168010600109430024012144,신안메트로칸,서울특별시 강남구 테헤란로88길 10,135845,06179,,,,127.059467952651,37.5068495810589
MA010120220813496624,캐리앤정컨설팅,,M1,과학·기술,M107,본사·경영 컨설팅,M10703,경영 컨설팅업,M71531,경영 컨설팅업,11,서울특별시,11680,강남구,11680610,대치2동,1168010600,대치동,1168010600109430024,1,대지,943,24,서울특별시 강남구 대치동 943-24,116804166766,서울특별시 강남구 테헤란로88길,10,,1168010600109430024012144,신안메트로칸,서울특별시 강남구 테헤란로88길 10,135845,06179,,,,127.059467952651,37.5068495810589
MA010120220809586769,메드커뮤니케이션즈,,M1,과학·기술,M105,광고,M10501,광고 대행업,M71310,광고 대행업,11,서울특별시,11680,강남구,11680610,대치2동,1168010600,대치동,1168010600109430024,1,대지,943,24,서울특별시 강남구 대치동 943-24,116804166766,서울특별시 강남구 테헤란로88길,10,,1168010600109430024012144,신안메트로칸,서울특별시 강남구 테헤란로88길 10,135845,06179,,,,127.059467952651,37.5068495810589
MA010120220806682328,참한우곱창,,I2,음식,I201,한식,I20101,백반/한정식,I56111,한식 일반 음식점업,11,서울특별시,11680,강남구,11680610,대치2동,1168010600,대치동,1168010600109430024,1,대지,943,24,서울특별시 강남구 대치동 943-24,116804166766,서울특별시 강남구 테헤란로88길,10,,1168010600109430024012144,신안메트로칸,서울특별시 강남구 테헤란로88길 10,135845,06179,,1,,127.059467952651,37.5068495810589
MA010120220808843327,큐리아이앤씨,,M1,과학·기술,M107,본사·경영 컨설팅,M10703,경영 컨설팅업,M71531,경영 컨설팅업,11,서울특별시,11680,강남구,11680610,대치2동,1168010600,대치동,1168010600109430024,1,대지,943,24,서울특별시 강남구 대치동 943-24,116804166766,서울특별시 강남구 테헤란로88길,10,,1168010600109430024012144,,서울특별시 강남구 테헤란로88길 10,135845,06179,,,,127.059467952651,37.5068495810589
MA010120220813128869,제이아이케이,,M1,과학·기술,M107,본사·경영 컨설팅,M10703,경영 컨설팅업,M71531,경영 컨설팅업,11,서울특별시,11680,강남구,11680610,대치2동,1168010600,대치동,1168010600109430024,1,대지,943,24,서울특별시 강남구 대치동 943-24,116804166766,서울특별시 강남구 테헤란로88길,10,,1168010600109430024012144,신안메트로칸,서울특별시 강남구 테헤란로88길 10,135845,06179,,,,127.059467952651,37.5068495810589
MA010120220812651206,행복스페이스,,M1,과학·기술,M105,광고,M10501,광고 대행업,M71310,광고 대행업,11,서울특별시,11680,강남구,11680610,대치2동,1168010600,대치동,1168010600109430024,1,대지,943,24,서울특별시 강남구 대치동 943-24,116804166766,서울특별시 강남구 테헤란로88길,10,,1168010600109430024012144,신안메트로칸,서울특별시 강남구 테헤란로88길 10,135845,06179,,15,,127.059467952651,37.5068495810589
MA010120220812484537,케이비씨지주,,M1,과학·기술,M107,본사·경영 컨설팅,M10703,경영 컨설팅업,M71531,경영 컨설팅업,11,서울특별시,11680,강남구,11680610,대치2동,1168010600,대치동,1168010600109430024,1,대지,943,24,서울특별시 강남구 대치동 943-24,116804166766,서울특별시 강남구 테헤란로88길,10,,1168010600109430024012144,신안메트로칸,서울특별시 강남구 테헤란로88길 10,135845,06179,,,,127.059467952651,37.5068495810589
MA010120220806502195,강남공인중개사사무소,,L1,부동산,L102,부동산 서비스,L10203,부동산 중개/대리업,L68221,부동산 중개 및 대리업,11,서울특별시,11680,강남구,11680610,대치2동,1168010600,대치동,1168010600109430024,1,대지,943,24,서울특별시 강남구 대치동 943-24,116804166766,서울특별시 강남구 테헤란로88길,10,,1168010600109430024012144,신안메트로칸,서울특별시 강남구 테헤란로88길 10,135845,06179,,,,127.059467952651,37.5068495810589
MA010120220809781253,백반감자탕,,I2,음식,I201,한식,I20101,백반/한정식,I56111,한식 일반 음식점업,11,서울특별시,11680,강남구,11680610,대치2동,1168010600,대치동,1168010600109430024,1,대지,943,24,서울특별시 강남구 대치동 943-24,116804166766,서울특별시 강남구 테헤란로88길,10,,1168010600109430024012144,,서울특별시 강남구 테헤란로88길 10,135845,06179,,1,,127.059467952651,37.5068495810589
MA010120220810875445,냥이커뮤니케이션,,M1,과학·기술,M105,광고,M10504,광고물 설계/제작업,M71393,"광고물 문안, 도안, 설계 등 작성업",11,서울특별시,11680,강남구,11680610,대치2동,1168010600,대치동,1168010600109430024,1,대지,943,24,서울특별시 강남구 대치동 943-24,116804166766,서울특별시 강남구 테헤란로88길,10,,1168010600109430024012144,신안메트로칸,서울특별시 강남구 테헤란로88길 10,135845,06179,,10,,127.059467952651,37.5068495810589
MA010120220806693288,인베스트경영지원본부,,M1,과학·기술,M107,본사·경영 컨설팅,M10703,경영 컨설팅업,M71531,경영 컨설팅업,11,서울특별시,11680,강남구,11680610,대치2동,1168010600,대치동,1168010600109430024,1,대지,943,24,서울특별시 강남구 대치동 943-24,116804166766,서울특별시 강남구 테헤란로88길,10,,1168010600109430024012144,신안메트로칸,서울특별시 강남구 테헤란로88길 10,135845,06179,,23,,127.059467952651,37.5068495810589
MA010120220808732784,레피스,,L1,부동산,L102,부동산 서비스,L10203,부동산 중개/대리업,L68221,부동산 중개 및 대리업,11,서울특별시,11680,강남구,11680610,대치2동,1168010600,대치동,1168010600109430024,1,대지,943,24,서울특별시 강남구 대치동 943-24,116804166766,서울특별시 강남구 테헤란로88길,10,,1168010600109430024012144,신안메트로칸,서울특별시 강남구 테헤란로88길 10,135845,06179,,,,127.059467952651,37.5068495810589
MA010120220814011370,신안공인중개사사무소,,L1,부동산,L102,부동산 서비스,L10203,부동산 중개/대리업,L68221,부동산 중개 및 대리업,11,서울특별시,11680,강남구,11680610,대치2동,1168010600,대치동,1168010600109430024,1,대지,943,24,서울특별시 강남구 대치동 943-24,116804166766,서울특별시 강남구 테헤란로88길,10,,1168010600109430024012144,신안메트로칸,서울특별시 강남구 테헤란로88길 10,135845,06179,,,,127.059467952651,37.5068495810589
MA010120220812334318,씨디비개발,,M1,과학·기술,M107,본사·경영 컨설팅,M10703,경영 컨설팅업,M71531,경영 컨설팅업,11,서울특별시,11680,강남구,11680610,대치2동,1168010600,대치동,1168010600109430029,1,대지,943,29,서울특별시 강남구 대치동 943-29,116804166764,서울특별시 강남구 테헤란로86길,15,,1168010600109430029026803,동구빌딩,서울특별시 강남구 테헤란로86길 15,135845,06179,,,,127.059501560813,37.5064441118926
MA010120220813132786,더블유쥐에이치,,M1,과학·기술,M112,전문 디자인,M11203,시각 디자인업,M73203,시각 디자인업,11,서울특별시,11680,강남구,11680610,대치2동,1168010600,대치동,1168010600109430029,1,대지,943,29,서울특별시 강남구 대치동 943-29,116804166764,서울특별시 강남구 테헤란로86길,15,,1168010600109430029026803,구빌딩,서울특별시 강남구 테헤란로86길 15,135845,06179,,3,,127.059501560813,37.5064441118926
MA0101202406A0568674,우아,,P1,교육,P106,기타 교육,P10603,요가/필라테스 학원,P85612,기타 스포츠 교육기관,11,서울특별시,11680,강남구,11680610,대치2동,1168010600,대치동,1168010600109430029,1,대지,943,29,서울특별시 강남구 대치동 943-29,116804166764,서울특별시 강남구 테헤란로86길,15,,1168010600109430029026803,동구빌딩,서울특별시 강남구 테헤란로86길 15,135845,06179,,3,,127.059501560813,37.5064441118926
MA0101202406A0149557,초이애,,M1,과학·기술,M105,광고,M10501,광고 대행업,M71310,광고 대행업,11,서울특별시,11680,강남구,11680610,대치2동,1168010600,대치동,1168010600109430029,1,대지,943,29,서울특별시 강남구 대치동 943-29,116804166764,서울특별시 강남구 테헤란로86길,15,,1168010600109430029026803,동구빌딩,서울특별시 강남구 테헤란로86길 15,135845,06179,,3,,127.059501560813,37.5064441118926
MA010120220813918046,변기하수구막힘고압세척펌프누수설비집수리,,S2,수리·개인,S206,기타 가정용품 수리,S20699,그 외 기타 개인/가정용품 수리업,S95399,그 외 기타 개인 및 가정용품 수리업,11,서울특별시,11680,강남구,11680610,대치2동,1168010600,대치동,1168010600109430029,1,대지,943,29,서울특별시 강남구 대치동 943-29,116804166764,서울특별시 강남구 테헤란로86길,15,,1168010600109430029026803,구빌딩,서울특별시 강남구 테헤란로86길 15,135845,06179,,3,,127.059501560813,37.5064441118926
MA0101202309A0029288,호은컴퍼니,,M1,과학·기술,M105,광고,M10501,광고 대행업,M71310,광고 대행업,11,서울특별시,11680,강남구,11680610,대치2동,1168010600,대치동,1168010600109430029,1,대지,943,29,서울특별시 강남구 대치동 943-29,116804166764,서울특별시 강남구 테헤란로86길,15,,1168010600109430029026803,동구빌딩,서울특별시 강남구 테헤란로86길 15,135845,06179,,3,,127.059501560813,37.5064441118926
MA0101202209A0017878,디사이트,,M1,과학·기술,M105,광고,M10504,광고물 설계/제작업,M71393,"광고물 문안, 도안, 설계 등 작성업",11,서울특별시,11680,강남구,11680610,대치2동,1168010600,대치동,1168010600109430029,1,대지,943,29,서울특별시 강남구 대치동 943-29,116804166764,서울특별시 강남구 테헤란로86길,15,,1168010600109430029026803,동구빌딩,서울특별시 강남구 테헤란로86길 15,135845,06179,,3,,127.059501560813,37.5064441118926
MA0101202406A0236470,아워트렌드,,M1,과학·기술,M105,광고,M10501,광고 대행업,M71310,광고 대행업,11,서울특별시,11680,강남구,11680610,대치2동,1168010600,대치동,1168010600109430029,1,대지,943,29,서울특별시 강남구 대치동 943-29,116804166764,서울특별시 강남구 테헤란로86길,15,,1168010600109430029026803,동구빌딩,서울특별시 강남구 테헤란로86길 15,135845,06179,,,,127.059501560813,37.5064441118926
MA0101202308A0077963,국민한우집본점,삼성역,I2,음식,I201,한식,I20108,소고기 구이/찜,I56113,한식 육류 요리 전문점,11,서울특별시,11680,강남구,11680610,대치2동,1168010600,대치동,1168010600109430029,1,대지,943,29,서울특별시 강남구 대치동 943-29,116804166764,서울특별시 강남구 테헤란로86길,15,,1168010600109430029026803,,서울특별시 강남구 테헤란로86길 15,135845,06179,,1,,127.059501560813,37.5064441118926
MA010120220810126927,오앤에스컨설팅,,M1,과학·기술,M107,본사·경영 컨설팅,M10703,경영 컨설팅업,M71531,경영 컨설팅업,11,서울특별시,11680,강남구,11680610,대치2동,1168010600,대치동,1168010600109430029,1,대지,943,29,서울특별시 강남구 대치동 943-29,116804166764,서울특별시 강남구 테헤란로86길,15,,1168010600109430029026803,동구빌딩,서울특별시 강남구 테헤란로86길 15,135845,06179,,8,,127.059501560813,37.5064441118926
MA010120220806988735,하프랩,,G2,소매,G218,장식품 소매,G21801,예술품 소매업,G47841,예술품 및 골동품 소매업,11,서울특별시,11680,강남구,11680610,대치2동,1168010600,대치동,1168010600109430029,1,대지,943,29,서울특별시 강남구 대치동 943-29,116804166764,서울특별시 강남구 테헤란로86길,15,,1168010600109430029026803,동구빌딩,서울특별시 강남구 테헤란로86길 15,135845,06179,,3,,127.059501560813,37.5064441118926
MA010120220814161411,그린무역,,N1,시설관리·임대,N108,기타 사업 서비스,N10802,전시/컨벤션/행사 대행 서비스업,N75992,"전시, 컨벤션 및 행사 대행업",11,서울특별시,11680,강남구,11680610,대치2동,1168010600,대치동,1168010600109430029,1,대지,943,29,서울특별시 강남구 대치동 943-29,116804166764,서울특별시 강남구 테헤란로86길,15,,1168010600109430029026803,동구빌딩,서울특별시 강남구 테헤란로86길 15,135845,06179,,3,,127.059501560813,37.5064441118926
MA0101202305A0103973,민베스트먼트,,M1,과학·기술,M107,본사·경영 컨설팅,M10703,경영 컨설팅업,M71531,경영 컨설팅업,11,서울특별시,11680,강남구,11680610,대치2동,1168010600,대치동,1168010600109430029,1,대지,943,29,서울특별시 강남구 대치동 943-29,116804166764,서울특별시 강남구 테헤란로86길,15,,1168010600109430029026803,동구빌딩,서울특별시 강남구 테헤란로86길 15,135845,06179,,3,,127.059501560813,37.5064441118926
MA010120220810098077,씨제이에스월드,,M1,과학·기술,M107,본사·경영 컨설팅,M10703,경영 컨설팅업,M71531,경영 컨설팅업,11,서울특별시,11680,강남구,11680610,대치2동,1168010600,대치동,1168010600109430029,1,대지,943,29,서울특별시 강남구 대치동 943-29,116804166764,서울특별시 강남구 테헤란로86길,15,,1168010600109430029026803,동구빌딩,서울특별시 강남구 테헤란로86길 15,135845,06179,,3,,127.059501560813,37.5064441118926
MA0101202302A0011772,벤처스토리,,M1,과학·기술,M107,본사·경영 컨설팅,M10703,경영 컨설팅업,M71531,경영 컨설팅업,11,서울특별시,11680,강남구,11680610,대치2동,1168010600,대치동,1168010600109430029,1,대지,943,29,서울특별시 강남구 대치동 943-29,116804166764,서울특별시 강남구 테헤란로86길,15,,1168010600109430029026803,동구빌딩,서울특별시 강남구 테헤란로86길 15,135845,06179,,3,,127.059501560813,37.5064441118926
MA0101202301A0079890,율담하우징,,N1,시설관리·임대,N102,청소·방제,N10201,건축물 일반 청소업,N74211,건축물 일반 청소업,11,서울특별시,11680,강남구,11680610,대치2동,1168010600,대치동,1168010600109430029,1,대지,943,29,서울특별시 강남구 대치동 943-29,116804166764,서울특별시 강남구 테헤란로86길,15,,1168010600109430029026803,동구빌딩,서울특별시 강남구 테헤란로86길 15,135845,06179,,7,,127.059501560813,37.5064441118926
MA0101202302A0042294,조성래변호사법률사무소,,M1,과학·기술,M103,법무관련 ,M10301,변호사,M71101,변호사업,11,서울특별시,11680,강남구,11680610,대치2동,1168010600,대치동,1168010600109430029,1,대지,943,29,서울특별시 강남구 대치동 943-29,116804166764,서울특별시 강남구 테헤란로86길,15,,1168010600109430029026803,동구빌딩,서울특별시 강남구 테헤란로86길 15,135845,06179,,3,,127.059501560813,37.5064441118926
MA0101202303A0017560,보쓰잉글리시,,P1,교육,P105,일반 교육,P10501,입시·교과학원,P85501,일반 교과학원,11,서울특별시,11680,강남구,11680610,대치2동,1168010600,대치동,1168010600109430029,1,대지,943,29,서울특별시 강남구 대치동 943-29,116804166764,서울특별시 강남구 테헤란로86길,15,,1168010600109430029026803,동구빌딩,서울특별시 강남구 테헤란로86길 15,135845,06179,,3,,127.059501560813,37.5064441118926
MA010120220813832762,남일,,N1,시설관리·임대,N101,시설관리,N10101,사업시설 유지·관리 서비스업,N74100,사업시설 유지ㆍ관리 서비스업,11,서울특별시,11680,강남구,11680610,대치2동,1168010600,대치동,1168010600109430029,1,대지,943,29,서울특별시 강남구 대치동 943-29,116804166764,서울특별시 강남구 테헤란로86길,15,,1168010600109430029026803,구빌딩,서울특별시 강남구 테헤란로86길 15,135845,06179,,3,,127.059501560813,37.5064441118926
MA010120220813008496,지오컴퍼니,,N1,시설관리·임대,N104,고용 알선,N10403,상용 인력 공급 및 인사관리 서비스업,N75122,상용 인력 공급 및 인사관리 서비스업,11,서울특별시,11680,강남구,11680610,대치2동,1168010600,대치동,1168010600109430029,1,대지,943,29,서울특별시 강남구 대치동 943-29,116804166764,서울특별시 강남구 테헤란로86길,15,,1168010600109430029026803,동구빌딩,서울특별시 강남구 테헤란로86길 15,135845,06179,,3,,127.059501560813,37.5064441118926
MA010120220813003618,원더스케이프,,M1,과학·기술,M109,기술 서비스,M10902,도시 계획 및 조경 설계 서비스업,M72112,도시 계획 및 조경 설계 서비스업,11,서울특별시,11680,강남구,11680610,대치2동,1168010600,대치동,1168010600109430029,1,대지,943,29,서울특별시 강남구 대치동 943-29,116804166764,서울특별시 강남구 테헤란로86길,15,,1168010600109430029026803,구빌딩,서울특별시 강남구 테헤란로86길 15,135845,06179,,3,,127.059501560813,37.5064441118926
MA010120220814112405,다윗컨설팅,,L1,부동산,L102,부동산 서비스,L10203,부동산 중개/대리업,L68221,부동산 중개 및 대리업,11,서울특별시,11680,강남구,11680610,대치2동,1168010600,대치동,1168010600109430029,1,대지,943,29,서울특별시 강남구 대치동 943-29,116804166764,서울특별시 강남구 테헤란로86길,15,,1168010600109430029026803,구빌딩,서울특별시 강남구 테헤란로86길 15,135845,06179,,3,,127.059501560813,37.5064441118926
MA010120220812733479,빛솔컴퍼니,,M1,과학·기술,M107,본사·경영 컨설팅,M10703,경영 컨설팅업,M71531,경영 컨설팅업,11,서울특별시,11680,강남구,11680610,대치2동,1168010600,대치동,1168010600109430029,1,대지,943,29,서울특별시 강남구 대치동 943-29,116804166764,서울특별시 강남구 테헤란로86길,15,,1168010600109430029026803,동구빌딩,서울특별시 강남구 테헤란로86길 15,135845,06179,,,,127.059501560813,37.5064441118926
MA010120220810669952,제레미에프엔비,,M1,과학·기술,M107,본사·경영 컨설팅,M10703,경영 컨설팅업,M71531,경영 컨설팅업,11,서울특별시,11680,강남구,11680610,대치2동,1168010600,대치동,1168010600109430029,1,대지,943,29,서울특별시 강남구 대치동 943-29,116804166764,서울특별시 강남구 테헤란로86길,15,,1168010600109430029026803,구빌딩,서울특별시 강남구 테헤란로86길 15,135845,06179,,3,,127.059501560813,37.5064441118926
MA010120220813020970,환씨앤이,,N1,시설관리·임대,N108,기타 사업 서비스,N10802,전시/컨벤션/행사 대행 서비스업,N75992,"전시, 컨벤션 및 행사 대행업",11,서울특별시,11680,강남구,11680610,대치2동,1168010600,대치동,1168010600109430029,1,대지,943,29,서울특별시 강남구 대치동 943-29,116804166764,서울특별시 강남구 테헤란로86길,15,,1168010600109430029026803,구빌딩,서울특별시 강남구 테헤란로86길 15,135845,06179,,,,127.059501560813,37.5064441118926
MA010120220810126990,키네틱,코리아,M1,과학·기술,M105,광고,M10501,광고 대행업,M71310,광고 대행업,11,서울특별시,11680,강남구,11680610,대치2동,1168010600,대치동,1168010600109430029,1,대지,943,29,서울특별시 강남구 대치동 943-29,116804166764,서울특별시 강남구 테헤란로86길,15,,1168010600109430029026803,동구빌딩,서울특별시 강남구 테헤란로86길 15,135845,06179,,3,,127.059501560813,37.5064441118926
MA010120220813882084,케이케이앤피,,M1,과학·기술,M107,본사·경영 컨설팅,M10703,경영 컨설팅업,M71531,경영 컨설팅업,11,서울특별시,11680,강남구,11680610,대치2동,1168010600,대치동,1168010600109430029,1,대지,943,29,서울특별시 강남구 대치동 943-29,116804166764,서울특별시 강남구 테헤란로86길,15,,1168010600109430029026803,동구빌딩,서울특별시 강남구 테헤란로86길 15,135845,06179,,,,127.059501560813,37.5064441118926
MA010120220812314834,남일글로벌,,G2,소매,G213,오락용품 소매,G21303,음반/비디오물 소매업,G47620,음반 및 비디오물 소매업,11,서울특별시,11680,강남구,11680610,대치2동,1168010600,대치동,1168010600109430029,1,대지,943,29,서울특별시 강남구 대치동 943-29,116804166764,서울특별시 강남구 테헤란로86길,15,,1168010600109430029026803,동구빌딩,서울특별시 강남구 테헤란로86길 15,135845,06179,,3,,127.059501560813,37.5064441118926
MA010120220808692773,터미널플랫폼즈,,M1,과학·기술,M105,광고,M10501,광고 대행업,M71310,광고 대행업,11,서울특별시,11680,강남구,11680610,대치2동,1168010600,대치동,1168010600109430029,1,대지,943,29,서울특별시 강남구 대치동 943-29,116804166764,서울특별시 강남구 테헤란로86길,15,,1168010600109430029026803,동구빌딩,서울특별시 강남구 테헤란로86길 15,135845,06179,,3,,127.059501560813,37.5064441118926
MA010120220813281889,망고스틴,,M1,과학·기술,M105,광고,M10501,광고 대행업,M71310,광고 대행업,11,서울특별시,11680,강남구,11680610,대치2동,1168010600,대치동,1168010600109430029,1,대지,943,29,서울특별시 강남구 대치동 943-29,116804166764,서울특별시 강남구 테헤란로86길,15,,1168010600109430029026803,구빌딩,서울특별시 강남구 테헤란로86길 15,135845,06179,,3,,127.059501560813,37.5064441118926
MA010120220808355711,플러스마이너스,,I2,음식,I201,한식,I20101,백반/한정식,I56111,한식 일반 음식점업,11,서울특별시,11680,강남구,11680610,대치2동,1168010600,대치동,1168010600109430029,1,대지,943,29,서울특별시 강남구 대치동 943-29,116804166764,서울특별시 강남구 테헤란로86길,15,,1168010600109430029026803,구빌딩,서울특별시 강남구 테헤란로86길 15,135845,06179,,,,127.059501560813,37.5064441118926
MA010120220806459471,탁스미디어그룹,,M1,과학·기술,M107,본사·경영 컨설팅,M10703,경영 컨설팅업,M71531,경영 컨설팅업,11,서울특별시,11680,강남구,11680610,대치2동,1168010600,대치동,1168010600109430029,1,대지,943,29,서울특별시 강남구 대치동 943-29,116804166764,서울특별시 강남구 테헤란로86길,15,,1168010600109430029026803,,서울특별시 강남구 테헤란로86길 15,135845,06179,,,,127.059501560813,37.5064441118926
MA010120220807487868,육골당,,I2,음식,I201,한식,I20101,백반/한정식,I56111,한식 일반 음식점업,11,서울특별시,11680,강남구,11680610,대치2동,1168010600,대치동,1168010600109560026,1,대지,956,26,서울특별시 강남구 대치동 956-26,116804166429,서울특별시 강남구 삼성로82길,23,,1168010600109560026012242,,서울특별시 강남구 삼성로82길 23,135847,06184,,1,,127.059568682989,37.5055160428264
MA010120220813814333,휘초밥,,I2,음식,I203,일식,I20301,일식 회/초밥,I56122,일식 음식점업,11,서울특별시,11680,강남구,11680610,대치2동,1168010600,대치동,1168010600109560018,1,대지,956,18,서울특별시 강남구 대치동 956-18,116804166430,서울특별시 강남구 삼성로84길,26,,1168010600109560018012220,세인,서울특별시 강남구 삼성로84길 26,135847,06184,,,,127.059681945839,37.5057232168381
MA010120220813357618,에스유이엔디,,M1,과학·기술,M109,기술 서비스,M10902,도시 계획 및 조경 설계 서비스업,M72112,도시 계획 및 조경 설계 서비스업,11,서울특별시,11680,강남구,11680610,대치2동,1168010600,대치동,1168010600109550002,1,대지,955,2,서울특별시 강남구 대치동 955-2,116804166429,서울특별시 강남구 삼성로82길,24,,1168010600109550002027290,태양빌딩,서울특별시 강남구 삼성로82길 24,135847,06184,,3,,127.059704264115,37.5053447833962
MA0101202406A0434263,백소정,삼성점,I2,음식,I203,일식,I20301,일식 회/초밥,I56122,일식 음식점업,11,서울특별시,11680,강남구,11680610,대치2동,1168010600,대치동,1168010600109560004,1,대지,956,4,서울특별시 강남구 대치동 956-4,116804166432,서울특별시 강남구 삼성로86길,26,,1168010600109560004027114,드림빌딩,서울특별시 강남구 삼성로86길 26,135847,06184,,2,,127.05970484532,37.5060745972537
MA010120220809847670,토종맛집,대치점,I2,음식,I201,한식,I20101,백반/한정식,I56111,한식 일반 음식점업,11,서울특별시,11680,강남구,11680610,대치2동,1168010600,대치동,1168010600109560004,1,대지,956,4,서울특별시 강남구 대치동 956-4,116804166432,서울특별시 강남구 삼성로86길,26,,1168010600109560004027114,드림빌딩,서울특별시 강남구 삼성로86길 26,135847,06184,,1,,127.05970484532,37.5060745972537
MA010120220810181192,케이오케이KOK,,G2,소매,G212,기타 생활용품 소매,G21202,주방/가정용품 소매업,G47599,그 외 기타 분류 안된 가정용품 소매업,11,서울특별시,11680,강남구,11680610,대치2동,1168010600,대치동,1168010600109560004,1,대지,956,4,서울특별시 강남구 대치동 956-4,116804166432,서울특별시 강남구 삼성로86길,26,,1168010600109560004027114,드림빌딩,서울특별시 강남구 삼성로86길 26,135847,06184,,5,,127.05970484532,37.5060745972537
MA010120220810572243,담소소사골순대·육개장,삼성1호점,I2,음식,I201,한식,I20101,백반/한정식,I56111,한식 일반 음식점업,11,서울특별시,11680,강남구,11680610,대치2동,1168010600,대치동,1168010600109560004,1,대지,956,4,서울특별시 강남구 대치동 956-4,116804166432,서울특별시 강남구 삼성로86길,26,,1168010600109560004027114,드림빌딩,서울특별시 강남구 삼성로86길 26,135847,06184,,1,,127.05970484532,37.5060745972537
MA010120220810147680,엠엔파트너스,,M1,과학·기술,M107,본사·경영 컨설팅,M10703,경영 컨설팅업,M71531,경영 컨설팅업,11,서울특별시,11680,강남구,11680610,대치2동,1168010600,대치동,1168010600109430027,1,대지,943,27,서울특별시 강남구 대치동 943-27,116804166766,서울특별시 강남구 테헤란로88길,14,,1168010600109430027012154,신도리코빌딩,서울특별시 강남구 테헤란로88길 14,135845,06179,,9,,127.059716542747,37.5065611340581
MA010120220811228711,대치구두수선센터,,S2,수리·개인,S206,기타 가정용품 수리,S20602,가죽/가방/신발 수선업,S95392,"가죽, 가방 및 신발 수리업",11,서울특별시,11680,강남구,11680610,대치2동,1168010600,대치동,1168010600109440000,1,대지,944,,서울특별시 강남구 대치동 944,116803122010,서울특별시 강남구 테헤란로,514,,1168010600109440000014505,삼흥빌딩,서울특별시 강남구 테헤란로 514,135846,06180,,,,127.059751161984,37.5074260812831
MA0101202303A0096677,삼성비앤에스의원,,Q1,보건의료,Q102,의원,Q10204,피부/비뇨기과 의원,Q86201,일반의원,11,서울특별시,11680,강남구,11680610,대치2동,1168010600,대치동,1168010600109440000,1,대지,944,,서울특별시 강남구 대치동 944,116803122010,서울특별시 강남구 테헤란로,514,,1168010600109440000014505,삼흥2빌딩,서울특별시 강남구 테헤란로 514,135846,06180,,6,,127.059751161984,37.5074260812831
MA010120220811594206,미소약국,,G2,소매,G215,의약·화장품 소매,G21501,약국,G47811,의약품 및 의료용품 소매업,11,서울특별시,11680,강남구,11680610,대치2동,1168010600,대치동,1168010600109440000,1,대지,944,,서울특별시 강남구 대치동 944,116803122010,서울특별시 강남구 테헤란로,514,,1168010600109440000014505,삼흥제2빌딩,서울특별시 강남구 테헤란로 514,135846,06180,,5,,127.059751161984,37.5074260812831
MA010120220813585395,세무법인더택스,,M1,과학·기술,M104,회계·세무,M10402,세무사,M71202,세무사업,11,서울특별시,11680,강남구,11680610,대치2동,1168010600,대치동,1168010600109440000,1,대지,944,,서울특별시 강남구 대치동 944,116803122010,서울특별시 강남구 테헤란로,514,,1168010600109440000014505,삼흥2빌딩,서울특별시 강남구 테헤란로 514,135846,06180,,2,,127.059751161984,37.5074260812831
MA010120220807748788,삼성드림이비인후과의원,,Q1,보건의료,Q102,의원,Q10206,이비인후과 의원,Q86201,일반의원,11,서울특별시,11680,강남구,11680610,대치2동,1168010600,대치동,1168010600109440000,1,대지,944,,서울특별시 강남구 대치동 944,116803122010,서울특별시 강남구 테헤란로,514,,1168010600109440000014505,삼흥제2빌딩,서울특별시 강남구 테헤란로 514,135846,06180,,5,,127.059751161984,37.5074260812831
MA010120220811906802,연세삼성심리상담센터,,Q1,보건의료,Q104,기타 보건,Q10402,유사 의료업,Q86902,유사 의료업,11,서울특별시,11680,강남구,11680610,대치2동,1168010600,대치동,1168010600109440000,1,대지,944,,서울특별시 강남구 대치동 944,116803122010,서울특별시 강남구 테헤란로,514,,1168010600109440000014505,,서울특별시 강남구 테헤란로 514,135846,06180,,12,,127.059751161984,37.5074260812831
MA010120220806665841,연세삼성정신건강의학과의원,,Q1,보건의료,Q102,의원,Q10203,신경/정신과 의원,Q86201,일반의원,11,서울특별시,11680,강남구,11680610,대치2동,1168010600,대치동,1168010600109440000,1,대지,944,,서울특별시 강남구 대치동 944,116803122010,서울특별시 강남구 테헤란로,514,,1168010600109440000014505,삼흥2빌딩,서울특별시 강남구 테헤란로 514,135846,06180,,12,,127.059751161984,37.5074260812831
MA010120220813680553,게스진현대무역,센터점,G2,소매,G209,섬유·의복·신발 소매,G20905,기타 의류 소매업,G47419,기타 의복 소매업,11,서울특별시,11680,강남구,11680580,삼성1동,1168010500,삼성동,1168010500101590007,1,대지,159,7,서울특별시 강남구 삼성동 159-7,116803122010,서울특별시 강남구 테헤란로,517,,1168010500101590007016829,현대백화점,서울특별시 강남구 테헤란로 517,135730,06164,,6,,127.059763420214,37.50861540138
MA010120220808756388,캘러웨이현대백화점무역,센터점,G2,소매,G209,섬유·의복·신발 소매,G20905,기타 의류 소매업,G47419,기타 의복 소매업,11,서울특별시,11680,강남구,11680580,삼성1동,1168010500,삼성동,1168010500101590007,1,대지,159,7,서울특별시 강남구 삼성동 159-7,116803122010,서울특별시 강남구 테헤란로,517,,1168010500101590007016829,현대백화점,서울특별시 강남구 테헤란로 517,135730,06164,,4,,127.059763420214,37.50861540138
MA010120220808746484,오브제현대무역,,G2,소매,G209,섬유·의복·신발 소매,G20902,여성 의류 소매업,G47412,여자용 겉옷 소매업,11,서울특별시,11680,강남구,11680580,삼성1동,1168010500,삼성동,1168010500101590007,1,대지,159,7,서울특별시 강남구 삼성동 159-7,116803122010,서울특별시 강남구 테헤란로,517,,1168010500101590007016829,현대백화점,서울특별시 강남구 테헤란로 517,135730,06164,,5,,127.059763420214,37.50861540138
MA010120220813270253,아페쎄현대백화점무역,센터점,G2,소매,G209,섬유·의복·신발 소매,G20902,여성 의류 소매업,G47412,여자용 겉옷 소매업,11,서울특별시,11680,강남구,11680580,삼성1동,1168010500,삼성동,1168010500101590007,1,대지,159,7,서울특별시 강남구 삼성동 159-7,116803122010,서울특별시 강남구 테헤란로,517,,1168010500101590007016829,현대백화점,서울특별시 강남구 테헤란로 517,135730,06164,,5,,127.059763420214,37.50861540138
MA010120220810315326,제이린드버그현대무역점,,G2,소매,G209,섬유·의복·신발 소매,G20905,기타 의류 소매업,G47419,기타 의복 소매업,11,서울특별시,11680,강남구,11680580,삼성1동,1168010500,삼성동,1168010500101590007,1,대지,159,7,서울특별시 강남구 삼성동 159-7,116803122010,서울특별시 강남구 테헤란로,517,,1168010500101590007016829,현대백화점,서울특별시 강남구 테헤란로 517,135730,06164,,4,,127.059763420214,37.50861540138
MA0101202309A0011380,노비스,,G2,소매,G209,섬유·의복·신발 소매,G20901,남성 의류 소매업,G47411,남자용 겉옷 소매업,11,서울특별시,11680,강남구,11680580,삼성1동,1168010500,삼성동,1168010500101590007,1,대지,159,7,서울특별시 강남구 삼성동 159-7,116803122010,서울특별시 강남구 테헤란로,517,,1168010500101590007016829,현대백화점,서울특별시 강남구 테헤란로 517,135730,06164,,6,,127.059763420214,37.50861540138
MA010120220809651436,베르니스현대무역점,,G2,소매,G209,섬유·의복·신발 소매,G20902,여성 의류 소매업,G47412,여자용 겉옷 소매업,11,서울특별시,11680,강남구,11680580,삼성1동,1168010500,삼성동,1168010500101590007,1,대지,159,7,서울특별시 강남구 삼성동 159-7,116803122010,서울특별시 강남구 테헤란로,517,,1168010500101590007016829,현대백화점,서울특별시 강남구 테헤란로 517,135730,06164,,5,,127.059763420214,37.50861540138
MA0101202308A0048814,현대무역마뗑킴,,G2,소매,G209,섬유·의복·신발 소매,G20905,기타 의류 소매업,G47414,셔츠 및 블라우스 소매업,11,서울특별시,11680,강남구,11680580,삼성1동,1168010500,삼성동,1168010500101590007,1,대지,159,7,서울특별시 강남구 삼성동 159-7,116803122010,서울특별시 강남구 테헤란로,517,,1168010500101590007016829,현대백화점,서울특별시 강남구 테헤란로 517,135730,06164,,6,,127.059763420214,37.50861540138
MA010120220811444119,규상무역,,G2,소매,G209,섬유·의복·신발 소매,G20905,기타 의류 소매업,G47419,기타 의복 소매업,11,서울특별시,11680,강남구,11680580,삼성1동,1168010500,삼성동,1168010500101590007,1,대지,159,7,서울특별시 강남구 삼성동 159-7,116803122010,서울특별시 강남구 테헤란로,517,,1168010500101590007016829,현대백화점,서울특별시 강남구 테헤란로 517,135730,06164,,8,,127.059763420214,37.50861540138
MA0101202210A0069009,시다스현대무역점,,G2,소매,G209,섬유·의복·신발 소매,G20910,신발 소매업,G47430,신발 소매업,11,서울특별시,11680,강남구,11680580,삼성1동,1168010500,삼성동,1168010500101590007,1,대지,159,7,서울특별시 강남구 삼성동 159-7,116803122010,서울특별시 강남구 테헤란로,517,,1168010500101590007016829,시다스매장현대백화점,서울특별시 강남구 테헤란로 517,135730,06164,,6,,127.059763420214,37.50861540138
MA0101202210A0065638,찬합무역,센터점,N1,시설관리·임대,N101,시설관리,N10101,사업시설 유지·관리 서비스업,N74100,사업시설 유지ㆍ관리 서비스업,11,서울특별시,11680,강남구,11680580,삼성1동,1168010500,삼성동,1168010500101590007,1,대지,159,7,서울특별시 강남구 삼성동 159-7,116803122010,서울특별시 강남구 테헤란로,517,,1168010500101590007016829,현대백화점,서울특별시 강남구 테헤란로 517,135730,06164,,1,,127.059763420214,37.50861540138
MA0101202305A0097918,현대무역EBM,,G2,소매,G209,섬유·의복·신발 소매,G20902,여성 의류 소매업,G47412,여자용 겉옷 소매업,11,서울특별시,11680,강남구,11680580,삼성1동,1168010500,삼성동,1168010500101590007,1,대지,159,7,서울특별시 강남구 삼성동 159-7,116803122010,서울특별시 강남구 테헤란로,517,,1168010500101590007016829,M매장현대백화점,서울특별시 강남구 테헤란로 517,135730,06164,,,,127.059763420214,37.50861540138
MA0101202406A0531174,고든램지스트리트버거현대백화점무역,센터점,I2,음식,I210,기타 간이,I21004,버거,I56123,서양식 음식점업,11,서울특별시,11680,강남구,11680580,삼성1동,1168010500,삼성동,1168010500101590007,1,대지,159,7,서울특별시 강남구 삼성동 159-7,116803122010,서울특별시 강남구 테헤란로,517,,1168010500101590007016829,현대백화점,서울특별시 강남구 테헤란로 517,135730,06164,,1,,127.059763420214,37.50861540138
MA0101202406A0532050,오손컴퍼니,,I2,음식,I203,일식,I20301,일식 회/초밥,I56122,일식 음식점업,11,서울특별시,11680,강남구,11680580,삼성1동,1168010500,삼성동,1168010500101590007,1,대지,159,7,서울특별시 강남구 삼성동 159-7,116803122010,서울특별시 강남구 테헤란로,517,,1168010500101590007016829,현대백화점,서울특별시 강남구 테헤란로 517,135730,06164,,10,,127.059763420214,37.50861540138
MA0101202311A0031933,미샤,,G2,소매,G209,섬유·의복·신발 소매,G20902,여성 의류 소매업,G47412,여자용 겉옷 소매업,11,서울특별시,11680,강남구,11680580,삼성1동,1168010500,삼성동,1168010500101590007,1,대지,159,7,서울특별시 강남구 삼성동 159-7,116803122010,서울특별시 강남구 테헤란로,517,,1168010500101590007016829,현대백화점,서울특별시 강남구 테헤란로 517,135730,06164,,5,,127.059763420214,37.50861540138
MA010120220811229185,현대무역질스튜어트,,G2,소매,G209,섬유·의복·신발 소매,G20905,기타 의류 소매업,G47419,기타 의복 소매업,11,서울특별시,11680,강남구,11680580,삼성1동,1168010500,삼성동,1168010500101590007,1,대지,159,7,서울특별시 강남구 삼성동 159-7,116803122010,서울특별시 강남구 테헤란로,517,,1168010500101590007016829,현대백화점,서울특별시 강남구 테헤란로 517,135730,06164,,4,,127.059763420214,37.50861540138
MA010120220809874399,잭니클라우스,,G2,소매,G209,섬유·의복·신발 소매,G20905,기타 의류 소매업,G47419,기타 의복 소매업,11,서울특별시,11680,강남구,11680580,삼성1동,1168010500,삼성동,1168010500101590007,1,대지,159,7,서울특별시 강남구 삼성동 159-7,116803122010,서울특별시 강남구 테헤란로,517,,1168010500101590007016829,현대백화점,서울특별시 강남구 테헤란로 517,135730,06164,,6,,127.059763420214,37.50861540138
MA0101202306A0051116,아우구스티누스바더,,G2,소매,G215,의약·화장품 소매,G21503,화장품 소매업,G47813,"화장품, 비누 및 방향제 소매업",11,서울특별시,11680,강남구,11680580,삼성1동,1168010500,삼성동,1168010500101590007,1,대지,159,7,서울특별시 강남구 삼성동 159-7,116803122010,서울특별시 강남구 테헤란로,517,,1168010500101590007016829,아우구스티누스바더현대백화점,서울특별시 강남구 테헤란로 517,135730,06164,,1,,127.059763420214,37.50861540138
MA0101202303A0018344,봉계타현대백화점무역,센터점,I2,음식,I201,한식,I20105,국수/칼국수,I56112,한식 면 요리 전문점,11,서울특별시,11680,강남구,11680580,삼성1동,1168010500,삼성동,1168010500101590007,1,대지,159,7,서울특별시 강남구 삼성동 159-7,116803122010,서울특별시 강남구 테헤란로,517,,1168010500101590007016829,,서울특별시 강남구 테헤란로 517,135730,06164,,10,,127.059763420214,37.50861540138
MA0101202308A0053986,현대무역무스너클,,G2,소매,G209,섬유·의복·신발 소매,G20902,여성 의류 소매업,G47412,여자용 겉옷 소매업,11,서울특별시,11680,강남구,11680580,삼성1동,1168010500,삼성동,1168010500101590007,1,대지,159,7,서울특별시 강남구 삼성동 159-7,116803122010,서울특별시 강남구 테헤란로,517,,1168010500101590007016829,현대백화점,서울특별시 강남구 테헤란로 517,135730,06164,,6,,127.059763420214,37.50861540138
MA010120220812292037,현대무역점질스튜어트뉴욕,,G2,소매,G209,섬유·의복·신발 소매,G20901,남성 의류 소매업,G47411,남자용 겉옷 소매업,11,서울특별시,11680,강남구,11680580,삼성1동,1168010500,삼성동,1168010500101590007,1,대지,159,7,서울특별시 강남구 삼성동 159-7,116803122010,서울특별시 강남구 테헤란로,517,,1168010500101590007016829,현대백화점,서울특별시 강남구 테헤란로 517,135730,06164,,7,,127.059763420214,37.50861540138
MA010120220813889772,현대무역꼼데가르송여성,,G2,소매,G209,섬유·의복·신발 소매,G20902,여성 의류 소매업,G47412,여자용 겉옷 소매업,11,서울특별시,11680,강남구,11680580,삼성1동,1168010500,삼성동,1168010500101590007,1,대지,159,7,서울특별시 강남구 삼성동 159-7,116803122010,서울특별시 강남구 테헤란로,517,,1168010500101590007016829,현대백화점,서울특별시 강남구 테헤란로 517,135730,06164,,3,,127.059763420214,37.50861540138
MA010120220810276794,라이카카메라현대무역센터,코리아,G2,소매,G216,안경·정밀기기 소매,G21603,사진기/기타 광학기기 소매업,G47823,사진기 및 사진용품 소매업,11,서울특별시,11680,강남구,11680580,삼성1동,1168010500,삼성동,1168010500101590007,1,대지,159,7,서울특별시 강남구 삼성동 159-7,116803122010,서울특별시 강남구 테헤란로,517,,1168010500101590007016829,현대백화점,서울특별시 강남구 테헤란로 517,135730,06164,,7,,127.059763420214,37.50861540138
MA010120220812710373,질센더,,G2,소매,G209,섬유·의복·신발 소매,G20902,여성 의류 소매업,G47412,여자용 겉옷 소매업,11,서울특별시,11680,강남구,11680580,삼성1동,1168010500,삼성동,1168010500101590007,1,대지,159,7,서울특별시 강남구 삼성동 159-7,116803122010,서울특별시 강남구 테헤란로,517,,1168010500101590007016829,현대백화점,서울특별시 강남구 테헤란로 517,135730,06164,,3,,127.059763420214,37.50861540138
MA0101202306A0027737,랑방컬렉션,,G2,소매,G209,섬유·의복·신발 소매,G20902,여성 의류 소매업,G47412,여자용 겉옷 소매업,11,서울특별시,11680,강남구,11680580,삼성1동,1168010500,삼성동,1168010500101590007,1,대지,159,7,서울특별시 강남구 삼성동 159-7,116803122010,서울특별시 강남구 테헤란로,517,,1168010500101590007016829,현대백화점,서울특별시 강남구 테헤란로 517,135730,06164,,5,,127.059763420214,37.50861540138
MA0101202308A0054646,톰그레이현대무역,,G2,소매,G209,섬유·의복·신발 소매,G20902,여성 의류 소매업,G47412,여자용 겉옷 소매업,11,서울특별시,11680,강남구,11680580,삼성1동,1168010500,삼성동,1168010500101590007,1,대지,159,7,서울특별시 강남구 삼성동 159-7,116803122010,서울특별시 강남구 테헤란로,517,,1168010500101590007016829,현대백화점,서울특별시 강남구 테헤란로 517,135730,06164,,5,,127.059763420214,37.50861540138
MA010120220814091661,현대무역SJSJ,,G2,소매,G209,섬유·의복·신발 소매,G20902,여성 의류 소매업,G47412,여자용 겉옷 소매업,11,서울특별시,11680,강남구,11680580,삼성1동,1168010500,삼성동,1168010500101590007,1,대지,159,7,서울특별시 강남구 삼성동 159-7,116803122010,서울특별시 강남구 테헤란로,517,,1168010500101590007016829,현대백화점,서울특별시 강남구 테헤란로 517,135730,06164,,,,127.059763420214,37.50861540138
MA010120220806692839,현대무역라움맨,,G2,소매,G209,섬유·의복·신발 소매,G20905,기타 의류 소매업,G47419,기타 의복 소매업,11,서울특별시,11680,강남구,11680580,삼성1동,1168010500,삼성동,1168010500101590007,1,대지,159,7,서울특별시 강남구 삼성동 159-7,116803122010,서울특별시 강남구 테헤란로,517,,1168010500101590007016829,현대백화점,서울특별시 강남구 테헤란로 517,135730,06164,,7,,127.059763420214,37.50861540138
MA010120220813828978,현대백화점무역락포트,센터점,G2,소매,G209,섬유·의복·신발 소매,G20910,신발 소매업,G47430,신발 소매업,11,서울특별시,11680,강남구,11680580,삼성1동,1168010500,삼성동,1168010500101590007,1,대지,159,7,서울특별시 강남구 삼성동 159-7,116803122010,서울특별시 강남구 테헤란로,517,,1168010500101590007016829,현대백화점,서울특별시 강남구 테헤란로 517,135730,06164,,6,,127.059763420214,37.50861540138
MA010120220806874363,아레나COEX,,G2,소매,G213,오락용품 소매,G21304,운동용품 소매업,G47631,운동 및 경기용품 소매업,11,서울특별시,11680,강남구,11680580,삼성1동,1168010500,삼성동,1168010500101590007,1,대지,159,7,서울특별시 강남구 삼성동 159-7,116803122010,서울특별시 강남구 테헤란로,517,,1168010500101590007016829,현대백화점,서울특별시 강남구 테헤란로 517,135730,06164,,8,,127.059763420214,37.50861540138
MA010120220811564621,빅가이즈현대무역점,,I2,음식,I204,서양식,I20401,경양식,I56123,서양식 음식점업,11,서울특별시,11680,강남구,11680580,삼성1동,1168010500,삼성동,1168010500101590007,1,대지,159,7,서울특별시 강남구 삼성동 159-7,116803122010,서울특별시 강남구 테헤란로,517,,1168010500101590007016829,현대백화점,서울특별시 강남구 테헤란로 517,135730,06164,,1,,127.059763420214,37.50861540138
MA0101202302A0046412,현대무역헤지스남성,,G2,소매,G209,섬유·의복·신발 소매,G20901,남성 의류 소매업,G47411,남자용 겉옷 소매업,11,서울특별시,11680,강남구,11680580,삼성1동,1168010500,삼성동,1168010500101590007,1,대지,159,7,서울특별시 강남구 삼성동 159-7,116803122010,서울특별시 강남구 테헤란로,517,,1168010500101590007016829,현대백화점,서울특별시 강남구 테헤란로 517,135730,06164,,6,,127.059763420214,37.50861540138
MA0101202302A0029754,딥티크현대무역,,G2,소매,G215,의약·화장품 소매,G21503,화장품 소매업,G47813,"화장품, 비누 및 방향제 소매업",11,서울특별시,11680,강남구,11680580,삼성1동,1168010500,삼성동,1168010500101590007,1,대지,159,7,서울특별시 강남구 삼성동 159-7,116803122010,서울특별시 강남구 테헤란로,517,,1168010500101590007016829,현대백화점,서울특별시 강남구 테헤란로 517,135730,06164,,2,,127.059763420214,37.50861540138
MA0101202212A0013328,아페쎄골프현대백화점무역,센터점,G2,소매,G209,섬유·의복·신발 소매,G20905,기타 의류 소매업,G47419,기타 의복 소매업,11,서울특별시,11680,강남구,11680580,삼성1동,1168010500,삼성동,1168010500101590007,1,대지,159,7,서울특별시 강남구 삼성동 159-7,116803122010,서울특별시 강남구 테헤란로,517,,1168010500101590007016829,현대백화점,서울특별시 강남구 테헤란로 517,135730,06164,,6,,127.059763420214,37.50861540138
MA0101202303A0052767,현대무역점,,G2,소매,G215,의약·화장품 소매,G21503,화장품 소매업,G47813,"화장품, 비누 및 방향제 소매업",11,서울특별시,11680,강남구,11680580,삼성1동,1168010500,삼성동,1168010500101590007,1,대지,159,7,서울특별시 강남구 삼성동 159-7,116803122010,서울특별시 강남구 테헤란로,517,,1168010500101590007016829,마리아노벨라현대백화점,서울특별시 강남구 테헤란로 517,135730,06164,,2,,127.059763420214,37.50861540138
MA010120220811746593,타사키현대백화점무역센터점,코리아,G2,소매,G217,시계·귀금속 소매,G21701,시계/귀금속 소매업,G47830,시계 및 귀금속 소매업,11,서울특별시,11680,강남구,11680580,삼성1동,1168010500,삼성동,1168010500101590007,1,대지,159,7,서울특별시 강남구 삼성동 159-7,116803122010,서울특별시 강남구 테헤란로,517,,1168010500101590007016829,현대백화점,서울특별시 강남구 테헤란로 517,135730,06164,,2,,127.059763420214,37.50861540138
MA010120220813097864,현대무역클럽모나코남성권오산,,G2,소매,G209,섬유·의복·신발 소매,G20901,남성 의류 소매업,G47411,남자용 겉옷 소매업,11,서울특별시,11680,강남구,11680580,삼성1동,1168010500,삼성동,1168010500101590007,1,대지,159,7,서울특별시 강남구 삼성동 159-7,116803122010,서울특별시 강남구 테헤란로,517,,1168010500101590007016829,현대백화점,서울특별시 강남구 테헤란로 517,135730,06164,,7,,127.059763420214,37.50861540138
MA010120220813500789,시스템옴므현대무역점,백화점,G2,소매,G209,섬유·의복·신발 소매,G20905,기타 의류 소매업,G47413,속옷 및 잠옷 소매업,11,서울특별시,11680,강남구,11680580,삼성1동,1168010500,삼성동,1168010500101590007,1,대지,159,7,서울특별시 강남구 삼성동 159-7,116803122010,서울특별시 강남구 테헤란로,517,,1168010500101590007016829,현대백화점,서울특별시 강남구 테헤란로 517,135730,06164,,7,,127.059763420214,37.50861540138
MA010120220814018905,파리게이츠현대백화점무역,센터점,G2,소매,G209,섬유·의복·신발 소매,G20902,여성 의류 소매업,G47412,여자용 겉옷 소매업,11,서울특별시,11680,강남구,11680580,삼성1동,1168010500,삼성동,1168010500101590007,1,대지,159,7,서울특별시 강남구 삼성동 159-7,116803122010,서울특별시 강남구 테헤란로,517,,1168010500101590007016829,현대백화점,서울특별시 강남구 테헤란로 517,135730,06164,,4,,127.059763420214,37.50861540138
MA010120220812576819,현대무역슬로웨어,,G2,소매,G209,섬유·의복·신발 소매,G20901,남성 의류 소매업,G47411,남자용 겉옷 소매업,11,서울특별시,11680,강남구,11680580,삼성1동,1168010500,삼성동,1168010500101590007,1,대지,159,7,서울특별시 강남구 삼성동 159-7,116803122010,서울특별시 강남구 테헤란로,517,,1168010500101590007016829,현대백화점,서울특별시 강남구 테헤란로 517,135730,06164,,7,,127.059763420214,37.50861540138
MA010120220809761364,브이V12,,G2,소매,G209,섬유·의복·신발 소매,G20905,기타 의류 소매업,G47419,기타 의복 소매업,11,서울특별시,11680,강남구,11680580,삼성1동,1168010500,삼성동,1168010500101590007,1,대지,159,7,서울특별시 강남구 삼성동 159-7,116803122010,서울특별시 강남구 테헤란로,517,,1168010500101590007016829,현대백화점,서울특별시 강남구 테헤란로 517,135730,06164,,6,,127.059763420214,37.50861540138
MA010120220813647610,현대무역시리즈,센터점,G2,소매,G209,섬유·의복·신발 소매,G20901,남성 의류 소매업,G47411,남자용 겉옷 소매업,11,서울특별시,11680,강남구,11680580,삼성1동,1168010500,삼성동,1168010500101590007,1,대지,159,7,서울특별시 강남구 삼성동 159-7,116803122010,서울특별시 강남구 테헤란로,517,,1168010500101590007016829,현대백화점,서울특별시 강남구 테헤란로 517,135730,06164,,7,,127.059763420214,37.50861540138
MA010120220813000590,나의가야,삼성점,I2,음식,I201,한식,I20101,백반/한정식,I56111,한식 일반 음식점업,11,서울특별시,11680,강남구,11680580,삼성1동,1168010500,삼성동,1168010500101590007,1,대지,159,7,서울특별시 강남구 삼성동 159-7,116803122010,서울특별시 강남구 테헤란로,517,,1168010500101590007016829,현대백화점,서울특별시 강남구 테헤란로 517,135730,06164,,10,,127.059763420214,37.50861540138
MA010120220809609609,수트서플라이현대무역점,,G2,소매,G209,섬유·의복·신발 소매,G20901,남성 의류 소매업,G47411,남자용 겉옷 소매업,11,서울특별시,11680,강남구,11680580,삼성1동,1168010500,삼성동,1168010500101590007,1,대지,159,7,서울특별시 강남구 삼성동 159-7,116803122010,서울특별시 강남구 테헤란로,517,,1168010500101590007016829,현대백화점,서울특별시 강남구 테헤란로 517,135730,06164,,7,,127.059763420214,37.50861540138
MA0101202209A0091694,현대무역발리스틱,,G2,소매,G209,섬유·의복·신발 소매,G20905,기타 의류 소매업,G47419,기타 의복 소매업,11,서울특별시,11680,강남구,11680580,삼성1동,1168010500,삼성동,1168010500101590007,1,대지,159,7,서울특별시 강남구 삼성동 159-7,116803122010,서울특별시 강남구 테헤란로,517,,1168010500101590007016829,발리스틱현대백화점,서울특별시 강남구 테헤란로 517,135730,06164,,6,,127.059763420214,37.50861540138
MA010120220813525131,마쥬현대무역,센터점,G2,소매,G209,섬유·의복·신발 소매,G20902,여성 의류 소매업,G47412,여자용 겉옷 소매업,11,서울특별시,11680,강남구,11680580,삼성1동,1168010500,삼성동,1168010500101590007,1,대지,159,7,서울특별시 강남구 삼성동 159-7,116803122010,서울특별시 강남구 테헤란로,517,,1168010500101590007016829,현대백화점,서울특별시 강남구 테헤란로 517,135730,06164,,5,,127.059763420214,37.50861540138
MA010120220810231470,한끼든든,,I2,음식,I210,기타 간이,I21007,김밥/만두/분식,I56194,김밥 및 기타 간이 음식점업,11,서울특별시,11680,강남구,11680580,삼성1동,1168010500,삼성동,1168010500101590007,1,대지,159,7,서울특별시 강남구 삼성동 159-7,116803122010,서울특별시 강남구 테헤란로,517,,1168010500101590007016829,현대백화점,서울특별시 강남구 테헤란로 517,135730,06164,,1,,127.059763420214,37.50861540138
MA010120220809842064,럭키슈에뜨현대무역,,G2,소매,G209,섬유·의복·신발 소매,G20902,여성 의류 소매업,G47412,여자용 겉옷 소매업,11,서울특별시,11680,강남구,11680580,삼성1동,1168010500,삼성동,1168010500101590007,1,대지,159,7,서울특별시 강남구 삼성동 159-7,116803122010,서울특별시 강남구 테헤란로,517,,1168010500101590007016829,현대백화점,서울특별시 강남구 테헤란로 517,135730,06164,,6,,127.059763420214,37.50861540138
MA010120220813439003,에르메스퍼퓸현대무역,,G2,소매,G215,의약·화장품 소매,G21503,화장품 소매업,G47813,"화장품, 비누 및 방향제 소매업",11,서울특별시,11680,강남구,11680580,삼성1동,1168010500,삼성동,1168010500101590007,1,대지,159,7,서울특별시 강남구 삼성동 159-7,116803122010,서울특별시 강남구 테헤란로,517,,1168010500101590007016829,현대백화점,서울특별시 강남구 테헤란로 517,135730,06164,,,,127.059763420214,37.50861540138
MA010120220814215068,오가닉맘,,G2,소매,G209,섬유·의복·신발 소매,G20903,유아용 의류 소매업,G47417,유아용 의류 소매업,11,서울특별시,11680,강남구,11680580,삼성1동,1168010500,삼성동,1168010500101590007,1,대지,159,7,서울특별시 강남구 삼성동 159-7,116803122010,서울특별시 강남구 테헤란로,517,,1168010500101590007016829,현대백화점,서울특별시 강남구 테헤란로 517,135730,06164,,4,,127.059763420214,37.50861540138
MA010120220810117402,서울떡갈비&우이락무역,센터점,I2,음식,I210,기타 간이,I21099,그 외 기타 간이 음식점,I56199,간이 음식 포장 판매 전문점,11,서울특별시,11680,강남구,11680580,삼성1동,1168010500,삼성동,1168010500101590007,1,대지,159,7,서울특별시 강남구 삼성동 159-7,116803122010,서울특별시 강남구 테헤란로,517,,1168010500101590007016829,현대백화점,서울특별시 강남구 테헤란로 517,135730,06164,,1,,127.059763420214,37.50861540138
MA010120220810045913,현대무역시스템,,G2,소매,G209,섬유·의복·신발 소매,G20902,여성 의류 소매업,G47412,여자용 겉옷 소매업,11,서울특별시,11680,강남구,11680580,삼성1동,1168010500,삼성동,1168010500101590007,1,대지,159,7,서울특별시 강남구 삼성동 159-7,116803122010,서울특별시 강남구 테헤란로,517,,1168010500101590007016829,현대백화점,서울특별시 강남구 테헤란로 517,135730,06164,,6,,127.059763420214,37.50861540138
MA010120220807483222,현대무역점아쉬,백화점,G2,소매,G209,섬유·의복·신발 소매,G20910,신발 소매업,G47430,신발 소매업,11,서울특별시,11680,강남구,11680580,삼성1동,1168010500,삼성동,1168010500101590007,1,대지,159,7,서울특별시 강남구 삼성동 159-7,116803122010,서울특별시 강남구 테헤란로,517,,1168010500101590007016829,현대백화점,서울특별시 강남구 테헤란로 517,135730,06164,,6,,127.059763420214,37.50861540138
MA010120220807026230,에이치디와치,,G2,소매,G217,시계·귀금속 소매,G21701,시계/귀금속 소매업,G47830,시계 및 귀금속 소매업,11,서울특별시,11680,강남구,11680580,삼성1동,1168010500,삼성동,1168010500101590007,1,대지,159,7,서울특별시 강남구 삼성동 159-7,116803122010,서울특별시 강남구 테헤란로,517,,1168010500101590007016829,현대백화점,서울특별시 강남구 테헤란로 517,135730,06164,,,,127.059763420214,37.50861540138
MA0101202209A0061237,현대백화점무역스포티앤리치,센터점,G2,소매,G209,섬유·의복·신발 소매,G20902,여성 의류 소매업,G47412,여자용 겉옷 소매업,11,서울특별시,11680,강남구,11680580,삼성1동,1168010500,삼성동,1168010500101590007,1,대지,159,7,서울특별시 강남구 삼성동 159-7,116803122010,서울특별시 강남구 테헤란로,517,,1168010500101590007016829,현대백화점,서울특별시 강남구 테헤란로 517,135730,06164,,5,,127.059763420214,37.50861540138
MA010120220814046423,지고트,,G2,소매,G209,섬유·의복·신발 소매,G20902,여성 의류 소매업,G47412,여자용 겉옷 소매업,11,서울특별시,11680,강남구,11680580,삼성1동,1168010500,삼성동,1168010500101590007,1,대지,159,7,서울특별시 강남구 삼성동 159-7,116803122010,서울특별시 강남구 테헤란로,517,,1168010500101590007016829,현대백화점,서울특별시 강남구 테헤란로 517,135730,06164,,,,127.059763420214,37.50861540138
MA010120220814044985,미르유통,,G2,소매,G209,섬유·의복·신발 소매,G20905,기타 의류 소매업,G47413,속옷 및 잠옷 소매업,11,서울특별시,11680,강남구,11680580,삼성1동,1168010500,삼성동,1168010500101590007,1,대지,159,7,서울특별시 강남구 삼성동 159-7,116803122010,서울특별시 강남구 테헤란로,517,,1168010500101590007016829,현대백화점,서울특별시 강남구 테헤란로 517,135730,06164,,7,,127.059763420214,37.50861540138
MA010120220814139380,시슬리현대백화점무역,센터점,G2,소매,G209,섬유·의복·신발 소매,G20902,여성 의류 소매업,G47412,여자용 겉옷 소매업,11,서울특별시,11680,강남구,11680580,삼성1동,1168010500,삼성동,1168010500101590007,1,대지,159,7,서울특별시 강남구 삼성동 159-7,116803122010,서울특별시 강남구 테헤란로,517,,1168010500101590007016829,현대백화점,서울특별시 강남구 테헤란로 517,135730,06164,,6,,127.059763420214,37.50861540138
MA010120220809084070,비비안,,G2,소매,G209,섬유·의복·신발 소매,G20905,기타 의류 소매업,G47413,속옷 및 잠옷 소매업,11,서울특별시,11680,강남구,11680580,삼성1동,1168010500,삼성동,1168010500101590007,1,대지,159,7,서울특별시 강남구 삼성동 159-7,116803122010,서울특별시 강남구 테헤란로,517,,1168010500101590007016829,비안현대백화점,서울특별시 강남구 테헤란로 517,135730,06164,,5,,127.059763420214,37.50861540138
MA010120220811226511,안나리사,,G2,소매,G209,섬유·의복·신발 소매,G20905,기타 의류 소매업,G47414,셔츠 및 블라우스 소매업,11,서울특별시,11680,강남구,11680580,삼성1동,1168010500,삼성동,1168010500101590007,1,대지,159,7,서울특별시 강남구 삼성동 159-7,116803122010,서울특별시 강남구 테헤란로,517,,1168010500101590007016829,현대백화점,서울특별시 강남구 테헤란로 517,135730,06164,,,,127.059763420214,37.50861540138
MA010120220808664213,캘빈클라인현대무역점남성,,G2,소매,G209,섬유·의복·신발 소매,G20901,남성 의류 소매업,G47411,남자용 겉옷 소매업,11,서울특별시,11680,강남구,11680580,삼성1동,1168010500,삼성동,1168010500101590007,1,대지,159,7,서울특별시 강남구 삼성동 159-7,116803122010,서울특별시 강남구 테헤란로,517,,1168010500101590007016829,현대백화점,서울특별시 강남구 테헤란로 517,135730,06164,,7,,127.059763420214,37.50861540138
MA010120220810816928,현대무역레오나드,,G2,소매,G209,섬유·의복·신발 소매,G20902,여성 의류 소매업,G47412,여자용 겉옷 소매업,11,서울특별시,11680,강남구,11680580,삼성1동,1168010500,삼성동,1168010500101590007,1,대지,159,7,서울특별시 강남구 삼성동 159-7,116803122010,서울특별시 강남구 테헤란로,517,,1168010500101590007016829,현대백화점,서울특별시 강남구 테헤란로 517,135730,06164,,3,,127.059763420214,37.50861540138
MA010120220814003152,엔스티치,,G2,소매,G209,섬유·의복·신발 소매,G20906,침구류/커튼 소매업,G47421,가정용 직물제품 소매업,11,서울특별시,11680,강남구,11680580,삼성1동,1168010500,삼성동,1168010500101590007,1,대지,159,7,서울특별시 강남구 삼성동 159-7,116803122010,서울특별시 강남구 테헤란로,517,,1168010500101590007016829,현대백화점,서울특별시 강남구 테헤란로 517,135730,06164,,4,,127.059763420214,37.50861540138
MA010120220813848427,안드레모리스,,G2,소매,G209,섬유·의복·신발 소매,G20902,여성 의류 소매업,G47412,여자용 겉옷 소매업,11,서울특별시,11680,강남구,11680580,삼성1동,1168010500,삼성동,1168010500101590007,1,대지,159,7,서울특별시 강남구 삼성동 159-7,116803122010,서울특별시 강남구 테헤란로,517,,1168010500101590007016829,현대백화점,서울특별시 강남구 테헤란로 517,135730,06164,,3,,127.059763420214,37.50861540138
MA010120220806471871,세라현대무역점,,G2,소매,G209,섬유·의복·신발 소매,G20910,신발 소매업,G47430,신발 소매업,11,서울특별시,11680,강남구,11680580,삼성1동,1168010500,삼성동,1168010500101590007,1,대지,159,7,서울특별시 강남구 삼성동 159-7,116803122010,서울특별시 강남구 테헤란로,517,,1168010500101590007016829,현대박화점,서울특별시 강남구 테헤란로 517,135730,06164,,6,,127.059763420214,37.50861540138
MA010120220810800007,현대무역비너스,,G2,소매,G209,섬유·의복·신발 소매,G20905,기타 의류 소매업,G47413,속옷 및 잠옷 소매업,11,서울특별시,11680,강남구,11680580,삼성1동,1168010500,삼성동,1168010500101590007,1,대지,159,7,서울특별시 강남구 삼성동 159-7,116803122010,서울특별시 강남구 테헤란로,517,,1168010500101590007016829,현대백화점,서울특별시 강남구 테헤란로 517,135730,06164,,4,,127.059763420214,37.50861540138
MA010120220810413922,현대무역점세인트앤드류스,,G2,소매,G209,섬유·의복·신발 소매,G20905,기타 의류 소매업,G47419,기타 의복 소매업,11,서울특별시,11680,강남구,11680580,삼성1동,1168010500,삼성동,1168010500101590007,1,대지,159,7,서울특별시 강남구 삼성동 159-7,116803122010,서울특별시 강남구 테헤란로,517,,1168010500101590007016829,,서울특별시 강남구 테헤란로 517,135730,06164,,4,,127.059763420214,37.50861540138
MA010120220812373507,오프화이트,,G2,소매,G209,섬유·의복·신발 소매,G20902,여성 의류 소매업,G47412,여자용 겉옷 소매업,11,서울특별시,11680,강남구,11680580,삼성1동,1168010500,삼성동,1168010500101590007,1,대지,159,7,서울특별시 강남구 삼성동 159-7,116803122010,서울특별시 강남구 테헤란로,517,,1168010500101590007016829,현대백화점,서울특별시 강남구 테헤란로 517,135730,06164,,3,,127.059763420214,37.50861540138
MA010120220811898675,에스알스포츠,,G2,소매,G209,섬유·의복·신발 소매,G20905,기타 의류 소매업,G47419,기타 의복 소매업,11,서울특별시,11680,강남구,11680580,삼성1동,1168010500,삼성동,1168010500101590007,1,대지,159,7,서울특별시 강남구 삼성동 159-7,116803122010,서울특별시 강남구 테헤란로,517,,1168010500101590007016829,에이치몰나이키현대백화점,서울특별시 강남구 테헤란로 517,135730,06164,,2,,127.059763420214,37.50861540138
MA010120220811659408,풋조이현대무역,센터점,G2,소매,G209,섬유·의복·신발 소매,G20905,기타 의류 소매업,G47419,기타 의복 소매업,11,서울특별시,11680,강남구,11680580,삼성1동,1168010500,삼성동,1168010500101590007,1,대지,159,7,서울특별시 강남구 삼성동 159-7,116803122010,서울특별시 강남구 테헤란로,517,,1168010500101590007016829,현대백화점,서울특별시 강남구 테헤란로 517,135730,06164,,4,,127.059763420214,37.50861540138
MA010120220806988696,현대무역준지여성,,G2,소매,G209,섬유·의복·신발 소매,G20905,기타 의류 소매업,G47414,셔츠 및 블라우스 소매업,11,서울특별시,11680,강남구,11680580,삼성1동,1168010500,삼성동,1168010500101590007,1,대지,159,7,서울특별시 강남구 삼성동 159-7,116803122010,서울특별시 강남구 테헤란로,517,,1168010500101590007016829,현대백화점,서울특별시 강남구 테헤란로 517,135730,06164,,3,,127.059763420214,37.50861540138
MA010120220812230757,리틀그라운드현대백화점무역,센터점,G2,소매,G209,섬유·의복·신발 소매,G20903,유아용 의류 소매업,G47417,유아용 의류 소매업,11,서울특별시,11680,강남구,11680580,삼성1동,1168010500,삼성동,1168010500101590007,1,대지,159,7,서울특별시 강남구 삼성동 159-7,116803122010,서울특별시 강남구 테헤란로,517,,1168010500101590007016829,,서울특별시 강남구 테헤란로 517,135730,06164,,9,,127.059763420214,37.50861540138
MA010120220806793976,리찬방,,G2,소매,G205,식료품 소매,G20509,반찬/식료품 소매업,G47218,조리 반찬류 소매업,11,서울특별시,11680,강남구,11680580,삼성1동,1168010500,삼성동,1168010500101590007,1,대지,159,7,서울특별시 강남구 삼성동 159-7,116803122010,서울특별시 강남구 테헤란로,517,,1168010500101590007016829,현대백화점,서울특별시 강남구 테헤란로 517,135730,06164,,1,,127.059763420214,37.50861540138
MA010120220812350803,랑방현대무역점,백화점,G2,소매,G209,섬유·의복·신발 소매,G20902,여성 의류 소매업,G47412,여자용 겉옷 소매업,11,서울특별시,11680,강남구,11680580,삼성1동,1168010500,삼성동,1168010500101590007,1,대지,159,7,서울특별시 강남구 삼성동 159-7,116803122010,서울특별시 강남구 테헤란로,517,,1168010500101590007016829,현대백화점,서울특별시 강남구 테헤란로 517,135730,06164,,3,,127.059763420214,37.50861540138
MA010120220809845507,토리버치현대무역점,,G2,소매,G209,섬유·의복·신발 소매,G20902,여성 의류 소매업,G47412,여자용 겉옷 소매업,11,서울특별시,11680,강남구,11680580,삼성1동,1168010500,삼성동,1168010500101590007,1,대지,159,7,서울특별시 강남구 삼성동 159-7,116803122010,서울특별시 강남구 테헤란로,517,,1168010500101590007016829,현대백화점,서울특별시 강남구 테헤란로 517,135730,06164,,2,,127.059763420214,37.50861540138
MA010120220812945316,현대무역뉴발란스,,G2,소매,G209,섬유·의복·신발 소매,G20910,신발 소매업,G47430,신발 소매업,11,서울특별시,11680,강남구,11680580,삼성1동,1168010500,삼성동,1168010500101590007,1,대지,159,7,서울특별시 강남구 삼성동 159-7,116803122010,서울특별시 강남구 테헤란로,517,,1168010500101590007016829,,서울특별시 강남구 테헤란로 517,135730,06164,,6,,127.059763420214,37.50861540138
MA010120220813422994,현대무역점디루치아노,백화점,G2,소매,G209,섬유·의복·신발 소매,G20902,여성 의류 소매업,G47412,여자용 겉옷 소매업,11,서울특별시,11680,강남구,11680580,삼성1동,1168010500,삼성동,1168010500101590007,1,대지,159,7,서울특별시 강남구 삼성동 159-7,116803122010,서울특별시 강남구 테헤란로,517,,1168010500101590007016829,현대백화점,서울특별시 강남구 테헤란로 517,135730,06164,,3,,127.059763420214,37.50861540138
MA010120220806766914,알렉산더왕현대무역,,G2,소매,G209,섬유·의복·신발 소매,G20902,여성 의류 소매업,G47412,여자용 겉옷 소매업,11,서울특별시,11680,강남구,11680580,삼성1동,1168010500,삼성동,1168010500101590007,1,대지,159,7,서울특별시 강남구 삼성동 159-7,116803122010,서울특별시 강남구 테헤란로,517,,1168010500101590007016829,현대백화점,서울특별시 강남구 테헤란로 517,135730,06164,,3,,127.059763420214,37.50861540138
MA010120220810192003,서울떡갈비&우이락무역,센터점,I2,음식,I201,한식,I20107,돼지고기 구이/찜,I56113,한식 육류 요리 전문점,11,서울특별시,11680,강남구,11680580,삼성1동,1168010500,삼성동,1168010500101590007,1,대지,159,7,서울특별시 강남구 삼성동 159-7,116803122010,서울특별시 강남구 테헤란로,517,,1168010500101590007016829,현대백화점,서울특별시 강남구 테헤란로 517,135730,06164,,1,,127.059763420214,37.50861540138
MA010120220808490389,데상트현대백화점무역,센터점,G2,소매,G209,섬유·의복·신발 소매,G20905,기타 의류 소매업,G47419,기타 의복 소매업,11,서울특별시,11680,강남구,11680580,삼성1동,1168010500,삼성동,1168010500101590007,1,대지,159,7,서울특별시 강남구 삼성동 159-7,116803122010,서울특별시 강남구 테헤란로,517,,1168010500101590007016829,현대백화점,서울특별시 강남구 테헤란로 517,135730,06164,,8,,127.059763420214,37.50861540138
MA010120220814253835,아크네스튜디오무역점,,G2,소매,G209,섬유·의복·신발 소매,G20905,기타 의류 소매업,G47414,셔츠 및 블라우스 소매업,11,서울특별시,11680,강남구,11680580,삼성1동,1168010500,삼성동,1168010500101590007,1,대지,159,7,서울특별시 강남구 삼성동 159-7,116803122010,서울특별시 강남구 테헤란로,517,,1168010500101590007016829,현대백화점,서울특별시 강남구 테헤란로 517,135730,06164,,3,,127.059763420214,37.50861540138
MA010120220806549451,프렌치캣현대무역점,,G2,소매,G209,섬유·의복·신발 소매,G20903,유아용 의류 소매업,G47417,유아용 의류 소매업,11,서울특별시,11680,강남구,11680580,삼성1동,1168010500,삼성동,1168010500101590007,1,대지,159,7,서울특별시 강남구 삼성동 159-7,116803122010,서울특별시 강남구 테헤란로,517,,1168010500101590007016829,현대백화점,서울특별시 강남구 테헤란로 517,135730,06164,,4,,127.059763420214,37.50861540138
MA010120220806433017,금양인터내셔날현대무역점,,G2,소매,G206,음료 소매,G20602,주류 소매업,G47221,음료 소매업,11,서울특별시,11680,강남구,11680580,삼성1동,1168010500,삼성동,1168010500101590007,1,대지,159,7,서울특별시 강남구 삼성동 159-7,116803122010,서울특별시 강남구 테헤란로,517,,1168010500101590007016829,현대백화점,서울특별시 강남구 테헤란로 517,135730,06164,,,,127.059763420214,37.50861540138
MA010120220814067878,꾸아퍼스트삼성현대점,,S2,수리·개인,S207,이용·미용,S20701,미용실,S96112,두발 미용업,11,서울특별시,11680,강남구,11680580,삼성1동,1168010500,삼성동,1168010500101590007,1,대지,159,7,서울특별시 강남구 삼성동 159-7,116803122010,서울특별시 강남구 테헤란로,517,,1168010500101590007016829,현대백화점,서울특별시 강남구 테헤란로 517,135730,06164,,7,,127.059763420214,37.50861540138
MA010120220807104325,엠1500,,G2,소매,G209,섬유·의복·신발 소매,G20903,유아용 의류 소매업,G47417,유아용 의류 소매업,11,서울특별시,11680,강남구,11680580,삼성1동,1168010500,삼성동,1168010500101590007,1,대지,159,7,서울특별시 강남구 삼성동 159-7,116803122010,서울특별시 강남구 테헤란로,517,,1168010500101590007016829,현대백화점,서울특별시 강남구 테헤란로 517,135730,06164,,4,,127.059763420214,37.50861540138
MA010120220812081341,라인,,G2,소매,G209,섬유·의복·신발 소매,G20902,여성 의류 소매업,G47412,여자용 겉옷 소매업,11,서울특별시,11680,강남구,11680580,삼성1동,1168010500,삼성동,1168010500101590007,1,대지,159,7,서울특별시 강남구 삼성동 159-7,116803122010,서울특별시 강남구 테헤란로,517,,1168010500101590007016829,현대백화점,서울특별시 강남구 테헤란로 517,135730,06164,,6,,127.059763420214,37.50861540138
MA010120220809638773,다정한떡볶이가게,,I2,음식,I210,기타 간이,I21007,김밥/만두/분식,I56194,김밥 및 기타 간이 음식점업,11,서울특별시,11680,강남구,11680580,삼성1동,1168010500,삼성동,1168010500101590007,1,대지,159,7,서울특별시 강남구 삼성동 159-7,116803122010,서울특별시 강남구 테헤란로,517,,1168010500101590007016829,현대백화점,서울특별시 강남구 테헤란로 517,135730,06164,,1,,127.059763420214,37.50861540138
MA010120220806639430,현대무역빈스,,G2,소매,G209,섬유·의복·신발 소매,G20902,여성 의류 소매업,G47412,여자용 겉옷 소매업,11,서울특별시,11680,강남구,11680580,삼성1동,1168010500,삼성동,1168010500101590007,1,대지,159,7,서울특별시 강남구 삼성동 159-7,116803122010,서울특별시 강남구 테헤란로,517,,1168010500101590007016829,현대백화점,서울특별시 강남구 테헤란로 517,135730,06164,,5,,127.059763420214,37.50861540138
MA010120220814095335,페트레이현대무역,,G2,소매,G209,섬유·의복·신발 소매,G20902,여성 의류 소매업,G47412,여자용 겉옷 소매업,11,서울특별시,11680,강남구,11680580,삼성1동,1168010500,삼성동,1168010500101590007,1,대지,159,7,서울특별시 강남구 삼성동 159-7,116803122010,서울특별시 강남구 테헤란로,517,,1168010500101590007016829,현대백화점,서울특별시 강남구 테헤란로 517,135730,06164,,3,,127.059763420214,37.50861540138
MA010120220808438927,러너스포츠,,G2,소매,G209,섬유·의복·신발 소매,G20910,신발 소매업,G47430,신발 소매업,11,서울특별시,11680,강남구,11680580,삼성1동,1168010500,삼성동,1168010500101590007,1,대지,159,7,서울특별시 강남구 삼성동 159-7,116803122010,서울특별시 강남구 테헤란로,517,,1168010500101590007016829,현대백화점,서울특별시 강남구 테헤란로 517,135730,06164,,6,,127.059763420214,37.50861540138
MA010120220813668731,빈,,G2,소매,G209,섬유·의복·신발 소매,G20905,기타 의류 소매업,G47419,기타 의복 소매업,11,서울특별시,11680,강남구,11680580,삼성1동,1168010500,삼성동,1168010500101590007,1,대지,159,7,서울특별시 강남구 삼성동 159-7,116803122010,서울특별시 강남구 테헤란로,517,,1168010500101590007016829,현대백화점,서울특별시 강남구 테헤란로 517,135730,06164,,4,,127.059763420214,37.50861540138
MA010120220807143274,토박스,,G2,소매,G209,섬유·의복·신발 소매,G20903,유아용 의류 소매업,G47417,유아용 의류 소매업,11,서울특별시,11680,강남구,11680580,삼성1동,1168010500,삼성동,1168010500101590007,1,대지,159,7,서울특별시 강남구 삼성동 159-7,116803122010,서울특별시 강남구 테헤란로,517,,1168010500101590007016829,현대백화점,서울특별시 강남구 테헤란로 517,135730,06164,,4,,127.059763420214,37.50861540138
MA010120220812270679,현대무역스펙터,센터점,G2,소매,G216,안경·정밀기기 소매,G21602,안경렌즈 소매업,G47822,안경 및 렌즈 소매업,11,서울특별시,11680,강남구,11680580,삼성1동,1168010500,삼성동,1168010500101590007,1,대지,159,7,서울특별시 강남구 삼성동 159-7,116803122010,서울특별시 강남구 테헤란로,517,,1168010500101590007016829,현대백화점,서울특별시 강남구 테헤란로 517,135730,06164,,7,,127.059763420214,37.50861540138
MA010120220810431007,바쉬현대무역점,,G2,소매,G209,섬유·의복·신발 소매,G20910,신발 소매업,G47430,신발 소매업,11,서울특별시,11680,강남구,11680580,삼성1동,1168010500,삼성동,1168010500101590007,1,대지,159,7,서울특별시 강남구 삼성동 159-7,116803122010,서울특별시 강남구 테헤란로,517,,1168010500101590007016829,현대백화점,서울특별시 강남구 테헤란로 517,135730,06164,,5,,127.059763420214,37.50861540138
MA010120220813593088,현대무역점벨벳트렁크,,G2,소매,G209,섬유·의복·신발 소매,G20905,기타 의류 소매업,G47419,기타 의복 소매업,11,서울특별시,11680,강남구,11680580,삼성1동,1168010500,삼성동,1168010500101590007,1,대지,159,7,서울특별시 강남구 삼성동 159-7,116803122010,서울특별시 강남구 테헤란로,517,,1168010500101590007016829,현대백화점,서울특별시 강남구 테헤란로 517,135730,06164,,5,,127.059763420214,37.50861540138
MA010120220812175456,롯데와인현대무역점,백화점,G2,소매,G206,음료 소매,G20602,주류 소매업,G47221,음료 소매업,11,서울특별시,11680,강남구,11680580,삼성1동,1168010500,삼성동,1168010500101590007,1,대지,159,7,서울특별시 강남구 삼성동 159-7,116803122010,서울특별시 강남구 테헤란로,517,,1168010500101590007016829,현대백화점,서울특별시 강남구 테헤란로 517,135730,06164,,1,,127.059763420214,37.50861540138
MA010120220813045375,밍크뮤현대무역점,,G2,소매,G209,섬유·의복·신발 소매,G20903,유아용 의류 소매업,G47417,유아용 의류 소매업,11,서울특별시,11680,강남구,11680580,삼성1동,1168010500,삼성동,1168010500101590007,1,대지,159,7,서울특별시 강남구 삼성동 159-7,116803122010,서울특별시 강남구 테헤란로,517,,1168010500101590007016829,현대백화점,서울특별시 강남구 테헤란로 517,135730,06164,,4,,127.059763420214,37.50861540138
MA010120220808778162,랑방블랑,,G2,소매,G213,오락용품 소매,G21304,운동용품 소매업,G47631,운동 및 경기용품 소매업,11,서울특별시,11680,강남구,11680580,삼성1동,1168010500,삼성동,1168010500101590007,1,대지,159,7,서울특별시 강남구 삼성동 159-7,116803122010,서울특별시 강남구 테헤란로,517,,1168010500101590007016829,현대백화점,서울특별시 강남구 테헤란로 517,135730,06164,,6,,127.059763420214,37.50861540138
MA010120220808402002,한길상회현대백화점무역,센터점,I2,음식,I201,한식,I20107,돼지고기 구이/찜,I56113,한식 육류 요리 전문점,11,서울특별시,11680,강남구,11680580,삼성1동,1168010500,삼성동,1168010500101590007,1,대지,159,7,서울특별시 강남구 삼성동 159-7,116803122010,서울특별시 강남구 테헤란로,517,,1168010500101590007016829,현대백화점,서울특별시 강남구 테헤란로 517,135730,06164,,1,,127.059763420214,37.50861540138
MA010120220813162894,산드로현대무역점,백화점,G2,소매,G209,섬유·의복·신발 소매,G20902,여성 의류 소매업,G47412,여자용 겉옷 소매업,11,서울특별시,11680,강남구,11680580,삼성1동,1168010500,삼성동,1168010500101590007,1,대지,159,7,서울특별시 강남구 삼성동 159-7,116803122010,서울특별시 강남구 테헤란로,517,,1168010500101590007016829,현대백화점,서울특별시 강남구 테헤란로 517,135730,06164,,5,,127.059763420214,37.50861540138
MA010120220807796661,현대무역와코루,,G2,소매,G209,섬유·의복·신발 소매,G20905,기타 의류 소매업,G47413,속옷 및 잠옷 소매업,11,서울특별시,11680,강남구,11680580,삼성1동,1168010500,삼성동,1168010500101590007,1,대지,159,7,서울특별시 강남구 삼성동 159-7,116803122010,서울특별시 강남구 테헤란로,517,,1168010500101590007016829,현대백화점,서울특별시 강남구 테헤란로 517,135730,06164,,5,,127.059763420214,37.50861540138
MA010120220814242290,현대무역점구호,백화점,G2,소매,G209,섬유·의복·신발 소매,G20902,여성 의류 소매업,G47412,여자용 겉옷 소매업,11,서울특별시,11680,강남구,11680580,삼성1동,1168010500,삼성동,1168010500101590007,1,대지,159,7,서울특별시 강남구 삼성동 159-7,116803122010,서울특별시 강남구 테헤란로,517,,1168010500101590007016829,현대백화점,서울특별시 강남구 테헤란로 517,135730,06164,,5,,127.059763420214,37.50861540138
MA010120220813077731,쁘렝땅현대무역,,G2,소매,G209,섬유·의복·신발 소매,G20902,여성 의류 소매업,G47412,여자용 겉옷 소매업,11,서울특별시,11680,강남구,11680580,삼성1동,1168010500,삼성동,1168010500101590007,1,대지,159,7,서울특별시 강남구 삼성동 159-7,116803122010,서울특별시 강남구 테헤란로,517,,1168010500101590007016829,현대백화점,서울특별시 강남구 테헤란로 517,135730,06164,,5,,127.059763420214,37.50861540138
MA010120220813266322,훈,,I2,음식,I203,일식,I20301,일식 회/초밥,I56122,일식 음식점업,11,서울특별시,11680,강남구,11680610,대치2동,1168010600,대치동,1168010600109560019,1,대지,956,19,서울특별시 강남구 대치동 956-19,116804166430,서울특별시 강남구 삼성로84길,28,,1168010600109560019012217,,서울특별시 강남구 삼성로84길 28,135847,06184,,1,,127.059840312075,37.5057591769242
MA010120220810032652,스타일,,I2,음식,I204,서양식,I20401,경양식,I56123,서양식 음식점업,11,서울특별시,11680,강남구,11680610,대치2동,1168010600,대치동,1168010600109560005,1,대지,956,5,서울특별시 강남구 대치동 956-5,116804166432,서울특별시 강남구 삼성로86길,28,,1168010600109560005012191,,서울특별시 강남구 삼성로86길 28,135847,06184,,2,,127.059874522187,37.5061105515741
MA010120220812991016,클린웍스,,N1,시설관리·임대,N102,청소·방제,N10201,건축물 일반 청소업,N74211,건축물 일반 청소업,11,서울특별시,11680,강남구,11680610,대치2동,1168010600,대치동,1168010600109560005,1,대지,956,5,서울특별시 강남구 대치동 956-5,116804166432,서울특별시 강남구 삼성로86길,28,,1168010600109560005012191,정화빌딩,서울특별시 강남구 삼성로86길 28,135847,06184,,5,,127.059874522187,37.5061105515741
MA0101202305A0108867,이스트얼라이언스,,M1,과학·기술,M107,본사·경영 컨설팅,M10703,경영 컨설팅업,M71531,경영 컨설팅업,11,서울특별시,11680,강남구,11680610,대치2동,1168010600,대치동,1168010600109560024,1,대지,956,24,서울특별시 강남구 대치동 956-24,116804166429,서울특별시 강남구 삼성로82길,27,,1168010600109560024012229,,서울특별시 강남구 삼성로82길 27,135847,06184,,,,127.05991937283,37.5056239860782
MA0101202303A0110217,화이트365,,S2,수리·개인,S209,세탁,S20901,세탁소,S96912,가정용 세탁업,11,서울특별시,11680,강남구,11680610,대치2동,1168010600,대치동,1168010600109560024,1,대지,956,24,서울특별시 강남구 대치동 956-24,116804166429,서울특별시 강남구 삼성로82길,27,,1168010600109560024012229,,서울특별시 강남구 삼성로82길 27,135847,06184,,1,,127.05991937283,37.5056239860782
MA010120220814208649,향로,,I2,음식,I201,한식,I20101,백반/한정식,I56111,한식 일반 음식점업,11,서울특별시,11680,강남구,11680610,대치2동,1168010600,대치동,1168010600109560008,1,대지,956,8,서울특별시 강남구 대치동 956-8,116804166430,서울특별시 강남구 삼성로84길,29,,1168010600109560008000001,,서울특별시 강남구 삼성로84길 29,135847,06184,,1,,127.05995359766,37.5059933808074
MA010120220812584140,케이팝서포터즈협동조합,,G2,소매,G205,식료품 소매,G20509,반찬/식료품 소매업,G47219,기타 식료품 소매업,11,서울특별시,11680,강남구,11680610,대치2동,1168010600,대치동,1168010600109560008,1,대지,956,8,서울특별시 강남구 대치동 956-8,116804166430,서울특별시 강남구 삼성로84길,29,,1168010600109560008000001,,서울특별시 강남구 삼성로84길 29,135847,06184,,,,127.05995359766,37.5059933808074
MA0101202406A0532242,서울물회,,I2,음식,I201,한식,I20111,횟집,I56111,한식 일반 음식점업,11,서울특별시,11680,강남구,11680610,대치2동,1168010600,대치동,1168010600109560020,1,대지,956,20,서울특별시 강남구 대치동 956-20,116804166430,서울특별시 강남구 삼성로84길,30,,1168010600109560020012212,,서울특별시 강남구 삼성로84길 30,135847,06184,,1,,127.060032629597,37.5058221497015
MA010120220808338080,오하운폴댄스학원,,P1,교육,P106,기타 교육,P10605,레크리에이션 교육기관,P85613,레크리에이션 교육기관,11,서울특별시,11680,강남구,11680610,대치2동,1168010600,대치동,1168010600109560020,1,대지,956,20,서울특별시 강남구 대치동 956-20,116804166430,서울특별시 강남구 삼성로84길,30,,1168010600109560020012212,,서울특별시 강남구 삼성로84길 30,135847,06184,,1,,127.060032629597,37.5058221497015
MA0101202212A0099949,피티크래프트,,M1,과학·기술,M112,전문 디자인,M11203,시각 디자인업,M73203,시각 디자인업,11,서울특별시,11680,강남구,11680610,대치2동,1168010600,대치동,1168010600109560020,1,대지,956,20,서울특별시 강남구 대치동 956-20,116804166430,서울특별시 강남구 삼성로84길,30,,1168010600109560020012212,,서울특별시 강남구 삼성로84길 30,135847,06184,,4,,127.060032629597,37.5058221497015
MA010120220813366676,알피엠부동산중개,,L1,부동산,L102,부동산 서비스,L10203,부동산 중개/대리업,L68221,부동산 중개 및 대리업,11,서울특별시,11680,강남구,11680610,대치2동,1168010600,대치동,1168010600109560006,1,대지,956,6,서울특별시 강남구 대치동 956-6,116804166766,서울특별시 강남구 테헤란로88길,22,,1168010600109560006012185,한림빌딩,서울특별시 강남구 테헤란로88길 22,135847,06184,,4,,127.060044213649,37.5061645257443
MA010120220806472848,알이엠부동산중개,,L1,부동산,L102,부동산 서비스,L10203,부동산 중개/대리업,L68221,부동산 중개 및 대리업,11,서울특별시,11680,강남구,11680610,대치2동,1168010600,대치동,1168010600109560006,1,대지,956,6,서울특별시 강남구 대치동 956-6,116804166766,서울특별시 강남구 테헤란로88길,22,,1168010600109560006012185,한림빌딩,서울특별시 강남구 테헤란로88길 22,135847,06184,,4,,127.060044213649,37.5061645257443
MA010120220809688566,디인베스트,,L1,부동산,L102,부동산 서비스,L10203,부동산 중개/대리업,L68221,부동산 중개 및 대리업,11,서울특별시,11680,강남구,11680610,대치2동,1168010600,대치동,1168010600109560006,1,대지,956,6,서울특별시 강남구 대치동 956-6,116804166766,서울특별시 강남구 테헤란로88길,22,,1168010600109560006012185,한림빌딩,서울특별시 강남구 테헤란로88길 22,135847,06184,,6,,127.060044213649,37.5061645257443
MA0101202209A0036008,월드아트덱스포,,M1,과학·기술,M115,기타 전문 과학,M11504,사업/무형 재산권 중개업,M73903,사업 및 무형 재산권 중개업,11,서울특별시,11680,강남구,11680610,대치2동,1168010600,대치동,1168010600109540005,1,대지,954,5,서울특별시 강남구 대치동 954-5,116804166427,서울특별시 강남구 삼성로76길,23,22,1168010600109540005012270,에비앙빌딩,서울특별시 강남구 삼성로76길 23-22,135847,06184,,3,,127.060054823436,37.5052905453837
MA010120220809958131,엔에이아이컨설팅,코리아,L1,부동산,L102,부동산 서비스,L10203,부동산 중개/대리업,L68221,부동산 중개 및 대리업,11,서울특별시,11680,강남구,11680610,대치2동,1168010600,대치동,1168010600109440001,1,대지,944,1,서울특별시 강남구 대치동 944-1,116803122010,서울특별시 강남구 테헤란로,516,,1168010600109440001014504,정헌빌딩,서울특별시 강남구 테헤란로 516,135846,06180,,10,,127.060079139749,37.5074078948291
MA010120220806554674,파블로아트컴퍼니,,P1,교육,P107,교육 지원,P10701,교육컨설팅업,P85701,교육관련 자문 및 평가업,11,서울특별시,11680,강남구,11680610,대치2동,1168010600,대치동,1168010600109440023,1,대지,944,23,서울특별시 강남구 대치동 944-23,116804166766,서울특별시 강남구 테헤란로88길,15,,1168010600109440023012147,전체,서울특별시 강남구 테헤란로88길 15,135846,06180,,5,,127.060123830856,37.5067231083543
MA010120220808391017,에스오테크,,M1,과학·기술,M107,본사·경영 컨설팅,M10703,경영 컨설팅업,M71531,경영 컨설팅업,11,서울특별시,11680,강남구,11680610,대치2동,1168010600,대치동,1168010600109540012,1,대지,954,12,서울특별시 강남구 대치동 954-12,116804166427,서울특별시 강남구 삼성로76길,23,14,1168010600109540012012305,백천주택,서울특별시 강남구 삼성로76길 23-14,135847,06184,,,,127.060179028226,37.5050382007159
MA010120220806498529,어방참치,,I2,음식,I203,일식,I20301,일식 회/초밥,I56122,일식 음식점업,11,서울특별시,11680,강남구,11680610,대치2동,1168010600,대치동,1168010600109560021,1,대지,956,21,서울특별시 강남구 대치동 956-21,116804166430,서울특별시 강남구 삼성로84길,32,,1168010600109560021012210,하나빌딩,서울특별시 강남구 삼성로84길 32,135847,06184,,1,,127.060179693603,37.5058671251262
MA0101202305A0120979,회계법인나루,,M1,과학·기술,M104,회계·세무,M10401,공인회계사,M71201,공인회계사업,11,서울특별시,11680,강남구,11680610,대치2동,1168010600,대치동,1168010600109440024,1,대지,944,24,서울특별시 강남구 대치동 944-24,116804166766,서울특별시 강남구 테헤란로88길,17,,1168010600109440024000001,세안빌딩,서울특별시 강남구 테헤란로88길 17,135846,06180,,9,,127.06028203278,37.50655183678
MA0101202307A0098881,법무법인화담강남분사무소,,M1,과학·기술,M103,법무관련 ,M10301,변호사,M71101,변호사업,11,서울특별시,11680,강남구,11680610,대치2동,1168010600,대치동,1168010600109440024,1,대지,944,24,서울특별시 강남구 대치동 944-24,116804166766,서울특별시 강남구 테헤란로88길,17,,1168010600109440024000001,세안빌딩,서울특별시 강남구 테헤란로88길 17,135846,06180,,9,,127.06028203278,37.50655183678
MA0101202305A0015110,파리바게뜨삼성카페점,,I2,음식,I210,기타 간이,I21001,빵/도넛,I56191,제과점업,11,서울특별시,11680,강남구,11680610,대치2동,1168010600,대치동,1168010600109440024,1,대지,944,24,서울특별시 강남구 대치동 944-24,116804166766,서울특별시 강남구 테헤란로88길,17,,1168010600109440024000001,,서울특별시 강남구 테헤란로88길 17,135846,06180,,1,,127.06028203278,37.50655183678
MA010120220811966946,봉용,,P1,교육,P105,일반 교육,P10501,입시·교과학원,P85501,일반 교과학원,11,서울특별시,11680,강남구,11680610,대치2동,1168010600,대치동,1168010600109540003,1,대지,954,3,서울특별시 강남구 대치동 954-3,116804166668,서울특별시 강남구 역삼로87길,23,,1168010600109540003012256,힐하우스,서울특별시 강남구 역삼로87길 23,135847,06184,,2,,127.060428139722,37.5054074856758
MA010120220809089372,밝은씨에스,,M1,과학·기술,M107,본사·경영 컨설팅,M10703,경영 컨설팅업,M71531,경영 컨설팅업,11,서울특별시,11680,강남구,11680610,대치2동,1168010600,대치동,1168010600109440025,1,대지,944,25,서울특별시 강남구 대치동 944-25,116804166701,서울특별시 강남구 영동대로85길,38,,1168010600109440025000001,진성빌딩,서울특별시 강남구 영동대로85길 38,135846,06180,,3,,127.06057616413,37.5066417868108
MA010120220806582562,법률사무소보정변호사강봉성,,M1,과학·기술,M103,법무관련 ,M10301,변호사,M71101,변호사업,11,서울특별시,11680,강남구,11680610,대치2동,1168010600,대치동,1168010600109440025,1,대지,944,25,서울특별시 강남구 대치동 944-25,116804166701,서울특별시 강남구 영동대로85길,38,,1168010600109440025000001,진성빌딩,서울특별시 강남구 영동대로85길 38,135846,06180,,2,,127.06057616413,37.5066417868108
MA010120220812764970,하레이자카야,,I2,음식,I203,일식,I20301,일식 회/초밥,I56122,일식 음식점업,11,서울특별시,11680,강남구,11680610,대치2동,1168010600,대치동,1168010600109440025,1,대지,944,25,서울특별시 강남구 대치동 944-25,116804166701,서울특별시 강남구 영동대로85길,38,,1168010600109440025000001,,서울특별시 강남구 영동대로85길 38,135846,06180,,1,,127.06057616413,37.5066417868108
MA010120220813392754,법률사무소나루,,M1,과학·기술,M103,법무관련 ,M10301,변호사,M71101,변호사업,11,서울특별시,11680,강남구,11680610,대치2동,1168010600,대치동,1168010600109440031,1,대지,944,31,서울특별시 강남구 대치동 944-31,116803122010,서울특별시 강남구 테헤란로,518,,1168010600109440031014503,한국섬유산업연합회,서울특별시 강남구 테헤란로 518,135713,06180,,11,,127.060576928586,37.5075878415704
MA0101202305A0083892,우크라이나컬처센터,,N1,시설관리·임대,N108,기타 사업 서비스,N10802,전시/컨벤션/행사 대행 서비스업,N75992,"전시, 컨벤션 및 행사 대행업",11,서울특별시,11680,강남구,11680610,대치2동,1168010600,대치동,1168010600109440031,1,대지,944,31,서울특별시 강남구 대치동 944-31,116803122010,서울특별시 강남구 테헤란로,518,,1168010600109440031014503,,서울특별시 강남구 테헤란로 518,135713,06180,,10,,127.060576928586,37.5075878415704
MA010120220812891311,컨트롤와이즈,,M1,과학·기술,M107,본사·경영 컨설팅,M10703,경영 컨설팅업,M71531,경영 컨설팅업,11,서울특별시,11680,강남구,11680610,대치2동,1168010600,대치동,1168010600109440031,1,대지,944,31,서울특별시 강남구 대치동 944-31,116803122010,서울특별시 강남구 테헤란로,518,,1168010600109440031014503,,서울특별시 강남구 테헤란로 518,135713,06180,,10,,127.060576928586,37.5075878415704
MA0101202309A0052120,법률사무소나루,,M1,과학·기술,M103,법무관련 ,M10301,변호사,M71101,변호사업,11,서울특별시,11680,강남구,11680610,대치2동,1168010600,대치동,1168010600109440031,1,대지,944,31,서울특별시 강남구 대치동 944-31,116803122010,서울특별시 강남구 테헤란로,518,,1168010600109440031014503,한국섬유산업연합회,서울특별시 강남구 테헤란로 518,135713,06180,,11,,127.060576928586,37.5075878415704
MA0101202211A0070449,유니버스미디어,,M1,과학·기술,M105,광고,M10501,광고 대행업,M71310,광고 대행업,11,서울특별시,11680,강남구,11680610,대치2동,1168010600,대치동,1168010600109440031,1,대지,944,31,서울특별시 강남구 대치동 944-31,116803122010,서울특별시 강남구 테헤란로,518,,1168010600109440031014503,,서울특별시 강남구 테헤란로 518,135713,06180,,11,,127.060576928586,37.5075878415704
MA010120220808111458,노블바이오메디컬,,G2,소매,G215,의약·화장품 소매,G21503,화장품 소매업,G47813,"화장품, 비누 및 방향제 소매업",11,서울특별시,11680,강남구,11680610,대치2동,1168010600,대치동,1168010600109440031,1,대지,944,31,서울특별시 강남구 대치동 944-31,116803122010,서울특별시 강남구 테헤란로,518,,1168010600109440031014503,,서울특별시 강남구 테헤란로 518,135713,06180,,10,,127.060576928586,37.5075878415704
MA0101202301A0072163,이앤김파트너스,,M1,과학·기술,M107,본사·경영 컨설팅,M10703,경영 컨설팅업,M71531,경영 컨설팅업,11,서울특별시,11680,강남구,11680610,대치2동,1168010600,대치동,1168010600109440031,1,대지,944,31,서울특별시 강남구 대치동 944-31,116803122010,서울특별시 강남구 테헤란로,518,,1168010600109440031014503,대치동,서울특별시 강남구 테헤란로 518,135713,06180,,4,,127.060576928586,37.5075878415704
MA010120220810174359,마이닝,,M1,과학·기술,M112,전문 디자인,M11203,시각 디자인업,M73203,시각 디자인업,11,서울특별시,11680,강남구,11680610,대치2동,1168010600,대치동,1168010600109440031,1,대지,944,31,서울특별시 강남구 대치동 944-31,116803122010,서울특별시 강남구 테헤란로,518,,1168010600109440031014503,한국섬유산업연합회,서울특별시 강남구 테헤란로 518,135713,06180,,,,127.060576928586,37.5075878415704
MA010120220810397361,파라스타,,M1,과학·기술,M115,기타 전문 과학,M11504,사업/무형 재산권 중개업,M73903,사업 및 무형 재산권 중개업,11,서울특별시,11680,강남구,11680610,대치2동,1168010600,대치동,1168010600109440031,1,대지,944,31,서울특별시 강남구 대치동 944-31,116803122010,서울특별시 강남구 테헤란로,518,,1168010600109440031014503,,서울특별시 강남구 테헤란로 518,135713,06180,,13,,127.060576928586,37.5075878415704
MA010120220812753006,브레빌,코리아,G2,소매,G208,가전·통신 소매,G20803,가전제품 소매업,G47320,가전제품 소매업,11,서울특별시,11680,강남구,11680610,대치2동,1168010600,대치동,1168010600109440031,1,대지,944,31,서울특별시 강남구 대치동 944-31,116803122010,서울특별시 강남구 테헤란로,518,,1168010600109440031014503,,서울특별시 강남구 테헤란로 518,135713,06180,,13,,127.060576928586,37.5075878415704
MA010120220808382550,디자인엑스,,M1,과학·기술,M112,전문 디자인,M11203,시각 디자인업,M73203,시각 디자인업,11,서울특별시,11680,강남구,11680610,대치2동,1168010600,대치동,1168010600109440031,1,대지,944,31,서울특별시 강남구 대치동 944-31,116803122010,서울특별시 강남구 테헤란로,518,,1168010600109440031014503,섬유센터빌딩,서울특별시 강남구 테헤란로 518,135713,06180,,13,,127.060576928586,37.5075878415704
MA010120220813491022,한국법률번역행정사사무소,,M1,과학·기술,M103,법무관련 ,M10306,행정사,M71109,기타 법무관련 서비스업,11,서울특별시,11680,강남구,11680610,대치2동,1168010600,대치동,1168010600109440031,1,대지,944,31,서울특별시 강남구 대치동 944-31,116803122010,서울특별시 강남구 테헤란로,518,,1168010600109440031014503,섬유센터빌딩,서울특별시 강남구 테헤란로 518,135713,06180,,,,127.060576928586,37.5075878415704
MA010120220808522840,에이이더블유,코리아,M1,과학·기술,M107,본사·경영 컨설팅,M10703,경영 컨설팅업,M71531,경영 컨설팅업,11,서울특별시,11680,강남구,11680610,대치2동,1168010600,대치동,1168010600109440031,1,대지,944,31,서울특별시 강남구 대치동 944-31,116803122010,서울특별시 강남구 테헤란로,518,,1168010600109440031014503,섬유센터빌딩,서울특별시 강남구 테헤란로 518,135713,06180,,10,,127.060576928586,37.5075878415704
MA010120220807146830,바이트댄스유한책임회사,,N1,시설관리·임대,N107,사무 지원,N10799,기타 사무 지원 서비스업,N75919,기타 사무 지원 서비스업,11,서울특별시,11680,강남구,11680610,대치2동,1168010600,대치동,1168010600109440031,1,대지,944,31,서울특별시 강남구 대치동 944-31,116803122010,서울특별시 강남구 테헤란로,518,,1168010600109440031014503,섬유센터빌딩,서울특별시 강남구 테헤란로 518,135713,06180,,12,,127.060576928586,37.5075878415704
MA010120220813496539,국민부자협동조합,,M1,과학·기술,M107,본사·경영 컨설팅,M10703,경영 컨설팅업,M71531,경영 컨설팅업,11,서울특별시,11680,강남구,11680610,대치2동,1168010600,대치동,1168010600109440031,1,대지,944,31,서울특별시 강남구 대치동 944-31,116803122010,서울특별시 강남구 테헤란로,518,,1168010600109440031014503,위워크삼성,서울특별시 강남구 테헤란로 518,135713,06180,,11,,127.060576928586,37.5075878415704
MA0101202305A0047211,에이치203,,I2,음식,I201,한식,I20101,백반/한정식,I56111,한식 일반 음식점업,11,서울특별시,11680,강남구,11680610,대치2동,1168010600,대치동,1168010600109440021,1,대지,944,21,서울특별시 강남구 대치동 944-21,116804166701,서울특별시 강남구 영동대로85길,34,,1168010600109440021000001,대치2차,서울특별시 강남구 영동대로85길 34,135846,06180,,,,127.060745871901,37.5067137800585
MA010120220810317439,유한책임회사에스더블유케이매니지먼트,,M1,과학·기술,M107,본사·경영 컨설팅,M10703,경영 컨설팅업,M71531,경영 컨설팅업,11,서울특별시,11680,강남구,11680580,삼성1동,1168010500,삼성동,1168010500101590008,1,대지,159,8,서울특별시 강남구 삼성동 159-8,116803122010,서울특별시 강남구 테헤란로,521,,1168010500101590008016735,,서울특별시 강남구 테헤란로 521,135732,06164,,29,,127.060804431449,37.5091915130673
MA010120220808349478,솔리스커뮤니케이션,,N1,시설관리·임대,N108,기타 사업 서비스,N10802,전시/컨벤션/행사 대행 서비스업,N75992,"전시, 컨벤션 및 행사 대행업",11,서울특별시,11680,강남구,11680580,삼성1동,1168010500,삼성동,1168010500101590008,1,대지,159,8,서울특별시 강남구 삼성동 159-8,116803122010,서울특별시 강남구 테헤란로,521,,1168010500101590008016735,파르나스타워,서울특별시 강남구 테헤란로 521,135732,06164,,29,,127.060804431449,37.5091915130673
MA010120220812275304,지노스티엔씨,,M1,과학·기술,M115,기타 전문 과학,M11502,번역/통역 서비스업,M73902,번역 및 통역 서비스업,11,서울특별시,11680,강남구,11680580,삼성1동,1168010500,삼성동,1168010500101590008,1,대지,159,8,서울특별시 강남구 삼성동 159-8,116803122010,서울특별시 강남구 테헤란로,521,,1168010500101590008016735,파르나스타워,서울특별시 강남구 테헤란로 521,135732,06164,,29,,127.060804431449,37.5091915130673
MA010120220808051978,링크드비전,,M1,과학·기술,M107,본사·경영 컨설팅,M10703,경영 컨설팅업,M71531,경영 컨설팅업,11,서울특별시,11680,강남구,11680580,삼성1동,1168010500,삼성동,1168010500101590008,1,대지,159,8,서울특별시 강남구 삼성동 159-8,116803122010,서울특별시 강남구 테헤란로,521,,1168010500101590008016735,파르나스타워,서울특별시 강남구 테헤란로 521,135732,06164,,29,,127.060804431449,37.5091915130673
MA0101202406A0565483,리제너레이션,코리아,P1,교육,P107,교육 지원,P10701,교육컨설팅업,P85701,교육관련 자문 및 평가업,11,서울특별시,11680,강남구,11680580,삼성1동,1168010500,삼성동,1168010500101590008,1,대지,159,8,서울특별시 강남구 삼성동 159-8,116803122010,서울특별시 강남구 테헤란로,521,,1168010500101590008016735,파르나스타워,서울특별시 강남구 테헤란로 521,135732,06164,,29,,127.060804431449,37.5091915130673
MA010120220809648533,인드라망아트컴퍼니,,G2,소매,G218,장식품 소매,G21801,예술품 소매업,G47841,예술품 및 골동품 소매업,11,서울특별시,11680,강남구,11680580,삼성1동,1168010500,삼성동,1168010500101590008,1,대지,159,8,서울특별시 강남구 삼성동 159-8,116803122010,서울특별시 강남구 테헤란로,521,,1168010500101590008016735,인터컨티넨탈호텔,서울특별시 강남구 테헤란로 521,135732,06164,,,,127.060804431449,37.5091915130673
MA010120220812195163,딤딤섬,파르나스몰점,I2,음식,I202,중식,I20201,중국집,I56121,중식 음식점업,11,서울특별시,11680,강남구,11680580,삼성1동,1168010500,삼성동,1168010500101590008,1,대지,159,8,서울특별시 강남구 삼성동 159-8,116803122010,서울특별시 강남구 테헤란로,521,,1168010500101590008016735,파르나스타워,서울특별시 강남구 테헤란로 521,135732,06164,,,,127.060804431449,37.5091915130673
MA0101202406A0528325,몬스터앤파트너스,,M1,과학·기술,M107,본사·경영 컨설팅,M10703,경영 컨설팅업,M71531,경영 컨설팅업,11,서울특별시,11680,강남구,11680580,삼성1동,1168010500,삼성동,1168010500101590008,1,대지,159,8,서울특별시 강남구 삼성동 159-8,116803122010,서울특별시 강남구 테헤란로,521,,1168010500101590008016735,파르나스타워,서울특별시 강남구 테헤란로 521,135732,06164,,29,,127.060804431449,37.5091915130673
MA0101202406A0580301,같이삽시다,,M1,과학·기술,M107,본사·경영 컨설팅,M10703,경영 컨설팅업,M71531,경영 컨설팅업,11,서울특별시,11680,강남구,11680580,삼성1동,1168010500,삼성동,1168010500101590008,1,대지,159,8,서울특별시 강남구 삼성동 159-8,116803122010,서울특별시 강남구 테헤란로,521,,1168010500101590008016735,파르나스타워,서울특별시 강남구 테헤란로 521,135732,06164,,29,,127.060804431449,37.5091915130673
MA010120220810757215,지오윈그룹,,L1,부동산,L102,부동산 서비스,L10203,부동산 중개/대리업,L68221,부동산 중개 및 대리업,11,서울특별시,11680,강남구,11680580,삼성1동,1168010500,삼성동,1168010500101590008,1,대지,159,8,서울특별시 강남구 삼성동 159-8,116803122010,서울특별시 강남구 테헤란로,521,,1168010500101590008016735,파르나스타워,서울특별시 강남구 테헤란로 521,135732,06164,,29,,127.060804431449,37.5091915130673
MA010120220808792474,트라이콘,,M1,과학·기술,M107,본사·경영 컨설팅,M10703,경영 컨설팅업,M71531,경영 컨설팅업,11,서울특별시,11680,강남구,11680580,삼성1동,1168010500,삼성동,1168010500101590008,1,대지,159,8,서울특별시 강남구 삼성동 159-8,116803122010,서울특별시 강남구 테헤란로,521,,1168010500101590008016735,파르나스,서울특별시 강남구 테헤란로 521,135732,06164,,29,,127.060804431449,37.5091915130673
MA0101202311A0017870,에스케이에스그룹,,M1,과학·기술,M107,본사·경영 컨설팅,M10703,경영 컨설팅업,M71531,경영 컨설팅업,11,서울특별시,11680,강남구,11680580,삼성1동,1168010500,삼성동,1168010500101590008,1,대지,159,8,서울특별시 강남구 삼성동 159-8,116803122010,서울특별시 강남구 테헤란로,521,,1168010500101590008016735,파르나스타워,서울특별시 강남구 테헤란로 521,135732,06164,,29,,127.060804431449,37.5091915130673
MA0101202406A0570865,씨엘비티,,G2,소매,G215,의약·화장품 소매,G21503,화장품 소매업,G47813,"화장품, 비누 및 방향제 소매업",11,서울특별시,11680,강남구,11680580,삼성1동,1168010500,삼성동,1168010500101590008,1,대지,159,8,서울특별시 강남구 삼성동 159-8,116803122010,서울특별시 강남구 테헤란로,521,,1168010500101590008016735,파르나스타워,서울특별시 강남구 테헤란로 521,135732,06164,,29,,127.060804431449,37.5091915130673
MA0101202406A0525283,파르나스공인중개사사무소,,L1,부동산,L102,부동산 서비스,L10203,부동산 중개/대리업,L68221,부동산 중개 및 대리업,11,서울특별시,11680,강남구,11680580,삼성1동,1168010500,삼성동,1168010500101590008,1,대지,159,8,서울특별시 강남구 삼성동 159-8,116803122010,서울특별시 강남구 테헤란로,521,,1168010500101590008016735,파르나스,서울특별시 강남구 테헤란로 521,135732,06164,,29,,127.060804431449,37.5091915130673
MA0101202406A0220069,스파원,,S2,수리·개인,S207,이용·미용,S20702,피부 관리실,S96113,피부 미용업,11,서울특별시,11680,강남구,11680580,삼성1동,1168010500,삼성동,1168010500101590008,1,대지,159,8,서울특별시 강남구 삼성동 159-8,116803122010,서울특별시 강남구 테헤란로,521,,1168010500101590008016735,그랜드인터콘티넨탈파르나스호텔,서울특별시 강남구 테헤란로 521,135732,06164,,3,,127.060804431449,37.5091915130673
MA0101202406A0272552,애런스로렌콤그랜드인터컨티넨탈호텔점,,S2,수리·개인,S207,이용·미용,S20701,미용실,S96112,두발 미용업,11,서울특별시,11680,강남구,11680580,삼성1동,1168010500,삼성동,1168010500101590008,1,대지,159,8,서울특별시 강남구 삼성동 159-8,116803122010,서울특별시 강남구 테헤란로,521,,1168010500101590008016735,파르나스타워,서울특별시 강남구 테헤란로 521,135732,06164,,3,,127.060804431449,37.5091915130673
MA0101202309A0024381,카이로스구룹,,M1,과학·기술,M107,본사·경영 컨설팅,M10703,경영 컨설팅업,M71531,경영 컨설팅업,11,서울특별시,11680,강남구,11680580,삼성1동,1168010500,삼성동,1168010500101590008,1,대지,159,8,서울특별시 강남구 삼성동 159-8,116803122010,서울특별시 강남구 테헤란로,521,,1168010500101590008016735,파르나스타워,서울특별시 강남구 테헤란로 521,135732,06164,,29,,127.060804431449,37.5091915130673
MA0101202406A0328584,아프리카안경파르나스점,,G2,소매,G216,안경·정밀기기 소매,G21602,안경렌즈 소매업,G47822,안경 및 렌즈 소매업,11,서울특별시,11680,강남구,11680580,삼성1동,1168010500,삼성동,1168010500101590008,1,대지,159,8,서울특별시 강남구 삼성동 159-8,116803122010,서울특별시 강남구 테헤란로,521,,1168010500101590008016735,파르나스타워,서울특별시 강남구 테헤란로 521,135732,06164,,B1,,127.060804431449,37.5091915130673
MA0101202406A0516515,윌슨어소시에이츠,,M1,과학·기술,M112,전문 디자인,M11201,인테리어 디자인업,M73201,인테리어 디자인업,11,서울특별시,11680,강남구,11680580,삼성1동,1168010500,삼성동,1168010500101590008,1,대지,159,8,서울특별시 강남구 삼성동 159-8,116803122010,서울특별시 강남구 테헤란로,521,,1168010500101590008016735,파르나스타워,서울특별시 강남구 테헤란로 521,135732,06164,,29,,127.060804431449,37.5091915130673
MA0101202406A0538884,드날리,,N1,시설관리·임대,N108,기타 사업 서비스,N10802,전시/컨벤션/행사 대행 서비스업,N75992,"전시, 컨벤션 및 행사 대행업",11,서울특별시,11680,강남구,11680580,삼성1동,1168010500,삼성동,1168010500101590008,1,대지,159,8,서울특별시 강남구 삼성동 159-8,116803122010,서울특별시 강남구 테헤란로,521,,1168010500101590008016735,파르나스타워,서울특별시 강남구 테헤란로 521,135732,06164,,29,,127.060804431449,37.5091915130673
MA0101202406A0014267,지에스25,파르나스몰점,G2,소매,G204,종합 소매,G20405,편의점,G47122,체인화 편의점,11,서울특별시,11680,강남구,11680580,삼성1동,1168010500,삼성동,1168010500101590008,1,대지,159,8,서울특별시 강남구 삼성동 159-8,116803122010,서울특별시 강남구 테헤란로,521,,1168010500101590008016735,,서울특별시 강남구 테헤란로 521,135732,06164,,1,,127.060804431449,37.5091915130673
MA010120220808382171,홍콩다방,파르나스몰점,I2,음식,I212,비알코올 ,I21201,카페,I56221,커피 전문점,11,서울특별시,11680,강남구,11680580,삼성1동,1168010500,삼성동,1168010500101590008,1,대지,159,8,서울특별시 강남구 삼성동 159-8,116803122010,서울특별시 강남구 테헤란로,521,,1168010500101590008016735,파르나스타워,서울특별시 강남구 테헤란로 521,135732,06164,,1,,127.060804431449,37.5091915130673
MA010120220810067989,아디엘,,G2,소매,G219,식물 소매,G21901,꽃집,G47851,화초 및 식물 소매업,11,서울특별시,11680,강남구,11680580,삼성1동,1168010500,삼성동,1168010500101590008,1,대지,159,8,서울특별시 강남구 삼성동 159-8,116803122010,서울특별시 강남구 테헤란로,521,,1168010500101590008016735,그랜드인터컨티넨탈서울파르나스호텔,서울특별시 강남구 테헤란로 521,135732,06164,,1,,127.060804431449,37.5091915130673
MA0101202305A0117530,에스비씨,,M1,과학·기술,M107,본사·경영 컨설팅,M10703,경영 컨설팅업,M71531,경영 컨설팅업,11,서울특별시,11680,강남구,11680580,삼성1동,1168010500,삼성동,1168010500101590008,1,대지,159,8,서울특별시 강남구 삼성동 159-8,116803122010,서울특별시 강남구 테헤란로,521,,1168010500101590008016735,파르나스타워,서울특별시 강남구 테헤란로 521,135732,06164,,29,,127.060804431449,37.5091915130673
MA0101202305A0190481,에스알아이게헴바하서울영업소,한국지점,M1,과학·기술,M107,본사·경영 컨설팅,M10703,경영 컨설팅업,M71531,경영 컨설팅업,11,서울특별시,11680,강남구,11680580,삼성1동,1168010500,삼성동,1168010500101590008,1,대지,159,8,서울특별시 강남구 삼성동 159-8,116803122010,서울특별시 강남구 테헤란로,521,,1168010500101590008016735,파르나스타워,서울특별시 강남구 테헤란로 521,135732,06164,,29,,127.060804431449,37.5091915130673
MA0101202303A0073812,파이프라인,,M1,과학·기술,M107,본사·경영 컨설팅,M10703,경영 컨설팅업,M71531,경영 컨설팅업,11,서울특별시,11680,강남구,11680580,삼성1동,1168010500,삼성동,1168010500101590008,1,대지,159,8,서울특별시 강남구 삼성동 159-8,116803122010,서울특별시 강남구 테헤란로,521,,1168010500101590008016735,파르나스타워,서울특별시 강남구 테헤란로 521,135732,06164,,29,,127.060804431449,37.5091915130673
MA0101202306A0038905,에스씨에이티,,R1,예술·스포츠,R104,유원지·오락,R10499,기타 오락관련 서비스업,R91299,그 외 기타 분류 안된 오락관련 서비스업,11,서울특별시,11680,강남구,11680580,삼성1동,1168010500,삼성동,1168010500101590008,1,대지,159,8,서울특별시 강남구 삼성동 159-8,116803122010,서울특별시 강남구 테헤란로,521,,1168010500101590008016735,파르나스타워,서울특별시 강남구 테헤란로 521,135732,06164,,29,,127.060804431449,37.5091915130673
MA010120220814138135,베인캐피탈크레딧,코리아,M1,과학·기술,M106,시장 조사,M10601,시장 조사 및 여론 조사업,M71531,경영 컨설팅업,11,서울특별시,11680,강남구,11680580,삼성1동,1168010500,삼성동,1168010500101590008,1,대지,159,8,서울특별시 강남구 삼성동 159-8,116803122010,서울특별시 강남구 테헤란로,521,,1168010500101590008016735,,서울특별시 강남구 테헤란로 521,135732,06164,,28,,127.060804431449,37.5091915130673
MA0101202305A0005999,라이프워크,파르나스몰점,G2,소매,G209,섬유·의복·신발 소매,G20905,기타 의류 소매업,G47414,셔츠 및 블라우스 소매업,11,서울특별시,11680,강남구,11680580,삼성1동,1168010500,삼성동,1168010500101590008,1,대지,159,8,서울특별시 강남구 삼성동 159-8,116803122010,서울특별시 강남구 테헤란로,521,,1168010500101590008016735,호파르나스타워,서울특별시 강남구 테헤란로 521,135732,06164,,B1,,127.060804431449,37.5091915130673
MA0101202305A0198477,음와,,M1,과학·기술,M107,본사·경영 컨설팅,M10703,경영 컨설팅업,M71531,경영 컨설팅업,11,서울특별시,11680,강남구,11680580,삼성1동,1168010500,삼성동,1168010500101590008,1,대지,159,8,서울특별시 강남구 삼성동 159-8,116803122010,서울특별시 강남구 테헤란로,521,,1168010500101590008016735,파르나스타워,서울특별시 강남구 테헤란로 521,135732,06164,,29,,127.060804431449,37.5091915130673
MA0101202310A0098802,디앤서포리너리걸컨설팅오피스,,M1,과학·기술,M107,본사·경영 컨설팅,M10703,경영 컨설팅업,M71531,경영 컨설팅업,11,서울특별시,11680,강남구,11680580,삼성1동,1168010500,삼성동,1168010500101590008,1,대지,159,8,서울특별시 강남구 삼성동 159-8,116803122010,서울특별시 강남구 테헤란로,521,,1168010500101590008016735,파르나스타워,서울특별시 강남구 테헤란로 521,135732,06164,,29,,127.060804431449,37.5091915130673
MA010120220812633864,웰에이징,,M1,과학·기술,M109,기술 서비스,M10901,건축 설계 및 관련 서비스업,M72111,건축 설계 및 관련 서비스업,11,서울특별시,11680,강남구,11680580,삼성1동,1168010500,삼성동,1168010500101590008,1,대지,159,8,서울특별시 강남구 삼성동 159-8,116803122010,서울특별시 강남구 테헤란로,521,,1168010500101590008016735,파르나스타워,서울특별시 강남구 테헤란로 521,135732,06164,,29,,127.060804431449,37.5091915130673
MA0101202210A0047672,팀커넥티드,,P1,교육,P107,교육 지원,P10701,교육컨설팅업,P85701,교육관련 자문 및 평가업,11,서울특별시,11680,강남구,11680580,삼성1동,1168010500,삼성동,1168010500101590008,1,대지,159,8,서울특별시 강남구 삼성동 159-8,116803122010,서울특별시 강남구 테헤란로,521,,1168010500101590008016735,파르나스타워,서울특별시 강남구 테헤란로 521,135732,06164,,29,,127.060804431449,37.5091915130673
MA0101202305A0192778,컴젠,,G2,소매,G209,섬유·의복·신발 소매,G20902,여성 의류 소매업,G47412,여자용 겉옷 소매업,11,서울특별시,11680,강남구,11680580,삼성1동,1168010500,삼성동,1168010500101590008,1,대지,159,8,서울특별시 강남구 삼성동 159-8,116803122010,서울특별시 강남구 테헤란로,521,,1168010500101590008016735,파르나스타워,서울특별시 강남구 테헤란로 521,135732,06164,,B1,,127.060804431449,37.5091915130673
MA0101202209A0098642,법률사무소중서변호사최중서법률사무소,,M1,과학·기술,M103,법무관련 ,M10301,변호사,M71101,변호사업,11,서울특별시,11680,강남구,11680580,삼성1동,1168010500,삼성동,1168010500101590008,1,대지,159,8,서울특별시 강남구 삼성동 159-8,116803122010,서울특별시 강남구 테헤란로,521,,1168010500101590008016735,파르나스타워,서울특별시 강남구 테헤란로 521,135732,06164,,29,,127.060804431449,37.5091915130673
MA0101202212A0090820,지엠피컨설팅,,M1,과학·기술,M107,본사·경영 컨설팅,M10703,경영 컨설팅업,M71531,경영 컨설팅업,11,서울특별시,11680,강남구,11680580,삼성1동,1168010500,삼성동,1168010500101590008,1,대지,159,8,서울특별시 강남구 삼성동 159-8,116803122010,서울특별시 강남구 테헤란로,521,,1168010500101590008016735,파르나스타워,서울특별시 강남구 테헤란로 521,135732,06164,,29,,127.060804431449,37.5091915130673
MA010120220814190829,아포스티유플러스,,M1,과학·기술,M115,기타 전문 과학,M11502,번역/통역 서비스업,M73902,번역 및 통역 서비스업,11,서울특별시,11680,강남구,11680580,삼성1동,1168010500,삼성동,1168010500101590008,1,대지,159,8,서울특별시 강남구 삼성동 159-8,116803122010,서울특별시 강남구 테헤란로,521,,1168010500101590008016735,파르나스타워,서울특별시 강남구 테헤란로 521,135732,06164,,29,,127.060804431449,37.5091915130673
MA0101202211A0088071,러퓸,파르나스몰점,G2,소매,G215,의약·화장품 소매,G21503,화장품 소매업,G47813,"화장품, 비누 및 방향제 소매업",11,서울특별시,11680,강남구,11680580,삼성1동,1168010500,삼성동,1168010500101590008,1,대지,159,8,서울특별시 강남구 삼성동 159-8,116803122010,서울특별시 강남구 테헤란로,521,,1168010500101590008016735,파르나스타워,서울특별시 강남구 테헤란로 521,135732,06164,,1,,127.060804431449,37.5091915130673
MA010120220808371823,노던라이트서울,,M1,과학·기술,M107,본사·경영 컨설팅,M10703,경영 컨설팅업,M71531,경영 컨설팅업,11,서울특별시,11680,강남구,11680580,삼성1동,1168010500,삼성동,1168010500101590008,1,대지,159,8,서울특별시 강남구 삼성동 159-8,116803122010,서울특별시 강남구 테헤란로,521,,1168010500101590008016735,,서울특별시 강남구 테헤란로 521,135732,06164,,29,,127.060804431449,37.5091915130673
MA010120220808051608,드비니에,,G2,소매,G211,가구 소매,G21101,가구 소매업,G47520,가구 소매업,11,서울특별시,11680,강남구,11680580,삼성1동,1168010500,삼성동,1168010500101590008,1,대지,159,8,서울특별시 강남구 삼성동 159-8,116803122010,서울특별시 강남구 테헤란로,521,,1168010500101590008016735,파르나스타워,서울특별시 강남구 테헤란로 521,135732,06164,,29,,127.060804431449,37.5091915130673
MA010120220810562810,동남아개발,,L1,부동산,L102,부동산 서비스,L10203,부동산 중개/대리업,L68221,부동산 중개 및 대리업,11,서울특별시,11680,강남구,11680580,삼성1동,1168010500,삼성동,1168010500101590008,1,대지,159,8,서울특별시 강남구 삼성동 159-8,116803122010,서울특별시 강남구 테헤란로,521,,1168010500101590008016735,파르나스,서울특별시 강남구 테헤란로 521,135732,06164,,33,,127.060804431449,37.5091915130673
MA010120220806484000,어반네이처,,I2,음식,I212,비알코올 ,I21201,카페,I56221,커피 전문점,11,서울특별시,11680,강남구,11680580,삼성1동,1168010500,삼성동,1168010500101590008,1,대지,159,8,서울특별시 강남구 삼성동 159-8,116803122010,서울특별시 강남구 테헤란로,521,,1168010500101590008016735,파르나스타워,서울특별시 강남구 테헤란로 521,135732,06164,,29,,127.060804431449,37.5091915130673
MA010120220812184931,레인메이커,,M1,과학·기술,M107,본사·경영 컨설팅,M10703,경영 컨설팅업,M71531,경영 컨설팅업,11,서울특별시,11680,강남구,11680580,삼성1동,1168010500,삼성동,1168010500101590008,1,대지,159,8,서울특별시 강남구 삼성동 159-8,116803122010,서울특별시 강남구 테헤란로,521,,1168010500101590008016735,파르나스타워,서울특별시 강남구 테헤란로 521,135732,06164,,29,,127.060804431449,37.5091915130673
MA010120220814166845,파르나스몰시스티나,,G2,소매,G209,섬유·의복·신발 소매,G20905,기타 의류 소매업,G47416,가죽 및 모피 의복 소매업,11,서울특별시,11680,강남구,11680580,삼성1동,1168010500,삼성동,1168010500101590008,1,대지,159,8,서울특별시 강남구 삼성동 159-8,116803122010,서울특별시 강남구 테헤란로,521,,1168010500101590008016735,파르나스타워,서울특별시 강남구 테헤란로 521,135732,06164,,1,,127.060804431449,37.5091915130673
MA010120220812185323,디저트플래넷,파르나스몰점,I2,음식,I210,기타 간이,I21099,그 외 기타 간이 음식점,I56199,간이 음식 포장 판매 전문점,11,서울특별시,11680,강남구,11680580,삼성1동,1168010500,삼성동,1168010500101590008,1,대지,159,8,서울특별시 강남구 삼성동 159-8,116803122010,서울특별시 강남구 테헤란로,521,,1168010500101590008016735,파르나스타워,서울특별시 강남구 테헤란로 521,135732,06164,,1,,127.060804431449,37.5091915130673
MA010120220806644355,폴리스,파르나스몰점,I2,음식,I210,기타 간이,I21003,피자,I56192,"피자, 햄버거, 샌드위치 및 유사 음식점업",11,서울특별시,11680,강남구,11680580,삼성1동,1168010500,삼성동,1168010500101590008,1,대지,159,8,서울특별시 강남구 삼성동 159-8,116803122010,서울특별시 강남구 테헤란로,521,,1168010500101590008016735,파르나스타워,서울특별시 강남구 테헤란로 521,135732,06164,,1,,127.060804431449,37.5091915130673
MA010120220811754097,모하그라피,,M1,과학·기술,M113,사진 촬영,M11301,사진촬영업,M73301,인물 사진 및 행사용 영상 촬영업,11,서울특별시,11680,강남구,11680580,삼성1동,1168010500,삼성동,1168010500101590008,1,대지,159,8,서울특별시 강남구 삼성동 159-8,116803122010,서울특별시 강남구 테헤란로,521,,1168010500101590008016735,,서울특별시 강남구 테헤란로 521,135732,06164,,29,,127.060804431449,37.5091915130673
MA010120220813792410,카츠8,파르나스몰점,I2,음식,I203,일식,I20301,일식 회/초밥,I56122,일식 음식점업,11,서울특별시,11680,강남구,11680580,삼성1동,1168010500,삼성동,1168010500101590008,1,대지,159,8,서울특별시 강남구 삼성동 159-8,116803122010,서울특별시 강남구 테헤란로,521,,1168010500101590008016735,파르나스타워,서울특별시 강남구 테헤란로 521,135732,06164,,1,,127.060804431449,37.5091915130673
MA010120220808572519,티피에이치,,M1,과학·기술,M107,본사·경영 컨설팅,M10703,경영 컨설팅업,M71531,경영 컨설팅업,11,서울특별시,11680,강남구,11680580,삼성1동,1168010500,삼성동,1168010500101590008,1,대지,159,8,서울특별시 강남구 삼성동 159-8,116803122010,서울특별시 강남구 테헤란로,521,,1168010500101590008016735,파르나스타워,서울특별시 강남구 테헤란로 521,135732,06164,,29,,127.060804431449,37.5091915130673
MA010120220809767782,한남컨설팅,,M1,과학·기술,M107,본사·경영 컨설팅,M10703,경영 컨설팅업,M71531,경영 컨설팅업,11,서울특별시,11680,강남구,11680580,삼성1동,1168010500,삼성동,1168010500101590008,1,대지,159,8,서울특별시 강남구 삼성동 159-8,116803122010,서울특별시 강남구 테헤란로,521,,1168010500101590008016735,파르나스타워,서울특별시 강남구 테헤란로 521,135732,06164,,29,,127.060804431449,37.5091915130673
MA010120220810247242,메타밸류,,P1,교육,P106,기타 교육,P10621,직원 훈련기관,P85650,직원 훈련기관,11,서울특별시,11680,강남구,11680580,삼성1동,1168010500,삼성동,1168010500101590008,1,대지,159,8,서울특별시 강남구 삼성동 159-8,116803122010,서울특별시 강남구 테헤란로,521,,1168010500101590008016735,파르나스타워,서울특별시 강남구 테헤란로 521,135732,06164,,29,,127.060804431449,37.5091915130673
MA010120220811886369,트리플스타,,I2,음식,I203,일식,I20301,일식 회/초밥,I56122,일식 음식점업,11,서울특별시,11680,강남구,11680580,삼성1동,1168010500,삼성동,1168010500101590008,1,대지,159,8,서울특별시 강남구 삼성동 159-8,116803122010,서울특별시 강남구 테헤란로,521,,1168010500101590008016735,파르나스몰,서울특별시 강남구 테헤란로 521,135732,06164,,1,,127.060804431449,37.5091915130673
MA010120220807158139,에이치유알,,G2,소매,G202,자동차 부품 소매,G20202,자동차 부품 소매업,G45219,기타 자동차 신품 부품 및 내장품 판매업,11,서울특별시,11680,강남구,11680580,삼성1동,1168010500,삼성동,1168010500101590008,1,대지,159,8,서울특별시 강남구 삼성동 159-8,116803122010,서울특별시 강남구 테헤란로,521,,1168010500101590008016735,파르나스타워,서울특별시 강남구 테헤란로 521,135732,06164,,29,,127.060804431449,37.5091915130673
MA010120220808382877,헤들리디지털,,M1,과학·기술,M105,광고,M10501,광고 대행업,M71310,광고 대행업,11,서울특별시,11680,강남구,11680580,삼성1동,1168010500,삼성동,1168010500101590008,1,대지,159,8,서울특별시 강남구 삼성동 159-8,116803122010,서울특별시 강남구 테헤란로,521,,1168010500101590008016735,파르나스타워,서울특별시 강남구 테헤란로 521,135732,06164,,29,,127.060804431449,37.5091915130673
MA010120220814385038,유한책임회사케이앤비컴퍼니즈,,M1,과학·기술,M107,본사·경영 컨설팅,M10703,경영 컨설팅업,M71531,경영 컨설팅업,11,서울특별시,11680,강남구,11680580,삼성1동,1168010500,삼성동,1168010500101590008,1,대지,159,8,서울특별시 강남구 삼성동 159-8,116803122010,서울특별시 강남구 테헤란로,521,,1168010500101590008016735,파르나스타워,서울특별시 강남구 테헤란로 521,135732,06164,,8,,127.060804431449,37.5091915130673
MA010120220806393536,글로브,,I2,음식,I204,서양식,I20401,경양식,I56123,서양식 음식점업,11,서울특별시,11680,강남구,11680580,삼성1동,1168010500,삼성동,1168010500101590008,1,대지,159,8,서울특별시 강남구 삼성동 159-8,116803122010,서울특별시 강남구 테헤란로,521,,1168010500101590008016735,그랜드인터콘티넨탈호텔,서울특별시 강남구 테헤란로 521,135732,06164,,1,,127.060804431449,37.5091915130673
MA010120220813599489,나이츠브릿지에듀케이션,,P1,교육,P107,교육 지원,P10799,기타 교육지원 서비스업,P85709,기타 교육지원 서비스업,11,서울특별시,11680,강남구,11680580,삼성1동,1168010500,삼성동,1168010500101590008,1,대지,159,8,서울특별시 강남구 삼성동 159-8,116803122010,서울특별시 강남구 테헤란로,521,,1168010500101590008016735,파르나스타워,서울특별시 강남구 테헤란로 521,135732,06164,,29,,127.060804431449,37.5091915130673
MA010120220811665434,앨리슨피알에스엠씨,,M1,과학·기술,M105,광고,M10502,옥외/전시 광고 대행업,M71531,경영 컨설팅업,11,서울특별시,11680,강남구,11680580,삼성1동,1168010500,삼성동,1168010500101590008,1,대지,159,8,서울특별시 강남구 삼성동 159-8,116803122010,서울특별시 강남구 테헤란로,521,,1168010500101590008016735,파르나스타워,서울특별시 강남구 테헤란로 521,135732,06164,,29,,127.060804431449,37.5091915130673
MA010120220812434993,클랙스턴파트너스,,M1,과학·기술,M106,시장 조사,M10601,시장 조사 및 여론 조사업,M71400,시장 조사 및 여론 조사업,11,서울특별시,11680,강남구,11680580,삼성1동,1168010500,삼성동,1168010500101590008,1,대지,159,8,서울특별시 강남구 삼성동 159-8,116803122010,서울특별시 강남구 테헤란로,521,,1168010500101590008016735,파르나스타워,서울특별시 강남구 테헤란로 521,135732,06164,,29,,127.060804431449,37.5091915130673
MA010120220809787879,무인양품,파르나스몰점,G2,소매,G212,기타 생활용품 소매,G21202,주방/가정용품 소매업,G47599,그 외 기타 분류 안된 가정용품 소매업,11,서울특별시,11680,강남구,11680580,삼성1동,1168010500,삼성동,1168010500101590008,1,대지,159,8,서울특별시 강남구 삼성동 159-8,116803122010,서울특별시 강남구 테헤란로,521,,1168010500101590008016735,파르나스몰,서울특별시 강남구 테헤란로 521,135732,06164,,1,,127.060804431449,37.5091915130673
MA010120220810337473,콘탱고파트너스,,M1,과학·기술,M107,본사·경영 컨설팅,M10703,경영 컨설팅업,M71531,경영 컨설팅업,11,서울특별시,11680,강남구,11680580,삼성1동,1168010500,삼성동,1168010500101590008,1,대지,159,8,서울특별시 강남구 삼성동 159-8,116803122010,서울특별시 강남구 테헤란로,521,,1168010500101590008016735,파르나스타워,서울특별시 강남구 테헤란로 521,135732,06164,,29,,127.060804431449,37.5091915130673
MA010120220812035948,바토스파르나스몰,,I2,음식,I204,서양식,I20401,경양식,I56123,서양식 음식점업,11,서울특별시,11680,강남구,11680580,삼성1동,1168010500,삼성동,1168010500101590008,1,대지,159,8,서울특별시 강남구 삼성동 159-8,116803122010,서울특별시 강남구 테헤란로,521,,1168010500101590008016735,파르나스타워,서울특별시 강남구 테헤란로 521,135732,06164,,1,,127.060804431449,37.5091915130673
MA010120220808136572,법률사무소서초,,M1,과학·기술,M103,법무관련 ,M10301,변호사,M71101,변호사업,11,서울특별시,11680,강남구,11680580,삼성1동,1168010500,삼성동,1168010500101590008,1,대지,159,8,서울특별시 강남구 삼성동 159-8,116803122010,서울특별시 강남구 테헤란로,521,,1168010500101590008016735,파르나스타워,서울특별시 강남구 테헤란로 521,135732,06164,,29,,127.060804431449,37.5091915130673
MA010120220812842624,타임비즈니스컨설팅,,M1,과학·기술,M107,본사·경영 컨설팅,M10703,경영 컨설팅업,M71531,경영 컨설팅업,11,서울특별시,11680,강남구,11680580,삼성1동,1168010500,삼성동,1168010500101590008,1,대지,159,8,서울특별시 강남구 삼성동 159-8,116803122010,서울특별시 강남구 테헤란로,521,,1168010500101590008016735,파르나스타워,서울특별시 강남구 테헤란로 521,135732,06164,,30,,127.060804431449,37.5091915130673
MA010120220811551389,김앤김논문연구소,,M1,과학·기술,M107,본사·경영 컨설팅,M10703,경영 컨설팅업,M71531,경영 컨설팅업,11,서울특별시,11680,강남구,11680580,삼성1동,1168010500,삼성동,1168010500101590008,1,대지,159,8,서울특별시 강남구 삼성동 159-8,116803122010,서울특별시 강남구 테헤란로,521,,1168010500101590008016735,파르나스타워,서울특별시 강남구 테헤란로 521,135732,06164,,29,,127.060804431449,37.5091915130673
MA010120220813807476,모하,,M1,과학·기술,M113,사진 촬영,M11301,사진촬영업,M73302,상업용 사진 촬영업,11,서울특별시,11680,강남구,11680580,삼성1동,1168010500,삼성동,1168010500101590008,1,대지,159,8,서울특별시 강남구 삼성동 159-8,116803122010,서울특별시 강남구 테헤란로,521,,1168010500101590008016735,파르나스타워,서울특별시 강남구 테헤란로 521,135732,06164,,29,,127.060804431449,37.5091915130673
MA010120220808331686,훠궈야,파르나스몰점,I2,음식,I202,중식,I20202,마라탕/훠궈,I56121,중식 음식점업,11,서울특별시,11680,강남구,11680580,삼성1동,1168010500,삼성동,1168010500101590008,1,대지,159,8,서울특별시 강남구 삼성동 159-8,116803122010,서울특별시 강남구 테헤란로,521,,1168010500101590008016735,파르나스타워,서울특별시 강남구 테헤란로 521,135732,06164,,1,,127.060804431449,37.5091915130673
MA010120220808131360,시마스시,,I2,음식,I203,일식,I20301,일식 회/초밥,I56122,일식 음식점업,11,서울특별시,11680,강남구,11680580,삼성1동,1168010500,삼성동,1168010500101590008,1,대지,159,8,서울특별시 강남구 삼성동 159-8,116803122010,서울특별시 강남구 테헤란로,521,,1168010500101590008016735,파르나스타워,서울특별시 강남구 테헤란로 521,135732,06164,,1,,127.060804431449,37.5091915130673
MA010120220809927973,티피지,코리아,M1,과학·기술,M107,본사·경영 컨설팅,M10703,경영 컨설팅업,M71531,경영 컨설팅업,11,서울특별시,11680,강남구,11680580,삼성1동,1168010500,삼성동,1168010500101590008,1,대지,159,8,서울특별시 강남구 삼성동 159-8,116803122010,서울특별시 강남구 테헤란로,521,,1168010500101590008016735,,서울특별시 강남구 테헤란로 521,135732,06164,,20,,127.060804431449,37.5091915130673
MA010120220813839902,법률사무소청종,,M1,과학·기술,M103,법무관련 ,M10301,변호사,M71101,변호사업,11,서울특별시,11680,강남구,11680580,삼성1동,1168010500,삼성동,1168010500101590008,1,대지,159,8,서울특별시 강남구 삼성동 159-8,116803122010,서울특별시 강남구 테헤란로,521,,1168010500101590008016735,씨이오스위트파르나스타워,서울특별시 강남구 테헤란로 521,135732,06164,,29,,127.060804431449,37.5091915130673
MA0101202406A0113915,롤드,,I2,음식,I203,일식,I20301,일식 회/초밥,I56122,일식 음식점업,11,서울특별시,11680,강남구,11680610,대치2동,1168010600,대치동,1168010600109440021,1,대지,944,21,서울특별시 강남구 대치동 944-21,116804166701,서울특별시 강남구 영동대로85길,34,,1168010600109440021000001,대치2차,서울특별시 강남구 영동대로85길 34,135846,06180,,1,,127.060881686644,37.5068308407823
MA010120220813203262,모구모구돈부리,,I2,음식,I203,일식,I20302,일식 카레/돈가스/덮밥,I56122,일식 음식점업,11,서울특별시,11680,강남구,11680610,대치2동,1168010600,대치동,1168010600109440021,1,대지,944,21,서울특별시 강남구 대치동 944-21,116804166701,서울특별시 강남구 영동대로85길,34,,1168010600109440021000001,대치2차,서울특별시 강남구 영동대로85길 34,135846,06180,,1,,127.060881686644,37.5068308407823
MA010120220808542940,소도엘앤비,,G2,소매,G204,종합 소매,G20499,그 외 기타 종합 소매업,G47221,음료 소매업,11,서울특별시,11680,강남구,11680610,대치2동,1168010600,대치동,1168010600109440021,1,대지,944,21,서울특별시 강남구 대치동 944-21,116804166701,서울특별시 강남구 영동대로85길,34,,1168010600109440021000001,대치2차,서울특별시 강남구 영동대로85길 34,135846,06180,,2,,127.060881686644,37.5068308407823
MA010120220808514369,우아브로우,,S2,수리·개인,S207,이용·미용,S20702,피부 관리실,S96113,피부 미용업,11,서울특별시,11680,강남구,11680610,대치2동,1168010600,대치동,1168010600109440021,1,대지,944,21,서울특별시 강남구 대치동 944-21,116804166701,서울특별시 강남구 영동대로85길,34,,1168010600109440021000001,,서울특별시 강남구 영동대로85길 34,135846,06180,,2,,127.060881686644,37.5068308407823
MA010120220808341954,펄인베스트먼트,,M1,과학·기술,M107,본사·경영 컨설팅,M10703,경영 컨설팅업,M71531,경영 컨설팅업,11,서울특별시,11680,강남구,11680580,삼성1동,1168010500,삼성동,1168010500101590001,1,대지,159,1,서울특별시 강남구 삼성동 159-1,116802122002,서울특별시 강남구 영동대로,511,,1168010500101590001016561,트레이드타워,서울특별시 강남구 영동대로 511,135729,06164,,33,,127.061031584621,37.5103536917228
MA010120220806589617,제이스유학,,P1,교육,P107,교육 지원,P10799,기타 교육지원 서비스업,P85709,기타 교육지원 서비스업,11,서울특별시,11680,강남구,11680580,삼성1동,1168010500,삼성동,1168010500101590001,1,대지,159,1,서울특별시 강남구 삼성동 159-1,116802122002,서울특별시 강남구 영동대로,511,,1168010500101590001016561,트레이드타워,서울특별시 강남구 영동대로 511,135729,06164,,30,,127.061031584621,37.5103536917228
MA0101202307A0006074,리치로,코리아,M1,과학·기술,M107,본사·경영 컨설팅,M10703,경영 컨설팅업,M71531,경영 컨설팅업,11,서울특별시,11680,강남구,11680580,삼성1동,1168010500,삼성동,1168010500101590001,1,대지,159,1,서울특별시 강남구 삼성동 159-1,116802122002,서울특별시 강남구 영동대로,511,,1168010500101590001016561,트레이드타워,서울특별시 강남구 영동대로 511,135729,06164,,30,,127.061031584621,37.5103536917228
MA0101202406A0145779,세무회계별,,M1,과학·기술,M104,회계·세무,M10401,공인회계사,M71201,공인회계사업,11,서울특별시,11680,강남구,11680580,삼성1동,1168010500,삼성동,1168010500101590001,1,대지,159,1,서울특별시 강남구 삼성동 159-1,116802122002,서울특별시 강남구 영동대로,511,,1168010500101590001016561,트레이드타워,서울특별시 강남구 영동대로 511,135729,06164,,4,,127.061031584621,37.5103536917228
MA010120220808072259,엠피엠플러스,,M1,과학·기술,M109,기술 서비스,M10999,기타 엔지니어링 서비스업,M72129,기타 엔지니어링 서비스업,11,서울특별시,11680,강남구,11680580,삼성1동,1168010500,삼성동,1168010500101590001,1,대지,159,1,서울특별시 강남구 삼성동 159-1,116802122002,서울특별시 강남구 영동대로,511,,1168010500101590001016561,트레이드타워,서울특별시 강남구 영동대로 511,135729,06164,,30,,127.061031584621,37.5103536917228
MA010120220813634398,헤임달프라이빗에쿼티,,M1,과학·기술,M107,본사·경영 컨설팅,M10703,경영 컨설팅업,M71531,경영 컨설팅업,11,서울특별시,11680,강남구,11680580,삼성1동,1168010500,삼성동,1168010500101590001,1,대지,159,1,서울특별시 강남구 삼성동 159-1,116802122002,서울특별시 강남구 영동대로,511,,1168010500101590001016561,트레이드타워,서울특별시 강남구 영동대로 511,135729,06164,,,,127.061031584621,37.5103536917228
MA010120220813178480,크랩52,,I2,음식,I204,서양식,I20401,경양식,I56123,서양식 음식점업,11,서울특별시,11680,강남구,11680580,삼성1동,1168010500,삼성동,1168010500101590001,1,대지,159,1,서울특별시 강남구 삼성동 159-1,116802122002,서울특별시 강남구 영동대로,511,,1168010500101590001016561,트레이드타워,서울특별시 강남구 영동대로 511,135729,06164,,52,,127.061031584621,37.5103536917228
MA0101202406A0560477,케이엔,코리아,M1,과학·기술,M107,본사·경영 컨설팅,M10703,경영 컨설팅업,M71531,경영 컨설팅업,11,서울특별시,11680,강남구,11680580,삼성1동,1168010500,삼성동,1168010500101590001,1,대지,159,1,서울특별시 강남구 삼성동 159-1,116802122002,서울특별시 강남구 영동대로,511,,1168010500101590001016561,트레이드타워,서울특별시 강남구 영동대로 511,135729,06164,,27,,127.061031584621,37.5103536917228
MA010120220810598944,오제이씨참길,,L1,부동산,L102,부동산 서비스,L10203,부동산 중개/대리업,L68221,부동산 중개 및 대리업,11,서울특별시,11680,강남구,11680580,삼성1동,1168010500,삼성동,1168010500101590001,1,대지,159,1,서울특별시 강남구 삼성동 159-1,116802122002,서울특별시 강남구 영동대로,511,,1168010500101590001016561,트레이드타워,서울특별시 강남구 영동대로 511,135729,06164,,33,,127.061031584621,37.5103536917228
MA0101202305A0033383,에이디엠티맥스그룹,,M1,과학·기술,M105,광고,M10501,광고 대행업,M71310,광고 대행업,11,서울특별시,11680,강남구,11680580,삼성1동,1168010500,삼성동,1168010500101590001,1,대지,159,1,서울특별시 강남구 삼성동 159-1,116802122002,서울특별시 강남구 영동대로,511,,1168010500101590001016561,삼성역트레이드타워,서울특별시 강남구 영동대로 511,135729,06164,,,,127.061031584621,37.5103536917228
MA0101202307A0020412,변호사김소연법률사무소,,M1,과학·기술,M103,법무관련 ,M10301,변호사,M71101,변호사업,11,서울특별시,11680,강남구,11680580,삼성1동,1168010500,삼성동,1168010500101590001,1,대지,159,1,서울특별시 강남구 삼성동 159-1,116802122002,서울특별시 강남구 영동대로,511,,1168010500101590001016561,트레이드타워,서울특별시 강남구 영동대로 511,135729,06164,,34,,127.061031584621,37.5103536917228
MA010120220812354714,법무법인피터앤김,,M1,과학·기술,M103,법무관련 ,M10301,변호사,M71101,변호사업,11,서울특별시,11680,강남구,11680580,삼성1동,1168010500,삼성동,1168010500101590001,1,대지,159,1,서울특별시 강남구 삼성동 159-1,116802122002,서울특별시 강남구 영동대로,511,,1168010500101590001016561,트레이드타워,서울특별시 강남구 영동대로 511,135729,06164,,,,127.061031584621,37.5103536917228
MA010120220807106209,에이디엠티맥스(영업소),,M1,과학·기술,M105,광고,M10501,광고 대행업,M71310,광고 대행업,11,서울특별시,11680,강남구,11680580,삼성1동,1168010500,삼성동,1168010500101590001,1,대지,159,1,서울특별시 강남구 삼성동 159-1,116802122002,서울특별시 강남구 영동대로,511,,1168010500101590001016561,트레이드타워,서울특별시 강남구 영동대로 511,135729,06164,,27,,127.061031584621,37.5103536917228
MA010120220813958741,세무회계한원,,M1,과학·기술,M104,회계·세무,M10402,세무사,M71202,세무사업,11,서울특별시,11680,강남구,11680580,삼성1동,1168010500,삼성동,1168010500101590001,1,대지,159,1,서울특별시 강남구 삼성동 159-1,116802122002,서울특별시 강남구 영동대로,511,,1168010500101590001016561,트레이드타워,서울특별시 강남구 영동대로 511,135729,06164,,23,,127.061031584621,37.5103536917228
MA0101202302A0081576,법무법인새움,,M1,과학·기술,M103,법무관련 ,M10301,변호사,M71101,변호사업,11,서울특별시,11680,강남구,11680580,삼성1동,1168010500,삼성동,1168010500101590001,1,대지,159,1,서울특별시 강남구 삼성동 159-1,116802122002,서울특별시 강남구 영동대로,511,,1168010500101590001016561,트레이드타워,서울특별시 강남구 영동대로 511,135729,06164,,24,,127.061031584621,37.5103536917228
MA010120220813693592,타코이노베이션스영업소,,G2,소매,G209,섬유·의복·신발 소매,G20906,침구류/커튼 소매업,G47421,가정용 직물제품 소매업,11,서울특별시,11680,강남구,11680580,삼성1동,1168010500,삼성동,1168010500101590001,1,대지,159,1,서울특별시 강남구 삼성동 159-1,116802122002,서울특별시 강남구 영동대로,511,,1168010500101590001016561,트레이드타워,서울특별시 강남구 영동대로 511,135729,06164,,27,,127.061031584621,37.5103536917228
MA010120220813128831,슈프림오더,,M1,과학·기술,M107,본사·경영 컨설팅,M10703,경영 컨설팅업,M71531,경영 컨설팅업,11,서울특별시,11680,강남구,11680580,삼성1동,1168010500,삼성동,1168010500101590001,1,대지,159,1,서울특별시 강남구 삼성동 159-1,116802122002,서울특별시 강남구 영동대로,511,,1168010500101590001016561,트레이드타워,서울특별시 강남구 영동대로 511,135729,06164,,,,127.061031584621,37.5103536917228
MA010120220811846657,타겟글로벌소싱리미티드,,M1,과학·기술,M107,본사·경영 컨설팅,M10703,경영 컨설팅업,M71531,경영 컨설팅업,11,서울특별시,11680,강남구,11680580,삼성1동,1168010500,삼성동,1168010500101590001,1,대지,159,1,서울특별시 강남구 삼성동 159-1,116802122002,서울특별시 강남구 영동대로,511,,1168010500101590001016561,트레이드타워,서울특별시 강남구 영동대로 511,135729,06164,,30,,127.061031584621,37.5103536917228
MA010120220813030871,법무법인율지,,M1,과학·기술,M103,법무관련 ,M10301,변호사,M71101,변호사업,11,서울특별시,11680,강남구,11680580,삼성1동,1168010500,삼성동,1168010500101590001,1,대지,159,1,서울특별시 강남구 삼성동 159-1,116802122002,서울특별시 강남구 영동대로,511,,1168010500101590001016561,트레이드타워,서울특별시 강남구 영동대로 511,135729,06164,,,,127.061031584621,37.5103536917228
MA010120220806594114,모건필립스,코리아,M1,과학·기술,M107,본사·경영 컨설팅,M10703,경영 컨설팅업,M71531,경영 컨설팅업,11,서울특별시,11680,강남구,11680580,삼성1동,1168010500,삼성동,1168010500101590001,1,대지,159,1,서울특별시 강남구 삼성동 159-1,116802122002,서울특별시 강남구 영동대로,511,,1168010500101590001016561,트레이드타워,서울특별시 강남구 영동대로 511,135729,06164,,27,,127.061031584621,37.5103536917228
MA0101202209A0016745,한미에듀,코리아,P1,교육,P107,교육 지원,P10701,교육컨설팅업,P85701,교육관련 자문 및 평가업,11,서울특별시,11680,강남구,11680580,삼성1동,1168010500,삼성동,1168010500101590001,1,대지,159,1,서울특별시 강남구 삼성동 159-1,116802122002,서울특별시 강남구 영동대로,511,,1168010500101590001016561,트레이드타워,서울특별시 강남구 영동대로 511,135729,06164,,33,,127.061031584621,37.5103536917228
MA010120220806795200,리얼커리어,,N1,시설관리·임대,N104,고용 알선,N10401,고용 알선업,M71531,경영 컨설팅업,11,서울특별시,11680,강남구,11680580,삼성1동,1168010500,삼성동,1168010500101590001,1,대지,159,1,서울특별시 강남구 삼성동 159-1,116802122002,서울특별시 강남구 영동대로,511,,1168010500101590001016561,트레이드타워,서울특별시 강남구 영동대로 511,135729,06164,,27,,127.061031584621,37.5103536917228
MA010120220813941016,블록락,,M1,과학·기술,M107,본사·경영 컨설팅,M10703,경영 컨설팅업,M71531,경영 컨설팅업,11,서울특별시,11680,강남구,11680580,삼성1동,1168010500,삼성동,1168010500101590001,1,대지,159,1,서울특별시 강남구 삼성동 159-1,116802122002,서울특별시 강남구 영동대로,511,,1168010500101590001016561,트레이드타워,서울특별시 강남구 영동대로 511,135729,06164,,27,,127.061031584621,37.5103536917228
MA010120220812354681,라이트닝,코리아,M1,과학·기술,M107,본사·경영 컨설팅,M10703,경영 컨설팅업,M71531,경영 컨설팅업,11,서울특별시,11680,강남구,11680580,삼성1동,1168010500,삼성동,1168010500101590001,1,대지,159,1,서울특별시 강남구 삼성동 159-1,116802122002,서울특별시 강남구 영동대로,511,,1168010500101590001016561,무역센터,서울특별시 강남구 영동대로 511,135729,06164,,33,,127.061031584621,37.5103536917228
MA010120220813148561,비엔피,,M1,과학·기술,M107,본사·경영 컨설팅,M10703,경영 컨설팅업,M71531,경영 컨설팅업,11,서울특별시,11680,강남구,11680580,삼성1동,1168010500,삼성동,1168010500101590001,1,대지,159,1,서울특별시 강남구 삼성동 159-1,116802122002,서울특별시 강남구 영동대로,511,,1168010500101590001016561,및한국종합무역센터,서울특별시 강남구 영동대로 511,135729,06164,,30,,127.061031584621,37.5103536917228
MA010120220807156851,비앤비테크,,M1,과학·기술,M109,기술 서비스,M10903,건물 및 토목 엔지니어링 서비스업,M72121,건물 및 토목 엔지니어링 서비스업,11,서울특별시,11680,강남구,11680580,삼성1동,1168010500,삼성동,1168010500101590001,1,대지,159,1,서울특별시 강남구 삼성동 159-1,116802122002,서울특별시 강남구 영동대로,511,,1168010500101590001016561,무역센터,서울특별시 강남구 영동대로 511,135729,06164,,33,,127.061031584621,37.5103536917228
MA010120220810597563,신기류,,I2,음식,I201,한식,I20101,백반/한정식,I56111,한식 일반 음식점업,11,서울특별시,11680,강남구,11680580,삼성1동,1168010500,삼성동,1168010500101590009,1,대지,159,9,서울특별시 강남구 삼성동 159-9,116802122002,서울특별시 강남구 영동대로,511,,1168010500101590001016561,이,서울특별시 강남구 영동대로 511,135973,06164,,2,,127.061031584621,37.5103536917228
MA010120220806473040,파마노비아,코리아,M1,과학·기술,M107,본사·경영 컨설팅,M10703,경영 컨설팅업,M71531,경영 컨설팅업,11,서울특별시,11680,강남구,11680580,삼성1동,1168010500,삼성동,1168010500101590001,1,대지,159,1,서울특별시 강남구 삼성동 159-1,116802122002,서울특별시 강남구 영동대로,511,,1168010500101590001016561,트레이드타워,서울특별시 강남구 영동대로 511,135729,06164,,,,127.061031584621,37.5103536917228
MA010120220813132015,컨실리언스회계사·세무사·법무사·공인중개사사무소,,M1,과학·기술,M103,법무관련 ,M10303,법무사,M71103,법무사업,11,서울특별시,11680,강남구,11680580,삼성1동,1168010500,삼성동,1168010500101590001,1,대지,159,1,서울특별시 강남구 삼성동 159-1,116802122002,서울특별시 강남구 영동대로,511,,1168010500101590001016561,트레이드타워,서울특별시 강남구 영동대로 511,135729,06164,,33,,127.061031584621,37.5103536917228
MA010120220812812660,타이러스,,M1,과학·기술,M107,본사·경영 컨설팅,M10703,경영 컨설팅업,M71531,경영 컨설팅업,11,서울특별시,11680,강남구,11680580,삼성1동,1168010500,삼성동,1168010500101590001,1,대지,159,1,서울특별시 강남구 삼성동 159-1,116802122002,서울특별시 강남구 영동대로,511,,1168010500101590001016561,트레이드타워,서울특별시 강남구 영동대로 511,135729,06164,,,,127.061031584621,37.5103536917228
MA010120220808091917,피플케어,코리아,M1,과학·기술,M107,본사·경영 컨설팅,M10703,경영 컨설팅업,M71531,경영 컨설팅업,11,서울특별시,11680,강남구,11680580,삼성1동,1168010500,삼성동,1168010500101590001,1,대지,159,1,서울특별시 강남구 삼성동 159-1,116802122002,서울특별시 강남구 영동대로,511,,1168010500101590001016561,트레이드타워,서울특별시 강남구 영동대로 511,135729,06164,,27,,127.061031584621,37.5103536917228
MA010120220806966119,법무법인다움,,M1,과학·기술,M103,법무관련 ,M10301,변호사,M71101,변호사업,11,서울특별시,11680,강남구,11680580,삼성1동,1168010500,삼성동,1168010500101590001,1,대지,159,1,서울특별시 강남구 삼성동 159-1,116802122002,서울특별시 강남구 영동대로,511,,1168010500101590001016561,트레이드타워,서울특별시 강남구 영동대로 511,135729,06164,,45,,127.061031584621,37.5103536917228
MA010120220814019891,사피엔시아에쿼티파트너스,,M1,과학·기술,M107,본사·경영 컨설팅,M10703,경영 컨설팅업,M71531,경영 컨설팅업,11,서울특별시,11680,강남구,11680580,삼성1동,1168010500,삼성동,1168010500101590001,1,대지,159,1,서울특별시 강남구 삼성동 159-1,116802122002,서울특별시 강남구 영동대로,511,,1168010500101590001016561,트레이드타워,서울특별시 강남구 영동대로 511,135729,06164,,27,,127.061031584621,37.5103536917228
MA010120220806574519,법무법인차원,,M1,과학·기술,M103,법무관련 ,M10301,변호사,M71101,변호사업,11,서울특별시,11680,강남구,11680580,삼성1동,1168010500,삼성동,1168010500101590001,1,대지,159,1,서울특별시 강남구 삼성동 159-1,116802122002,서울특별시 강남구 영동대로,511,,1168010500101590001016561,트레이드타워,서울특별시 강남구 영동대로 511,135729,06164,,,,127.061031584621,37.5103536917228
MA010120220808011901,알지에프앤비,,M1,과학·기술,M107,본사·경영 컨설팅,M10703,경영 컨설팅업,M71531,경영 컨설팅업,11,서울특별시,11680,강남구,11680580,삼성1동,1168010500,삼성동,1168010500101590001,1,대지,159,1,서울특별시 강남구 삼성동 159-1,116802122002,서울특별시 강남구 영동대로,511,,1168010500101590001016561,트레이드타워,서울특별시 강남구 영동대로 511,135729,06164,,30,,127.061031584621,37.5103536917228
MA010120220806824925,법무법인울림,,M1,과학·기술,M103,법무관련 ,M10301,변호사,M71101,변호사업,11,서울특별시,11680,강남구,11680580,삼성1동,1168010500,삼성동,1168010500101590001,1,대지,159,1,서울특별시 강남구 삼성동 159-1,116802122002,서울특별시 강남구 영동대로,511,,1168010500101590001016561,트레이드,서울특별시 강남구 영동대로 511,135729,06164,,26,,127.061031584621,37.5103536917228
MA010120220809807971,이엘케이파트너스,,M1,과학·기술,M107,본사·경영 컨설팅,M10703,경영 컨설팅업,M71531,경영 컨설팅업,11,서울특별시,11680,강남구,11680580,삼성1동,1168010500,삼성동,1168010500101590001,1,대지,159,1,서울특별시 강남구 삼성동 159-1,116802122002,서울특별시 강남구 영동대로,511,,1168010500101590001016561,트레이드타워,서울특별시 강남구 영동대로 511,135729,06164,,33,,127.061031584621,37.5103536917228
MA010120220808498418,제이앤피글로벌컨설팅,,M1,과학·기술,M107,본사·경영 컨설팅,M10703,경영 컨설팅업,M71531,경영 컨설팅업,11,서울특별시,11680,강남구,11680610,대치2동,1168010600,대치동,1168010600109450000,1,대지,945,,서울특별시 강남구 대치동 945,116803122010,서울특별시 강남구 테헤란로,520,,1168010600109450000012103,삼안빌딩,서울특별시 강남구 테헤란로 520,135846,06181,,12,,127.061063453718,37.507821852319
MA0101202311A0028106,한국바른교육원격평생교육원,,P1,교육,P106,기타 교육,P10627,컴퓨터 학원,P85691,컴퓨터 학원,11,서울특별시,11680,강남구,11680610,대치2동,1168010600,대치동,1168010600109440029,1,대지,944,29,서울특별시 강남구 대치동 944-29,116804166701,서울특별시 강남구 영동대로85길,30,,1168010600109440029000001,은탑타워,서울특별시 강남구 영동대로85길 30,135846,06180,,8,,127.061107871677,37.5068127038912
MA010120220812204641,팀인터네셔날,,M1,과학·기술,M107,본사·경영 컨설팅,M10703,경영 컨설팅업,M71531,경영 컨설팅업,11,서울특별시,11680,강남구,11680610,대치2동,1168010600,대치동,1168010600109440029,1,대지,944,29,서울특별시 강남구 대치동 944-29,116804166701,서울특별시 강남구 영동대로85길,30,,1168010600109440029000001,은탑타워,서울특별시 강남구 영동대로85길 30,135846,06180,,7,,127.061107871677,37.5068127038912
MA010120220813119241,한국자격검정평가진흥원,,P1,교육,P106,기타 교육,P10625,기타 기술/직업 훈련학원,P85669,기타 기술 및 직업 훈련학원,11,서울특별시,11680,강남구,11680610,대치2동,1168010600,대치동,1168010600109440029,1,대지,944,29,서울특별시 강남구 대치동 944-29,116804166701,서울특별시 강남구 영동대로85길,30,,1168010600109440029000001,은탑타워,서울특별시 강남구 영동대로85길 30,135846,06180,,4,,127.061107871677,37.5068127038912
MA010120220808742722,울림더하기,,M1,과학·기술,M105,광고,M10501,광고 대행업,M71310,광고 대행업,11,서울특별시,11680,강남구,11680610,대치2동,1168010600,대치동,1168010600109440029,1,대지,944,29,서울특별시 강남구 대치동 944-29,116804166701,서울특별시 강남구 영동대로85길,30,,1168010600109440029000001,,서울특별시 강남구 영동대로85길 30,135846,06180,,6,,127.061107871677,37.5068127038912
MA010120220812728611,한국병원코디네이터협회,,P1,교육,P107,교육 지원,P10799,기타 교육지원 서비스업,P85709,기타 교육지원 서비스업,11,서울특별시,11680,강남구,11680610,대치2동,1168010600,대치동,1168010600109440029,1,대지,944,29,서울특별시 강남구 대치동 944-29,116804166701,서울특별시 강남구 영동대로85길,30,,1168010600109440029000001,은탑타워,서울특별시 강남구 영동대로85길 30,135846,06180,,4,,127.061107871677,37.5068127038912
MA010120220810301045,마라품격,,I2,음식,I202,중식,I20202,마라탕/훠궈,I56121,중식 음식점업,11,서울특별시,11680,강남구,11680610,대치2동,1168010600,대치동,1168010600109440029,1,대지,944,29,서울특별시 강남구 대치동 944-29,116804166701,서울특별시 강남구 영동대로85길,30,,1168010600109440029000001,,서울특별시 강남구 영동대로85길 30,135846,06180,,1,,127.061107871677,37.5068127038912
MA010120220806704532,한국자격검정평가교육원,,P1,교육,P106,기타 교육,P10625,기타 기술/직업 훈련학원,P85669,기타 기술 및 직업 훈련학원,11,서울특별시,11680,강남구,11680610,대치2동,1168010600,대치동,1168010600109440029,1,대지,944,29,서울특별시 강남구 대치동 944-29,116804166701,서울특별시 강남구 영동대로85길,30,,1168010600109440029000001,은탑타워,서울특별시 강남구 영동대로85길 30,135846,06180,,7,,127.061107871677,37.5068127038912
MA010120220812504521,이바우펫,,G2,소매,G220,애완동물·용품 소매,G22001,애완동물/애완용품 소매업,G47852,애완용 동물 및 관련용품 소매업,11,서울특별시,11680,강남구,11680610,대치2동,1168010600,대치동,1168010600109440020,1,대지,944,20,서울특별시 강남구 대치동 944-20,116804166768,서울특별시 강남구 테헤란로92길,14,,1168010600109440020012138,,서울특별시 강남구 테헤란로92길 14,135846,06180,,4,,127.061153288005,37.5070289215721
MA010120220814395879,트러스트벤처플러스,,M1,과학·기술,M107,본사·경영 컨설팅,M10703,경영 컨설팅업,M71531,경영 컨설팅업,11,서울특별시,11680,강남구,11680610,대치2동,1168010600,대치동,1168010600109440020,1,대지,944,20,서울특별시 강남구 대치동 944-20,116804166768,서울특별시 강남구 테헤란로92길,14,,1168010600109440020012138,동우리빌딩,서울특별시 강남구 테헤란로92길 14,135846,06180,,6,,127.061153288005,37.5070289215721
MA010120220812710164,셀렉토커피,삼성역점,I2,음식,I212,비알코올 ,I21201,카페,I56221,커피 전문점,11,서울특별시,11680,강남구,11680610,대치2동,1168010600,대치동,1168010600109440030,1,대지,944,30,서울특별시 강남구 대치동 944-30,116804166701,서울특별시 강남구 영동대로85길,28,,1168010600109440030000001,성원타워,서울특별시 강남구 영동대로85길 28,135846,06180,,1,,127.06125493827,37.5068576779674
MA0101202210A0004621,시스테마에이아이,코리아,M1,과학·기술,M107,본사·경영 컨설팅,M10703,경영 컨설팅업,M71531,경영 컨설팅업,11,서울특별시,11680,강남구,11680610,대치2동,1168010600,대치동,1168010600109440030,1,대지,944,30,서울특별시 강남구 대치동 944-30,116804166701,서울특별시 강남구 영동대로85길,28,,1168010600109440030000001,성원타워,서울특별시 강남구 영동대로85길 28,135846,06180,,6,,127.06125493827,37.5068576779674
MA0101202209A0060428,메가엠지씨커피삼성,중앙점,I2,음식,I212,비알코올 ,I21201,카페,I56221,커피 전문점,11,서울특별시,11680,강남구,11680610,대치2동,1168010600,대치동,1168010600109440030,1,대지,944,30,서울특별시 강남구 대치동 944-30,116804166701,서울특별시 강남구 영동대로85길,28,,1168010600109440030000001,성원타워,서울특별시 강남구 영동대로85길 28,135846,06180,,1,,127.06125493827,37.5068576779674
MA0101202406A0587684,법무법인엘프스,,M1,과학·기술,M103,법무관련 ,M10301,변호사,M71101,변호사업,11,서울특별시,11680,강남구,11680610,대치2동,1168010600,대치동,1168010600109450001,1,대지,945,1,서울특별시 강남구 대치동 945-1,116803122010,서울특별시 강남구 테헤란로,522,,1168010600109450001012097,,서울특별시 강남구 테헤란로 522,135846,06181,,5,,127.061346280839,37.5079118062538
MA0101202307A0089191,감탄커피,,I2,음식,I212,비알코올 ,I21201,카페,I56221,커피 전문점,11,서울특별시,11680,강남구,11680610,대치2동,1168010600,대치동,1168010600109450001,1,대지,945,1,서울특별시 강남구 대치동 945-1,116803122010,서울특별시 강남구 테헤란로,522,,1168010600109450001012097,홍우빌딩,서울특별시 강남구 테헤란로 522,135846,06181,,1,,127.061346280839,37.5079118062538
MA010120220813841632,크라우드에듀케이션,,P1,교육,P106,기타 교육,P10627,컴퓨터 학원,P85691,컴퓨터 학원,11,서울특별시,11680,강남구,11680610,대치2동,1168010600,대치동,1168010600109450001,1,대지,945,1,서울특별시 강남구 대치동 945-1,116803122010,서울특별시 강남구 테헤란로,522,,1168010600109450001012097,홍우빌딩,서울특별시 강남구 테헤란로 522,135846,06181,,7,,127.061346280839,37.5079118062538
MA0101202301A0058136,서울동남법무법인,,M1,과학·기술,M103,법무관련 ,M10301,변호사,M71101,변호사업,11,서울특별시,11680,강남구,11680610,대치2동,1168010600,대치동,1168010600109450001,1,대지,945,1,서울특별시 강남구 대치동 945-1,116803122010,서울특별시 강남구 테헤란로,522,,1168010600109450001012097,홍우빌딩,서울특별시 강남구 테헤란로 522,135846,06181,,7,,127.061346280839,37.5079118062538
MA010120220811510246,화기애애플라워&플랜트,,G2,소매,G219,식물 소매,G21901,꽃집,G47851,화초 및 식물 소매업,11,서울특별시,11680,강남구,11680610,대치2동,1168010600,대치동,1168010600109450001,1,대지,945,1,서울특별시 강남구 대치동 945-1,116803122010,서울특별시 강남구 테헤란로,522,,1168010600109450001012097,홍우빌딩,서울특별시 강남구 테헤란로 522,135846,06181,,1,,127.061346280839,37.5079118062538
MA010120220807803191,엘프스행정사사무소,,M1,과학·기술,M103,법무관련 ,M10306,행정사,M71109,기타 법무관련 서비스업,11,서울특별시,11680,강남구,11680610,대치2동,1168010600,대치동,1168010600109450001,1,대지,945,1,서울특별시 강남구 대치동 945-1,116803122010,서울특별시 강남구 테헤란로,522,,1168010600109450001012097,홍우빌딩,서울특별시 강남구 테헤란로 522,135846,06181,,5,,127.061346280839,37.5079118062538
MA010120220812757007,연화산,,I2,음식,I202,중식,I20201,중국집,I56121,중식 음식점업,11,서울특별시,11680,강남구,11680610,대치2동,1168010600,대치동,1168010600109450028,1,대지,945,28,서울특별시 강남구 대치동 945-28,116804166768,서울특별시 강남구 테헤란로92길,11,,1168010600109450028012125,지현빌딩,서울특별시 강남구 테헤란로92길 11,135846,06181,,2,,127.061368399578,37.5072991114817
MA0101202406A0365512,앤팔레트,,P1,교육,P107,교육 지원,P10799,기타 교육지원 서비스업,P85709,기타 교육지원 서비스업,11,서울특별시,11680,강남구,11680610,대치2동,1168010600,대치동,1168010600109450029,1,대지,945,29,서울특별시 강남구 대치동 945-29,116804166768,서울특별시 강남구 테헤란로92길,13,,1168010600109450029012132,코업레지던스,서울특별시 강남구 테헤란로92길 13,135846,06181,,,,127.061424839124,37.5071639314139
MA0101202406A0392699,남다른감자탕,삼성역점,I2,음식,I201,한식,I20102,국/탕/찌개류,I56111,한식 일반 음식점업,11,서울특별시,11680,강남구,11680610,대치2동,1168010600,대치동,1168010600109450029,1,대지,945,29,서울특별시 강남구 대치동 945-29,116804166768,서울특별시 강남구 테헤란로92길,13,,1168010600109450029012132,삼성역코업레지던스,서울특별시 강남구 테헤란로92길 13,135846,06181,,1,,127.061424839124,37.5071639314139
MA010120220812165244,네오플랜비,,M1,과학·기술,M109,기술 서비스,M10904,환경 관련 엔지니어링 서비스업,M72122,환경 관련 엔지니어링 서비스업,11,서울특별시,11680,강남구,11680610,대치2동,1168010600,대치동,1168010600109450029,1,대지,945,29,서울특별시 강남구 대치동 945-29,116804166768,서울특별시 강남구 테헤란로92길,13,,1168010600109450029012132,,서울특별시 강남구 테헤란로92길 13,135846,06181,,,,127.061424839124,37.5071639314139
MA010120220814145766,브이원메디,,M1,과학·기술,M105,광고,M10501,광고 대행업,M71310,광고 대행업,11,서울특별시,11680,강남구,11680610,대치2동,1168010600,대치동,1168010600109450025,1,대지,945,25,서울특별시 강남구 대치동 945-25,116804166769,서울특별시 강남구 테헤란로98길,6,9,1168010600109450025012112,티아이타워,서울특별시 강남구 테헤란로98길 6-9,135846,06181,,4,,127.0615609517,37.5076413931318
MA010120220809345856,엘앤케이스튜디오,,M1,과학·기술,M112,전문 디자인,M11201,인테리어 디자인업,M73201,인테리어 디자인업,11,서울특별시,11680,강남구,11680610,대치2동,1168010600,대치동,1168010600109450025,1,대지,945,25,서울특별시 강남구 대치동 945-25,116804166769,서울특별시 강남구 테헤란로98길,6,9,1168010600109450025012112,티아이타워,서울특별시 강남구 테헤란로98길 6-9,135846,06181,,3,,127.0615609517,37.5076413931318
MA010120220810374032,양지훈법률사무소,,M1,과학·기술,M103,법무관련 ,M10301,변호사,M71101,변호사업,11,서울특별시,11680,강남구,11680610,대치2동,1168010600,대치동,1168010600109450002,1,대지,945,2,서울특별시 강남구 대치동 945-2,116803122010,서울특별시 강남구 테헤란로,524,,1168010600109450002012095,세명빌딩,서울특별시 강남구 테헤란로 524,135846,06181,,10,,127.061595163343,37.5079837571196
MA010120220814187671,법무법인평천,,M1,과학·기술,M103,법무관련 ,M10301,변호사,M71101,변호사업,11,서울특별시,11680,강남구,11680610,대치2동,1168010600,대치동,1168010600109450002,1,대지,945,2,서울특별시 강남구 대치동 945-2,116803122010,서울특별시 강남구 테헤란로,524,,1168010600109450002012095,,서울특별시 강남구 테헤란로 524,135846,06181,,9,,127.061595163343,37.5079837571196
MA010120220806604480,더굿플랜,,M1,과학·기술,M107,본사·경영 컨설팅,M10703,경영 컨설팅업,M71531,경영 컨설팅업,11,서울특별시,11680,강남구,11680610,대치2동,1168010600,대치동,1168010600109450002,1,대지,945,2,서울특별시 강남구 대치동 945-2,116803122010,서울특별시 강남구 테헤란로,524,,1168010600109450002012095,삼성대세빌딩,서울특별시 강남구 테헤란로 524,135846,06181,,,,127.061595163343,37.5079837571196
MA010120220813512656,바른식당,,I2,음식,I201,한식,I20101,백반/한정식,I56111,한식 일반 음식점업,11,서울특별시,11680,강남구,11680610,대치2동,1168010600,대치동,1168010600109450024,1,대지,945,24,서울특별시 강남구 대치동 945-24,116804166701,서울특별시 강남구 영동대로85길,20,9,1168010600109450024026989,,서울특별시 강남구 영동대로85길 20-9,135846,06181,,1,,127.061606095876,37.5075242389682
MA010120220806624940,케이글로벌컴퍼니,,M1,과학·기술,M107,본사·경영 컨설팅,M10703,경영 컨설팅업,M71531,경영 컨설팅업,11,서울특별시,11680,강남구,11680610,대치2동,1168010600,대치동,1168010600109450023,1,대지,945,23,서울특별시 강남구 대치동 945-23,116804166701,서울특별시 강남구 영동대로85길,20,7,1168010600109450023012120,,서울특별시 강남구 영동대로85길 20-7,135846,06181,,4,,127.061617287475,37.5073800723549
MA010120220811916303,씨엔컨설팅,,M1,과학·기술,M107,본사·경영 컨설팅,M10703,경영 컨설팅업,M71531,경영 컨설팅업,11,서울특별시,11680,강남구,11680610,대치2동,1168010600,대치동,1168010600109450023,1,대지,945,23,서울특별시 강남구 대치동 945-23,116804166701,서울특별시 강남구 영동대로85길,20,7,1168010600109450023012120,우협빌딩,서울특별시 강남구 영동대로85길 20-7,135846,06181,,5,,127.061617287475,37.5073800723549
MA0101202308A0020919,카네이도,,M1,과학·기술,M112,전문 디자인,M11203,시각 디자인업,M73203,시각 디자인업,11,서울특별시,11680,강남구,11680610,대치2동,1168010600,대치동,1168010600109450023,1,대지,945,23,서울특별시 강남구 대치동 945-23,116804166701,서울특별시 강남구 영동대로85길,20,7,1168010600109450023012120,,서울특별시 강남구 영동대로85길 20-7,135846,06181,,5,,127.061617287475,37.5073800723549
MA010120220812562114,와이알코스,,G2,소매,G215,의약·화장품 소매,G21503,화장품 소매업,G47813,"화장품, 비누 및 방향제 소매업",11,서울특별시,11680,강남구,11680610,대치2동,1168010600,대치동,1168010600109450023,1,대지,945,23,서울특별시 강남구 대치동 945-23,116804166701,서울특별시 강남구 영동대로85길,20,7,1168010600109450023012120,우협빌딩,서울특별시 강남구 영동대로85길 20-7,135846,06181,,4,,127.061617287475,37.5073800723549
MA010120220806945678,씨앤씨파이브,,M1,과학·기술,M107,본사·경영 컨설팅,M10703,경영 컨설팅업,M71531,경영 컨설팅업,11,서울특별시,11680,강남구,11680610,대치2동,1168010600,대치동,1168010600109450023,1,대지,945,23,서울특별시 강남구 대치동 945-23,116804166701,서울특별시 강남구 영동대로85길,20,7,1168010600109450023012120,우협빌딩,서울특별시 강남구 영동대로85길 20-7,135846,06181,,4,,127.061617287475,37.5073800723549
MA010120220812921385,폴루스에쿼티파트너스,,M1,과학·기술,M107,본사·경영 컨설팅,M10703,경영 컨설팅업,M71531,경영 컨설팅업,11,서울특별시,11680,강남구,11680610,대치2동,1168010600,대치동,1168010600109450023,1,대지,945,23,서울특별시 강남구 대치동 945-23,116804166701,서울특별시 강남구 영동대로85길,20,7,1168010600109450023012120,,서울특별시 강남구 영동대로85길 20-7,135846,06181,,5,,127.061617287475,37.5073800723549
MA010120220810007140,에이치앤엘인베스트,,L1,부동산,L102,부동산 서비스,L10203,부동산 중개/대리업,L68221,부동산 중개 및 대리업,11,서울특별시,11680,강남구,11680610,대치2동,1168010600,대치동,1168010600109450023,1,대지,945,23,서울특별시 강남구 대치동 945-23,116804166701,서울특별시 강남구 영동대로85길,20,7,1168010600109450023012120,우협빌딩,서울특별시 강남구 영동대로85길 20-7,135846,06181,,4,,127.061617287475,37.5073800723549
MA0101202211A0022566,메디치컨설팅,,M1,과학·기술,M107,본사·경영 컨설팅,M10703,경영 컨설팅업,M71531,경영 컨설팅업,11,서울특별시,11680,강남구,11680610,대치2동,1168010600,대치동,1168010600109450023,1,대지,945,23,서울특별시 강남구 대치동 945-23,116804166701,서울특별시 강남구 영동대로85길,20,7,1168010600109450023012120,대치동우협빌딩,서울특별시 강남구 영동대로85길 20-7,135846,06181,,4,,127.061617287475,37.5073800723549
MA0101202306A0096464,블루에이블,,M1,과학·기술,M107,본사·경영 컨설팅,M10703,경영 컨설팅업,M71531,경영 컨설팅업,11,서울특별시,11680,강남구,11680610,대치2동,1168010600,대치동,1168010600109450023,1,대지,945,23,서울특별시 강남구 대치동 945-23,116804166701,서울특별시 강남구 영동대로85길,20,7,1168010600109450023012120,우협빌딩,서울특별시 강남구 영동대로85길 20-7,135846,06181,,5,,127.061617287475,37.5073800723549
MA0101202406A0529151,코브,코리아,M1,과학·기술,M107,본사·경영 컨설팅,M10703,경영 컨설팅업,M71531,경영 컨설팅업,11,서울특별시,11680,강남구,11680610,대치2동,1168010600,대치동,1168010600109450023,1,대지,945,23,서울특별시 강남구 대치동 945-23,116804166701,서울특별시 강남구 영동대로85길,20,7,1168010600109450023012120,,서울특별시 강남구 영동대로85길 20-7,135846,06181,,5,,127.061617287475,37.5073800723549
MA010120220810969126,티엠그로스,,M1,과학·기술,M107,본사·경영 컨설팅,M10703,경영 컨설팅업,M71531,경영 컨설팅업,11,서울특별시,11680,강남구,11680610,대치2동,1168010600,대치동,1168010600109450023,1,대지,945,23,서울특별시 강남구 대치동 945-23,116804166701,서울특별시 강남구 영동대로85길,20,7,1168010600109450023012120,우협빌딩,서울특별시 강남구 영동대로85길 20-7,135846,06181,,5,,127.061617287475,37.5073800723549
MA010120220811816836,부루나,,L1,부동산,L102,부동산 서비스,L10203,부동산 중개/대리업,L68221,부동산 중개 및 대리업,11,서울특별시,11680,강남구,11680610,대치2동,1168010600,대치동,1168010600109450023,1,대지,945,23,서울특별시 강남구 대치동 945-23,116804166701,서울특별시 강남구 영동대로85길,20,7,1168010600109450023012120,우협빌딩,서울특별시 강남구 영동대로85길 20-7,135846,06181,,4,,127.061617287475,37.5073800723549
MA010120220813337528,오하,,M1,과학·기술,M107,본사·경영 컨설팅,M10703,경영 컨설팅업,M71531,경영 컨설팅업,11,서울특별시,11680,강남구,11680610,대치2동,1168010600,대치동,1168010600109450023,1,대지,945,23,서울특별시 강남구 대치동 945-23,116804166701,서울특별시 강남구 영동대로85길,20,7,1168010600109450023012120,,서울특별시 강남구 영동대로85길 20-7,135846,06181,,4,,127.061617287475,37.5073800723549
MA0101202211A0006094,이카루스,,M1,과학·기술,M107,본사·경영 컨설팅,M10703,경영 컨설팅업,M71531,경영 컨설팅업,11,서울특별시,11680,강남구,11680610,대치2동,1168010600,대치동,1168010600109450023,1,대지,945,23,서울특별시 강남구 대치동 945-23,116804166701,서울특별시 강남구 영동대로85길,20,7,1168010600109450023012120,,서울특별시 강남구 영동대로85길 20-7,135846,06181,,4,,127.061617287475,37.5073800723549
MA010120220809927566,리아메드,,M1,과학·기술,M107,본사·경영 컨설팅,M10703,경영 컨설팅업,M71531,경영 컨설팅업,11,서울특별시,11680,강남구,11680610,대치2동,1168010600,대치동,1168010600109450023,1,대지,945,23,서울특별시 강남구 대치동 945-23,116804166701,서울특별시 강남구 영동대로85길,20,7,1168010600109450023012120,우협빌딩,서울특별시 강남구 영동대로85길 20-7,135846,06181,,5,,127.061617287475,37.5073800723549
MA0101202212A0065946,다온아이앤지,,N1,시설관리·임대,N104,고용 알선,N10402,임시/일용 인력 공급업,N75121,임시 및 일용 인력 공급업,11,서울특별시,11680,강남구,11680610,대치2동,1168010600,대치동,1168010600109450023,1,대지,945,23,서울특별시 강남구 대치동 945-23,116804166701,서울특별시 강남구 영동대로85길,20,7,1168010600109450023012120,우협빌딩,서울특별시 강남구 영동대로85길 20-7,135846,06181,,,,127.061617287475,37.5073800723549
MA0101202212A0024848,오우현,,L1,부동산,L102,부동산 서비스,L10203,부동산 중개/대리업,L68221,부동산 중개 및 대리업,11,서울특별시,11680,강남구,11680610,대치2동,1168010600,대치동,1168010600109450023,1,대지,945,23,서울특별시 강남구 대치동 945-23,116804166701,서울특별시 강남구 영동대로85길,20,7,1168010600109450023012120,우협빌딩,서울특별시 강남구 영동대로85길 20-7,135846,06181,,,,127.061617287475,37.5073800723549
MA0101202302A0050146,그린카프파트너스,,M1,과학·기술,M107,본사·경영 컨설팅,M10703,경영 컨설팅업,M71531,경영 컨설팅업,11,서울특별시,11680,강남구,11680610,대치2동,1168010600,대치동,1168010600109450023,1,대지,945,23,서울특별시 강남구 대치동 945-23,116804166701,서울특별시 강남구 영동대로85길,20,7,1168010600109450023012120,우협빌딩,서울특별시 강남구 영동대로85길 20-7,135846,06181,,4,,127.061617287475,37.5073800723549
MA0101202302A0044631,바잉글로벌,,M1,과학·기술,M107,본사·경영 컨설팅,M10703,경영 컨설팅업,M71531,경영 컨설팅업,11,서울특별시,11680,강남구,11680610,대치2동,1168010600,대치동,1168010600109450023,1,대지,945,23,서울특별시 강남구 대치동 945-23,116804166701,서울특별시 강남구 영동대로85길,20,7,1168010600109450023012120,,서울특별시 강남구 영동대로85길 20-7,135846,06181,,4,,127.061617287475,37.5073800723549
MA010120220814177854,유니컴솔루션파트너스,,M1,과학·기술,M107,본사·경영 컨설팅,M10703,경영 컨설팅업,M71531,경영 컨설팅업,11,서울특별시,11680,강남구,11680610,대치2동,1168010600,대치동,1168010600109450023,1,대지,945,23,서울특별시 강남구 대치동 945-23,116804166701,서울특별시 강남구 영동대로85길,20,7,1168010600109450023012120,우협빌딩,서울특별시 강남구 영동대로85길 20-7,135846,06181,,5,,127.061617287475,37.5073800723549
MA010120220809918517,그로우앤,,P1,교육,P107,교육 지원,P10799,기타 교육지원 서비스업,P85709,기타 교육지원 서비스업,11,서울특별시,11680,강남구,11680610,대치2동,1168010600,대치동,1168010600109450023,1,대지,945,23,서울특별시 강남구 대치동 945-23,116804166701,서울특별시 강남구 영동대로85길,20,7,1168010600109450023012120,우협빌딩,서울특별시 강남구 영동대로85길 20-7,135846,06181,,5,,127.061617287475,37.5073800723549
MA010120220811766677,닛시디벨롭먼트,,M1,과학·기술,M107,본사·경영 컨설팅,M10703,경영 컨설팅업,M71531,경영 컨설팅업,11,서울특별시,11680,강남구,11680610,대치2동,1168010600,대치동,1168010600109450023,1,대지,945,23,서울특별시 강남구 대치동 945-23,116804166701,서울특별시 강남구 영동대로85길,20,7,1168010600109450023012120,,서울특별시 강남구 영동대로85길 20-7,135846,06181,,4,,127.061617287475,37.5073800723549
MA010120220813128898,광짱,,G2,소매,G209,섬유·의복·신발 소매,G20905,기타 의류 소매업,G47414,셔츠 및 블라우스 소매업,11,서울특별시,11680,강남구,11680610,대치2동,1168010600,대치동,1168010600109450023,1,대지,945,23,서울특별시 강남구 대치동 945-23,116804166701,서울특별시 강남구 영동대로85길,20,7,1168010600109450023012120,,서울특별시 강남구 영동대로85길 20-7,135846,06181,,5,,127.061617287475,37.5073800723549
MA010120220814247562,다온에이전시,,N1,시설관리·임대,N104,고용 알선,N10402,임시/일용 인력 공급업,N75121,임시 및 일용 인력 공급업,11,서울특별시,11680,강남구,11680610,대치2동,1168010600,대치동,1168010600109450023,1,대지,945,23,서울특별시 강남구 대치동 945-23,116804166701,서울특별시 강남구 영동대로85길,20,7,1168010600109450023012120,우협빌딩,서울특별시 강남구 영동대로85길 20-7,135846,06181,,5,,127.061617287475,37.5073800723549
MA010120220811223408,디엑스피건축,,M1,과학·기술,M109,기술 서비스,M10901,건축 설계 및 관련 서비스업,M72111,건축 설계 및 관련 서비스업,11,서울특별시,11680,강남구,11680610,대치2동,1168010600,대치동,1168010600109450023,1,대지,945,23,서울특별시 강남구 대치동 945-23,116804166701,서울특별시 강남구 영동대로85길,20,7,1168010600109450023012120,우협빌딩,서울특별시 강남구 영동대로85길 20-7,135846,06181,,5,,127.061617287475,37.5073800723549
MA010120220811927081,서호,,M1,과학·기술,M107,본사·경영 컨설팅,M10703,경영 컨설팅업,M71531,경영 컨설팅업,11,서울특별시,11680,강남구,11680610,대치2동,1168010600,대치동,1168010600109450023,1,대지,945,23,서울특별시 강남구 대치동 945-23,116804166701,서울특별시 강남구 영동대로85길,20,7,1168010600109450023012120,우협빌딩,서울특별시 강남구 영동대로85길 20-7,135846,06181,,5,,127.061617287475,37.5073800723549
MA010120220808062303,데우스콘코르디아이,,M1,과학·기술,M107,본사·경영 컨설팅,M10703,경영 컨설팅업,M71531,경영 컨설팅업,11,서울특별시,11680,강남구,11680610,대치2동,1168010600,대치동,1168010600109450023,1,대지,945,23,서울특별시 강남구 대치동 945-23,116804166701,서울특별시 강남구 영동대로85길,20,7,1168010600109450023012120,,서울특별시 강남구 영동대로85길 20-7,135846,06181,,4,,127.061617287475,37.5073800723549
MA010120220809151393,에스에스씨글로벌,,G2,소매,G205,식료품 소매,G20508,건강보조식품 소매업,M71531,경영 컨설팅업,11,서울특별시,11680,강남구,11680610,대치2동,1168010600,대치동,1168010600109450023,1,대지,945,23,서울특별시 강남구 대치동 945-23,116804166701,서울특별시 강남구 영동대로85길,20,7,1168010600109450023012120,우협빌딩,서울특별시 강남구 영동대로85길 20-7,135846,06181,,4,,127.061617287475,37.5073800723549
MA010120220806494012,이더블유이,코리아,M1,과학·기술,M107,본사·경영 컨설팅,M10703,경영 컨설팅업,M71531,경영 컨설팅업,11,서울특별시,11680,강남구,11680610,대치2동,1168010600,대치동,1168010600109450023,1,대지,945,23,서울특별시 강남구 대치동 945-23,116804166701,서울특별시 강남구 영동대로85길,20,7,1168010600109450023012120,우협빌딩,서울특별시 강남구 영동대로85길 20-7,135846,06181,,5,,127.061617287475,37.5073800723549
MA010120220814117879,옐로케이컴퍼니,,M1,과학·기술,M107,본사·경영 컨설팅,M10703,경영 컨설팅업,M71531,경영 컨설팅업,11,서울특별시,11680,강남구,11680610,대치2동,1168010600,대치동,1168010600109450023,1,대지,945,23,서울특별시 강남구 대치동 945-23,116804166701,서울특별시 강남구 영동대로85길,20,7,1168010600109450023012120,우협빌딩,서울특별시 강남구 영동대로85길 20-7,135846,06181,,4,,127.061617287475,37.5073800723549
MA010120220807156027,헤르셔,,L1,부동산,L102,부동산 서비스,L10203,부동산 중개/대리업,L68221,부동산 중개 및 대리업,11,서울특별시,11680,강남구,11680610,대치2동,1168010600,대치동,1168010600109450023,1,대지,945,23,서울특별시 강남구 대치동 945-23,116804166701,서울특별시 강남구 영동대로85길,20,7,1168010600109450023012120,우협빌딩,서울특별시 강남구 영동대로85길 20-7,135846,06181,,4,,127.061617287475,37.5073800723549
MA010120220813664486,세라핌파트너스,,M1,과학·기술,M107,본사·경영 컨설팅,M10703,경영 컨설팅업,M71531,경영 컨설팅업,11,서울특별시,11680,강남구,11680610,대치2동,1168010600,대치동,1168010600109450023,1,대지,945,23,서울특별시 강남구 대치동 945-23,116804166701,서울특별시 강남구 영동대로85길,20,7,1168010600109450023012120,우협빌딩,서울특별시 강남구 영동대로85길 20-7,135846,06181,,5,,127.061617287475,37.5073800723549
MA010120220812304244,디엑스피건축사사무소,,M1,과학·기술,M109,기술 서비스,M10901,건축 설계 및 관련 서비스업,M72111,건축 설계 및 관련 서비스업,11,서울특별시,11680,강남구,11680610,대치2동,1168010600,대치동,1168010600109450023,1,대지,945,23,서울특별시 강남구 대치동 945-23,116804166701,서울특별시 강남구 영동대로85길,20,7,1168010600109450023012120,우협빌딩,서울특별시 강남구 영동대로85길 20-7,135846,06181,,4,,127.061617287475,37.5073800723549
MA010120220812375127,보투아,,G2,소매,G209,섬유·의복·신발 소매,G20905,기타 의류 소매업,G47414,셔츠 및 블라우스 소매업,11,서울특별시,11680,강남구,11680610,대치2동,1168010600,대치동,1168010600109450023,1,대지,945,23,서울특별시 강남구 대치동 945-23,116804166701,서울특별시 강남구 영동대로85길,20,7,1168010600109450023012120,우협빌딩,서울특별시 강남구 영동대로85길 20-7,135846,06181,,5,,127.061617287475,37.5073800723549
MA010120220806844126,세무회계바로,,M1,과학·기술,M104,회계·세무,M10402,세무사,M71202,세무사업,11,서울특별시,11680,강남구,11680610,대치2동,1168010600,대치동,1168010600109450020,1,대지,945,20,서울특별시 강남구 대치동 945-20,116804166701,서울특별시 강남구 영동대로85길,20,,1168010600109450020012140,대치3차,서울특별시 강남구 영동대로85길 20,135846,06181,,3,,127.06168485875,37.5070286451821
MA0101202309A0028148,컴포즈커피삼성,대치점,I2,음식,I212,비알코올 ,I21201,카페,I56221,커피 전문점,11,서울특별시,11680,강남구,11680610,대치2동,1168010600,대치동,1168010600109450020,1,대지,945,20,서울특별시 강남구 대치동 945-20,116804166701,서울특별시 강남구 영동대로85길,20,,1168010600109450020012140,호대치3차,서울특별시 강남구 영동대로85길 20,135846,06181,,1,,127.06168485875,37.5070286451821
MA010120220806659079,매머드익스프레스삼성현백사옥점,,I2,음식,I212,비알코올 ,I21201,카페,I56221,커피 전문점,11,서울특별시,11680,강남구,11680610,대치2동,1168010600,대치동,1168010600109450020,1,대지,945,20,서울특별시 강남구 대치동 945-20,116804166701,서울특별시 강남구 영동대로85길,20,,1168010600109450020012140,,서울특별시 강남구 영동대로85길 20,135846,06181,,1,,127.06168485875,37.5070286451821
MA0101202307A0063910,유주필라테스,,P1,교육,P106,기타 교육,P10603,요가/필라테스 학원,P85612,기타 스포츠 교육기관,11,서울특별시,11680,강남구,11680610,대치2동,1168010600,대치동,1168010600109450020,1,대지,945,20,서울특별시 강남구 대치동 945-20,116804166701,서울특별시 강남구 영동대로85길,20,,1168010600109450020012140,대치3차,서울특별시 강남구 영동대로85길 20,135846,06181,,15,,127.06168485875,37.5070286451821
MA010120220808622194,피피씨씨,,M1,과학·기술,M109,기술 서비스,M10999,기타 엔지니어링 서비스업,M72129,기타 엔지니어링 서비스업,11,서울특별시,11680,강남구,11680610,대치2동,1168010600,대치동,1168010600109450020,1,대지,945,20,서울특별시 강남구 대치동 945-20,116804166701,서울특별시 강남구 영동대로85길,20,,1168010600109450020012140,,서울특별시 강남구 영동대로85길 20,135846,06181,,,,127.06168485875,37.5070286451821
MA0101202211A0029501,에스와이에이치2글로벌,,M1,과학·기술,M107,본사·경영 컨설팅,M10703,경영 컨설팅업,M71531,경영 컨설팅업,11,서울특별시,11680,강남구,11680610,대치2동,1168010600,대치동,1168010600109450020,1,대지,945,20,서울특별시 강남구 대치동 945-20,116804166701,서울특별시 강남구 영동대로85길,20,,1168010600109450020012140,대치3차,서울특별시 강남구 영동대로85길 20,135846,06181,,,,127.06168485875,37.5070286451821
MA0101202305A0156745,뉴엔아이피,,M1,과학·기술,M115,기타 전문 과학,M11504,사업/무형 재산권 중개업,M73903,사업 및 무형 재산권 중개업,11,서울특별시,11680,강남구,11680610,대치2동,1168010600,대치동,1168010600109450020,1,대지,945,20,서울특별시 강남구 대치동 945-20,116804166701,서울특별시 강남구 영동대로85길,20,,1168010600109450020012140,대치3차,서울특별시 강남구 영동대로85길 20,135846,06181,,3,,127.06168485875,37.5070286451821
MA010120220813156363,철이골프피팅,,G2,소매,G213,오락용품 소매,G21304,운동용품 소매업,G47631,운동 및 경기용품 소매업,11,서울특별시,11680,강남구,11680610,대치2동,1168010600,대치동,1168010600109450020,1,대지,945,20,서울특별시 강남구 대치동 945-20,116804166701,서울특별시 강남구 영동대로85길,20,,1168010600109450020012140,대치3차,서울특별시 강남구 영동대로85길 20,135846,06181,,1,,127.06168485875,37.5070286451821
MA010120220814296891,알에이치플러스파트너스,,N1,시설관리·임대,N110,가정용품 대여,N11001,스포츠/레크리에이션 용품 대여업,N76210,스포츠 및 레크리에이션 용품 임대업,11,서울특별시,11680,강남구,11680610,대치2동,1168010600,대치동,1168010600109450020,1,대지,945,20,서울특별시 강남구 대치동 945-20,116804166701,서울특별시 강남구 영동대로85길,20,,1168010600109450020012140,대치3차,서울특별시 강남구 영동대로85길 20,135846,06181,,1,,127.06168485875,37.5070286451821
MA010120220813051768,직화한상,삼성역점,I2,음식,I201,한식,I20101,백반/한정식,I56111,한식 일반 음식점업,11,서울특별시,11680,강남구,11680610,대치2동,1168010600,대치동,1168010600109450020,1,대지,945,20,서울특별시 강남구 대치동 945-20,116804166701,서울특별시 강남구 영동대로85길,20,,1168010600109450020012140,,서울특별시 강남구 영동대로85길 20,135846,06181,,1,,127.06168485875,37.5070286451821
MA010120220813020876,리치베이,,M1,과학·기술,M105,광고,M10501,광고 대행업,M71310,광고 대행업,11,서울특별시,11680,강남구,11680610,대치2동,1168010600,대치동,1168010600109450022,1,대지,945,22,서울특별시 강남구 대치동 945-22,116804166701,서울특별시 강남구 영동대로85길,20,5,1168010600109450022012124,수륙빌딩,서울특별시 강남구 영동대로85길 20-5,135846,06181,,3,,127.061707686443,37.50728091463
MA0101202406A0241123,오구오구,,I2,음식,I201,한식,I20101,백반/한정식,I56111,한식 일반 음식점업,11,서울특별시,11680,강남구,11680610,대치2동,1168010600,대치동,1168010600109450021,1,대지,945,21,서울특별시 강남구 대치동 945-21,116804166701,서울특별시 강남구 영동대로85길,20,3,1168010600109450021012131,,서울특별시 강남구 영동대로85길 20-3,135846,06181,,2,,127.061775472519,37.5071907787113
MA0101202308A0024684,사이공키친,,I2,음식,I205,동남아시아,I20501,베트남식 전문,I56129,기타 외국식 음식점업,11,서울특별시,11680,강남구,11680610,대치2동,1168010600,대치동,1168010600109450021,1,대지,945,21,서울특별시 강남구 대치동 945-21,116804166701,서울특별시 강남구 영동대로85길,20,3,1168010600109450021012131,,서울특별시 강남구 영동대로85길 20-3,135846,06181,,1,,127.061775472519,37.5071907787113
MA010120220810024682,아리아요가대치,삼성점,P1,교육,P106,기타 교육,P10603,요가/필라테스 학원,P85612,기타 스포츠 교육기관,11,서울특별시,11680,강남구,11680610,대치2동,1168010600,대치동,1168010600109450021,1,대지,945,21,서울특별시 강남구 대치동 945-21,116804166701,서울특별시 강남구 영동대로85길,20,3,1168010600109450021012131,,서울특별시 강남구 영동대로85길 20-3,135846,06181,,4,,127.061775472519,37.5071907787113
MA010120220808979102,영동갈비살,,I2,음식,I201,한식,I20107,돼지고기 구이/찜,I56113,한식 육류 요리 전문점,11,서울특별시,11680,강남구,11680610,대치2동,1168010600,대치동,1168010600109450021,1,대지,945,21,서울특별시 강남구 대치동 945-21,116804166701,서울특별시 강남구 영동대로85길,20,3,1168010600109450021012131,,서울특별시 강남구 영동대로85길 20-3,135846,06181,,1,,127.061775472519,37.5071907787113
MA010120220809759354,우정OA,,R1,예술·스포츠,R102,도서관·사적지,R10202,독서실/스터디 카페,R90212,독서실 운영업,11,서울특별시,11680,강남구,11680610,대치2동,1168010600,대치동,1168010600109510002,1,대지,951,2,서울특별시 강남구 대치동 951-2,116804166701,서울특별시 강남구 영동대로85길,19,,1168010600109510002012145,,서울특별시 강남구 영동대로85길 19,135847,06183,,4,,127.061933493007,37.5068032638511
MA0101202308A0103673,다온,,G2,소매,G212,기타 생활용품 소매,G21202,주방/가정용품 소매업,G47599,그 외 기타 분류 안된 가정용품 소매업,11,서울특별시,11680,강남구,11680610,대치2동,1168010600,대치동,1168010600109450005,1,대지,945,5,서울특별시 강남구 대치동 945-5,116803122010,서울특별시 강남구 테헤란로,528,,1168010600109450005000001,슈페리어타워,서울특별시 강남구 테헤란로 528,135846,06181,,10,,127.061991108347,37.5080916705636
MA010120220809294967,세이지의원,,Q1,보건의료,Q102,의원,Q10204,피부/비뇨기과 의원,Q86201,일반의원,11,서울특별시,11680,강남구,11680610,대치2동,1168010600,대치동,1168010600109450005,1,대지,945,5,서울특별시 강남구 대치동 945-5,116803122010,서울특별시 강남구 테헤란로,528,,1168010600109450005000001,슈페리어타워,서울특별시 강남구 테헤란로 528,135846,06181,,10,,127.061991108347,37.5080916705636
MA010120220814273806,리엔케이삼성,대리점,S2,수리·개인,S207,이용·미용,S20702,피부 관리실,S96113,피부 미용업,11,서울특별시,11680,강남구,11680610,대치2동,1168010600,대치동,1168010600109450005,1,대지,945,5,서울특별시 강남구 대치동 945-5,116803122010,서울특별시 강남구 테헤란로,528,,1168010600109450005000001,슈페리어타워,서울특별시 강남구 테헤란로 528,135846,06181,,9,,127.061991108347,37.5080916705636
MA010120220806702951,리트머스성형외과,,Q1,보건의료,Q102,의원,Q10208,성형외과 의원,Q86201,일반의원,11,서울특별시,11680,강남구,11680610,대치2동,1168010600,대치동,1168010600109450005,1,대지,945,5,서울특별시 강남구 대치동 945-5,116803122010,서울특별시 강남구 테헤란로,528,,1168010600109450005000001,슈페리어타워,서울특별시 강남구 테헤란로 528,135846,06181,,13,,127.061991108347,37.5080916705636
MA010120220806685415,에이케이티케이,,M1,과학·기술,M107,본사·경영 컨설팅,M10703,경영 컨설팅업,M71531,경영 컨설팅업,11,서울특별시,11680,강남구,11680610,대치2동,1168010600,대치동,1168010600109450005,1,대지,945,5,서울특별시 강남구 대치동 945-5,116803122010,서울특별시 강남구 테헤란로,528,,1168010600109450005000001,슈페리어타워,서울특별시 강남구 테헤란로 528,135846,06181,,13,,127.061991108347,37.5080916705636
MA010120220814122937,에스이오앤컴퍼니,,M1,과학·기술,M114,인쇄·제품제작,M11401,명함/간판/광고물 제작,C33910,간판 및 광고물 제조업,11,서울특별시,11680,강남구,11680610,대치2동,1168010600,대치동,1168010600109450010,1,대지,945,10,서울특별시 강남구 대치동 945-10,116804166769,서울특별시 강남구 테헤란로98길,8,,1168010600109450010000001,대치타워,서울특별시 강남구 테헤란로98길 8,135846,06181,,3,,127.06201338584,37.5076771966704
MA010120220810269970,메드커피,,I2,음식,I212,비알코올 ,I21201,카페,I56221,커피 전문점,11,서울특별시,11680,강남구,11680610,대치2동,1168010600,대치동,1168010600109450010,1,대지,945,10,서울특별시 강남구 대치동 945-10,116804166769,서울특별시 강남구 테헤란로98길,8,,1168010600109450010000001,KOSM,서울특별시 강남구 테헤란로98길 8,135846,06181,,1,,127.06201338584,37.5076771966704
MA010120220814176112,패스컨설팅센터대치,,P1,교육,P107,교육 지원,P10701,교육컨설팅업,P85701,교육관련 자문 및 평가업,11,서울특별시,11680,강남구,11680610,대치2동,1168010600,대치동,1168010600109450010,1,대지,945,10,서울특별시 강남구 대치동 945-10,116804166769,서울특별시 강남구 테헤란로98길,8,,1168010600109450010000001,대치타워,서울특별시 강남구 테헤란로98길 8,135846,06181,,3,,127.06201338584,37.5076771966704
MA010120220808032325,밀리엠,,M1,과학·기술,M112,전문 디자인,M11201,인테리어 디자인업,M73201,인테리어 디자인업,11,서울특별시,11680,강남구,11680610,대치2동,1168010600,대치동,1168010600109450010,1,대지,945,10,서울특별시 강남구 대치동 945-10,116804166769,서울특별시 강남구 테헤란로98길,8,,1168010600109450010000001,대치타워,서울특별시 강남구 테헤란로98길 8,135846,06181,,3,,127.06201338584,37.5076771966704
MA010120220808472043,체스터톤스,코리아,M1,과학·기술,M107,본사·경영 컨설팅,M10703,경영 컨설팅업,M71531,경영 컨설팅업,11,서울특별시,11680,강남구,11680610,대치2동,1168010600,대치동,1168010600109450010,1,대지,945,10,서울특별시 강남구 대치동 945-10,116804166769,서울특별시 강남구 테헤란로98길,8,,1168010600109450010000001,케이티엔지대치타워,서울특별시 강남구 테헤란로98길 8,135846,06181,,3,,127.06201338584,37.5076771966704
MA010120220808492900,체스터톤스,,M1,과학·기술,M107,본사·경영 컨설팅,M10703,경영 컨설팅업,M71531,경영 컨설팅업,11,서울특별시,11680,강남구,11680610,대치2동,1168010600,대치동,1168010600109450010,1,대지,945,10,서울특별시 강남구 대치동 945-10,116804166769,서울특별시 강남구 테헤란로98길,8,,1168010600109450010000001,대치타워,서울특별시 강남구 테헤란로98길 8,135846,06181,,3,,127.06201338584,37.5076771966704
MA010120220812597572,더윤,,G2,소매,G215,의약·화장품 소매,G21503,화장품 소매업,G47813,"화장품, 비누 및 방향제 소매업",11,서울특별시,11680,강남구,11680610,대치2동,1168010600,대치동,1168010600109460000,1,대지,946,,서울특별시 강남구 대치동 946,116803122010,서울특별시 강남구 테헤란로,532,,1168010600109460000012080,,서울특별시 강남구 테헤란로 532,135846,06181,,3,,127.062273952566,37.5081996423581
MA010120220806462294,자기치아살리기삼성플란트치과의원,,Q1,보건의료,Q102,의원,Q10210,치과의원,Q86202,치과의원,11,서울특별시,11680,강남구,11680610,대치2동,1168010600,대치동,1168010600109460000,1,대지,946,,서울특별시 강남구 대치동 946,116803122010,서울특별시 강남구 테헤란로,532,,1168010600109460000012080,,서울특별시 강남구 테헤란로 532,135846,06181,,2,,127.062273952566,37.5081996423581
MA0101202406A0121694,한국촌,,I2,음식,I201,한식,I20101,백반/한정식,I56111,한식 일반 음식점업,11,서울특별시,11680,강남구,11680610,대치2동,1168010600,대치동,1168010600109500000,1,대지,950,,서울특별시 강남구 대치동 950,116804166701,서울특별시 강남구 영동대로85길,17,,1168010600109500000027442,우정에쉐르,서울특별시 강남구 영동대로85길 17,135847,06183,,1,,127.062284162324,37.5068751598688
MA010120220806533018,영동유학,,P1,교육,P107,교육 지원,P10799,기타 교육지원 서비스업,P85709,기타 교육지원 서비스업,11,서울특별시,11680,강남구,11680610,대치2동,1168010600,대치동,1168010600109500000,1,대지,950,,서울특별시 강남구 대치동 950,116804166701,서울특별시 강남구 영동대로85길,17,,1168010600109500000027442,우정에쉐르,서울특별시 강남구 영동대로85길 17,135847,06183,,3,,127.062284162324,37.5068751598688
MA010120220809836950,우일식당,,I2,음식,I201,한식,I20101,백반/한정식,I56111,한식 일반 음식점업,11,서울특별시,11680,강남구,11680610,대치2동,1168010600,대치동,1168010600109500000,1,대지,950,,서울특별시 강남구 대치동 950,116804166701,서울특별시 강남구 영동대로85길,17,,1168010600109500000027442,우정에쉐르,서울특별시 강남구 영동대로85길 17,135847,06183,,1,,127.062284162324,37.5068751598688
MA010120220811696387,자산운용진,,L1,부동산,L102,부동산 서비스,L10203,부동산 중개/대리업,L68221,부동산 중개 및 대리업,11,서울특별시,11680,강남구,11680610,대치2동,1168010600,대치동,1168010600109450015,1,대지,945,15,서울특별시 강남구 대치동 945-15,116804166769,서울특별시 강남구 테헤란로98길,16,,1168010600109450015012126,,서울특별시 강남구 테헤란로98길 16,135846,06181,,7,,127.062363647073,37.5072535399926
MA010120220808579092,하이보,,I2,음식,I202,중식,I20201,중국집,I56121,중식 음식점업,11,서울특별시,11680,강남구,11680610,대치2동,1168010600,대치동,1168010600109500001,1,대지,950,1,서울특별시 강남구 대치동 950-1,116804166701,서울특별시 강남구 영동대로85길,13,,1168010600109500001028185,송석빌딩,서울특별시 강남구 영동대로85길 13,135847,06183,,2,,127.062600887255,37.5069290527397
MA010120220806976184,재윤,,M1,과학·기술,M105,광고,M10501,광고 대행업,M71310,광고 대행업,11,서울특별시,11680,강남구,11680610,대치2동,1168010600,대치동,1168010600109500008,1,대지,950,8,서울특별시 강남구 대치동 950-8,116804166768,서울특별시 강남구 테헤란로92길,43,,1168010600109500008012189,비1층,서울특별시 강남구 테헤란로92길 43,135847,06183,,,,127.062622837411,37.5061271466667
MA010120220806735439,몬스터교육,,P1,교육,P105,일반 교육,P10501,입시·교과학원,P85501,일반 교과학원,11,서울특별시,11680,강남구,11680610,대치2동,1168010600,대치동,1168010600109500008,1,대지,950,8,서울특별시 강남구 대치동 950-8,116804166768,서울특별시 강남구 테헤란로92길,43,,1168010600109500008012189,서경빌딩,서울특별시 강남구 테헤란로92길 43,135847,06183,,1,,127.062622837411,37.5061271466667
MA0101202309A0033756,법무법인동아,,M1,과학·기술,M103,법무관련 ,M10301,변호사,M71101,변호사업,11,서울특별시,11680,강남구,11680610,대치2동,1168010600,대치동,1168010600109460016,1,대지,946,16,서울특별시 강남구 대치동 946-16,116804166769,서울특별시 강남구 테헤란로98길,15,,1168010600109460016012119,송강빌딩,서울특별시 강남구 테헤란로98길 15,135846,06181,,4,,127.06273699181,37.5073884930262
MA010120220812990479,카카오인베스트먼트,,M1,과학·기술,M107,본사·경영 컨설팅,M10703,경영 컨설팅업,M71531,경영 컨설팅업,11,서울특별시,11680,강남구,11680610,대치2동,1168010600,대치동,1168010600109460018,1,대지,946,18,서울특별시 강남구 대치동 946-18,116804166769,서울특별시 강남구 테헤란로98길,11,,1168010600109460018012110,이지빌딩,서울특별시 강남구 테헤란로98길 11,135846,06181,,9,,127.06273721048,37.5076497843122
MA010120220809692095,강릉엄지네꼬막집,삼성역점,I2,음식,I201,한식,I20112,해산물 구이/찜,I56114,한식 해산물 요리 전문점,11,서울특별시,11680,강남구,11680610,대치2동,1168010600,대치동,1168010600109500011,1,대지,950,11,서울특별시 강남구 대치동 950-11,116804166769,서울특별시 강남구 테헤란로98길,28,,1168010600109500011012159,성연빌딩,서울특별시 강남구 테헤란로98길 28,135847,06183,,2,,127.062804142693,37.5065415127185
MA010120220813416778,놀던스파이,,M1,과학·기술,M112,전문 디자인,M11203,시각 디자인업,M73203,시각 디자인업,11,서울특별시,11680,강남구,11680610,대치2동,1168010600,대치동,1168010600109500011,1,대지,950,11,서울특별시 강남구 대치동 950-11,116804166769,서울특별시 강남구 테헤란로98길,28,,1168010600109500011012159,성연빌딩,서울특별시 강남구 테헤란로98길 28,135847,06183,,6,,127.062804142693,37.5065415127185
MA010120220809574654,회복동행,,P1,교육,P106,기타 교육,P10603,요가/필라테스 학원,P85612,기타 스포츠 교육기관,11,서울특별시,11680,강남구,11680610,대치2동,1168010600,대치동,1168010600109500011,1,대지,950,11,서울특별시 강남구 대치동 950-11,116804166769,서울특별시 강남구 테헤란로98길,28,,1168010600109500011012159,성연빌딩,서울특별시 강남구 테헤란로98길 28,135847,06183,,3,,127.062804142693,37.5065415127185
MA010120220809674009,와려,,I2,음식,I203,일식,I20301,일식 회/초밥,I56122,일식 음식점업,11,서울특별시,11680,강남구,11680610,대치2동,1168010600,대치동,1168010600109500011,1,대지,950,11,서울특별시 강남구 대치동 950-11,116804166769,서울특별시 강남구 테헤란로98길,28,,1168010600109500011012159,,서울특별시 강남구 테헤란로98길 28,135847,06183,,2,,127.062804142693,37.5065415127185
MA010120220813129702,이브이코퍼레이션,,M1,과학·기술,M107,본사·경영 컨설팅,M10703,경영 컨설팅업,M71531,경영 컨설팅업,11,서울특별시,11680,강남구,11680610,대치2동,1168010600,대치동,1168010600109500011,1,대지,950,11,서울특별시 강남구 대치동 950-11,116804166769,서울특별시 강남구 테헤란로98길,28,,1168010600109500011012159,성연빌딩,서울특별시 강남구 테헤란로98길 28,135847,06183,,5,,127.062804142693,37.5065415127185
MA010120220806763310,자인아트,,G2,소매,G218,장식품 소매,G21801,예술품 소매업,G47841,예술품 및 골동품 소매업,11,서울특별시,11680,강남구,11680610,대치2동,1168010600,대치동,1168010600109500011,1,대지,950,11,서울특별시 강남구 대치동 950-11,116804166769,서울특별시 강남구 테헤란로98길,28,,1168010600109500011012159,성연빌딩,서울특별시 강남구 테헤란로98길 28,135847,06183,,3,,127.062804142693,37.5065415127185
MA0101202406A0401735,대치시대학사,,I1,숙박,I102,기타 숙박,I10201,기숙사/고시원,I55901,기숙사 및 고시원 운영업,11,서울특별시,11680,강남구,11680610,대치2동,1168010600,대치동,1168010600109500011,1,대지,950,11,서울특별시 강남구 대치동 950-11,116804166769,서울특별시 강남구 테헤란로98길,28,,1168010600109500011012159,성연빌딩,서울특별시 강남구 테헤란로98길 28,135847,06183,,,,127.062804142693,37.5065415127185
MA0101202305A0205046,메드트로닉,코리아,M1,과학·기술,M107,본사·경영 컨설팅,M10703,경영 컨설팅업,M71531,경영 컨설팅업,11,서울특별시,11680,강남구,11680610,대치2동,1168010600,대치동,1168010600109460001,1,대지,946,1,서울특별시 강남구 대치동 946-1,116803122010,서울특별시 강남구 테헤란로,534,,1168010600109460008012087,글라스타워빌딩,서울특별시 강남구 테헤란로 534,135708,06181,,20,,127.062805395724,37.5080371801361
MA0101202303A0072009,아쿠아리우스파트너스,,M1,과학·기술,M107,본사·경영 컨설팅,M10703,경영 컨설팅업,M71531,경영 컨설팅업,11,서울특별시,11680,강남구,11680610,대치2동,1168010600,대치동,1168010600109460001,1,대지,946,1,서울특별시 강남구 대치동 946-1,116803122010,서울특별시 강남구 테헤란로,534,,1168010600109460008012087,글라스타워빌딩,서울특별시 강남구 테헤란로 534,135708,06181,,20,,127.062805395724,37.5080371801361
MA0101202303A0093482,론파인파트너스,,M1,과학·기술,M107,본사·경영 컨설팅,M10703,경영 컨설팅업,M71531,경영 컨설팅업,11,서울특별시,11680,강남구,11680610,대치2동,1168010600,대치동,1168010600109460001,1,대지,946,1,서울특별시 강남구 대치동 946-1,116803122010,서울특별시 강남구 테헤란로,534,,1168010600109460008012087,,서울특별시 강남구 테헤란로 534,135708,06181,,20,,127.062805395724,37.5080371801361
MA010120220814172247,공동법률사무소예원,,M1,과학·기술,M103,법무관련 ,M10301,변호사,M71101,변호사업,11,서울특별시,11680,강남구,11680610,대치2동,1168010600,대치동,1168010600109460001,1,대지,946,1,서울특별시 강남구 대치동 946-1,116803122010,서울특별시 강남구 테헤란로,534,,1168010600109460008012087,글라스타워빌딩,서울특별시 강남구 테헤란로 534,135708,06181,,20,,127.062805395724,37.5080371801361
MA010120220813287434,앵커인베스트먼트,,M1,과학·기술,M107,본사·경영 컨설팅,M10703,경영 컨설팅업,M71531,경영 컨설팅업,11,서울특별시,11680,강남구,11680610,대치2동,1168010600,대치동,1168010600109460001,1,대지,946,1,서울특별시 강남구 대치동 946-1,116803122010,서울특별시 강남구 테헤란로,534,,1168010600109460008012087,글라스타워빌딩,서울특별시 강남구 테헤란로 534,135708,06181,,20,,127.062805395724,37.5080371801361
MA0101202209A0020355,티엘법률사무소,,M1,과학·기술,M103,법무관련 ,M10301,변호사,M71101,변호사업,11,서울특별시,11680,강남구,11680610,대치2동,1168010600,대치동,1168010600109460001,1,대지,946,1,서울특별시 강남구 대치동 946-1,116803122010,서울특별시 강남구 테헤란로,534,,1168010600109460008012087,글라스타워빌딩,서울특별시 강남구 테헤란로 534,135708,06181,,20,,127.062805395724,37.5080371801361
MA010120220806735413,37게임스,,M1,과학·기술,M105,광고,M10599,기타 광고 관련 서비스업,M71399,그 외 기타 광고 관련 서비스업,11,서울특별시,11680,강남구,11680610,대치2동,1168010600,대치동,1168010600109460001,1,대지,946,1,서울특별시 강남구 대치동 946-1,116803122010,서울특별시 강남구 테헤란로,534,,1168010600109460008012087,글라스타워빌딩,서울특별시 강남구 테헤란로 534,135708,06181,,20,,127.062805395724,37.5080371801361
MA010120220809897823,카약소프트웨어싱가포르피티이엘티디영업소,,N1,시설관리·임대,N105,여행사·보조,N10501,여행사,N75210,여행사업,11,서울특별시,11680,강남구,11680610,대치2동,1168010600,대치동,1168010600109460001,1,대지,946,1,서울특별시 강남구 대치동 946-1,116803122010,서울특별시 강남구 테헤란로,534,,1168010600109460008012087,글라스타워빌딩,서울특별시 강남구 테헤란로 534,135708,06181,,20,,127.062805395724,37.5080371801361
MA010120220810037544,휘닉스커뮤니케이션즈,,M1,과학·기술,M105,광고,M10501,광고 대행업,M71310,광고 대행업,11,서울특별시,11680,강남구,11680610,대치2동,1168010600,대치동,1168010600109460001,1,대지,946,1,서울특별시 강남구 대치동 946-1,116803122010,서울특별시 강남구 테헤란로,534,,1168010600109460008012087,글라스타워빌딩,서울특별시 강남구 테헤란로 534,135708,06181,,30,,127.062805395724,37.5080371801361
MA010120220812005747,브랜드인스티튜트,코리아,M1,과학·기술,M107,본사·경영 컨설팅,M10703,경영 컨설팅업,M71531,경영 컨설팅업,11,서울특별시,11680,강남구,11680610,대치2동,1168010600,대치동,1168010600109460001,1,대지,946,1,서울특별시 강남구 대치동 946-1,116803122010,서울특별시 강남구 테헤란로,534,,1168010600109460008012087,글라스타워빌딩,서울특별시 강남구 테헤란로 534,135708,06181,,20,,127.062805395724,37.5080371801361
MA010120220811090175,머큐리밸류,,M1,과학·기술,M107,본사·경영 컨설팅,M10703,경영 컨설팅업,M71531,경영 컨설팅업,11,서울특별시,11680,강남구,11680610,대치2동,1168010600,대치동,1168010600109460001,1,대지,946,1,서울특별시 강남구 대치동 946-1,116803122010,서울특별시 강남구 테헤란로,534,,1168010600109460008012087,글라스타워,서울특별시 강남구 테헤란로 534,135708,06181,,20,,127.062805395724,37.5080371801361
MA0101202406A0414257,데이터복구베테랑센터외장하드복구,삼성역,S2,수리·개인,S201,컴퓨터 수리,S20101,컴퓨터/노트북/프린터 수리업,S95110,컴퓨터 및 주변 기기 수리업,11,서울특별시,11680,강남구,11680580,삼성1동,1168010500,삼성동,1168010500101680000,1,대지,168,,서울특별시 강남구 삼성동 168,116802122002,서울특별시 강남구 영동대로,510,,1168010500101680000016524,삼성빌딩,서울특별시 강남구 영동대로 510,135882,06173,,3,,127.062852736565,37.5105419476433
MA0101202309A0055579,한영행정사사무소,,M1,과학·기술,M103,법무관련 ,M10306,행정사,M71109,기타 법무관련 서비스업,11,서울특별시,11680,강남구,11680580,삼성1동,1168010500,삼성동,1168010500101680000,1,대지,168,,서울특별시 강남구 삼성동 168,116802122002,서울특별시 강남구 영동대로,510,,1168010500101680000016524,삼성빌딩,서울특별시 강남구 영동대로 510,135882,06173,,3,,127.062852736565,37.5105419476433
MA0101202209A0062141,유어프렌즈,,R1,예술·스포츠,R104,유원지·오락,R10499,기타 오락관련 서비스업,R91299,그 외 기타 분류 안된 오락관련 서비스업,11,서울특별시,11680,강남구,11680580,삼성1동,1168010500,삼성동,1168010500101680000,1,대지,168,,서울특별시 강남구 삼성동 168,116802122002,서울특별시 강남구 영동대로,510,,1168010500101680000016524,,서울특별시 강남구 영동대로 510,135882,06173,,4,,127.062852736565,37.5105419476433
MA010120220812278816,한길공인번역일반행정사,,M1,과학·기술,M115,기타 전문 과학,M11502,번역/통역 서비스업,M73902,번역 및 통역 서비스업,11,서울특별시,11680,강남구,11680580,삼성1동,1168010500,삼성동,1168010500101680000,1,대지,168,,서울특별시 강남구 삼성동 168,116802122002,서울특별시 강남구 영동대로,510,,1168010500101680000016524,삼성빌딩,서울특별시 강남구 영동대로 510,135882,06173,,3,,127.062852736565,37.5105419476433
MA010120220806969246,비앤지아이엔씨,,M1,과학·기술,M107,본사·경영 컨설팅,M10703,경영 컨설팅업,M71531,경영 컨설팅업,11,서울특별시,11680,강남구,11680580,삼성1동,1168010500,삼성동,1168010500101680000,1,대지,168,,서울특별시 강남구 삼성동 168,116802122002,서울특별시 강남구 영동대로,510,,1168010500101680000016524,삼성빌딩,서울특별시 강남구 영동대로 510,135882,06173,,,,127.062852736565,37.5105419476433
MA010120220806367577,엑서,,N1,시설관리·임대,N104,고용 알선,N10402,임시/일용 인력 공급업,N75121,임시 및 일용 인력 공급업,11,서울특별시,11680,강남구,11680580,삼성1동,1168010500,삼성동,1168010500101680000,1,대지,168,,서울특별시 강남구 삼성동 168,116802122002,서울특별시 강남구 영동대로,510,,1168010500101680000016524,삼성빌딩,서울특별시 강남구 영동대로 510,135882,06173,,3,,127.062852736565,37.5105419476433
MA010120220814203676,남수구두,,S2,수리·개인,S206,기타 가정용품 수리,S20601,의류/이불 수선업,S95391,의복 및 기타 가정용 직물제품 수리업,11,서울특별시,11680,강남구,11680580,삼성1동,1168010500,삼성동,1168010500101680000,1,대지,168,,서울특별시 강남구 삼성동 168,116802122002,서울특별시 강남구 영동대로,510,,1168010500101680000016524,,서울특별시 강남구 영동대로 510,135882,06173,,,,127.062852736565,37.5105419476433
MA010120220812541026,에스앤에스직업능력개발원,,N1,시설관리·임대,N104,고용 알선,N10401,고용 알선업,N75110,고용 알선업,11,서울특별시,11680,강남구,11680610,대치2동,1168010600,대치동,1168010600109470000,1,대지,947,,서울특별시 강남구 대치동 947,116804166701,서울특별시 강남구 영동대로85길,9,,1168010600109470000012135,,서울특별시 강남구 영동대로85길 9,135846,06182,,4,,127.062895083333,37.5070910773473
MA010120220807065918,모리아푸드,,I2,음식,I201,한식,I20101,백반/한정식,I56111,한식 일반 음식점업,11,서울특별시,11680,강남구,11680610,대치2동,1168010600,대치동,1168010600109470000,1,대지,947,,서울특별시 강남구 대치동 947,116804166701,서울특별시 강남구 영동대로85길,9,,1168010600109470000012135,비1층,서울특별시 강남구 영동대로85길 9,135846,06182,,,,127.062895083333,37.5070910773473
MA010120220810347249,에스앤에스로펌인사노무학원,,P1,교육,P106,기타 교육,P10629,그 외 기타 교육기관,P85699,그 외 기타 분류 안된 교육기관,11,서울특별시,11680,강남구,11680610,대치2동,1168010600,대치동,1168010600109470000,1,대지,947,,서울특별시 강남구 대치동 947,116804166701,서울특별시 강남구 영동대로85길,9,,1168010600109470000012135,서전빌딩,서울특별시 강남구 영동대로85길 9,135846,06182,,4,,127.062895083333,37.5070910773473
MA010120220811787163,파파디에스,,I2,음식,I201,한식,I20101,백반/한정식,I56111,한식 일반 음식점업,11,서울특별시,11680,강남구,11680610,대치2동,1168010600,대치동,1168010600109470000,1,대지,947,,서울특별시 강남구 대치동 947,116804166701,서울특별시 강남구 영동대로85길,9,,1168010600109470000012135,서전빌딩,서울특별시 강남구 영동대로85길 9,135846,06182,,2,,127.062895083333,37.5070910773473
MA010120220808997037,삼성당구장,,R1,예술·스포츠,R103,스포츠 서비스,R10310,당구장,R91135,당구장 운영업,11,서울특별시,11680,강남구,11680610,대치2동,1168010600,대치동,1168010600109460015,1,대지,946,15,서울특별시 강남구 대치동 946-15,116804166701,서울특별시 강남구 영동대로85길,6,,1168010600109460015012118,,서울특별시 강남구 영동대로85길 6,135846,06181,,3,,127.062940603326,37.507424424905
MA010120220806920339,명동할머니국수,삼성역점,I2,음식,I201,한식,I20105,국수/칼국수,I56112,한식 면 요리 전문점,11,서울특별시,11680,강남구,11680610,대치2동,1168010600,대치동,1168010600109460015,1,대지,946,15,서울특별시 강남구 대치동 946-15,116804166701,서울특별시 강남구 영동대로85길,6,,1168010600109460015012118,,서울특별시 강남구 영동대로85길 6,135846,06181,,1,,127.062940603326,37.507424424905
MA010120220813882311,에스온수리영재아카데미학원,,P1,교육,P105,일반 교육,P10501,입시·교과학원,P85501,일반 교과학원,11,서울특별시,11680,강남구,11680610,대치2동,1168010600,대치동,1168010600109670001,1,대지,967,1,서울특별시 강남구 대치동 967-1,116803122008,서울특별시 강남구 역삼로,548,,1168010600109670001012423,한국빌딩,서울특별시 강남구 역삼로 548,135848,06187,,3,,127.063062414515,37.5043339124982
MA010120220811886629,민우세무법인강남지사,,M1,과학·기술,M104,회계·세무,M10402,세무사,M71202,세무사업,11,서울특별시,11680,강남구,11680610,대치2동,1168010600,대치동,1168010600109470002,1,대지,947,2,서울특별시 강남구 대치동 947-2,116804166769,서울특별시 강남구 테헤란로98길,23,,1168010600109470002012143,신아빌딩,서울특별시 강남구 테헤란로98길 23,135846,06182,,,,127.063098512109,37.5069107678749
MA0101202301A0107648,법무법인혁신,,M1,과학·기술,M103,법무관련 ,M10301,변호사,M71101,변호사업,11,서울특별시,11680,강남구,11680610,대치2동,1168010600,대치동,1168010600109470001,1,대지,947,1,서울특별시 강남구 대치동 947-1,116804166701,서울특별시 강남구 영동대로85길,7,,1168010600109470001026770,,서울특별시 강남구 영동대로85길 7,135846,06182,,6,,127.063109988976,37.5071089828243
MA010120220813001339,대인인베스트,,L1,부동산,L102,부동산 서비스,L10203,부동산 중개/대리업,L68221,부동산 중개 및 대리업,11,서울특별시,11680,강남구,11680610,대치2동,1168010600,대치동,1168010600109470001,1,대지,947,1,서울특별시 강남구 대치동 947-1,116804166701,서울특별시 강남구 영동대로85길,7,,1168010600109470001026770,청강빌딩,서울특별시 강남구 영동대로85길 7,135846,06182,,3,,127.063110004146,37.5071270029141
MA010120220810395949,마음숲정신건강의학과의원,,Q1,보건의료,Q102,의원,Q10203,신경/정신과 의원,Q86201,일반의원,11,서울특별시,11680,강남구,11680610,대치2동,1168010600,대치동,1168010600109470001,1,대지,947,1,서울특별시 강남구 대치동 947-1,116804166701,서울특별시 강남구 영동대로85길,7,,1168010600109470001026770,,서울특별시 강남구 영동대로85길 7,135846,06182,,5,,127.063110004146,37.5071270029141
MA010120220808632861,에스앤더블유인베스트,,M1,과학·기술,M107,본사·경영 컨설팅,M10703,경영 컨설팅업,M71531,경영 컨설팅업,11,서울특별시,11680,강남구,11680610,대치2동,1168010600,대치동,1168010600109470001,1,대지,947,1,서울특별시 강남구 대치동 947-1,116804166701,서울특별시 강남구 영동대로85길,7,,1168010600109470001026770,천강빌딩,서울특별시 강남구 영동대로85길 7,135846,06182,,6,,127.063110004146,37.5071270029141
MA010120220812138733,바디웰한의원,,Q1,보건의료,Q102,의원,Q10211,한의원,Q86203,한의원,11,서울특별시,11680,강남구,11680610,대치2동,1168010600,대치동,1168010600109470001,1,대지,947,1,서울특별시 강남구 대치동 947-1,116804166701,서울특별시 강남구 영동대로85길,7,,1168010600109470001026770,,서울특별시 강남구 영동대로85길 7,135846,06182,,4,,127.063110004146,37.5071270029141
MA010120220807097042,세아이에스지인베스트먼트,,M1,과학·기술,M107,본사·경영 컨설팅,M10703,경영 컨설팅업,M71531,경영 컨설팅업,11,서울특별시,11680,강남구,11680610,대치2동,1168010600,대치동,1168010600109460012,1,대지,946,12,서울특별시 강남구 대치동 946-12,116802122002,서울특별시 강남구 영동대로,429,,1168010600109460013014586,세아빌딩,서울특별시 강남구 영동대로 429,135846,06181,,1,,127.063144359232,37.5076315472729
MA010120220810137231,더베일리하우스,삼성점,S2,수리·개인,S211,기타 개인,S21101,예식장업,S96991,예식장업,11,서울특별시,11680,강남구,11680580,삼성1동,1168010500,삼성동,1168010500101680003,1,대지,168,3,서울특별시 강남구 삼성동 168-3,116802122002,서울특별시 강남구 영동대로,506,,1168010500101680003016671,,서울특별시 강남구 영동대로 506,135882,06173,,,,127.063168900332,37.5099110758949
MA0101202306A0066032,법무법인정광,,M1,과학·기술,M103,법무관련 ,M10301,변호사,M71101,변호사업,11,서울특별시,11680,강남구,11680580,삼성1동,1168010500,삼성동,1168010500101680021,1,대지,168,21,서울특별시 강남구 삼성동 168-21,116804166703,서울특별시 강남구 영동대로96길,8,,1168010500101680021027909,석광빌딩,서울특별시 강남구 영동대로96길 8,135882,06173,,6,,127.063214696819,37.5105687846194
MA010120220806670073,솔베리엔코,,G2,소매,G205,식료품 소매,G20506,채소/과일 소매업,G47215,"채소, 과실 및 뿌리작물 소매업",11,서울특별시,11680,강남구,11680610,대치2동,1168010600,대치동,1168010600109670002,1,대지,967,2,서울특별시 강남구 대치동 967-2,116803122008,서울특별시 강남구 역삼로,550,,1168010600109670002012400,원영빌딩,서울특별시 강남구 역삼로 550,135848,06187,,7,,127.06325469307,37.5043518298006
MA010120220809215926,엘지이,,G2,소매,G217,시계·귀금속 소매,G21701,시계/귀금속 소매업,G47830,시계 및 귀금속 소매업,11,서울특별시,11680,강남구,11680610,대치2동,1168010600,대치동,1168010600109670002,1,대지,967,2,서울특별시 강남구 대치동 967-2,116803122008,서울특별시 강남구 역삼로,550,,1168010600109670002012400,원영빌딩,서울특별시 강남구 역삼로 550,135848,06187,,1,,127.06325469307,37.5043518298006
MA010120220812955383,경성옥,삼성점,I2,음식,I201,한식,I20101,백반/한정식,I56111,한식 일반 음식점업,11,서울특별시,11680,강남구,11680610,대치2동,1168010600,대치동,1168010600109520002,1,대지,952,2,서울특별시 강남구 대치동 952-2,116803122008,서울특별시 강남구 역삼로,555,,1168010600109520002000001,대치동더블유타워,서울특별시 강남구 역삼로 555,135847,06183,,1,,127.063368337492,37.5050004926842
MA0101202302A0043021,주니어나이츠,강남점,P1,교육,P106,기타 교육,P10603,요가/필라테스 학원,P85612,기타 스포츠 교육기관,11,서울특별시,11680,강남구,11680610,대치2동,1168010600,대치동,1168010600109520002,1,대지,952,2,서울특별시 강남구 대치동 952-2,116803122008,서울특별시 강남구 역삼로,555,,1168010600109520002000001,대치동더블유타워,서울특별시 강남구 역삼로 555,135847,06183,,1,,127.063368337492,37.5050004926842
MA010120220808452405,알파웨어산업개발,,M1,과학·기술,M109,기술 서비스,M10901,건축 설계 및 관련 서비스업,M71531,경영 컨설팅업,11,서울특별시,11680,강남구,11680610,대치2동,1168010600,대치동,1168010600109520002,1,대지,952,2,서울특별시 강남구 대치동 952-2,116803122008,서울특별시 강남구 역삼로,555,,1168010600109520002000001,대치동더블유타워,서울특별시 강남구 역삼로 555,135847,06183,,1,,127.063368337492,37.5050004926842
MA010120220814049164,참핏,대치점,P1,교육,P106,기타 교육,P10603,요가/필라테스 학원,P85612,기타 스포츠 교육기관,11,서울특별시,11680,강남구,11680610,대치2동,1168010600,대치동,1168010600109520002,1,대지,952,2,서울특별시 강남구 대치동 952-2,116803122008,서울특별시 강남구 역삼로,555,,1168010600109520002000001,대치동더블유타워,서울특별시 강남구 역삼로 555,135847,06183,,1,,127.063368337492,37.5050004926842
MA010120220806698674,더밥상,,I2,음식,I201,한식,I20101,백반/한정식,I56111,한식 일반 음식점업,11,서울특별시,11680,강남구,11680610,대치2동,1168010600,대치동,1168010600109520002,1,대지,952,2,서울특별시 강남구 대치동 952-2,116803122008,서울특별시 강남구 역삼로,555,,1168010600109520002000001,대치동더블유타워,서울특별시 강남구 역삼로 555,135847,06183,,1,,127.063368337492,37.5050004926842
MA010120220814250694,카페르뷰,,I2,음식,I210,기타 간이,I21007,김밥/만두/분식,I56194,김밥 및 기타 간이 음식점업,11,서울특별시,11680,강남구,11680610,대치2동,1168010600,대치동,1168010600109520002,1,대지,952,2,서울특별시 강남구 대치동 952-2,116803122008,서울특별시 강남구 역삼로,555,,1168010600109520002000001,대치동더블유타워,서울특별시 강남구 역삼로 555,135847,06183,,1,,127.063368337492,37.5050004926842
MA010120220814059016,어반파머스,,I2,음식,I210,기타 간이,I21001,빵/도넛,I56191,제과점업,11,서울특별시,11680,강남구,11680610,대치2동,1168010600,대치동,1168010600109480000,1,대지,948,,서울특별시 강남구 대치동 948,116802122002,서울특별시 강남구 영동대로,417,,,오토웨이타워,서울특별시 강남구 영동대로 417,135847,06182,,1,,127.063471192791,37.5062618446321
MA0101202308A0065389,이롬플러스카페로쥬강남,,I2,음식,I212,비알코올 ,I21201,카페,I56221,커피 전문점,11,서울특별시,11680,강남구,11680610,대치2동,1168010600,대치동,1168010600109670003,1,대지,967,3,서울특별시 강남구 대치동 967-3,116803122008,서울특별시 강남구 역삼로,552,,1168010600109670003012402,K,서울특별시 강남구 역삼로 552,135848,06187,,1,,127.063480999734,37.5044868591979
MA0101202310A0061270,제이컨설팅진학상담지도교습소,,P1,교육,P105,일반 교육,P10501,입시·교과학원,P85501,일반 교과학원,11,서울특별시,11680,강남구,11680610,대치2동,1168010600,대치동,1168010600109670003,1,대지,967,3,서울특별시 강남구 대치동 967-3,116803122008,서울특별시 강남구 역삼로,552,,1168010600109670003012402,일부,서울특별시 강남구 역삼로 552,135848,06187,,7,,127.063480999734,37.5044868591979
MA0101202212A0081493,이롬헬스케어서울사무소,,G2,소매,G205,식료품 소매,G20508,건강보조식품 소매업,G47217,건강 보조식품 소매업,11,서울특별시,11680,강남구,11680610,대치2동,1168010600,대치동,1168010600109670003,1,대지,967,3,서울특별시 강남구 대치동 967-3,116803122008,서울특별시 강남구 역삼로,552,,1168010600109670003012402,K,서울특별시 강남구 역삼로 552,135848,06187,,B1,,127.063480999734,37.5044868591979
MA0101202303A0115275,펨토스에듀학원,,P1,교육,P105,일반 교육,P10501,입시·교과학원,P85501,일반 교과학원,11,서울특별시,11680,강남구,11680610,대치2동,1168010600,대치동,1168010600109670003,1,대지,967,3,서울특별시 강남구 대치동 967-3,116803122008,서울특별시 강남구 역삼로,552,,1168010600109670003012402,K,서울특별시 강남구 역삼로 552,135848,06187,,2,,127.063480999734,37.5044868591979
MA010120220808692848,리빔,,M1,과학·기술,M105,광고,M10503,광고 매체 판매업,M71392,광고 매체 판매업,11,서울특별시,11680,강남구,11680610,대치2동,1168010600,대치동,1168010600109670003,1,대지,967,3,서울특별시 강남구 대치동 967-3,116803122008,서울특별시 강남구 역삼로,552,,1168010600109670003012402,K,서울특별시 강남구 역삼로 552,135848,06187,,6,,127.063480999734,37.5044868591979
MA010120220813485166,던디자인앤마케팅,,M1,과학·기술,M112,전문 디자인,M11203,시각 디자인업,M73203,시각 디자인업,11,서울특별시,11680,강남구,11680610,대치2동,1168010600,대치동,1168010600109670003,1,대지,967,3,서울특별시 강남구 대치동 967-3,116803122008,서울특별시 강남구 역삼로,552,,1168010600109670003012402,K,서울특별시 강남구 역삼로 552,135848,06187,,7,,127.063480999734,37.5044868591979
MA010120220812474566,창업인,,M1,과학·기술,M105,광고,M10501,광고 대행업,M71310,광고 대행업,11,서울특별시,11680,강남구,11680610,대치2동,1168010600,대치동,1168010600109490000,1,대지,949,,서울특별시 강남구 대치동 949,116804166697,서울특별시 강남구 영동대로75길,9,,1168010600109490000012249,수암빌딩,서울특별시 강남구 영동대로75길 9,135847,06182,,3,,127.063843713573,37.5054327192038
MA010120220812570216,스트레칭조이,,R1,예술·스포츠,R103,스포츠 서비스,R10307,헬스장,R91132,체력 단련시설 운영업,11,서울특별시,11680,강남구,11680610,대치2동,1168010600,대치동,1168010600109490000,1,대지,949,,서울특별시 강남구 대치동 949,116804166697,서울특별시 강남구 영동대로75길,9,,1168010600109490000012249,수암빌딩,서울특별시 강남구 영동대로75길 9,135847,06182,,2,,127.063843713573,37.5054327192038
MA0101202210A0088118,스트레칭조이,,P1,교육,P106,기타 교육,P10603,요가/필라테스 학원,P85612,기타 스포츠 교육기관,11,서울특별시,11680,강남구,11680610,대치2동,1168010600,대치동,1168010600109490000,1,대지,949,,서울특별시 강남구 대치동 949,116804166697,서울특별시 강남구 영동대로75길,9,,1168010600109490000012249,수암빌딩,서울특별시 강남구 영동대로75길 9,135847,06182,,2,,127.063843713573,37.5054327192038
MA010120220806692766,엘앤씨세무회계,,M1,과학·기술,M104,회계·세무,M10402,세무사,M71202,세무사업,11,서울특별시,11680,강남구,11680610,대치2동,1168010600,대치동,1168010600109490000,1,대지,949,,서울특별시 강남구 대치동 949,116804166697,서울특별시 강남구 영동대로75길,9,,1168010600109490000012249,,서울특별시 강남구 영동대로75길 9,135847,06182,,6,,127.063843713573,37.5054327192038
MA0101202210A0081642,국민미디어컨설팅,,M1,과학·기술,M107,본사·경영 컨설팅,M10703,경영 컨설팅업,M71531,경영 컨설팅업,11,서울특별시,11680,강남구,11680580,삼성1동,1168010500,삼성동,1168010500101680026,1,대지,168,26,서울특별시 강남구 삼성동 168-26,116804166710,서울특별시 강남구 테헤란로103길,9,,1168010500101680026016641,제일빌딩,서울특별시 강남구 테헤란로103길 9,135882,06173,,,,127.063892884346,37.5100458371743
MA010120220812305360,에이지벤처스,,M1,과학·기술,M107,본사·경영 컨설팅,M10703,경영 컨설팅업,M71531,경영 컨설팅업,11,서울특별시,11680,강남구,11680580,삼성1동,1168010500,삼성동,1168010500101680026,1,대지,168,26,서울특별시 강남구 삼성동 168-26,116804166710,서울특별시 강남구 테헤란로103길,9,,1168010500101680026016641,,서울특별시 강남구 테헤란로103길 9,135882,06173,,5,,127.063892884346,37.5100458371743
MA010120220812793062,에이에프벤처스,,M1,과학·기술,M107,본사·경영 컨설팅,M10703,경영 컨설팅업,M71531,경영 컨설팅업,11,서울특별시,11680,강남구,11680580,삼성1동,1168010500,삼성동,1168010500101680026,1,대지,168,26,서울특별시 강남구 삼성동 168-26,116804166710,서울특별시 강남구 테헤란로103길,9,,1168010500101680026016641,,서울특별시 강남구 테헤란로103길 9,135882,06173,,5,,127.063892884346,37.5100458371743
MA010120220808492271,뉴그로브파트너스,,M1,과학·기술,M107,본사·경영 컨설팅,M10703,경영 컨설팅업,M71531,경영 컨설팅업,11,서울특별시,11680,강남구,11680580,삼성1동,1168010500,삼성동,1168010500101680026,1,대지,168,26,서울특별시 강남구 삼성동 168-26,116804166710,서울특별시 강남구 테헤란로103길,9,,1168010500101680026016641,제일빌딩,서울특별시 강남구 테헤란로103길 9,135882,06173,,5,,127.063892884346,37.5100458371743
MA010120220811846583,에이티넘벤처스,,M1,과학·기술,M107,본사·경영 컨설팅,M10703,경영 컨설팅업,M71531,경영 컨설팅업,11,서울특별시,11680,강남구,11680580,삼성1동,1168010500,삼성동,1168010500101680026,1,대지,168,26,서울특별시 강남구 삼성동 168-26,116804166710,서울특별시 강남구 테헤란로103길,9,,1168010500101680026016641,제일빌딩,서울특별시 강남구 테헤란로103길 9,135882,06173,,,,127.063892884346,37.5100458371743
MA010120220811787278,파인그로브인베스트먼트,,M1,과학·기술,M107,본사·경영 컨설팅,M10703,경영 컨설팅업,M71531,경영 컨설팅업,11,서울특별시,11680,강남구,11680580,삼성1동,1168010500,삼성동,1168010500101680026,1,대지,168,26,서울특별시 강남구 삼성동 168-26,116804166710,서울특별시 강남구 테헤란로103길,9,,1168010500101680026016641,제일빌딩,서울특별시 강남구 테헤란로103길 9,135882,06173,,5,,127.063892884346,37.5100458371743
MA010120220812574265,가온길,,P1,교육,P105,일반 교육,P10501,입시·교과학원,P85501,일반 교과학원,11,서울특별시,11680,강남구,11680610,대치2동,1168010600,대치동,1168010600109670006,1,대지,967,6,서울특별시 강남구 대치동 967-6,116803122008,서울특별시 강남구 역삼로,556,,1168010600109670006012364,,서울특별시 강남구 역삼로 556,135848,06187,,,,127.063910896315,37.5046397982904
MA010120220814266744,실드온,,M1,과학·기술,M107,본사·경영 컨설팅,M10703,경영 컨설팅업,M71531,경영 컨설팅업,11,서울특별시,11680,강남구,11680580,삼성1동,1168010500,삼성동,1168010500101690000,1,대지,169,,서울특별시 강남구 삼성동 169,116804166703,서울특별시 강남구 영동대로96길,20,,1168010500101690000016439,대화빌딩,서울특별시 강남구 영동대로96길 20,135882,06173,,1,,127.064210202688,37.5107754786612
MA010120220814070368,대화공인중개사사무소,,L1,부동산,L102,부동산 서비스,L10203,부동산 중개/대리업,L68221,부동산 중개 및 대리업,11,서울특별시,11680,강남구,11680580,삼성1동,1168010500,삼성동,1168010500101690000,1,대지,169,,서울특별시 강남구 삼성동 169,116804166703,서울특별시 강남구 영동대로96길,20,,1168010500101690000016439,대화빌딩,서울특별시 강남구 영동대로96길 20,135882,06173,,11,,127.064210202688,37.5107754786612
MA010120220812628260,샐러디아,삼성점,I2,음식,I210,기타 간이,I21005,토스트/샌드위치/샐러드,I56221,커피 전문점,11,서울특별시,11680,강남구,11680580,삼성1동,1168010500,삼성동,1168010500101690000,1,대지,169,,서울특별시 강남구 삼성동 169,116804166703,서울특별시 강남구 영동대로96길,20,,1168010500101690000016439,대화빌딩,서울특별시 강남구 영동대로96길 20,135882,06173,,1,,127.064210202688,37.5107754786612
MA0101202211A0099060,키공인중개사사무소,,L1,부동산,L102,부동산 서비스,L10203,부동산 중개/대리업,L68221,부동산 중개 및 대리업,11,서울특별시,11680,강남구,11680580,삼성1동,1168010500,삼성동,1168010500101690000,1,대지,169,,서울특별시 강남구 삼성동 169,116804166703,서울특별시 강남구 영동대로96길,20,,1168010500101690000016439,대화빌딩,서울특별시 강남구 영동대로96길 20,135882,06173,,7,,127.064210202688,37.5107754786612
MA010120220806965415,에셋컨설팅,,M1,과학·기술,M107,본사·경영 컨설팅,M10703,경영 컨설팅업,M71531,경영 컨설팅업,11,서울특별시,11680,강남구,11680580,삼성1동,1168010500,삼성동,1168010500101690000,1,대지,169,,서울특별시 강남구 삼성동 169,116804166703,서울특별시 강남구 영동대로96길,20,,1168010500101690000016439,대화빌딩,서울특별시 강남구 영동대로96길 20,135882,06173,,7,,127.064210202688,37.5107754786612
MA010120220811676407,다인건축사사무소,,M1,과학·기술,M109,기술 서비스,M10901,건축 설계 및 관련 서비스업,M72111,건축 설계 및 관련 서비스업,11,서울특별시,11680,강남구,11680580,삼성1동,1168010500,삼성동,1168010500101690000,1,대지,169,,서울특별시 강남구 삼성동 169,116804166703,서울특별시 강남구 영동대로96길,20,,1168010500101690000016439,대화빌딩,서울특별시 강남구 영동대로96길 20,135882,06173,,9,,127.064210202688,37.5107754786612
MA0101202406A0030913,지에스25대치스카이,,G2,소매,G204,종합 소매,G20405,편의점,G47122,체인화 편의점,11,서울특별시,11680,강남구,11680610,대치2동,1168010600,대치동,1168010600109680000,1,대지,968,,서울특별시 강남구 대치동 968,116803122008,서울특별시 강남구 역삼로,558,,1168010600109680000012351,,서울특별시 강남구 역삼로 558,135848,06188,,1,,127.064250263175,37.5047297147207
MA0101202406A0381112,법률사무소상산,,M1,과학·기술,M103,법무관련 ,M10301,변호사,M71101,변호사업,11,서울특별시,11680,강남구,11680610,대치2동,1168010600,대치동,1168010600109680000,1,대지,968,,서울특별시 강남구 대치동 968,116803122008,서울특별시 강남구 역삼로,558,,1168010600109680000012351,안양빌딩,서울특별시 강남구 역삼로 558,135848,06188,,4,,127.064250263175,37.5047297147207
MA010120220813139283,김승리국어연구소,,P1,교육,P105,일반 교육,P10501,입시·교과학원,P85501,일반 교과학원,11,서울특별시,11680,강남구,11680610,대치2동,1168010600,대치동,1168010600109680000,1,대지,968,,서울특별시 강남구 대치동 968,116803122008,서울특별시 강남구 역삼로,558,,1168010600109680000012351,안양빌딩,서울특별시 강남구 역삼로 558,135848,06188,,5,,127.064250263175,37.5047297147207
MA010120220813842259,두원이앤티,,M1,과학·기술,M107,본사·경영 컨설팅,M10703,경영 컨설팅업,M71531,경영 컨설팅업,11,서울특별시,11680,강남구,11680610,대치2동,1168010600,대치동,1168010600109680000,1,대지,968,,서울특별시 강남구 대치동 968,116803122008,서울특별시 강남구 역삼로,558,,1168010600109680000012351,안양빌딩,서울특별시 강남구 역삼로 558,135848,06188,,6,,127.064250263175,37.5047297147207
MA010120220808401768,정글북,,G2,소매,G220,애완동물·용품 소매,G22001,애완동물/애완용품 소매업,G47852,애완용 동물 및 관련용품 소매업,11,서울특별시,11680,강남구,11680610,대치2동,1168010600,대치동,1168010600109680000,1,대지,968,,서울특별시 강남구 대치동 968,116803122008,서울특별시 강남구 역삼로,558,,1168010600109680000012351,안양빌딩,서울특별시 강남구 역삼로 558,135848,06188,,3,,127.064250263175,37.5047297147207
MA010120220806681026,오셀라스스파,,S2,수리·개인,S208,욕탕·신체관리,S20802,마사지/안마,S96122,마사지업,11,서울특별시,11680,강남구,11680610,대치2동,1168010600,대치동,1168010600109950014,1,대지,995,14,서울특별시 강남구 대치동 995-14,116803122010,서울특별시 강남구 테헤란로,606,,1168010600109950014000001,호텔아이파크,서울특별시 강남구 테헤란로 606,135552,06174,,22,,127.064287622632,37.5087301563665
MA010120220813960221,에이치디씨현대산업개발서울호텔,,I1,숙박,I101,일반 숙박,I10101,호텔/리조트,I55101,호텔업,11,서울특별시,11680,강남구,11680610,대치2동,1168010600,대치동,1168010600109950014,1,대지,995,14,서울특별시 강남구 대치동 995-14,116803122010,서울특별시 강남구 테헤란로,606,,1168010600109950014000001,,서울특별시 강남구 테헤란로 606,135552,06174,,1,,127.064287622632,37.5087301563665
MA0101202406A0569800,케이투파워,,M1,과학·기술,M107,본사·경영 컨설팅,M10703,경영 컨설팅업,M71531,경영 컨설팅업,11,서울특별시,11680,강남구,11680580,삼성1동,1168010500,삼성동,1168010500101690001,1,대지,169,1,서울특별시 강남구 삼성동 169-1,116804166710,서울특별시 강남구 테헤란로103길,14,,1168010500101690001016573,엘에스,서울특별시 강남구 테헤란로103길 14,135882,06173,,3,,127.064322968294,37.5103789753899
MA0101202406A0563822,케이원파워,,M1,과학·기술,M107,본사·경영 컨설팅,M10703,경영 컨설팅업,M71531,경영 컨설팅업,11,서울특별시,11680,강남구,11680580,삼성1동,1168010500,삼성동,1168010500101690001,1,대지,169,1,서울특별시 강남구 삼성동 169-1,116804166710,서울특별시 강남구 테헤란로103길,14,,1168010500101690001016573,앨에스,서울특별시 강남구 테헤란로103길 14,135882,06173,,3,,127.064322968294,37.5103789753899
MA010120220808382451,에스에이치,,M1,과학·기술,M115,기타 전문 과학,M11504,사업/무형 재산권 중개업,M73903,사업 및 무형 재산권 중개업,11,서울특별시,11680,강남구,11680580,삼성1동,1168010500,삼성동,1168010500101690001,1,대지,169,1,서울특별시 강남구 삼성동 169-1,116804166710,서울특별시 강남구 테헤란로103길,14,,1168010500101690001016573,,서울특별시 강남구 테헤란로103길 14,135882,06173,,3,,127.064322968294,37.5103789753899
MA010120220806976271,빅투어즈,,N1,시설관리·임대,N105,여행사·보조,N10501,여행사,N75210,여행사업,11,서울특별시,11680,강남구,11680580,삼성1동,1168010500,삼성동,1168010500101690001,1,대지,169,1,서울특별시 강남구 삼성동 169-1,116804166710,서울특별시 강남구 테헤란로103길,14,,1168010500101690001016573,대한기독교서회,서울특별시 강남구 테헤란로103길 14,135882,06173,,2,,127.064322968294,37.5103789753899
MA010120220813713225,엔케이인베스트,,M1,과학·기술,M107,본사·경영 컨설팅,M10703,경영 컨설팅업,M71531,경영 컨설팅업,11,서울특별시,11680,강남구,11680580,삼성1동,1168010500,삼성동,1168010500101690001,1,대지,169,1,서울특별시 강남구 삼성동 169-1,116804166710,서울특별시 강남구 테헤란로103길,14,,1168010500101690001016573,L,서울특별시 강남구 테헤란로103길 14,135882,06173,,3,,127.064322968294,37.5103789753899
MA010120220808011709,솔라타운2호,,M1,과학·기술,M109,기술 서비스,M10999,기타 엔지니어링 서비스업,M72129,기타 엔지니어링 서비스업,11,서울특별시,11680,강남구,11680580,삼성1동,1168010500,삼성동,1168010500101690001,1,대지,169,1,서울특별시 강남구 삼성동 169-1,116804166710,서울특별시 강남구 테헤란로103길,14,,1168010500101690001016573,,서울특별시 강남구 테헤란로103길 14,135882,06173,,3,,127.064322968294,37.5103789753899
MA010120220806496866,지에스아이컨설팅,,P1,교육,P107,교육 지원,P10799,기타 교육지원 서비스업,P85709,기타 교육지원 서비스업,11,서울특별시,11680,강남구,11680580,삼성1동,1168010500,삼성동,1168010500101690001,1,대지,169,1,서울특별시 강남구 삼성동 169-1,116804166710,서울특별시 강남구 테헤란로103길,14,,1168010500101690001016573,토즈비즈니스L,서울특별시 강남구 테헤란로103길 14,135882,06173,,,,127.064322968294,37.5103789753899
MA010120220811767503,아제르,,M1,과학·기술,M107,본사·경영 컨설팅,M10703,경영 컨설팅업,M71531,경영 컨설팅업,11,서울특별시,11680,강남구,11680580,삼성1동,1168010500,삼성동,1168010500101690001,1,대지,169,1,서울특별시 강남구 삼성동 169-1,116804166710,서울특별시 강남구 테헤란로103길,14,,1168010500101690001016573,,서울특별시 강남구 테헤란로103길 14,135882,06173,,3,,127.064322968294,37.5103789753899
MA010120220812514521,한국벤처파트너스,,M1,과학·기술,M107,본사·경영 컨설팅,M10703,경영 컨설팅업,M71531,경영 컨설팅업,11,서울특별시,11680,강남구,11680610,대치2동,1168010600,대치동,1168010600109490001,1,대지,949,1,서울특별시 강남구 대치동 949-1,116802122002,서울특별시 강남구 영동대로,407,,1168010600109490001000001,코니빌딩,서울특별시 강남구 영동대로 407,135847,06182,,7,,127.064330180769,37.5056036462578
MA010120220813238774,한국벤처출자공제,,M1,과학·기술,M107,본사·경영 컨설팅,M10703,경영 컨설팅업,M71531,경영 컨설팅업,11,서울특별시,11680,강남구,11680610,대치2동,1168010600,대치동,1168010600109490001,1,대지,949,1,서울특별시 강남구 대치동 949-1,116802122002,서울특별시 강남구 영동대로,407,,1168010600109490001000001,코니빌딩,서울특별시 강남구 영동대로 407,135847,06182,,7,,127.064330180769,37.5056036462578
MA0101202305A0121704,뮤직오너,,M1,과학·기술,M107,본사·경영 컨설팅,M10703,경영 컨설팅업,M71531,경영 컨설팅업,11,서울특별시,11680,강남구,11680610,대치2동,1168010600,대치동,1168010600109490001,1,대지,949,1,서울특별시 강남구 대치동 949-1,116802122002,서울특별시 강남구 영동대로,407,,1168010600109490001000001,코니빌딩,서울특별시 강남구 영동대로 407,135847,06182,,7,,127.064330180769,37.5056036462578
MA0101202305A0162475,한국코넥스파트너스,,M1,과학·기술,M107,본사·경영 컨설팅,M10703,경영 컨설팅업,M71531,경영 컨설팅업,11,서울특별시,11680,강남구,11680610,대치2동,1168010600,대치동,1168010600109490001,1,대지,949,1,서울특별시 강남구 대치동 949-1,116802122002,서울특별시 강남구 영동대로,407,,1168010600109490001000001,코니빌딩,서울특별시 강남구 영동대로 407,135847,06182,,7,,127.064330180769,37.5056036462578
MA0101202210A0049511,스시유,,I2,음식,I203,일식,I20301,일식 회/초밥,I56122,일식 음식점업,11,서울특별시,11680,강남구,11680610,대치2동,1168010600,대치동,1168010600109490001,1,대지,949,1,서울특별시 강남구 대치동 949-1,116802122002,서울특별시 강남구 영동대로,407,,1168010600109490001000001,코니빌딩,서울특별시 강남구 영동대로 407,135847,06182,,1,,127.064330180769,37.5056036462578
MA010120220806765954,코넥스파트너스,,M1,과학·기술,M107,본사·경영 컨설팅,M10703,경영 컨설팅업,M71531,경영 컨설팅업,11,서울특별시,11680,강남구,11680610,대치2동,1168010600,대치동,1168010600109490001,1,대지,949,1,서울특별시 강남구 대치동 949-1,116802122002,서울특별시 강남구 영동대로,407,,1168010600109490001000001,코니빌딩,서울특별시 강남구 영동대로 407,135847,06182,,7,,127.064330180769,37.5056036462578
MA0101202210A0003744,다움,,G2,소매,G218,장식품 소매,G21801,예술품 소매업,G47841,예술품 및 골동품 소매업,11,서울특별시,11680,강남구,11680610,대치2동,1168010600,대치동,1168010600109490001,1,대지,949,1,서울특별시 강남구 대치동 949-1,116802122002,서울특별시 강남구 영동대로,407,,1168010600109490001000001,코니빌딩,서울특별시 강남구 영동대로 407,135847,06182,,8,,127.064330180769,37.5056036462578
MA010120220807901154,디에이치파트너주,,L1,부동산,L102,부동산 서비스,L10203,부동산 중개/대리업,L68221,부동산 중개 및 대리업,11,서울특별시,11680,강남구,11680610,대치2동,1168010600,대치동,1168010600109490008,1,대지,949,8,서울특별시 강남구 대치동 949-8,116802122002,서울특별시 강남구 영동대로,405,,1168010600109490008012246,세원빌딩,서울특별시 강남구 영동대로 405,135847,06182,,9,,127.064454456886,37.5054504076409
MA0101202303A0121272,에이엘에스,,N1,시설관리·임대,N107,사무 지원,N10799,기타 사무 지원 서비스업,N75919,기타 사무 지원 서비스업,11,서울특별시,11680,강남구,11680610,대치2동,1168010600,대치동,1168010600109490008,1,대지,949,8,서울특별시 강남구 대치동 949-8,116802122002,서울특별시 강남구 영동대로,405,,1168010600109490008012246,에이엘에스세원빌딩,서울특별시 강남구 영동대로 405,135847,06182,,6,,127.064454456886,37.5054504076409
MA010120220809957506,디에이치위드,,L1,부동산,L102,부동산 서비스,L10203,부동산 중개/대리업,L68221,부동산 중개 및 대리업,11,서울특별시,11680,강남구,11680610,대치2동,1168010600,대치동,1168010600109490008,1,대지,949,8,서울특별시 강남구 대치동 949-8,116802122002,서울특별시 강남구 영동대로,405,,1168010600109490008012246,세원빌딩,서울특별시 강남구 영동대로 405,135847,06182,,9,,127.064454456886,37.5054504076409
MA0101202306A0059992,골프존파크대치,삼성역점,R1,예술·스포츠,R103,스포츠 서비스,R10311,골프 연습장,R91136,골프 연습장 운영업,11,서울특별시,11680,강남구,11680610,대치2동,1168010600,대치동,1168010600110010000,1,대지,1001,,서울특별시 강남구 대치동 1001,116802122002,서울특별시 강남구 영동대로,424,,1168010600110010000012114,사조빌딩,서울특별시 강남구 영동대로 424,135502,06174,,2,,127.064467525435,37.5074956818301
MA0101202406A0392028,윤's다이닝,,I2,음식,I201,한식,I20101,백반/한정식,I56111,한식 일반 음식점업,11,서울특별시,11680,강남구,11680610,대치2동,1168010600,대치동,1168010600110010000,1,대지,1001,,서울특별시 강남구 대치동 1001,116802122002,서울특별시 강남구 영동대로,424,,1168010600110010000012114,,서울특별시 강남구 영동대로 424,135502,06174,,2,,127.064467525435,37.5074956818301
MA010120220812187004,파리바게뜨,삼성역점,I2,음식,I210,기타 간이,I21001,빵/도넛,I56191,제과점업,11,서울특별시,11680,강남구,11680610,대치2동,1168010600,대치동,1168010600110010000,1,대지,1001,,서울특별시 강남구 대치동 1001,116802122002,서울특별시 강남구 영동대로,424,,1168010600110010000012114,,서울특별시 강남구 영동대로 424,135502,06174,,1,,127.064467525435,37.5074956818301
MA010120220812125701,패럴랙스랩,,P1,교육,P105,일반 교육,P10501,입시·교과학원,P85501,일반 교과학원,11,서울특별시,11680,강남구,11680610,대치2동,1168010600,대치동,1168010600109680001,1,대지,968,1,서울특별시 강남구 대치동 968-1,116803122008,서울특별시 강남구 역삼로,560,,1168010600109680001012341,지앤비빌딩,서울특별시 강남구 역삼로 560,135848,06188,,6,,127.06448782821,37.5048016656887
MA010120220809897903,글래드호텔앤리조트글래드강남코엑스센터,,I1,숙박,I101,일반 숙박,I10101,호텔/리조트,I55101,호텔업,11,서울특별시,11680,강남구,11680610,대치2동,1168010600,대치동,1168010600109950016,1,대지,995,16,서울특별시 강남구 대치동 995-16,116803122010,서울특별시 강남구 테헤란로,610,,1168010600109950016012058,호텔글래드강남코엑스센터,서울특별시 강남구 테헤란로 610,135502,06174,,,,127.064547844226,37.5088291249661
MA010120220806584115,브랜드네트워크레스토랑지,코리아,I2,음식,I204,서양식,I20401,경양식,I56123,서양식 음식점업,11,서울특별시,11680,강남구,11680610,대치2동,1168010600,대치동,1168010600109950016,1,대지,995,16,서울특별시 강남구 대치동 995-16,116803122010,서울특별시 강남구 테헤란로,610,,1168010600109950016012058,GL아파트,서울특별시 강남구 테헤란로 610,135502,06174,,1,,127.064547844226,37.5088291249661
MA010120220807989727,브랜드네트워크세가프레도,코리아,I2,음식,I212,비알코올 ,I21201,카페,I56221,커피 전문점,11,서울특별시,11680,강남구,11680610,대치2동,1168010600,대치동,1168010600109950016,1,대지,995,16,서울특별시 강남구 대치동 995-16,116803122010,서울특별시 강남구 테헤란로,610,,1168010600109950016012058,호텔글래드강남코엑스센터,서울특별시 강남구 테헤란로 610,135502,06174,,1,,127.064547844226,37.5088291249661
MA0101202311A0040277,샤크파트너스,,M1,과학·기술,M107,본사·경영 컨설팅,M10703,경영 컨설팅업,M71531,경영 컨설팅업,11,서울특별시,11680,강남구,11680580,삼성1동,1168010500,삼성동,1168010500101690011,1,대지,169,11,서울특별시 강남구 삼성동 169-11,116804166710,서울특별시 강남구 테헤란로103길,6,,1168010500101690012016681,,서울특별시 강남구 테헤란로103길 6,135882,06173,,,,127.064548798525,37.5099373600309
MA0101202406A0555073,지인회계법인,,M1,과학·기술,M104,회계·세무,M10402,세무사,M71202,세무사업,11,서울특별시,11680,강남구,11680580,삼성1동,1168010500,삼성동,1168010500101690011,1,대지,169,11,서울특별시 강남구 삼성동 169-11,116804166710,서울특별시 강남구 테헤란로103길,6,,1168010500101690012016681,,서울특별시 강남구 테헤란로103길 6,135882,06173,,5,,127.064548798525,37.5099373600309
MA010120220813060001,지코엑스,,N1,시설관리·임대,N108,기타 사업 서비스,N10802,전시/컨벤션/행사 대행 서비스업,N75992,"전시, 컨벤션 및 행사 대행업",11,서울특별시,11680,강남구,11680580,삼성1동,1168010500,삼성동,1168010500101690011,1,대지,169,11,서울특별시 강남구 삼성동 169-11,116804166710,서울특별시 강남구 테헤란로103길,6,,1168010500101690012016681,,서울특별시 강남구 테헤란로103길 6,135882,06173,,2,,127.064548798525,37.5099373600309
MA0101202211A0074995,세무법인택스로,,M1,과학·기술,M104,회계·세무,M10402,세무사,M71202,세무사업,11,서울특별시,11680,강남구,11680580,삼성1동,1168010500,삼성동,1168010500101690011,1,대지,169,11,서울특별시 강남구 삼성동 169-11,116804166710,서울특별시 강남구 테헤란로103길,6,,1168010500101690012016681,한진빌딩,서울특별시 강남구 테헤란로103길 6,135882,06173,,,,127.064548798525,37.5099373600309
MA010120220806462956,뉴런모빌리티,코리아,N1,시설관리·임대,N109,운송장비 대여,N10999,기타 운송장비 대여업,N76190,기타 운송장비 임대업,11,서울특별시,11680,강남구,11680580,삼성1동,1168010500,삼성동,1168010500101690012,1,대지,169,12,서울특별시 강남구 삼성동 169-12,116804166710,서울특별시 강남구 테헤란로103길,6,,1168010500101690012016681,,서울특별시 강남구 테헤란로103길 6,135882,06173,,,,127.064548798525,37.5099373600309
MA010120220814055655,새몸만들기,,G2,소매,G209,섬유·의복·신발 소매,G20906,침구류/커튼 소매업,G47421,가정용 직물제품 소매업,11,서울특별시,11680,강남구,11680580,삼성1동,1168010500,삼성동,1168010500101690012,1,대지,169,12,서울특별시 강남구 삼성동 169-12,116804166710,서울특별시 강남구 테헤란로103길,6,,1168010500101690012016681,한진빌딩,서울특별시 강남구 테헤란로103길 6,135882,06173,,,,127.064548798525,37.5099373600309
MA010120220807156129,레비고비유한책임회사,코리아,G2,소매,G218,장식품 소매,G21801,예술품 소매업,G47841,예술품 및 골동품 소매업,11,서울특별시,11680,강남구,11680580,삼성1동,1168010500,삼성동,1168010500101690012,1,대지,169,12,서울특별시 강남구 삼성동 169-12,116804166710,서울특별시 강남구 테헤란로103길,6,,1168010500101690012016681,,서울특별시 강남구 테헤란로103길 6,135882,06173,,6,,127.064548798525,37.5099373600309
MA0101202406A0384695,비앤피아카데미,,P1,교육,P106,기타 교육,P10603,요가/필라테스 학원,P85612,기타 스포츠 교육기관,11,서울특별시,11680,강남구,11680610,대치2동,1168010600,대치동,1168010600110010005,1,대지,1001,5,서울특별시 강남구 대치동 1001-5,116804166702,서울특별시 강남구 영동대로86길,6,,1168010600110010005012110,지산빌딩,서울특별시 강남구 영동대로86길 6,135502,06174,,1,,127.064682626963,37.5077388355397
MA010120220806857751,세무그룹웍스택스,,M1,과학·기술,M104,회계·세무,M10402,세무사,M71202,세무사업,11,서울특별시,11680,강남구,11680610,대치2동,1168010600,대치동,1168010600110010005,1,대지,1001,5,서울특별시 강남구 대치동 1001-5,116804166702,서울특별시 강남구 영동대로86길,6,,1168010600110010005012110,지산빌딩,서울특별시 강남구 영동대로86길 6,135502,06174,,7,,127.064682626963,37.5077388355397
MA0101202301A0067744,샐러드박스,삼성역점,I2,음식,I210,기타 간이,I21005,토스트/샌드위치/샐러드,I56192,"피자, 햄버거, 샌드위치 및 유사 음식점업",11,서울특별시,11680,강남구,11680610,대치2동,1168010600,대치동,1168010600110010005,1,대지,1001,5,서울특별시 강남구 대치동 1001-5,116804166702,서울특별시 강남구 영동대로86길,6,,1168010600110010005012110,지산빌딩,서울특별시 강남구 영동대로86길 6,135502,06174,,1,,127.064693944861,37.5077478393896
MA010120220808431525,리틀우,,I2,음식,I212,비알코올 ,I21201,카페,I56221,커피 전문점,11,서울특별시,11680,강남구,11680580,삼성1동,1168010500,삼성동,1168010500101650015,1,대지,165,15,서울특별시 강남구 삼성동 165-15,116804166331,서울특별시 강남구 봉은사로112길,28,,1168010500101650015015877,,서울특별시 강남구 봉은사로112길 28,135881,06172,,1,,127.064755118816,37.5130997718971
MA0101202406A0128425,피크하이,,N1,시설관리·임대,N105,여행사·보조,N10501,여행사,N75210,여행사업,11,서울특별시,11680,강남구,11680610,대치2동,1168010600,대치동,1168010600110010003,1,대지,1001,3,서울특별시 강남구 대치동 1001-3,116804166702,서울특별시 강남구 영동대로86길,10,8,1168010600110010003000001,석교빌딩,서울특별시 강남구 영동대로86길 10-8,135502,06174,,2,,127.06477288996,37.5074865047317
MA010120220807145200,뒤끝,,I2,음식,I201,한식,I20101,백반/한정식,I56111,한식 일반 음식점업,11,서울특별시,11680,강남구,11680610,대치2동,1168010600,대치동,1168010600109950021,1,대지,995,21,서울특별시 강남구 대치동 995-21,116804166711,서울특별시 강남구 테헤란로104길,8,,1168010600109950021012067,,서울특별시 강남구 테헤란로104길 8,135502,06174,,1,,127.064807778294,37.5085947214331
MA010120220809811665,커피온,삼성역점,I2,음식,I212,비알코올 ,I21201,카페,I56221,커피 전문점,11,서울특별시,11680,강남구,11680610,대치2동,1168010600,대치동,1168010600109950021,1,대지,995,21,서울특별시 강남구 대치동 995-21,116804166711,서울특별시 강남구 테헤란로104길,8,,1168010600109950021012067,,서울특별시 강남구 테헤란로104길 8,135502,06174,,1,,127.064807778294,37.5085947214331
MA010120220806368489,교육방송,,P1,교육,P106,기타 교육,P10617,전문자격/고시학원,P85632,기타 교습학원,11,서울특별시,11680,강남구,11680610,대치2동,1168010600,대치동,1168010600109950021,1,대지,995,21,서울특별시 강남구 대치동 995-21,116804166711,서울특별시 강남구 테헤란로104길,8,,1168010600109950021012067,성보빌딩,서울특별시 강남구 테헤란로104길 8,135502,06174,,5,,127.064807778294,37.5085947214331
MA0101202305A0197044,스마트그린팩토리,,M1,과학·기술,M109,기술 서비스,M10904,환경 관련 엔지니어링 서비스업,M72122,환경 관련 엔지니어링 서비스업,11,서울특별시,11680,강남구,11680610,대치2동,1168010600,대치동,1168010600110010004,1,대지,1001,4,서울특별시 강남구 대치동 1001-4,116804166702,서울특별시 강남구 영동대로86길,10,6,1168010600110010004012113,,서울특별시 강남구 영동대로86길 10-6,135502,06174,,1,,127.06482956505,37.5076306344118
MA010120220806714864,센터커피,삼성점,I2,음식,I212,비알코올 ,I21201,카페,I56221,커피 전문점,11,서울특별시,11680,강남구,11680580,삼성1동,1168010500,삼성동,1168010500101690008,1,대지,169,8,서울특별시 강남구 삼성동 169-8,116804166703,서울특별시 강남구 영동대로96길,26,,1168010500101690024016402,플레이스원빌딩,서울특별시 강남구 영동대로96길 26,135882,06173,,1,,127.064832432681,37.5109463295998
MA010120220809928648,대륙부동산중개법인,,L1,부동산,L102,부동산 서비스,L10203,부동산 중개/대리업,L68221,부동산 중개 및 대리업,11,서울특별시,11680,강남구,11680610,대치2동,1168010600,대치동,1168010600110010006,1,대지,1001,6,서울특별시 강남구 대치동 1001-6,116804166702,서울특별시 강남구 영동대로86길,10,,1168010600110010006012108,,서울특별시 강남구 영동대로86길 10,135502,06174,,2,,127.064908884018,37.507801781764
MA010120220806664574,세븐대치코스모점,코리아,G2,소매,G204,종합 소매,G20405,편의점,G47122,체인화 편의점,11,서울특별시,11680,강남구,11680610,대치2동,1168010600,대치동,1168010600110010006,1,대지,1001,6,서울특별시 강남구 대치동 1001-6,116804166702,서울특별시 강남구 영동대로86길,10,,1168010600110010006012108,,서울특별시 강남구 영동대로86길 10,135502,06174,,1,,127.064908884018,37.507801781764
MA010120220809926631,얌샘김밥대치,삼성점,I2,음식,I210,기타 간이,I21007,김밥/만두/분식,I56194,김밥 및 기타 간이 음식점업,11,서울특별시,11680,강남구,11680610,대치2동,1168010600,대치동,1168010600109950023,1,대지,995,23,서울특별시 강남구 대치동 995-23,116804166711,서울특별시 강남구 테헤란로104길,12,,1168010600109950023000001,양유빌딩,서울특별시 강남구 테헤란로104길 12,135502,06174,,1,,127.064943220303,37.5082702853592
MA010120220813990606,특허법인인큐브,,M1,과학·기술,M103,법무관련 ,M10302,변리사,M71102,변리사업,11,서울특별시,11680,강남구,11680610,대치2동,1168010600,대치동,1168010600109950023,1,대지,995,23,서울특별시 강남구 대치동 995-23,116804166711,서울특별시 강남구 테헤란로104길,12,,1168010600109950023000001,양유빌딩,서울특별시 강남구 테헤란로104길 12,135502,06174,,,,127.064943220303,37.5082702853592
MA0101202302A0075215,리앤유프로젝트,,P1,교육,P106,기타 교육,P10603,요가/필라테스 학원,P85612,기타 스포츠 교육기관,11,서울특별시,11680,강남구,11680610,대치2동,1168010600,대치동,1168010600109950023,1,대지,995,23,서울특별시 강남구 대치동 995-23,116804166711,서울특별시 강남구 테헤란로104길,12,,1168010600109950023000001,,서울특별시 강남구 테헤란로104길 12,135502,06174,,1,,127.064943220303,37.5082702853592
MA010120220811665474,플러스제로,,M1,과학·기술,M105,광고,M10501,광고 대행업,M71310,광고 대행업,11,서울특별시,11680,강남구,11680610,대치2동,1168010600,대치동,1168010600109950023,1,대지,995,23,서울특별시 강남구 대치동 995-23,116804166711,서울특별시 강남구 테헤란로104길,12,,1168010600109950023000001,양유빌딩,서울특별시 강남구 테헤란로104길 12,135502,06174,,,,127.064943220303,37.5082702853592
MA0101202212A0064070,아리랑,,I2,음식,I201,한식,I20101,백반/한정식,I56111,한식 일반 음식점업,11,서울특별시,11680,강남구,11680580,삼성1동,1168010500,삼성동,1168010500101690013,1,대지,169,13,서울특별시 강남구 삼성동 169-13,116804166710,서울특별시 강남구 테헤란로103길,8,8,1168010500101690013016661,,서울특별시 강남구 테헤란로103길 8-8,135882,06173,,1,,127.064956076367,37.510054267346
MA0101202307A0023877,더깊은한방내과한의원,,Q1,보건의료,Q102,의원,Q10211,한의원,Q86203,한의원,11,서울특별시,11680,강남구,11680580,삼성1동,1168010500,삼성동,1168010500101690013,1,대지,169,13,서울특별시 강남구 삼성동 169-13,116804166710,서울특별시 강남구 테헤란로103길,8,8,1168010500101690013016661,,서울특별시 강남구 테헤란로103길 8-8,135882,06173,,5,,127.064956076367,37.510054267346
MA010120220808478118,파이온,,M1,과학·기술,M107,본사·경영 컨설팅,M10703,경영 컨설팅업,M71531,경영 컨설팅업,11,서울특별시,11680,강남구,11680610,대치2동,1168010600,대치동,1168010600110010011,1,대지,1001,11,서울특별시 강남구 대치동 1001-11,116804166702,서울특별시 강남구 영동대로86길,10,7,1168010600110010011028187,한티빌딩,서울특별시 강남구 영동대로86길 10-7,135502,06174,,,,127.065032967182,37.5074232914952
MA0101202406A0557448,한누리어드바이저리,,M1,과학·기술,M107,본사·경영 컨설팅,M10703,경영 컨설팅업,M71531,경영 컨설팅업,11,서울특별시,11680,강남구,11680610,대치2동,1168010600,대치동,1168010600109950024,1,대지,995,24,서울특별시 강남구 대치동 995-24,116804166702,서울특별시 강남구 영동대로86길,11,,1168010600109950024012093,,서울특별시 강남구 영동대로86길 11,135502,06174,,6,,127.065033537776,37.508081024677
MA010120220806506267,담미온,,I2,음식,I201,한식,I20102,국/탕/찌개류,I56111,한식 일반 음식점업,11,서울특별시,11680,강남구,11680610,대치2동,1168010600,대치동,1168010600109950024,1,대지,995,24,서울특별시 강남구 대치동 995-24,116804166702,서울특별시 강남구 영동대로86길,11,,1168010600109950024012093,,서울특별시 강남구 영동대로86길 11,135502,06174,,,,127.065033537776,37.508081024677
MA010120220813448195,한누리세무회계,,M1,과학·기술,M104,회계·세무,M10402,세무사,M71202,세무사업,11,서울특별시,11680,강남구,11680610,대치2동,1168010600,대치동,1168010600109950024,1,대지,995,24,서울특별시 강남구 대치동 995-24,116804166702,서울특별시 강남구 영동대로86길,11,,1168010600109950024012093,승원빌딩,서울특별시 강남구 영동대로86길 11,135502,06174,,6,,127.065033537776,37.508081024677
MA010120220814281915,계동치킨,,I2,음식,I210,기타 간이,I21006,치킨,I56193,치킨 전문점,11,서울특별시,11680,강남구,11680610,대치2동,1168010600,대치동,1168010600109950024,1,대지,995,24,서울특별시 강남구 대치동 995-24,116804166702,서울특별시 강남구 영동대로86길,11,,1168010600109950024012093,,서울특별시 강남구 영동대로86길 11,135502,06174,,1,,127.065033537776,37.508081024677
MA0101202309A0050631,돈오반,,I2,음식,I201,한식,I20101,백반/한정식,I56111,한식 일반 음식점업,11,서울특별시,11680,강남구,11680580,삼성1동,1168010500,삼성동,1168010500101690010,1,대지,169,10,서울특별시 강남구 삼성동 169-10,116804166712,서울특별시 강남구 테헤란로107길,11,,1168010500101690010027394,,서울특별시 강남구 테헤란로107길 11,135882,06173,,1,,127.065058199052,37.5104326329951
MA0101202306A0009998,생활맥주,삼성역점,I2,음식,I211,주점,I21103,생맥주 전문,I56213,생맥주 전문점,11,서울특별시,11680,강남구,11680580,삼성1동,1168010500,삼성동,1168010500101690010,1,대지,169,10,서울특별시 강남구 삼성동 169-10,116804166712,서울특별시 강남구 테헤란로107길,11,,1168010500101690010027394,,서울특별시 강남구 테헤란로107길 11,135882,06173,,1,,127.065058199052,37.5104326329951
MA0101202406A0179805,주유소,삼성동,G2,소매,G214,연료 소매,G21401,주유소,G47711,운송장비용 주유소 운영업,11,서울특별시,11680,강남구,11680580,삼성1동,1168010500,삼성동,1168010500101690017,1,대지,169,17,서울특별시 강남구 삼성동 169-17,116803122010,서울특별시 강남구 테헤란로,619,,1168010500101690017016697,,서울특별시 강남구 테헤란로 619,135882,06173,,,,127.065114297741,37.5099100195213
MA0101202303A0054357,성풍한우,,I2,음식,I201,한식,I20108,소고기 구이/찜,I56113,한식 육류 요리 전문점,11,서울특별시,11680,강남구,11680580,삼성1동,1168010500,삼성동,1168010500101660001,1,대지,166,1,서울특별시 강남구 삼성동 166-1,116804166333,서울특별시 강남구 봉은사로114길,30,5,1168010500101660001015921,평화빌딩,서울특별시 강남구 봉은사로114길 30-5,135881,06172,,1,,127.065116794636,37.5127842216666
MA010120220810266632,팀어스건축사사무소,,M1,과학·기술,M109,기술 서비스,M10901,건축 설계 및 관련 서비스업,M72111,건축 설계 및 관련 서비스업,11,서울특별시,11680,강남구,11680580,삼성1동,1168010500,삼성동,1168010500101660001,1,대지,166,1,서울특별시 강남구 삼성동 166-1,116804166333,서울특별시 강남구 봉은사로114길,30,5,1168010500101660001015921,평화빌딩,서울특별시 강남구 봉은사로114길 30-5,135881,06172,,3,,127.065116794636,37.5127842216666
MA0101202303A0108603,성풍정육점,,G2,소매,G205,식료품 소매,G20503,정육점,G47212,육류 소매업,11,서울특별시,11680,강남구,11680580,삼성1동,1168010500,삼성동,1168010500101660001,1,대지,166,1,서울특별시 강남구 삼성동 166-1,116804166333,서울특별시 강남구 봉은사로114길,30,5,1168010500101660001015921,,서울특별시 강남구 봉은사로114길 30-5,135881,06172,,,,127.065116794636,37.5127842216666
MA010120220812225010,드림푸드,,I2,음식,I201,한식,I20101,백반/한정식,I56111,한식 일반 음식점업,11,서울특별시,11680,강남구,11680580,삼성1동,1168010500,삼성동,1168010500101660004,1,대지,166,4,서울특별시 강남구 삼성동 166-4,116804166327,서울특별시 강남구 봉은사로108길,39,,1168010500101660004015978,준성빌딩,서울특별시 강남구 봉은사로108길 39,135881,06172,,1,,127.065150484499,37.5125048918367
MA0101202301A0013043,에스당구장,,R1,예술·스포츠,R103,스포츠 서비스,R10310,당구장,R91135,당구장 운영업,11,서울특별시,11680,강남구,11680610,대치2동,1168010600,대치동,1168010600110010008,1,대지,1001,8,서울특별시 강남구 대치동 1001-8,116804166702,서울특별시 강남구 영동대로86길,12,,1168010600110010008012104,,서울특별시 강남구 영동대로86길 12,135502,06174,,1,,127.06519165298,37.5078196461405
MA010120220806154939,에스빌리어드클럽,,R1,예술·스포츠,R103,스포츠 서비스,R10310,당구장,R91135,당구장 운영업,11,서울특별시,11680,강남구,11680610,대치2동,1168010600,대치동,1168010600110010008,1,대지,1001,8,서울특별시 강남구 대치동 1001-8,116804166702,서울특별시 강남구 영동대로86길,12,,1168010600110010008012104,동남유화빌딩,서울특별시 강남구 영동대로86길 12,135502,06174,,1,,127.06519165298,37.5078196461405
MA010120220808564749,메콩타이,삼성역점,I2,음식,I205,동남아시아,I20599,기타 동남아식 전문,I56129,기타 외국식 음식점업,11,서울특별시,11680,강남구,11680610,대치2동,1168010600,대치동,1168010600109960009,1,대지,996,9,서울특별시 강남구 대치동 996-9,116804166711,서울특별시 강남구 테헤란로104길,9,,1168010600109960009027347,,서울특별시 강남구 테헤란로104길 9,135502,06174,,2,,127.065248878095,37.5085944786024
MA010120220813713407,유한책임회사원더게임즈,,M1,과학·기술,M107,본사·경영 컨설팅,M10703,경영 컨설팅업,M71531,경영 컨설팅업,11,서울특별시,11680,강남구,11680610,대치2동,1168010600,대치동,1168010600109960017,1,대지,996,17,서울특별시 강남구 대치동 996-17,116803122010,서울특별시 강남구 테헤란로,616,,1168010600109960017012054,미래에셋벤처타워,서울특별시 강남구 테헤란로 616,135502,06174,,3,,127.065260580543,37.5090449744499
MA010120220807804707,원더벤처스,,M1,과학·기술,M107,본사·경영 컨설팅,M10703,경영 컨설팅업,M71531,경영 컨설팅업,11,서울특별시,11680,강남구,11680610,대치2동,1168010600,대치동,1168010600109960017,1,대지,996,17,서울특별시 강남구 대치동 996-17,116803122010,서울특별시 강남구 테헤란로,616,,1168010600109960017012054,,서울특별시 강남구 테헤란로 616,135502,06174,,,,127.065260580543,37.5090449744499
MA010120220812494099,법무법인퍼스트,,M1,과학·기술,M103,법무관련 ,M10301,변호사,M71101,변호사업,11,서울특별시,11680,강남구,11680580,삼성1동,1168010500,삼성동,1168010500101700000,1,대지,170,,서울특별시 강남구 삼성동 170,116804166703,서울특별시 강남구 영동대로96길,34,,1168010500101700000016320,대윤빌딩,서울특별시 강남구 영동대로96길 34,135882,06173,,2,,127.065307666544,37.5111623088322
MA010120220813753350,창조레저개발,,I1,숙박,I101,일반 숙박,I10103,펜션,I55104,민박업,11,서울특별시,11680,강남구,11680580,삼성1동,1168010500,삼성동,1168010500101700000,1,대지,170,,서울특별시 강남구 삼성동 170,116804166703,서울특별시 강남구 영동대로96길,34,,1168010500101700000016320,대윤빌딩,서울특별시 강남구 영동대로96길 34,135882,06173,,6,,127.065307666544,37.5111623088322
MA010120220813387333,티비엘컴퍼니,,N1,시설관리·임대,N108,기타 사업 서비스,N10802,전시/컨벤션/행사 대행 서비스업,N75992,"전시, 컨벤션 및 행사 대행업",11,서울특별시,11680,강남구,11680580,삼성1동,1168010500,삼성동,1168010500101700000,1,대지,170,,서울특별시 강남구 삼성동 170,116804166703,서울특별시 강남구 영동대로96길,34,,1168010500101700000016320,대윤빌딩,서울특별시 강남구 영동대로96길 34,135882,06173,,,,127.065307666544,37.5111623088322
MA010120220812815201,하늘담은시래기땅품은청국장,,I2,음식,I201,한식,I20102,국/탕/찌개류,I56111,한식 일반 음식점업,11,서울특별시,11680,강남구,11680580,삼성1동,1168010500,삼성동,1168010500101660005,1,대지,166,5,서울특별시 강남구 삼성동 166-5,116804166333,서울특별시 강남구 봉은사로114길,40,,1168010500101660005016006,,서울특별시 강남구 봉은사로114길 40,135881,06172,,1,,127.065320037189,37.5123786576257
MA010120220810257510,법무법인오라클,,M1,과학·기술,M103,법무관련 ,M10301,변호사,M71101,변호사업,11,서울특별시,11680,강남구,11680610,대치2동,1168010600,대치동,1168010600110020000,1,대지,1002,,서울특별시 강남구 대치동 1002,116802122002,서울특별시 강남구 영동대로,416,,1168010600110020000014582,케이티앤지타워,서울특별시 강남구 영동대로 416,135549,06176,,1,,127.065326298939,37.5065851950799
MA010120220807018574,네스트네일,,S2,수리·개인,S207,이용·미용,S20703,네일숍,S96119,기타 미용업,11,서울특별시,11680,강남구,11680610,대치2동,1168010600,대치동,1168010600110020000,1,대지,1002,,서울특별시 강남구 대치동 1002,116802122002,서울특별시 강남구 영동대로,416,,1168010600110020000014582,,서울특별시 강남구 영동대로 416,135549,06176,,2,,127.065326298939,37.5065851950799
MA0101202209A0083708,릴미니멀리움케이티앤지,타워점,G2,소매,G204,종합 소매,G20499,그 외 기타 종합 소매업,G47190,그 외 기타 종합 소매업,11,서울특별시,11680,강남구,11680610,대치2동,1168010600,대치동,1168010600110020000,1,대지,1002,,서울특별시 강남구 대치동 1002,116802122002,서울특별시 강남구 영동대로,416,,1168010600110020000014582,케이티앤지타워,서울특별시 강남구 영동대로 416,135549,06176,,1,,127.065326298939,37.5065851950799
MA010120220812011938,변호사황인석법률사무소,,M1,과학·기술,M103,법무관련 ,M10301,변호사,M71101,변호사업,11,서울특별시,11680,강남구,11680610,대치2동,1168010600,대치동,1168010600110020000,1,대지,1002,,서울특별시 강남구 대치동 1002,116802122002,서울특별시 강남구 영동대로,416,,1168010600110020000014582,케이티앤지타워,서울특별시 강남구 영동대로 416,135549,06176,,8,,127.065326298939,37.5065851950799
MA010120220814127785,2020씨엠티,,M1,과학·기술,M107,본사·경영 컨설팅,M10703,경영 컨설팅업,M71531,경영 컨설팅업,11,서울특별시,11680,강남구,11680610,대치2동,1168010600,대치동,1168010600110020000,1,대지,1002,,서울특별시 강남구 대치동 1002,116802122002,서울특별시 강남구 영동대로,416,,1168010600110020000014582,,서울특별시 강남구 영동대로 416,135549,06176,,2,,127.065326298939,37.5065851950799
MA010120220808372614,특허법인서한,,M1,과학·기술,M103,법무관련 ,M10302,변리사,M71102,변리사업,11,서울특별시,11680,강남구,11680610,대치2동,1168010600,대치동,1168010600110010016,1,대지,1001,16,서울특별시 강남구 대치동 1001-16,116804166700,서울특별시 강남구 영동대로82길,9,,1168010600110010016000001,,서울특별시 강남구 영동대로82길 9,135502,06174,,5,,127.065326840683,37.507206888174
MA0101202311A0001386,앰비션풋볼랩삼성,본점,P1,교육,P106,기타 교육,P10603,요가/필라테스 학원,P85612,기타 스포츠 교육기관,11,서울특별시,11680,강남구,11680610,대치2동,1168010600,대치동,1168010600110010016,1,대지,1001,16,서울특별시 강남구 대치동 1001-16,116804166700,서울특별시 강남구 영동대로82길,9,,1168010600110010016000001,,서울특별시 강남구 영동대로82길 9,135502,06174,,B2,,127.065326840683,37.507206888174
MA010120220806859384,클렌베리,,S2,수리·개인,S211,기타 개인,S21105,결혼 상담 서비스업,S96994,결혼 상담 및 준비 서비스업,11,서울특별시,11680,강남구,11680610,대치2동,1168010600,대치동,1168010600110010016,1,대지,1001,16,서울특별시 강남구 대치동 1001-16,116804166700,서울특별시 강남구 영동대로82길,9,,1168010600110010016000001,,서울특별시 강남구 영동대로82길 9,135502,06174,,6,,127.065326840683,37.507206888174
MA0101202406A0360645,내림손삼계탕,,I2,음식,I201,한식,I20102,국/탕/찌개류,I56111,한식 일반 음식점업,11,서울특별시,11680,강남구,11680580,삼성1동,1168010500,삼성동,1168010500101660006,1,대지,166,6,서울특별시 강남구 삼성동 166-6,116804166333,서울특별시 강남구 봉은사로114길,42,,1168010500101660006016048,,서울특별시 강남구 봉은사로114길 42,135881,06172,,,,127.065331159528,37.5121624104913
MA010120220809202219,도시락카페,,I2,음식,I201,한식,I20101,백반/한정식,I56111,한식 일반 음식점업,11,서울특별시,11680,강남구,11680580,삼성1동,1168010500,삼성동,1168010500101660006,1,대지,166,6,서울특별시 강남구 삼성동 166-6,116804166333,서울특별시 강남구 봉은사로114길,42,,1168010500101660006016048,,서울특별시 강남구 봉은사로114길 42,135881,06172,,2,,127.065331159528,37.5121624104913
MA010120220813826656,현대이모네,,I2,음식,I201,한식,I20101,백반/한정식,I56111,한식 일반 음식점업,11,서울특별시,11680,강남구,11680580,삼성1동,1168010500,삼성동,1168010500101660006,1,대지,166,6,서울특별시 강남구 삼성동 166-6,116804166333,서울특별시 강남구 봉은사로114길,42,,1168010500101660006016048,,서울특별시 강남구 봉은사로114길 42,135881,06172,,,,127.065331159528,37.5121624104913
MA0101202212A0084837,맛나행복한밥상,,I2,음식,I201,한식,I20101,백반/한정식,I56111,한식 일반 음식점업,11,서울특별시,11680,강남구,11680580,삼성1동,1168010500,삼성동,1168010500101660006,1,대지,166,6,서울특별시 강남구 삼성동 166-6,116804166333,서울특별시 강남구 봉은사로114길,42,,1168010500101660006016048,,서울특별시 강남구 봉은사로114길 42,135881,06172,,2,,127.065331159528,37.5121624104913
MA010120220814076299,일미쌈밥,,I2,음식,I201,한식,I20101,백반/한정식,I56111,한식 일반 음식점업,11,서울특별시,11680,강남구,11680580,삼성1동,1168010500,삼성동,1168010500101660006,1,대지,166,6,서울특별시 강남구 삼성동 166-6,116804166333,서울특별시 강남구 봉은사로114길,42,,1168010500101660006016048,,서울특별시 강남구 봉은사로114길 42,135881,06172,,2,,127.065331159528,37.5121624104913
MA010120220813430777,국수마을,,I2,음식,I201,한식,I20105,국수/칼국수,I56111,한식 일반 음식점업,11,서울특별시,11680,강남구,11680580,삼성1동,1168010500,삼성동,1168010500101660006,1,대지,166,6,서울특별시 강남구 삼성동 166-6,116804166333,서울특별시 강남구 봉은사로114길,42,,1168010500101660006016048,,서울특별시 강남구 봉은사로114길 42,135881,06172,,1,,127.065331159528,37.5121624104913
MA010120220808084395,곱창과순대국,,I2,음식,I201,한식,I20102,국/탕/찌개류,I56111,한식 일반 음식점업,11,서울특별시,11680,강남구,11680580,삼성1동,1168010500,삼성동,1168010500101660006,1,대지,166,6,서울특별시 강남구 삼성동 166-6,116804166333,서울특별시 강남구 봉은사로114길,42,,1168010500101660006016048,,서울특별시 강남구 봉은사로114길 42,135881,06172,,1,,127.065331159528,37.5121624104913
MA0101202406A0542016,이사벨글로벌,,M1,과학·기술,M105,광고,M10501,광고 대행업,M71310,광고 대행업,11,서울특별시,11680,강남구,11680580,삼성1동,1168010500,삼성동,1168010500101660002,1,대지,166,2,서울특별시 강남구 삼성동 166-2,116804166333,서울특별시 강남구 봉은사로114길,32,,1168010500101660002015902,우남빌딩,서울특별시 강남구 봉은사로114길 32,135881,06172,,2,,127.06534314584,37.5129372673474
MA010120220807162322,CRC법률사무소,,M1,과학·기술,M103,법무관련 ,M10301,변호사,M71101,변호사업,11,서울특별시,11680,강남구,11680580,삼성1동,1168010500,삼성동,1168010500101690014,1,대지,169,14,서울특별시 강남구 삼성동 169-14,116803122010,서울특별시 강남구 테헤란로,621,,1168010500101690014016656,강남벤처랜드,서울특별시 강남구 테헤란로 621,135882,06173,,3,,127.065351864316,37.5099639485919
MA0101202301A0105514,크라운앤피플,,N1,시설관리·임대,N104,고용 알선,N10401,고용 알선업,N75110,고용 알선업,11,서울특별시,11680,강남구,11680580,삼성1동,1168010500,삼성동,1168010500101690014,1,대지,169,14,서울특별시 강남구 삼성동 169-14,116803122010,서울특별시 강남구 테헤란로,621,,1168010500101690014016656,,서울특별시 강남구 테헤란로 621,135882,06173,,3,,127.065351864316,37.5099639485919
MA010120220810235966,크라운법률사무소,,M1,과학·기술,M103,법무관련 ,M10301,변호사,M71101,변호사업,11,서울특별시,11680,강남구,11680580,삼성1동,1168010500,삼성동,1168010500101690014,1,대지,169,14,서울특별시 강남구 삼성동 169-14,116803122010,서울특별시 강남구 테헤란로,621,,1168010500101690014016656,강남벤처랜드,서울특별시 강남구 테헤란로 621,135882,06173,,3,,127.065351864316,37.5099639485919
MA010120220812584427,아이언렌트카,,N1,시설관리·임대,N109,운송장비 대여,N10901,자동차 대여업,N76110,자동차 임대업,11,서울특별시,11680,강남구,11680580,삼성1동,1168010500,삼성동,1168010500101660003,1,대지,166,3,서울특별시 강남구 삼성동 166-3,116804166333,서울특별시 강남구 봉은사로114길,38,,1168010500101660003015950,경인빌딩,서울특별시 강남구 봉은사로114길 38,135881,06172,,,,127.065354213199,37.5126579499795
MA010120220809648186,엠엠에프,,M1,과학·기술,M107,본사·경영 컨설팅,M10703,경영 컨설팅업,M71531,경영 컨설팅업,11,서울특별시,11680,강남구,11680580,삼성1동,1168010500,삼성동,1168010500101660003,1,대지,166,3,서울특별시 강남구 삼성동 166-3,116804166333,서울특별시 강남구 봉은사로114길,38,,1168010500101660003015950,경인빌딩,서울특별시 강남구 봉은사로114길 38,135881,06172,,4,,127.065354213199,37.5126579499795
MA010120220812149327,피맥월드,,S2,수리·개인,S201,컴퓨터 수리,S20101,컴퓨터/노트북/프린터 수리업,S95110,컴퓨터 및 주변 기기 수리업,11,서울특별시,11680,강남구,11680580,삼성1동,1168010500,삼성동,1168010500101660003,1,대지,166,3,서울특별시 강남구 삼성동 166-3,116804166333,서울특별시 강남구 봉은사로114길,38,,1168010500101660003015950,경인빌딩,서울특별시 강남구 봉은사로114길 38,135881,06172,,3,,127.065354213199,37.5126579499795
MA010120220814389034,솔향기,2호점,I2,음식,I201,한식,I20101,백반/한정식,I56111,한식 일반 음식점업,11,서울특별시,11680,강남구,11680580,삼성1동,1168010500,삼성동,1168010500101660003,1,대지,166,3,서울특별시 강남구 삼성동 166-3,116804166333,서울특별시 강남구 봉은사로114길,38,,1168010500101660003015950,경인빌딩,서울특별시 강남구 봉은사로114길 38,135881,06172,,,,127.065354213199,37.5126579499795
MA010120220810266954,세무법인이화삼성지점,,M1,과학·기술,M104,회계·세무,M10402,세무사,M71202,세무사업,11,서울특별시,11680,강남구,11680580,삼성1동,1168010500,삼성동,1168010500101660003,1,대지,166,3,서울특별시 강남구 삼성동 166-3,116804166333,서울특별시 강남구 봉은사로114길,38,,1168010500101660003015950,경인빌딩,서울특별시 강남구 봉은사로114길 38,135881,06172,,4,,127.065354213199,37.5126579499795
MA010120220814353233,S&K세무회계컨설팅,,M1,과학·기술,M104,회계·세무,M10402,세무사,M71202,세무사업,11,서울특별시,11680,강남구,11680580,삼성1동,1168010500,삼성동,1168010500101660003,1,대지,166,3,서울특별시 강남구 삼성동 166-3,116804166333,서울특별시 강남구 봉은사로114길,38,,1168010500101660003015950,경인빌딩,서울특별시 강남구 봉은사로114길 38,135881,06172,,,,127.065354213199,37.5126579499795
MA010120220810418852,바라뷰티,,G2,소매,G215,의약·화장품 소매,G21503,화장품 소매업,G47813,"화장품, 비누 및 방향제 소매업",11,서울특별시,11680,강남구,11680580,삼성1동,1168010500,삼성동,1168010500101660003,1,대지,166,3,서울특별시 강남구 삼성동 166-3,116804166333,서울특별시 강남구 봉은사로114길,38,,1168010500101660003015950,경인빌딩,서울특별시 강남구 봉은사로114길 38,135881,06172,,,,127.065354213199,37.5126579499795
MA010120220809299831,두어마리,,I2,음식,I201,한식,I20101,백반/한정식,I56111,한식 일반 음식점업,11,서울특별시,11680,강남구,11680580,삼성1동,1168010500,삼성동,1168010500101660003,1,대지,166,3,서울특별시 강남구 삼성동 166-3,116804166333,서울특별시 강남구 봉은사로114길,38,,1168010500101660003015950,경인빌딩,서울특별시 강남구 봉은사로114길 38,135881,06172,,1,,127.065354213199,37.5126579499795
MA010120220808280018,진양재순대,삼성점,I2,음식,I201,한식,I20102,국/탕/찌개류,I56111,한식 일반 음식점업,11,서울특별시,11680,강남구,11680580,삼성1동,1168010500,삼성동,1168010500101660003,1,대지,166,3,서울특별시 강남구 삼성동 166-3,116804166333,서울특별시 강남구 봉은사로114길,38,,1168010500101660003015950,경인빌딩,서울특별시 강남구 봉은사로114길 38,135881,06172,,,,127.065354213199,37.5126579499795
MA010120220813822273,이지앤컴퍼니,,M1,과학·기술,M109,기술 서비스,M10902,도시 계획 및 조경 설계 서비스업,M72112,도시 계획 및 조경 설계 서비스업,11,서울특별시,11680,강남구,11680580,삼성1동,1168010500,삼성동,1168010500101660003,1,대지,166,3,서울특별시 강남구 삼성동 166-3,116804166333,서울특별시 강남구 봉은사로114길,38,,1168010500101660003015950,경인빌딩,서울특별시 강남구 봉은사로114길 38,135881,06172,,,,127.065354213199,37.5126579499795
MA010120220808039476,법률사무소권앤율,,M1,과학·기술,M103,법무관련 ,M10301,변호사,M71101,변호사업,11,서울특별시,11680,강남구,11680580,삼성1동,1168010500,삼성동,1168010500101700003,1,대지,170,3,서울특별시 강남구 삼성동 170-3,116804166712,서울특별시 강남구 테헤란로107길,12,,1168010500101700003016500,한일빌딩,서울특별시 강남구 테헤란로107길 12,135882,06173,,3,,127.06543164312,37.5106576778114
MA010120220807035861,피엔에스서치,,N1,시설관리·임대,N104,고용 알선,N10401,고용 알선업,M71531,경영 컨설팅업,11,서울특별시,11680,강남구,11680580,삼성1동,1168010500,삼성동,1168010500101700003,1,대지,170,3,서울특별시 강남구 삼성동 170-3,116804166712,서울특별시 강남구 테헤란로107길,12,,1168010500101700003016500,한일빌딩,서울특별시 강남구 테헤란로107길 12,135882,06173,,,,127.06543164312,37.5106576778114
MA0101202211A0020980,지오에이디자인,,M1,과학·기술,M105,광고,M10501,광고 대행업,M71310,광고 대행업,11,서울특별시,11680,강남구,11680610,대치2동,1168010600,대치동,1168010600110000000,1,대지,1000,,서울특별시 강남구 대치동 1000,116804166711,서울특별시 강남구 테헤란로104길,19,,1168010600110000000012101,,서울특별시 강남구 테헤란로104길 19,135502,06174,,4,,127.065440562454,37.507918619032
MA010120220813723336,거자필반,,I2,음식,I201,한식,I20101,백반/한정식,I56111,한식 일반 음식점업,11,서울특별시,11680,강남구,11680610,대치2동,1168010600,대치동,1168010600110000000,1,대지,1000,,서울특별시 강남구 대치동 1000,116804166711,서울특별시 강남구 테헤란로104길,19,,1168010600110000000012101,,서울특별시 강남구 테헤란로104길 19,135502,06174,,1,,127.065440562454,37.507918619032
MA010120220806682335,어네스트바버샵,,S2,수리·개인,S207,이용·미용,S20701,미용실,S96111,이용업,11,서울특별시,11680,강남구,11680610,대치2동,1168010600,대치동,1168010600109960016,1,대지,996,16,서울특별시 강남구 대치동 996-16,116804166702,서울특별시 강남구 영동대로86길,17,,1168010600109960016012075,육인빌딩,서울특별시 강남구 영동대로86길 17,135502,06174,,1,,127.065474807681,37.5082790019488
MA010120220813315417,유키즈시,,I2,음식,I203,일식,I20301,일식 회/초밥,I56122,일식 음식점업,11,서울특별시,11680,강남구,11680610,대치2동,1168010600,대치동,1168010600109960016,1,대지,996,16,서울특별시 강남구 대치동 996-16,116804166702,서울특별시 강남구 영동대로86길,17,,1168010600109960016012075,육인빌딩,서울특별시 강남구 영동대로86길 17,135502,06174,,1,,127.065474807681,37.5082790019488
MA010120220814356141,중앙해장,,I2,음식,I201,한식,I20101,백반/한정식,I56111,한식 일반 음식점업,11,서울특별시,11680,강남구,11680610,대치2동,1168010600,대치동,1168010600109960016,1,대지,996,16,서울특별시 강남구 대치동 996-16,116804166702,서울특별시 강남구 영동대로86길,17,,1168010600109960016012075,육인빌딩,서울특별시 강남구 영동대로86길 17,135502,06174,,1,,127.065474807681,37.5082790019488
MA0101202305A0165272,더보이,,I2,음식,I210,기타 간이,I21001,빵/도넛,I56191,제과점업,11,서울특별시,11680,강남구,11680610,대치2동,1168010600,대치동,1168010600110010018,1,대지,1001,18,서울특별시 강남구 대치동 1001-18,116804166700,서울특별시 강남구 영동대로82길,11,,1168010600110010018028245,도원빌딩,서울특별시 강남구 영동대로82길 11,135502,06174,,1,,127.065507856465,37.5072698582684
MA010120220813288947,소나무식당,,I2,음식,I201,한식,I20101,백반/한정식,I56111,한식 일반 음식점업,11,서울특별시,11680,강남구,11680580,삼성1동,1168010500,삼성동,1168010500101660008,1,대지,166,8,서울특별시 강남구 삼성동 166-8,116804166703,서울특별시 강남구 영동대로96길,37,,1168010500101660008016203,,서울특별시 강남구 영동대로96길 37,135881,06172,,1,,127.065523009747,37.5116667519417
MA0101202406A0512057,일우별관,,I2,음식,I201,한식,I20101,백반/한정식,I56111,한식 일반 음식점업,11,서울특별시,11680,강남구,11680580,삼성1동,1168010500,삼성동,1168010500101660008,1,대지,166,8,서울특별시 강남구 삼성동 166-8,116804166703,서울특별시 강남구 영동대로96길,37,,1168010500101660008016203,,서울특별시 강남구 영동대로96길 37,135881,06172,,1,,127.065523009747,37.5116667519417
MA010120220813572756,강남집밥,,I2,음식,I201,한식,I20101,백반/한정식,I56111,한식 일반 음식점업,11,서울특별시,11680,강남구,11680580,삼성1동,1168010500,삼성동,1168010500101700004,1,대지,170,4,서울특별시 강남구 삼성동 170-4,116804166712,서울특별시 강남구 테헤란로107길,10,,1168010500101700004016553,,서울특별시 강남구 테헤란로107길 10,135882,06173,,1,,127.065555917468,37.5104954281221
MA010120220810898284,성일피씨엠종합건축사사무소,,M1,과학·기술,M109,기술 서비스,M10901,건축 설계 및 관련 서비스업,M72111,건축 설계 및 관련 서비스업,11,서울특별시,11680,강남구,11680580,삼성1동,1168010500,삼성동,1168010500101700004,1,대지,170,4,서울특별시 강남구 삼성동 170-4,116804166712,서울특별시 강남구 테헤란로107길,10,,1168010500101700004016553,성림빌딩,서울특별시 강남구 테헤란로107길 10,135882,06173,,2,,127.065555917468,37.5104954281221
MA010120220809574631,모스,,I2,음식,I204,서양식,I20401,경양식,I56123,서양식 음식점업,11,서울특별시,11680,강남구,11680610,대치2동,1168010600,대치동,1168010600110050008,1,대지,1005,8,서울특별시 강남구 대치동 1005-8,116803122008,서울특별시 강남구 역삼로,601,,1168010600110050008014545,,서울특별시 강남구 역삼로 601,135851,06176,,1,,127.065574227249,37.5055669220113
MA010120220810326883,크라이치즈버거,,I2,음식,I210,기타 간이,I21006,치킨,I56193,치킨 전문점,11,서울특별시,11680,강남구,11680610,대치2동,1168010600,대치동,1168010600109960001,1,대지,996,1,서울특별시 강남구 대치동 996-1,116803122010,서울특별시 강남구 테헤란로,620,,1168010600109960001012052,,서울특별시 강남구 테헤란로 620,135502,06174,,,,127.065577403476,37.5091979697646
MA010120220809648821,엑스플로인베스트먼트,,M1,과학·기술,M107,본사·경영 컨설팅,M10703,경영 컨설팅업,M71531,경영 컨설팅업,11,서울특별시,11680,강남구,11680610,대치2동,1168010600,대치동,1168010600109960001,1,대지,996,1,서울특별시 강남구 대치동 996-1,116803122010,서울특별시 강남구 테헤란로,620,,1168010600109960001012052,미래에셋타워,서울특별시 강남구 테헤란로 620,135502,06174,,8,,127.065577403476,37.5091979697646
MA010120220807096644,로믹,코리아,G2,소매,G215,의약·화장품 소매,G21502,의료기기 소매업,G47812,의료용 기구 소매업,11,서울특별시,11680,강남구,11680610,대치2동,1168010600,대치동,1168010600110000001,1,대지,1000,1,서울특별시 강남구 대치동 1000-1,116804166702,서울특별시 강남구 영동대로86길,18,,1168010600110000001012099,,서울특별시 강남구 영동대로86길 18,135502,06174,,2,,127.065587633808,37.5079635877011
MA010120220814039785,이앤케이컴퍼니,,M1,과학·기술,M107,본사·경영 컨설팅,M10703,경영 컨설팅업,M71531,경영 컨설팅업,11,서울특별시,11680,강남구,11680610,대치2동,1168010600,대치동,1168010600110000001,1,대지,1000,1,서울특별시 강남구 대치동 1000-1,116804166702,서울특별시 강남구 영동대로86길,18,,1168010600110000001012099,우성빌딩,서울특별시 강남구 영동대로86길 18,135502,06174,,3,,127.065587633808,37.5079635877011
MA010120220806895406,세무법인삼익삼성지점,,M1,과학·기술,M104,회계·세무,M10402,세무사,M71202,세무사업,11,서울특별시,11680,강남구,11680610,대치2동,1168010600,대치동,1168010600110000001,1,대지,1000,1,서울특별시 강남구 대치동 1000-1,116804166702,서울특별시 강남구 영동대로86길,18,,1168010600110000001012099,우성빌딩,서울특별시 강남구 영동대로86길 18,135502,06174,,6,,127.065587633808,37.5079635877011
MA010120220808760543,청연세무회계사무소,,M1,과학·기술,M104,회계·세무,M10402,세무사,M71202,세무사업,11,서울특별시,11680,강남구,11680610,대치2동,1168010600,대치동,1168010600110000001,1,대지,1000,1,서울특별시 강남구 대치동 1000-1,116804166702,서울특별시 강남구 영동대로86길,18,,1168010600110000001012099,,서울특별시 강남구 영동대로86길 18,135502,06174,,,,127.065587633808,37.5079635877011
MA010120220812624647,이준욱세무회계,,M1,과학·기술,M104,회계·세무,M10402,세무사,M71202,세무사업,11,서울특별시,11680,강남구,11680610,대치2동,1168010600,대치동,1168010600110000001,1,대지,1000,1,서울특별시 강남구 대치동 1000-1,116804166702,서울특별시 강남구 영동대로86길,18,,1168010600110000001012099,우성빌딩,서울특별시 강남구 영동대로86길 18,135502,06174,,6,,127.065587633808,37.5079635877011
MA010120220810337369,주함부동산중개법인,,L1,부동산,L102,부동산 서비스,L10203,부동산 중개/대리업,L68221,부동산 중개 및 대리업,11,서울특별시,11680,강남구,11680610,대치2동,1168010600,대치동,1168010600110000001,1,대지,1000,1,서울특별시 강남구 대치동 1000-1,116804166702,서울특별시 강남구 영동대로86길,18,,1168010600110000001012099,우성빌딩,서울특별시 강남구 영동대로86길 18,135502,06174,,7,,127.065587633808,37.5079635877011
MA010120220812830516,명가막회집,,I2,음식,I201,한식,I20111,횟집,I56114,한식 해산물 요리 전문점,11,서울특별시,11680,강남구,11680610,대치2동,1168010600,대치동,1168010600110000001,1,대지,1000,1,서울특별시 강남구 대치동 1000-1,116804166702,서울특별시 강남구 영동대로86길,18,,1168010600110000001012099,,서울특별시 강남구 영동대로86길 18,135502,06174,,1,,127.065587633808,37.5079635877011
MA010120220808921765,예성씨앤씨,,L1,부동산,L102,부동산 서비스,L10203,부동산 중개/대리업,L68221,부동산 중개 및 대리업,11,서울특별시,11680,강남구,11680610,대치2동,1168010600,대치동,1168010600110000001,1,대지,1000,1,서울특별시 강남구 대치동 1000-1,116804166702,서울특별시 강남구 영동대로86길,18,,1168010600110000001012099,우성빌딩,서울특별시 강남구 영동대로86길 18,135502,06174,,7,,127.065587633808,37.5079635877011
MA010120220814311532,봉구비어삼,성동점,I2,음식,I211,주점,I21103,생맥주 전문,I56219,기타 주점업,11,서울특별시,11680,강남구,11680580,삼성1동,1168010500,삼성동,1168010500101700007,1,대지,170,7,서울특별시 강남구 삼성동 170-7,116804166712,서울특별시 강남구 테헤란로107길,6,,1168010500101700007016597,,서울특별시 강남구 테헤란로107길 6,135882,06173,,1,,127.065600930945,37.5102341118595
MA010120220806528450,비마이게스트,,I2,음식,I210,기타 간이,I21003,피자,I56192,"피자, 햄버거, 샌드위치 및 유사 음식점업",11,서울특별시,11680,강남구,11680580,삼성1동,1168010500,삼성동,1168010500101700007,1,대지,170,7,서울특별시 강남구 삼성동 170-7,116804166712,서울특별시 강남구 테헤란로107길,6,,1168010500101700007016597,두양빌딩,서울특별시 강남구 테헤란로107길 6,135882,06173,,1,,127.065600930945,37.5102341118595
MA0101202406A0442730,삼성모터스,,S2,수리·개인,S203,자동차 수리·세차,S20301,자동차 정비소,S95212,자동차 전문 수리업,11,서울특별시,11680,강남구,11680610,대치2동,1168010600,대치동,1168010600110050002,1,대지,1005,2,서울특별시 강남구 대치동 1005-2,116804166698,서울특별시 강남구 영동대로76길,8,,1168010600110050002012196,,서울특별시 강남구 영동대로76길 8,135851,06176,,1,,127.065676457411,37.5060714280628
MA0101202406A0581699,월드클래스랩스,,M1,과학·기술,M107,본사·경영 컨설팅,M10703,경영 컨설팅업,M71531,경영 컨설팅업,11,서울특별시,11680,강남구,11680580,삼성1동,1168010500,삼성동,1168010500101700008,1,대지,170,8,서울특별시 강남구 삼성동 170-8,116803122010,서울특별시 강남구 테헤란로,623,,1168010500101700008016667,삼성빌딩,서울특별시 강남구 테헤란로 623,135882,06173,,3,,127.065702535892,37.5100178143262
MA010120220808383561,폴라리스컨설팅,,M1,과학·기술,M107,본사·경영 컨설팅,M10703,경영 컨설팅업,M71109,기타 법무관련 서비스업,11,서울특별시,11680,강남구,11680580,삼성1동,1168010500,삼성동,1168010500101700008,1,대지,170,8,서울특별시 강남구 삼성동 170-8,116803122010,서울특별시 강남구 테헤란로,623,,1168010500101700008016667,삼성빌딩,서울특별시 강남구 테헤란로 623,135882,06173,,6,,127.065702535892,37.5100178143262
MA0101202210A0007782,월드클래스부동산중개법인,,L1,부동산,L102,부동산 서비스,L10203,부동산 중개/대리업,L68221,부동산 중개 및 대리업,11,서울특별시,11680,강남구,11680580,삼성1동,1168010500,삼성동,1168010500101700008,1,대지,170,8,서울특별시 강남구 삼성동 170-8,116803122010,서울특별시 강남구 테헤란로,623,,1168010500101700008016667,삼성빌딩,서울특별시 강남구 테헤란로 623,135882,06173,,3,,127.065702535892,37.5100178143262
MA010120220808712291,법무법인폴라리스,,M1,과학·기술,M103,법무관련 ,M10301,변호사,M71101,변호사업,11,서울특별시,11680,강남구,11680580,삼성1동,1168010500,삼성동,1168010500101700008,1,대지,170,8,서울특별시 강남구 삼성동 170-8,116803122010,서울특별시 강남구 테헤란로,623,,1168010500101700008016667,삼성빌딩,서울특별시 강남구 테헤란로 623,135882,06173,,6,,127.065702535892,37.5100178143262
MA010120220811887298,법무법인정솔,,M1,과학·기술,M103,법무관련 ,M10301,변호사,M71101,변호사업,11,서울특별시,11680,강남구,11680580,삼성1동,1168010500,삼성동,1168010500101700008,1,대지,170,8,서울특별시 강남구 삼성동 170-8,116803122010,서울특별시 강남구 테헤란로,623,,1168010500101700008016667,삼성빌딩,서울특별시 강남구 테헤란로 623,135882,06173,,11,,127.065702535892,37.5100178143262
MA010120220813779134,초량돼지,,I2,음식,I201,한식,I20107,돼지고기 구이/찜,I56111,한식 일반 음식점업,11,서울특별시,11680,강남구,11680610,대치2동,1168010600,대치동,1168010600109960014,1,대지,996,14,서울특별시 강남구 대치동 996-14,116804166713,서울특별시 강남구 테헤란로108길,12,,1168010600109960014027425,,서울특별시 강남구 테헤란로108길 12,135502,06174,,1,,127.065757855204,37.5086122164506
MA010120220807119354,어반스테이트컴퍼니,,M1,과학·기술,M107,본사·경영 컨설팅,M10703,경영 컨설팅업,M71531,경영 컨설팅업,11,서울특별시,11680,강남구,11680610,대치2동,1168010600,대치동,1168010600110000010,1,대지,1000,10,서울특별시 강남구 대치동 1000-10,116804166711,서울특별시 강남구 테헤란로104길,31,,1168010600110000010012129,다온빌딩,서울특별시 강남구 테헤란로104길 31,135502,06174,,3,,127.06576797974,37.5072607036782
MA0101202302A0102655,캐롬당구클럽,,R1,예술·스포츠,R103,스포츠 서비스,R10310,당구장,R91135,당구장 운영업,11,서울특별시,11680,강남구,11680610,대치2동,1168010600,대치동,1168010600109960015,1,대지,996,15,서울특별시 강남구 대치동 996-15,116804166702,서울특별시 강남구 영동대로86길,21,,1168010600109960015012072,캐롬당구클럽태화빌딩,서울특별시 강남구 영동대로86길 21,135502,06174,,1,,127.065836813325,37.5083689012077
MA0101202305A0190096,레지던스,삼성역,I1,숙박,I102,기타 숙박,I10201,기숙사/고시원,I55901,기숙사 및 고시원 운영업,11,서울특별시,11680,강남구,11680580,삼성1동,1168010500,삼성동,1168010500101700011,1,대지,170,11,서울특별시 강남구 삼성동 170-11,116804166715,서울특별시 강남구 테헤란로113길,13,,1168010500101700011016440,칠성빌딩,서울특별시 강남구 테헤란로113길 13,135882,06173,,4,,127.065839013305,37.5108736924895
MA0101202209A0084360,씨케이글로벌,,M1,과학·기술,M107,본사·경영 컨설팅,M10703,경영 컨설팅업,M71531,경영 컨설팅업,11,서울특별시,11680,강남구,11680580,삼성1동,1168010500,삼성동,1168010500101700011,1,대지,170,11,서울특별시 강남구 삼성동 170-11,116804166715,서울특별시 강남구 테헤란로113길,13,,1168010500101700011016440,비,서울특별시 강남구 테헤란로113길 13,135882,06173,,,,127.065839013305,37.5108736924895
MA010120220806858110,애플컴퓨터맥북에어수리,,S2,수리·개인,S201,컴퓨터 수리,S20101,컴퓨터/노트북/프린터 수리업,S95110,컴퓨터 및 주변 기기 수리업,11,서울특별시,11680,강남구,11680580,삼성1동,1168010500,삼성동,1168010500101700011,1,대지,170,11,서울특별시 강남구 삼성동 170-11,116804166715,서울특별시 강남구 테헤란로113길,13,,1168010500101700011016440,칠성빌딩,서울특별시 강남구 테헤란로113길 13,135882,06173,,,,127.065839013305,37.5108736924895
MA010120220811817090,시영티엔티,,G2,소매,G215,의약·화장품 소매,G21503,화장품 소매업,G47813,"화장품, 비누 및 방향제 소매업",11,서울특별시,11680,강남구,11680580,삼성1동,1168010500,삼성동,1168010500101700011,1,대지,170,11,서울특별시 강남구 삼성동 170-11,116804166715,서울특별시 강남구 테헤란로113길,13,,1168010500101700011016440,칠성빌딩,서울특별시 강남구 테헤란로113길 13,135882,06173,,1,,127.065839013305,37.5108736924895
MA010120220809918137,엔디렉션,,M1,과학·기술,M107,본사·경영 컨설팅,M10703,경영 컨설팅업,M71531,경영 컨설팅업,11,서울특별시,11680,강남구,11680580,삼성1동,1168010500,삼성동,1168010500101700011,1,대지,170,11,서울특별시 강남구 삼성동 170-11,116804166715,서울특별시 강남구 테헤란로113길,13,,1168010500101700011016440,칠성빌딩,서울특별시 강남구 테헤란로113길 13,135882,06173,,5,,127.065839013305,37.5108736924895
MA010120220808228690,강남퀵서비스,삼성동,M1,과학·기술,M115,기타 전문 과학,M11504,사업/무형 재산권 중개업,M73903,사업 및 무형 재산권 중개업,11,서울특별시,11680,강남구,11680580,삼성1동,1168010500,삼성동,1168010500101700011,1,대지,170,11,서울특별시 강남구 삼성동 170-11,116804166715,서울특별시 강남구 테헤란로113길,13,,1168010500101700011016440,비일층,서울특별시 강남구 테헤란로113길 13,135882,06173,,,,127.065839013305,37.5108736924895
MA010120220812493753,링크플랫폼,,N1,시설관리·임대,N104,고용 알선,N10401,고용 알선업,N75110,고용 알선업,11,서울특별시,11680,강남구,11680580,삼성1동,1168010500,삼성동,1168010500101700011,1,대지,170,11,서울특별시 강남구 삼성동 170-11,116804166715,서울특별시 강남구 테헤란로113길,13,,1168010500101700011016440,칠성빌딩,서울특별시 강남구 테헤란로113길 13,135882,06173,,,,127.065839013305,37.5108736924895
MA010120220810407428,제이엠큐브,,M1,과학·기술,M112,전문 디자인,M11203,시각 디자인업,M73203,시각 디자인업,11,서울특별시,11680,강남구,11680610,대치2동,1168010600,대치동,1168010600110060017,1,대지,1006,17,서울특별시 강남구 대치동 1006-17,116802122002,서울특별시 강남구 영동대로,338,,1168010600110060017012329,대원빌딩,서울특별시 강남구 영동대로 338,135851,06177,,3,,127.065845076733,37.5049000275215
MA010120220810237538,케이앤비티앤에스,,N1,시설관리·임대,N108,기타 사업 서비스,N10802,전시/컨벤션/행사 대행 서비스업,N75992,"전시, 컨벤션 및 행사 대행업",11,서울특별시,11680,강남구,11680610,대치2동,1168010600,대치동,1168010600110060017,1,대지,1006,17,서울특별시 강남구 대치동 1006-17,116802122002,서울특별시 강남구 영동대로,338,,1168010600110060017012329,대원빌딩,서울특별시 강남구 영동대로 338,135851,06177,,5,,127.065845076733,37.5049000275215
MA010120220806373450,케이앤비네트웍스,,L1,부동산,L102,부동산 서비스,L10203,부동산 중개/대리업,L68221,부동산 중개 및 대리업,11,서울특별시,11680,강남구,11680610,대치2동,1168010600,대치동,1168010600110060017,1,대지,1006,17,서울특별시 강남구 대치동 1006-17,116802122002,서울특별시 강남구 영동대로,338,,1168010600110060017012329,대원빌딩,서울특별시 강남구 영동대로 338,135851,06177,,5,,127.065845076733,37.5049000275215
MA010120220809972178,가라지리테일,,G2,소매,G206,음료 소매,G20602,주류 소매업,G47221,음료 소매업,11,서울특별시,11680,강남구,11680610,대치2동,1168010600,대치동,1168010600110050003,1,대지,1005,3,서울특별시 강남구 대치동 1005-3,116804166698,서울특별시 강남구 영동대로76길,10,,1168010600110050003012186,굳후렌드빌딩,서울특별시 강남구 영동대로76길 10,135851,06176,,1,,127.065868796455,37.5061524114216
MA0101202302A0057067,엠에이치이엠씨,,M1,과학·기술,M107,본사·경영 컨설팅,M10703,경영 컨설팅업,M71531,경영 컨설팅업,11,서울특별시,11680,강남구,11680610,대치2동,1168010600,대치동,1168010600110050003,1,대지,1005,3,서울특별시 강남구 대치동 1005-3,116804166698,서울특별시 강남구 영동대로76길,10,,1168010600110050003012186,굳후렌드빌딩,서울특별시 강남구 영동대로76길 10,135851,06176,,2,,127.065868796455,37.5061524114216
MA010120220810247501,리크루트스탭,,N1,시설관리·임대,N104,고용 알선,N10401,고용 알선업,N75110,고용 알선업,11,서울특별시,11680,강남구,11680610,대치2동,1168010600,대치동,1168010600110050003,1,대지,1005,3,서울특별시 강남구 대치동 1005-3,116804166698,서울특별시 강남구 영동대로76길,10,,1168010600110050003012186,굳후렌드빌딩,서울특별시 강남구 영동대로76길 10,135851,06176,,3,,127.065868796455,37.5061524114216
MA0101202306A0012145,트루자인파트너스,,M1,과학·기술,M107,본사·경영 컨설팅,M10703,경영 컨설팅업,M71531,경영 컨설팅업,11,서울특별시,11680,강남구,11680580,삼성1동,1168010500,삼성동,1168010500101700005,1,대지,170,5,서울특별시 강남구 삼성동 170-5,116804166715,서울특별시 강남구 테헤란로113길,7,,1168010500101700005016495,백암아트센터,서울특별시 강남구 테헤란로113길 7,135882,06173,,3,,127.065872770891,37.5106754527176
MA010120220808159391,오성컨설팅최순규세무사무소,,M1,과학·기술,M104,회계·세무,M10402,세무사,M71202,세무사업,11,서울특별시,11680,강남구,11680580,삼성1동,1168010500,삼성동,1168010500101700005,1,대지,170,5,서울특별시 강남구 삼성동 170-5,116804166715,서울특별시 강남구 테헤란로113길,7,,1168010500101700005016495,백제예술대아트센터,서울특별시 강남구 테헤란로113길 7,135882,06173,,2,,127.065872770891,37.5106754527176
MA0101202302A0060506,법무법인슈가스퀘어,,M1,과학·기술,M103,법무관련 ,M10301,변호사,M71101,변호사업,11,서울특별시,11680,강남구,11680580,삼성1동,1168010500,삼성동,1168010500101700005,1,대지,170,5,서울특별시 강남구 삼성동 170-5,116804166715,서울특별시 강남구 테헤란로113길,7,,1168010500101700005016495,백암아트센터,서울특별시 강남구 테헤란로113길 7,135882,06173,,2,,127.065872770891,37.5106754527176
MA010120220814202559,오성세무컨설팅,,M1,과학·기술,M104,회계·세무,M10402,세무사,M71202,세무사업,11,서울특별시,11680,강남구,11680580,삼성1동,1168010500,삼성동,1168010500101700005,1,대지,170,5,서울특별시 강남구 삼성동 170-5,116804166715,서울특별시 강남구 테헤란로113길,7,,1168010500101700005016495,백암아트센터,서울특별시 강남구 테헤란로113길 7,135882,06173,,5,,127.065872770891,37.5106754527176
MA010120220812832108,걸프어소시에이트,,M1,과학·기술,M115,기타 전문 과학,M11504,사업/무형 재산권 중개업,M73903,사업 및 무형 재산권 중개업,11,서울특별시,11680,강남구,11680580,삼성1동,1168010500,삼성동,1168010500101700005,1,대지,170,5,서울특별시 강남구 삼성동 170-5,116804166715,서울특별시 강남구 테헤란로113길,7,,1168010500101700005016495,백암아트센터,서울특별시 강남구 테헤란로113길 7,135882,06173,,5,,127.065872770891,37.5106754527176
MA010120220813773059,에스아이이케이,,P1,교육,P106,기타 교육,P10615,외국어학원,P85631,외국어학원,11,서울특별시,11680,강남구,11680580,삼성1동,1168010500,삼성동,1168010500101700005,1,대지,170,5,서울특별시 강남구 삼성동 170-5,116804166715,서울특별시 강남구 테헤란로113길,7,,1168010500101700005016495,백암아트센터,서울특별시 강남구 테헤란로113길 7,135882,06173,,4,,127.065872770891,37.5106754527176
MA010120220807215276,에스아이이케이,,P1,교육,P106,기타 교육,P10615,외국어학원,P85631,외국어학원,11,서울특별시,11680,강남구,11680580,삼성1동,1168010500,삼성동,1168010500101700005,1,대지,170,5,서울특별시 강남구 삼성동 170-5,116804166715,서울특별시 강남구 테헤란로113길,7,,1168010500101700005016495,백암아트센터,서울특별시 강남구 테헤란로113길 7,135882,06173,,5,,127.065872770891,37.5106754527176
MA010120220812891114,카레마치,삼성역점,I2,음식,I203,일식,I20301,일식 회/초밥,I56122,일식 음식점업,11,서울특별시,11680,강남구,11680610,대치2동,1168010600,대치동,1168010600110000002,1,대지,1000,2,서울특별시 강남구 대치동 1000-2,116804166713,서울특별시 강남구 테헤란로108길,22,,1168010600110000002000001,서경빌딩,서울특별시 강남구 테헤란로108길 22,135502,06174,,1,,127.065938232791,37.5079453724178
MA0101202209A0100793,푸드카페대치,삼성점,I2,음식,I201,한식,I20101,백반/한정식,I56111,한식 일반 음식점업,11,서울특별시,11680,강남구,11680610,대치2동,1168010600,대치동,1168010600110000002,1,대지,1000,2,서울특별시 강남구 대치동 1000-2,116804166713,서울특별시 강남구 테헤란로108길,22,,1168010600110000002000001,서경빌딩,서울특별시 강남구 테헤란로108길 22,135502,06174,,1,,127.065938232791,37.5079453724178
MA010120220813733108,지속성장연구소,,M1,과학·기술,M107,본사·경영 컨설팅,M10703,경영 컨설팅업,M71531,경영 컨설팅업,11,서울특별시,11680,강남구,11680610,대치2동,1168010600,대치동,1168010600110000002,1,대지,1000,2,서울특별시 강남구 대치동 1000-2,116804166713,서울특별시 강남구 테헤란로108길,22,,1168010600110000002000001,서경빌딩,서울특별시 강남구 테헤란로108길 22,135502,06174,,3,,127.065938232791,37.5079453724178
MA010120220812424958,오로라인베스트먼트,,M1,과학·기술,M107,본사·경영 컨설팅,M10703,경영 컨설팅업,M71531,경영 컨설팅업,11,서울특별시,11680,강남구,11680610,대치2동,1168010600,대치동,1168010600109970000,1,대지,997,,서울특별시 강남구 대치동 997,116803122010,서울특별시 강남구 테헤란로,624,,1168010600109970003012050,오로라빌딩,서울특별시 강남구 테헤란로 624,135502,06175,,7,,127.066029952083,37.509350888433
MA010120220806815748,더휴식,,I1,숙박,I101,일반 숙박,I10102,여관/모텔,I55102,여관업,11,서울특별시,11680,강남구,11680610,대치2동,1168010600,대치동,1168010600110050004,1,대지,1005,4,서울특별시 강남구 대치동 1005-4,116804166698,서울특별시 강남구 영동대로76길,12,,1168010600110050004012183,,서울특별시 강남구 영동대로76길 12,135851,06176,,2,,127.066049802206,37.506206370653
MA010120220813891864,나슬,코리아,N1,시설관리·임대,N104,고용 알선,N10401,고용 알선업,N75110,고용 알선업,11,서울특별시,11680,강남구,11680610,대치2동,1168010600,대치동,1168010600110050004,1,대지,1005,4,서울특별시 강남구 대치동 1005-4,116804166698,서울특별시 강남구 영동대로76길,12,,1168010600110050004012183,동원빌딩,서울특별시 강남구 영동대로76길 12,135851,06176,,4,,127.066049802206,37.506206370653
MA010120220809687744,노매드투어,,N1,시설관리·임대,N105,여행사·보조,N10501,여행사,N75210,여행사업,11,서울특별시,11680,강남구,11680610,대치2동,1168010600,대치동,1168010600110050004,1,대지,1005,4,서울특별시 강남구 대치동 1005-4,116804166698,서울특별시 강남구 영동대로76길,12,,1168010600110050004012183,,서울특별시 강남구 영동대로76길 12,135851,06176,,3,,127.066049802206,37.506206370653
MA010120220809408934,맵스프라이빗인베스트먼트,,M1,과학·기술,M107,본사·경영 컨설팅,M10703,경영 컨설팅업,M71531,경영 컨설팅업,11,서울특별시,11680,강남구,11680580,삼성1동,1168010500,삼성동,1168010500101700009,1,대지,170,9,서울특별시 강남구 삼성동 170-9,116803122010,서울특별시 강남구 테헤란로,625,,1168010500101700009016621,덕명빌딩,서울특별시 강남구 테헤란로 625,135741,06173,,17,,127.066053279427,37.5101527693766
MA0101202406A0541317,페타링크시스템즈,,M1,과학·기술,M107,본사·경영 컨설팅,M10703,경영 컨설팅업,M71531,경영 컨설팅업,11,서울특별시,11680,강남구,11680580,삼성1동,1168010500,삼성동,1168010500101700009,1,대지,170,9,서울특별시 강남구 삼성동 170-9,116803122010,서울특별시 강남구 테헤란로,625,,1168010500101700009016621,덕명빌딩,서울특별시 강남구 테헤란로 625,135741,06173,,17,,127.066053279427,37.5101527693766
MA0101202309A0025347,피칭메니지먼트어원,,M1,과학·기술,M107,본사·경영 컨설팅,M10703,경영 컨설팅업,M71531,경영 컨설팅업,11,서울특별시,11680,강남구,11680580,삼성1동,1168010500,삼성동,1168010500101700009,1,대지,170,9,서울특별시 강남구 삼성동 170-9,116803122010,서울특별시 강남구 테헤란로,625,,1168010500101700009016621,덕명빌딩,서울특별시 강남구 테헤란로 625,135741,06173,,17,,127.066053279427,37.5101527693766
MA0101202406A0543679,에이치큐에프,,M1,과학·기술,M107,본사·경영 컨설팅,M10703,경영 컨설팅업,M71531,경영 컨설팅업,11,서울특별시,11680,강남구,11680580,삼성1동,1168010500,삼성동,1168010500101700009,1,대지,170,9,서울특별시 강남구 삼성동 170-9,116803122010,서울특별시 강남구 테헤란로,625,,1168010500101700009016621,이덕명빌딩,서울특별시 강남구 테헤란로 625,135741,06173,,17,,127.066053279427,37.5101527693766
MA010120220814189522,HK법률사무소,,M1,과학·기술,M103,법무관련 ,M10301,변호사,M71101,변호사업,11,서울특별시,11680,강남구,11680580,삼성1동,1168010500,삼성동,1168010500101700009,1,대지,170,9,서울특별시 강남구 삼성동 170-9,116803122010,서울특별시 강남구 테헤란로,625,,1168010500101700009016621,덕명빌딩,서울특별시 강남구 테헤란로 625,135741,06173,,17,,127.066053279427,37.5101527693766
MA0101202406A0521565,에어컨신박사,,S2,수리·개인,S205,가전제품 수리,S20501,가전제품 수리업,S95310,가전제품 수리업,11,서울특별시,11680,강남구,11680580,삼성1동,1168010500,삼성동,1168010500101700009,1,대지,170,9,서울특별시 강남구 삼성동 170-9,116803122010,서울특별시 강남구 테헤란로,625,,1168010500101700009016621,덕명빌딩,서울특별시 강남구 테헤란로 625,135741,06173,,17,,127.066053279427,37.5101527693766
MA0101202406A0535154,더나온,,G2,소매,G215,의약·화장품 소매,G21503,화장품 소매업,G47813,"화장품, 비누 및 방향제 소매업",11,서울특별시,11680,강남구,11680580,삼성1동,1168010500,삼성동,1168010500101700009,1,대지,170,9,서울특별시 강남구 삼성동 170-9,116803122010,서울특별시 강남구 테헤란로,625,,1168010500101700009016621,덕명빌딩,서울특별시 강남구 테헤란로 625,135741,06173,,17,,127.066053279427,37.5101527693766
MA0101202406A0572256,르호봇앤드,,M1,과학·기술,M107,본사·경영 컨설팅,M10703,경영 컨설팅업,M71531,경영 컨설팅업,11,서울특별시,11680,강남구,11680580,삼성1동,1168010500,삼성동,1168010500101700009,1,대지,170,9,서울특별시 강남구 삼성동 170-9,116803122010,서울특별시 강남구 테헤란로,625,,1168010500101700009016621,덕명빌딩,서울특별시 강남구 테헤란로 625,135741,06173,,17,,127.066053279427,37.5101527693766
MA0101202311A0010929,세무법인한맥삼성지점,,M1,과학·기술,M104,회계·세무,M10402,세무사,M71202,세무사업,11,서울특별시,11680,강남구,11680580,삼성1동,1168010500,삼성동,1168010500101700009,1,대지,170,9,서울특별시 강남구 삼성동 170-9,116803122010,서울특별시 강남구 테헤란로,625,,1168010500101700009016621,덕명빌딩,서울특별시 강남구 테헤란로 625,135741,06173,,,,127.066053279427,37.5101527693766
MA010120220810019601,랫츠스피킹,,P1,교육,P107,교육 지원,P10701,교육컨설팅업,P85701,교육관련 자문 및 평가업,11,서울특별시,11680,강남구,11680580,삼성1동,1168010500,삼성동,1168010500101700009,1,대지,170,9,서울특별시 강남구 삼성동 170-9,116803122010,서울특별시 강남구 테헤란로,625,,1168010500101700009016621,덕명빌딩,서울특별시 강남구 테헤란로 625,135741,06173,,,,127.066053279427,37.5101527693766
MA010120220809007108,휴먼트리,,N1,시설관리·임대,N101,시설관리,N10101,사업시설 유지·관리 서비스업,N74100,사업시설 유지ㆍ관리 서비스업,11,서울특별시,11680,강남구,11680580,삼성1동,1168010500,삼성동,1168010500101700009,1,대지,170,9,서울특별시 강남구 삼성동 170-9,116803122010,서울특별시 강남구 테헤란로,625,,1168010500101700009016621,덕명빌딩,서울특별시 강남구 테헤란로 625,135741,06173,,,,127.066053279427,37.5101527693766
MA0101202308A0010584,젤리플러스인베스트,,M1,과학·기술,M115,기타 전문 과학,M11504,사업/무형 재산권 중개업,M73903,사업 및 무형 재산권 중개업,11,서울특별시,11680,강남구,11680580,삼성1동,1168010500,삼성동,1168010500101700009,1,대지,170,9,서울특별시 강남구 삼성동 170-9,116803122010,서울특별시 강남구 테헤란로,625,,1168010500101700009016621,덕명빌딩,서울특별시 강남구 테헤란로 625,135741,06173,,17,,127.066053279427,37.5101527693766
MA0101202311A0070194,한국엠피이,,M1,과학·기술,M109,기술 서비스,M10999,기타 엔지니어링 서비스업,M72129,기타 엔지니어링 서비스업,11,서울특별시,11680,강남구,11680580,삼성1동,1168010500,삼성동,1168010500101700009,1,대지,170,9,서울특별시 강남구 삼성동 170-9,116803122010,서울특별시 강남구 테헤란로,625,,1168010500101700009016621,덕명빌딩,서울특별시 강남구 테헤란로 625,135741,06173,,17,,127.066053279427,37.5101527693766
MA0101202306A0034783,한국에스엔에스인재개발원,,M1,과학·기술,M105,광고,M10501,광고 대행업,M71310,광고 대행업,11,서울특별시,11680,강남구,11680580,삼성1동,1168010500,삼성동,1168010500101700009,1,대지,170,9,서울특별시 강남구 삼성동 170-9,116803122010,서울특별시 강남구 테헤란로,625,,1168010500101700009016621,덕명빌딩,서울특별시 강남구 테헤란로 625,135741,06173,,17,,127.066053279427,37.5101527693766
MA0101202307A0070737,오후커뮤니티,,M1,과학·기술,M105,광고,M10501,광고 대행업,M71310,광고 대행업,11,서울특별시,11680,강남구,11680580,삼성1동,1168010500,삼성동,1168010500101700009,1,대지,170,9,서울특별시 강남구 삼성동 170-9,116803122010,서울특별시 강남구 테헤란로,625,,1168010500101700009016621,덕명빌딩,서울특별시 강남구 테헤란로 625,135741,06173,,17,,127.066053279427,37.5101527693766
MA010120220813977063,아이엔에이코칭&조직개발연구소,,M1,과학·기술,M107,본사·경영 컨설팅,M10703,경영 컨설팅업,M71531,경영 컨설팅업,11,서울특별시,11680,강남구,11680580,삼성1동,1168010500,삼성동,1168010500101700009,1,대지,170,9,서울특별시 강남구 삼성동 170-9,116803122010,서울특별시 강남구 테헤란로,625,,1168010500101700009016621,덕명빌딩,서울특별시 강남구 테헤란로 625,135741,06173,,17,,127.066053279427,37.5101527693766
MA010120220807390175,도시환경연구소,,M1,과학·기술,M109,기술 서비스,M10901,건축 설계 및 관련 서비스업,M72111,건축 설계 및 관련 서비스업,11,서울특별시,11680,강남구,11680580,삼성1동,1168010500,삼성동,1168010500101700009,1,대지,170,9,서울특별시 강남구 삼성동 170-9,116803122010,서울특별시 강남구 테헤란로,625,,1168010500101700009016621,덕명빌딩,서울특별시 강남구 테헤란로 625,135741,06173,,17,,127.066053279427,37.5101527693766
MA0101202211A0072785,데이뷰,,M1,과학·기술,M107,본사·경영 컨설팅,M10703,경영 컨설팅업,M71531,경영 컨설팅업,11,서울특별시,11680,강남구,11680580,삼성1동,1168010500,삼성동,1168010500101700009,1,대지,170,9,서울특별시 강남구 삼성동 170-9,116803122010,서울특별시 강남구 테헤란로,625,,1168010500101700009016621,덕명빌딩,서울특별시 강남구 테헤란로 625,135741,06173,,,,127.066053279427,37.5101527693766
MA010120220812917074,엔스피치커뮤니케이션,,P1,교육,P106,기타 교육,P10629,그 외 기타 교육기관,P85699,그 외 기타 분류 안된 교육기관,11,서울특별시,11680,강남구,11680580,삼성1동,1168010500,삼성동,1168010500101700009,1,대지,170,9,서울특별시 강남구 삼성동 170-9,116803122010,서울특별시 강남구 테헤란로,625,,1168010500101700009016621,덕명빌딩,서울특별시 강남구 테헤란로 625,135741,06173,,,,127.066053279427,37.5101527693766
MA010120220812283318,하이공인번역행정사사무소,,M1,과학·기술,M103,법무관련 ,M10306,행정사,M71109,기타 법무관련 서비스업,11,서울특별시,11680,강남구,11680580,삼성1동,1168010500,삼성동,1168010500101700009,1,대지,170,9,서울특별시 강남구 삼성동 170-9,116803122010,서울특별시 강남구 테헤란로,625,,1168010500101700009016621,,서울특별시 강남구 테헤란로 625,135741,06173,,,,127.066053279427,37.5101527693766
MA0101202212A0086884,시훈와이드,,G2,소매,G204,종합 소매,G20404,슈퍼마켓,G47216,"빵류, 과자류 및 당류 소매업",11,서울특별시,11680,강남구,11680580,삼성1동,1168010500,삼성동,1168010500101700009,1,대지,170,9,서울특별시 강남구 삼성동 170-9,116803122010,서울특별시 강남구 테헤란로,625,,1168010500101700009016621,덕명빌딩,서울특별시 강남구 테헤란로 625,135741,06173,,17,,127.066053279427,37.5101527693766
MA0101202303A0103562,엘케이에이치파트너스,,M1,과학·기술,M107,본사·경영 컨설팅,M10703,경영 컨설팅업,M71531,경영 컨설팅업,11,서울특별시,11680,강남구,11680580,삼성1동,1168010500,삼성동,1168010500101700009,1,대지,170,9,서울특별시 강남구 삼성동 170-9,116803122010,서울특별시 강남구 테헤란로,625,,1168010500101700009016621,덕명빌딩,서울특별시 강남구 테헤란로 625,135741,06173,,,,127.066053279427,37.5101527693766
MA0101202301A0012930,위빌유입시,,P1,교육,P107,교육 지원,P10701,교육컨설팅업,P85701,교육관련 자문 및 평가업,11,서울특별시,11680,강남구,11680580,삼성1동,1168010500,삼성동,1168010500101700009,1,대지,170,9,서울특별시 강남구 삼성동 170-9,116803122010,서울특별시 강남구 테헤란로,625,,1168010500101700009016621,덕명빌딩,서울특별시 강남구 테헤란로 625,135741,06173,,,,127.066053279427,37.5101527693766
MA010120220807162713,영꿀,,M1,과학·기술,M105,광고,M10501,광고 대행업,M71310,광고 대행업,11,서울특별시,11680,강남구,11680580,삼성1동,1168010500,삼성동,1168010500101700009,1,대지,170,9,서울특별시 강남구 삼성동 170-9,116803122010,서울특별시 강남구 테헤란로,625,,1168010500101700009016621,덕명빌딩,서울특별시 강남구 테헤란로 625,135741,06173,,17,,127.066053279427,37.5101527693766
MA010120220808331448,에이치에스이에프씨,,M1,과학·기술,M107,본사·경영 컨설팅,M10703,경영 컨설팅업,M71531,경영 컨설팅업,11,서울특별시,11680,강남구,11680580,삼성1동,1168010500,삼성동,1168010500101700009,1,대지,170,9,서울특별시 강남구 삼성동 170-9,116803122010,서울특별시 강남구 테헤란로,625,,1168010500101700009016621,덕명빌딩,서울특별시 강남구 테헤란로 625,135741,06173,,15,,127.066053279427,37.5101527693766
MA010120220806750026,여기는제주,,L1,부동산,L102,부동산 서비스,L10203,부동산 중개/대리업,L68221,부동산 중개 및 대리업,11,서울특별시,11680,강남구,11680580,삼성1동,1168010500,삼성동,1168010500101700009,1,대지,170,9,서울특별시 강남구 삼성동 170-9,116803122010,서울특별시 강남구 테헤란로,625,,1168010500101700009016621,덕명빌딩,서울특별시 강남구 테헤란로 625,135741,06173,,17,,127.066053279427,37.5101527693766
MA010120220806248731,하우빌드,,M1,과학·기술,M109,기술 서비스,M10901,건축 설계 및 관련 서비스업,M72111,건축 설계 및 관련 서비스업,11,서울특별시,11680,강남구,11680580,삼성1동,1168010500,삼성동,1168010500101700009,1,대지,170,9,서울특별시 강남구 삼성동 170-9,116803122010,서울특별시 강남구 테헤란로,625,,1168010500101700009016621,덕명빌딩,서울특별시 강남구 테헤란로 625,135741,06173,,12,,127.066053279427,37.5101527693766
MA0101202210A0006849,아이피렉스특허법률사무소,,M1,과학·기술,M103,법무관련 ,M10302,변리사,M71102,변리사업,11,서울특별시,11680,강남구,11680580,삼성1동,1168010500,삼성동,1168010500101700009,1,대지,170,9,서울특별시 강남구 삼성동 170-9,116803122010,서울특별시 강남구 테헤란로,625,,1168010500101700009016621,덕명빌딩,서울특별시 강남구 테헤란로 625,135741,06173,,17,,127.066053279427,37.5101527693766
MA010120220813596565,역삼에듀컨설팅,,M1,과학·기술,M107,본사·경영 컨설팅,M10703,경영 컨설팅업,M71531,경영 컨설팅업,11,서울특별시,11680,강남구,11680580,삼성1동,1168010500,삼성동,1168010500101700009,1,대지,170,9,서울특별시 강남구 삼성동 170-9,116803122010,서울특별시 강남구 테헤란로,625,,1168010500101700009016621,,서울특별시 강남구 테헤란로 625,135741,06173,,17,,127.066053279427,37.5101527693766
MA010120220809778135,시온글로벌,코리아,M1,과학·기술,M107,본사·경영 컨설팅,M10703,경영 컨설팅업,M71531,경영 컨설팅업,11,서울특별시,11680,강남구,11680580,삼성1동,1168010500,삼성동,1168010500101700009,1,대지,170,9,서울특별시 강남구 삼성동 170-9,116803122010,서울특별시 강남구 테헤란로,625,,1168010500101700009016621,덕명빌딩,서울특별시 강남구 테헤란로 625,135741,06173,,17,,127.066053279427,37.5101527693766
MA010120220812743191,에스앤에프컴퍼니,,I2,음식,I210,기타 간이,I21003,피자,I56192,"피자, 햄버거, 샌드위치 및 유사 음식점업",11,서울특별시,11680,강남구,11680580,삼성1동,1168010500,삼성동,1168010500101700009,1,대지,170,9,서울특별시 강남구 삼성동 170-9,116803122010,서울특별시 강남구 테헤란로,625,,1168010500101700009016621,덕명빌딩,서울특별시 강남구 테헤란로 625,135741,06173,,17,,127.066053279427,37.5101527693766
MA010120220809648386,엠엘이노베이트,,M1,과학·기술,M105,광고,M10599,기타 광고 관련 서비스업,M71399,그 외 기타 광고 관련 서비스업,11,서울특별시,11680,강남구,11680580,삼성1동,1168010500,삼성동,1168010500101700009,1,대지,170,9,서울특별시 강남구 삼성동 170-9,116803122010,서울특별시 강남구 테헤란로,625,,1168010500101700009016621,덕명빌딩,서울특별시 강남구 테헤란로 625,135741,06173,,17,,127.066053279427,37.5101527693766
MA010120220808725350,유간다,,P1,교육,P107,교육 지원,P10799,기타 교육지원 서비스업,P85709,기타 교육지원 서비스업,11,서울특별시,11680,강남구,11680580,삼성1동,1168010500,삼성동,1168010500101700009,1,대지,170,9,서울특별시 강남구 삼성동 170-9,116803122010,서울특별시 강남구 테헤란로,625,,1168010500101700009016621,덕명빌딩,서울특별시 강남구 테헤란로 625,135741,06173,,17,,127.066053279427,37.5101527693766
MA010120220811906713,씨에스티컴퍼니,,M1,과학·기술,M107,본사·경영 컨설팅,M10703,경영 컨설팅업,M71531,경영 컨설팅업,11,서울특별시,11680,강남구,11680580,삼성1동,1168010500,삼성동,1168010500101700009,1,대지,170,9,서울특별시 강남구 삼성동 170-9,116803122010,서울특별시 강남구 테헤란로,625,,1168010500101700009016621,덕명빌딩,서울특별시 강남구 테헤란로 625,135741,06173,,17,,127.066053279427,37.5101527693766
MA010120220812713585,정인부동산중개법인,,L1,부동산,L102,부동산 서비스,L10203,부동산 중개/대리업,L68221,부동산 중개 및 대리업,11,서울특별시,11680,강남구,11680580,삼성1동,1168010500,삼성동,1168010500101700009,1,대지,170,9,서울특별시 강남구 삼성동 170-9,116803122010,서울특별시 강남구 테헤란로,625,,1168010500101700009016621,,서울특별시 강남구 테헤란로 625,135741,06173,,17,,127.066053279427,37.5101527693766
MA010120220807222375,에스엠시티,,M1,과학·기술,M107,본사·경영 컨설팅,M10703,경영 컨설팅업,M71531,경영 컨설팅업,11,서울특별시,11680,강남구,11680580,삼성1동,1168010500,삼성동,1168010500101700009,1,대지,170,9,서울특별시 강남구 삼성동 170-9,116803122010,서울특별시 강남구 테헤란로,625,,1168010500101700009016621,덕명빌딩,서울특별시 강남구 테헤란로 625,135741,06173,,17,,127.066053279427,37.5101527693766
MA010120220813885076,아이피컨설팅,,M1,과학·기술,M107,본사·경영 컨설팅,M10703,경영 컨설팅업,M71531,경영 컨설팅업,11,서울특별시,11680,강남구,11680580,삼성1동,1168010500,삼성동,1168010500101700009,1,대지,170,9,서울특별시 강남구 삼성동 170-9,116803122010,서울특별시 강남구 테헤란로,625,,1168010500101700009016621,덕명빌딩,서울특별시 강남구 테헤란로 625,135741,06173,,17,,127.066053279427,37.5101527693766
MA010120220813476384,유케이,,M1,과학·기술,M107,본사·경영 컨설팅,M10703,경영 컨설팅업,M71531,경영 컨설팅업,11,서울특별시,11680,강남구,11680580,삼성1동,1168010500,삼성동,1168010500101700009,1,대지,170,9,서울특별시 강남구 삼성동 170-9,116803122010,서울특별시 강남구 테헤란로,625,,1168010500101700009016621,덕명빌딩,서울특별시 강남구 테헤란로 625,135741,06173,,17,,127.066053279427,37.5101527693766
MA010120220808152501,프리모인베스트,,M1,과학·기술,M107,본사·경영 컨설팅,M10703,경영 컨설팅업,M71531,경영 컨설팅업,11,서울특별시,11680,강남구,11680610,대치2동,1168010600,대치동,1168010600109970008,1,대지,997,8,서울특별시 강남구 대치동 997-8,116804166713,서울특별시 강남구 테헤란로108길,7,,1168010600109970008012056,동국빌딩,서울특별시 강남구 테헤란로108길 7,135502,06175,,5,,127.066063565554,37.5089904678116
MA010120220812394895,인투더키친,,G2,소매,G204,종합 소매,G20404,슈퍼마켓,G47129,기타 음ㆍ식료품 위주 종합 소매업,11,서울특별시,11680,강남구,11680610,대치2동,1168010600,대치동,1168010600109970008,1,대지,997,8,서울특별시 강남구 대치동 997-8,116804166713,서울특별시 강남구 테헤란로108길,7,,1168010600109970008012056,동국빌딩,서울특별시 강남구 테헤란로108길 7,135502,06175,,1,,127.066063565554,37.5089904678116
MA010120220811819694,온세국제특허사무소,,M1,과학·기술,M103,법무관련 ,M10302,변리사,M71102,변리사업,11,서울특별시,11680,강남구,11680610,대치2동,1168010600,대치동,1168010600109970009,1,대지,997,9,서울특별시 강남구 대치동 997-9,116804166713,서울특별시 강남구 테헤란로108길,11,,1168010600109970009012063,삼호빌딩,서울특별시 강남구 테헤란로108길 11,135502,06175,,3,,127.066176406178,37.5086930731249
MA010120220812272695,비마이게스트,,I2,음식,I212,비알코올 ,I21201,카페,I56221,커피 전문점,11,서울특별시,11680,강남구,11680610,대치2동,1168010600,대치동,1168010600109970009,1,대지,997,9,서울특별시 강남구 대치동 997-9,116804166713,서울특별시 강남구 테헤란로108길,11,,1168010600109970009012063,삼호빌딩,서울특별시 강남구 테헤란로108길 11,135502,06175,,1,,127.066176406178,37.5086930731249
MA010120220812491899,희래등,,I2,음식,I202,중식,I20201,중국집,I56121,중식 음식점업,11,서울특별시,11680,강남구,11680610,대치2동,1168010600,대치동,1168010600109970013,1,대지,997,13,서울특별시 강남구 대치동 997-13,116804166713,서울특별시 강남구 테헤란로108길,15,,1168010600109970013012070,,서울특별시 강남구 테헤란로108길 15,135502,06175,,3,,127.066187509605,37.508458805693
MA010120220813575429,지나인에셋부동산중개,,L1,부동산,L102,부동산 서비스,L10203,부동산 중개/대리업,L68221,부동산 중개 및 대리업,11,서울특별시,11680,강남구,11680610,대치2동,1168010600,대치동,1168010600109990000,1,대지,999,,서울특별시 강남구 대치동 999,116804166713,서울특별시 강남구 테헤란로108길,19,,1168010600109990000014584,,서울특별시 강남구 테헤란로108길 19,135502,06175,,5,,127.066300380814,37.508197451033
MA0101202301A0002830,세무법인안국서울본부,,M1,과학·기술,M104,회계·세무,M10402,세무사,M71202,세무사업,11,서울특별시,11680,강남구,11680610,대치2동,1168010600,대치동,1168010600109990000,1,대지,999,,서울특별시 강남구 대치동 999,116804166713,서울특별시 강남구 테헤란로108길,19,,1168010600109990000014584,,서울특별시 강남구 테헤란로108길 19,135502,06175,,8,,127.066300380814,37.508197451033
MA010120220809938280,세화회계법인,,M1,과학·기술,M104,회계·세무,M10401,공인회계사,M71201,공인회계사업,11,서울특별시,11680,강남구,11680610,대치2동,1168010600,대치동,1168010600109990000,1,대지,999,,서울특별시 강남구 대치동 999,116804166713,서울특별시 강남구 테헤란로108길,19,,1168010600109990000014584,부림빌딩,서울특별시 강남구 테헤란로108길 19,135502,06175,,7,,127.066300380814,37.508197451033
MA0101202306A0055137,에스에스알150,,S2,수리·개인,S211,기타 개인,S21101,예식장업,S96991,예식장업,11,서울특별시,11680,강남구,11680610,대치2동,1168010600,대치동,1168010600109970010,1,대지,997,10,서울특별시 강남구 대치동 997-10,116804166716,서울특별시 강남구 테헤란로114길,14,,1168010600109970010012060,,서울특별시 강남구 테헤란로114길 14,135502,06175,,2,,127.066447940412,37.5087920312001
MA010120220809543479,알벤,,M1,과학·기술,M107,본사·경영 컨설팅,M10703,경영 컨설팅업,M71531,경영 컨설팅업,11,서울특별시,11680,강남구,11680610,대치2동,1168010600,대치동,1168010600109990001,1,대지,999,1,서울특별시 강남구 대치동 999-1,116804166702,서울특별시 강남구 영동대로86길,28,,1168010600109990001012085,,서울특별시 강남구 영동대로86길 28,135502,06175,,3,,127.066458771416,37.5082514223081
MA010120220808749582,치찌,,I2,음식,I202,중식,I20201,중국집,I56121,중식 음식점업,11,서울특별시,11680,강남구,11680610,대치2동,1168010600,대치동,1168010600109990001,1,대지,999,1,서울특별시 강남구 대치동 999-1,116804166702,서울특별시 강남구 영동대로86길,28,,1168010600109990001012085,다올빌딩,서울특별시 강남구 영동대로86길 28,135502,06175,,1,,127.066458771416,37.5082514223081
MA010120220812288389,삼군김치찌개,,I2,음식,I201,한식,I20101,백반/한정식,I56111,한식 일반 음식점업,11,서울특별시,11680,강남구,11680610,대치2동,1168010600,대치동,1168010600109990001,1,대지,999,1,서울특별시 강남구 대치동 999-1,116804166702,서울특별시 강남구 영동대로86길,28,,1168010600109990001012085,,서울특별시 강남구 영동대로86길 28,135502,06175,,1,,127.066458771416,37.5082514223081
MA0101202406A0514614,메가엠지씨커피강남면허시험장점,,I2,음식,I212,비알코올 ,I21201,카페,I56221,커피 전문점,11,서울특별시,11680,강남구,11680610,대치2동,1168010600,대치동,1168010600109970011,1,대지,997,11,서울특별시 강남구 대치동 997-11,116804166716,서울특별시 강남구 테헤란로114길,16,,1168010600109970011012068,동남빌딩,서울특별시 강남구 테헤란로114길 16,135502,06175,,1,,127.066549540965,37.5085757328895
MA010120220807156964,문정카피랜드,,N1,시설관리·임대,N107,사무 지원,N10703,복사업,N75912,복사업,11,서울특별시,11680,강남구,11680610,대치2동,1168010600,대치동,1168010600109970011,1,대지,997,11,서울특별시 강남구 대치동 997-11,116804166716,서울특별시 강남구 테헤란로114길,16,,1168010600109970011012068,남빌딩,서울특별시 강남구 테헤란로114길 16,135502,06175,,,,127.066549540965,37.5085757328895
MA0101202406A0143305,바스버거,삼성역점,I2,음식,I210,기타 간이,I21004,버거,I56123,서양식 음식점업,11,서울특별시,11680,강남구,11680610,대치2동,1168010600,대치동,1168010600109970011,1,대지,997,11,서울특별시 강남구 대치동 997-11,116804166716,서울특별시 강남구 테헤란로114길,16,,1168010600109970011012068,동남빌딩,서울특별시 강남구 테헤란로114길 16,135502,06175,,1,,127.066549540965,37.5085757328895
MA010120220808081513,이노비티,,N1,시설관리·임대,N105,여행사·보조,N10501,여행사,N75210,여행사업,11,서울특별시,11680,강남구,11680610,대치2동,1168010600,대치동,1168010600109990006,1,대지,999,6,서울특별시 강남구 대치동 999-6,116804166713,서울특별시 강남구 테헤란로108길,25,,1168010600109990007012107,대동빌딩,서울특별시 강남구 테헤란로108길 25,135502,06175,,5,,127.066571417333,37.5077377861732
MA010120220813168769,팍스마케티나,,M1,과학·기술,M107,본사·경영 컨설팅,M10703,경영 컨설팅업,M71531,경영 컨설팅업,11,서울특별시,11680,강남구,11680610,대치2동,1168010600,대치동,1168010600109990006,1,대지,999,6,서울특별시 강남구 대치동 999-6,116804166713,서울특별시 강남구 테헤란로108길,25,,1168010600109990007012107,대동빌딩,서울특별시 강남구 테헤란로108길 25,135502,06175,,5,,127.066571417333,37.5077377861732
MA0101202311A0038633,칼슨,코리아,G2,소매,G218,장식품 소매,G21801,예술품 소매업,G47841,예술품 및 골동품 소매업,11,서울특별시,11680,강남구,11680610,대치2동,1168010600,대치동,1168010600109990006,1,대지,999,6,서울특별시 강남구 대치동 999-6,116804166713,서울특별시 강남구 테헤란로108길,25,,1168010600109990007012107,대동빌딩,서울특별시 강남구 테헤란로108길 25,135502,06175,,5,,127.066571417333,37.5077377861732
MA0101202406A0587745,알에이비,,M1,과학·기술,M115,기타 전문 과학,M11502,번역/통역 서비스업,M73902,번역 및 통역 서비스업,11,서울특별시,11680,강남구,11680610,대치2동,1168010600,대치동,1168010600109990006,1,대지,999,6,서울특별시 강남구 대치동 999-6,116804166713,서울특별시 강남구 테헤란로108길,25,,1168010600109990007012107,대동빌딩,서울특별시 강남구 테헤란로108길 25,135502,06175,,,,127.066571417333,37.5077377861732
MA0101202306A0092798,변호사장보경법률사무소,,M1,과학·기술,M103,법무관련 ,M10301,변호사,M71101,변호사업,11,서울특별시,11680,강남구,11680610,대치2동,1168010600,대치동,1168010600109990006,1,대지,999,6,서울특별시 강남구 대치동 999-6,116804166713,서울특별시 강남구 테헤란로108길,25,,1168010600109990007012107,대동빌라,서울특별시 강남구 테헤란로108길 25,135502,06175,,5,,127.066571417333,37.5077377861732
MA010120220808041777,해봉정육,,G2,소매,G205,식료품 소매,G20503,정육점,G47212,육류 소매업,11,서울특별시,11680,강남구,11680610,대치2동,1168010600,대치동,1168010600109990006,1,대지,999,6,서울특별시 강남구 대치동 999-6,116804166713,서울특별시 강남구 테헤란로108길,25,,1168010600109990007012107,대동빌딩,서울특별시 강남구 테헤란로108길 25,135502,06175,,1,,127.066571417333,37.5077377861732
MA010120220811938829,에이크로스파트너스,,M1,과학·기술,M107,본사·경영 컨설팅,M10703,경영 컨설팅업,M71531,경영 컨설팅업,11,서울특별시,11680,강남구,11680610,대치2동,1168010600,대치동,1168010600109990006,1,대지,999,6,서울특별시 강남구 대치동 999-6,116804166713,서울특별시 강남구 테헤란로108길,25,,1168010600109990007012107,대동빌딩,서울특별시 강남구 테헤란로108길 25,135502,06175,,5,,127.066571417333,37.5077377861732
MA0101202212A0018727,아우라,코리아,G2,소매,G215,의약·화장품 소매,G21503,화장품 소매업,G47813,"화장품, 비누 및 방향제 소매업",11,서울특별시,11680,강남구,11680610,대치2동,1168010600,대치동,1168010600109990006,1,대지,999,6,서울특별시 강남구 대치동 999-6,116804166713,서울특별시 강남구 테헤란로108길,25,,1168010600109990007012107,,서울특별시 강남구 테헤란로108길 25,135502,06175,,5,,127.066571417333,37.5077377861732
MA0101202301A0026607,트러블슈터,,M1,과학·기술,M107,본사·경영 컨설팅,M10703,경영 컨설팅업,M71531,경영 컨설팅업,11,서울특별시,11680,강남구,11680610,대치2동,1168010600,대치동,1168010600109990006,1,대지,999,6,서울특별시 강남구 대치동 999-6,116804166713,서울특별시 강남구 테헤란로108길,25,,1168010600109990007012107,,서울특별시 강남구 테헤란로108길 25,135502,06175,,5,,127.066571417333,37.5077377861732
MA0101202301A0052861,하루노동법률사무소,,M1,과학·기술,M103,법무관련 ,M10307,공인노무사,M71109,기타 법무관련 서비스업,11,서울특별시,11680,강남구,11680610,대치2동,1168010600,대치동,1168010600109990006,1,대지,999,6,서울특별시 강남구 대치동 999-6,116804166713,서울특별시 강남구 테헤란로108길,25,,1168010600109990007012107,,서울특별시 강남구 테헤란로108길 25,135502,06175,,5,,127.066571417333,37.5077377861732
MA010120220811936673,리얼명품,,G2,소매,G209,섬유·의복·신발 소매,G20905,기타 의류 소매업,G47414,셔츠 및 블라우스 소매업,11,서울특별시,11680,강남구,11680610,대치2동,1168010600,대치동,1168010600109990006,1,대지,999,6,서울특별시 강남구 대치동 999-6,116804166713,서울특별시 강남구 테헤란로108길,25,,1168010600109990007012107,대동빌딩,서울특별시 강남구 테헤란로108길 25,135502,06175,,,,127.066571417333,37.5077377861732
MA0101202303A0113522,제투스티앤씨,,M1,과학·기술,M107,본사·경영 컨설팅,M10703,경영 컨설팅업,M71531,경영 컨설팅업,11,서울특별시,11680,강남구,11680610,대치2동,1168010600,대치동,1168010600109990006,1,대지,999,6,서울특별시 강남구 대치동 999-6,116804166713,서울특별시 강남구 테헤란로108길,25,,1168010600109990007012107,,서울특별시 강남구 테헤란로108길 25,135502,06175,,5,,127.066571417333,37.5077377861732
MA010120220811930433,지성재무설계,,M1,과학·기술,M107,본사·경영 컨설팅,M10703,경영 컨설팅업,M71531,경영 컨설팅업,11,서울특별시,11680,강남구,11680610,대치2동,1168010600,대치동,1168010600109990006,1,대지,999,6,서울특별시 강남구 대치동 999-6,116804166713,서울특별시 강남구 테헤란로108길,25,,1168010600109990007012107,대동빌딩,서울특별시 강남구 테헤란로108길 25,135502,06175,,5,,127.066571417333,37.5077377861732
MA010120220806038757,테라인,,L1,부동산,L102,부동산 서비스,L10203,부동산 중개/대리업,L68221,부동산 중개 및 대리업,11,서울특별시,11680,강남구,11680610,대치2동,1168010600,대치동,1168010600109990006,1,대지,999,6,서울특별시 강남구 대치동 999-6,116804166713,서울특별시 강남구 테헤란로108길,25,,1168010600109990007012107,,서울특별시 강남구 테헤란로108길 25,135502,06175,,5,,127.066571417333,37.5077377861732
MA010120220811686822,제이에스엠에이,,M1,과학·기술,M107,본사·경영 컨설팅,M10703,경영 컨설팅업,M71531,경영 컨설팅업,11,서울특별시,11680,강남구,11680610,대치2동,1168010600,대치동,1168010600109990006,1,대지,999,6,서울특별시 강남구 대치동 999-6,116804166713,서울특별시 강남구 테헤란로108길,25,,1168010600109990007012107,대동빌딩,서울특별시 강남구 테헤란로108길 25,135502,06175,,5,,127.066571417333,37.5077377861732
MA010120220810296911,해봉,,I2,음식,I201,한식,I20107,돼지고기 구이/찜,I56113,한식 육류 요리 전문점,11,서울특별시,11680,강남구,11680610,대치2동,1168010600,대치동,1168010600109990006,1,대지,999,6,서울특별시 강남구 대치동 999-6,116804166713,서울특별시 강남구 테헤란로108길,25,,1168010600109990007012107,대동빌딩,서울특별시 강남구 테헤란로108길 25,135502,06175,,1,,127.066571417333,37.5077377861732
MA010120220810236846,비씨엠파트너스,,M1,과학·기술,M105,광고,M10501,광고 대행업,M71310,광고 대행업,11,서울특별시,11680,강남구,11680610,대치2동,1168010600,대치동,1168010600109990006,1,대지,999,6,서울특별시 강남구 대치동 999-6,116804166713,서울특별시 강남구 테헤란로108길,25,,1168010600109990007012107,대동빌딩,서울특별시 강남구 테헤란로108길 25,135502,06175,,,,127.066571417333,37.5077377861732
MA010120220806688615,휴라모델에이전시,,N1,시설관리·임대,N104,고용 알선,N10402,임시/일용 인력 공급업,N75121,임시 및 일용 인력 공급업,11,서울특별시,11680,강남구,11680610,대치2동,1168010600,대치동,1168010600109990006,1,대지,999,6,서울특별시 강남구 대치동 999-6,116804166713,서울특별시 강남구 테헤란로108길,25,,1168010600109990007012107,대동빌딩,서울특별시 강남구 테헤란로108길 25,135502,06175,,5,,127.066571417333,37.5077377861732
MA010120220810055377,아이티119,,S2,수리·개인,S201,컴퓨터 수리,S20101,컴퓨터/노트북/프린터 수리업,S95110,컴퓨터 및 주변 기기 수리업,11,서울특별시,11680,강남구,11680610,대치2동,1168010600,대치동,1168010600109990006,1,대지,999,6,서울특별시 강남구 대치동 999-6,116804166713,서울특별시 강남구 테헤란로108길,25,,1168010600109990007012107,대동빌딩,서울특별시 강남구 테헤란로108길 25,135502,06175,,5,,127.066571417333,37.5077377861732
MA010120220809758438,이음건축파트너스,,M1,과학·기술,M109,기술 서비스,M10901,건축 설계 및 관련 서비스업,M72111,건축 설계 및 관련 서비스업,11,서울특별시,11680,강남구,11680610,대치2동,1168010600,대치동,1168010600109990006,1,대지,999,6,서울특별시 강남구 대치동 999-6,116804166713,서울특별시 강남구 테헤란로108길,25,,1168010600109990007012107,대동빌딩,서울특별시 강남구 테헤란로108길 25,135502,06175,,5,,127.066571417333,37.5077377861732
MA010120220809083875,더치앤빈,삼성2호점,I2,음식,I212,비알코올 ,I21201,카페,I56221,커피 전문점,11,서울특별시,11680,강남구,11680610,대치2동,1168010600,대치동,1168010600109990002,1,대지,999,2,서울특별시 강남구 대치동 999-2,116804166716,서울특별시 강남구 테헤란로114길,20,,1168010600109990002012074,,서울특별시 강남구 테헤란로114길 20,135502,06175,,1,,127.066764243088,37.5083593706123
MA010120220807787269,커피진심베이커리,,I2,음식,I212,비알코올 ,I21201,카페,I56221,커피 전문점,11,서울특별시,11680,강남구,11680610,대치2동,1168010600,대치동,1168010600109990002,1,대지,999,2,서울특별시 강남구 대치동 999-2,116804166716,서울특별시 강남구 테헤란로114길,20,,1168010600109990002012074,,서울특별시 강남구 테헤란로114길 20,135502,06175,,1,,127.066764243088,37.5083593706123
MA010120220808322336,비스타인터내셔널,,M1,과학·기술,M107,본사·경영 컨설팅,M10703,경영 컨설팅업,M71531,경영 컨설팅업,11,서울특별시,11680,강남구,11680610,대치2동,1168010600,대치동,1168010600109990002,1,대지,999,2,서울특별시 강남구 대치동 999-2,116804166716,서울특별시 강남구 테헤란로114길,20,,1168010600109990002012074,,서울특별시 강남구 테헤란로114길 20,135502,06175,,,,127.066764243088,37.5083593706123
MA010120220806664640,세븐대치삼화점,코리아,G2,소매,G204,종합 소매,G20405,편의점,G47122,체인화 편의점,11,서울특별시,11680,강남구,11680610,대치2동,1168010600,대치동,1168010600109990002,1,대지,999,2,서울특별시 강남구 대치동 999-2,116804166716,서울특별시 강남구 테헤란로114길,20,,1168010600109990002012074,,서울특별시 강남구 테헤란로114길 20,135502,06175,,1,,127.066764243088,37.5083593706123
MA010120220808404467,세븐대치삼화점,코리아,G2,소매,G204,종합 소매,G20405,편의점,G47122,체인화 편의점,11,서울특별시,11680,강남구,11680610,대치2동,1168010600,대치동,1168010600109990002,1,대지,999,2,서울특별시 강남구 대치동 999-2,116804166716,서울특별시 강남구 테헤란로114길,20,,1168010600109990002012074,,서울특별시 강남구 테헤란로114길 20,135502,06175,,1,,127.066764243088,37.5083593706123
MA010120220812424444,드라이빙존운전면허,강남시험장점,P1,교육,P106,기타 교육,P10623,운전학원,P85661,운전학원,11,서울특별시,11680,강남구,11680610,대치2동,1168010600,대치동,1168010600109990002,1,대지,999,2,서울특별시 강남구 대치동 999-2,116804166716,서울특별시 강남구 테헤란로114길,20,,1168010600109990002012074,,서울특별시 강남구 테헤란로114길 20,135502,06175,,1,,127.066764243088,37.5083593706123
MA010120220814098726,유알플러스파트너즈,,M1,과학·기술,M112,전문 디자인,M11201,인테리어 디자인업,M73201,인테리어 디자인업,11,서울특별시,11680,강남구,11680610,대치2동,1168010600,대치동,1168010600109990002,1,대지,999,2,서울특별시 강남구 대치동 999-2,116804166716,서울특별시 강남구 테헤란로114길,20,,1168010600109990002012074,,서울특별시 강남구 테헤란로114길 20,135502,06175,,,,127.066764243088,37.5083593706123
MA0101202311A0034693,드라이빙존운전면허직영,본점,P1,교육,P106,기타 교육,P10623,운전학원,P85661,운전학원,11,서울특별시,11680,강남구,11680610,대치2동,1168010600,대치동,1168010600109990005,1,대지,999,5,서울특별시 강남구 대치동 999-5,116804166716,서울특별시 강남구 테헤란로114길,26,,1168010600109990005012098,,서울특별시 강남구 테헤란로114길 26,135502,06175,,2,,127.066831767009,37.5079809104471
MA010120220812261400,케이엘디자인,,M1,과학·기술,M112,전문 디자인,M11201,인테리어 디자인업,M73201,인테리어 디자인업,11,서울특별시,11680,강남구,11680610,대치2동,1168010600,대치동,1168010600109990005,1,대지,999,5,서울특별시 강남구 대치동 999-5,116804166716,서울특별시 강남구 테헤란로114길,26,,1168010600109990005012098,두원빌딩,서울특별시 강남구 테헤란로114길 26,135502,06175,,3,,127.066831767009,37.5079809104471
MA010120220813708571,네모오징어,삼성역점,I2,음식,I201,한식,I20112,해산물 구이/찜,I56114,한식 해산물 요리 전문점,11,서울특별시,11680,강남구,11680610,대치2동,1168010600,대치동,1168010600109990005,1,대지,999,5,서울특별시 강남구 대치동 999-5,116804166716,서울특별시 강남구 테헤란로114길,26,,1168010600109990005012098,,서울특별시 강남구 테헤란로114길 26,135502,06175,,1,,127.066831767009,37.5079809104471
MA010120220814305869,리빙파워,,L1,부동산,L102,부동산 서비스,L10203,부동산 중개/대리업,L68221,부동산 중개 및 대리업,11,서울특별시,11680,강남구,11680610,대치2동,1168010600,대치동,1168010600110040000,1,대지,1004,,서울특별시 강남구 대치동 1004,116804166716,서울특별시 강남구 테헤란로114길,38,,1168010600110040000000001,동일타워,서울특별시 강남구 테헤란로114길 38,135851,06176,,14,,127.067000654367,37.5071248602044
MA010120220809788682,재산,,M1,과학·기술,M115,기타 전문 과학,M11504,사업/무형 재산권 중개업,M73903,사업 및 무형 재산권 중개업,11,서울특별시,11680,강남구,11680610,대치2동,1168010600,대치동,1168010600110040000,1,대지,1004,,서울특별시 강남구 대치동 1004,116804166716,서울특별시 강남구 테헤란로114길,38,,1168010600110040000000001,동일타워,서울특별시 강남구 테헤란로114길 38,135851,06176,,18,,127.067000654367,37.5071248602044
MA0106202201A0152391,빌텍,,I2,음식,I201,한식,I20101,백반/한정식,I56111,한식 일반 음식점업,11,서울특별시,11680,강남구,11680580,삼성1동,1168010500,삼성동,1168010500101540017,1,대지,154,17,서울특별시 강남구 삼성동 154-17,116804166436,서울특별시 강남구 삼성로96길,23,,1168010500101540017016777,,서울특별시 강남구 삼성로96길 23,135879,06167,,,,127.05766026013,37.5093282403926
MA0101202409A0139026,선한세무회계,,M1,과학·기술,M104,회계·세무,M10402,세무사,M71202,세무사업,11,서울특별시,11680,강남구,11680580,삼성1동,1168010500,삼성동,1168010500101580025,1,대지,158,25,서울특별시 강남구 삼성동 158-25,116804166762,서울특별시 강남구 테헤란로83길,18,,1168010500101580025016847,매직킹덤빌딩,서울특별시 강남구 테헤란로83길 18,135880,06169,,4,,127.057806780693,37.5086614253527
MA0101202409A0147866,이지글로벌,,N1,시설관리·임대,N105,여행사·보조,N10501,여행사,N75210,여행사업,11,서울특별시,11680,강남구,11680580,삼성1동,1168010500,삼성동,1168010500101580025,1,대지,158,25,서울특별시 강남구 삼성동 158-25,116804166762,서울특별시 강남구 테헤란로83길,18,,1168010500101580025016847,,서울특별시 강남구 테헤란로83길 18,135880,06169,,4,,127.057806780693,37.5086614253527
MA0101202409A0191346,앤티파이,,M1,과학·기술,M107,본사·경영 컨설팅,M10703,경영 컨설팅업,M71531,경영 컨설팅업,11,서울특별시,11680,강남구,11680580,삼성1동,1168010500,삼성동,1168010500101580025,1,대지,158,25,서울특별시 강남구 삼성동 158-25,116804166762,서울특별시 강남구 테헤란로83길,18,,1168010500101580025016847,매직킹덤빌딩,서울특별시 강남구 테헤란로83길 18,135880,06169,,4,,127.057806780693,37.5086614253527
MA0101202409A0089557,행정사사무소비결,,M1,과학·기술,M103,법무관련 ,M10306,행정사,M71109,기타 법무관련 서비스업,11,서울특별시,11680,강남구,11680580,삼성1동,1168010500,삼성동,1168010500101580025,1,대지,158,25,서울특별시 강남구 삼성동 158-25,116804166762,서울특별시 강남구 테헤란로83길,18,,1168010500101580025016847,,서울특별시 강남구 테헤란로83길 18,135880,06169,,4,,127.057806780693,37.5086614253527
MA0101202604A0036485,밀리,코리아,M1,과학·기술,M115,기타 전문 과학,M11504,사업/무형 재산권 중개업,M73903,사업 및 무형 재산권 중개업,11,서울특별시,11680,강남구,11680580,삼성1동,1168010500,삼성동,1168010500101580025,1,대지,158,25,서울특별시 강남구 삼성동 158-25,116804166762,서울특별시 강남구 테헤란로83길,18,,1168010500101580025016847,매직킹덤빌딩,서울특별시 강남구 테헤란로83길 18,135880,06169,,4,,127.057806780693,37.5086614253527
MA0101202511A0014805,세이블리잉글리쉬,삼성역점,P1,교육,P107,교육 지원,P10701,교육컨설팅업,P85701,교육관련 자문 및 평가업,11,서울특별시,11680,강남구,11680580,삼성1동,1168010500,삼성동,1168010500101580025,1,대지,158,25,서울특별시 강남구 삼성동 158-25,116804166762,서울특별시 강남구 테헤란로83길,18,,1168010500101580025016847,매직킹덤빌딩,서울특별시 강남구 테헤란로83길 18,135880,06169,,4,,127.057806780693,37.5086614253527
MA0101202603A0046027,어반부티강,남지점,G2,소매,G209,섬유·의복·신발 소매,G20905,기타 의류 소매업,G47414,셔츠 및 블라우스 소매업,11,서울특별시,11680,강남구,11680580,삼성1동,1168010500,삼성동,1168010500101580025,1,대지,158,25,서울특별시 강남구 삼성동 158-25,116804166762,서울특별시 강남구 테헤란로83길,18,,1168010500101580025016847,매직킹덤빌딩,서울특별시 강남구 테헤란로83길 18,135880,06169,,4,,127.057806780693,37.5086614253527
MA0101202512A0043941,슈마무,,M1,과학·기술,M105,광고,M10501,광고 대행업,M71310,광고 대행업,11,서울특별시,11680,강남구,11680580,삼성1동,1168010500,삼성동,1168010500101580025,1,대지,158,25,서울특별시 강남구 삼성동 158-25,116804166762,서울특별시 강남구 테헤란로83길,18,,1168010500101580025016847,호매직킹덤빌딩,서울특별시 강남구 테헤란로83길 18,135880,06169,,4,,127.057806780693,37.5086614253527
MA0101202512A0028087,퀸트로직,,M1,과학·기술,M107,본사·경영 컨설팅,M10703,경영 컨설팅업,M71531,경영 컨설팅업,11,서울특별시,11680,강남구,11680580,삼성1동,1168010500,삼성동,1168010500101580025,1,대지,158,25,서울특별시 강남구 삼성동 158-25,116804166762,서울특별시 강남구 테헤란로83길,18,,1168010500101580025016847,,서울특별시 강남구 테헤란로83길 18,135880,06169,,4,,127.057806780693,37.5086614253527
MA0101202603A0030890,어센드라움,,P1,교육,P106,기타 교육,P10629,그 외 기타 교육기관,P85699,그 외 기타 분류 안된 교육기관,11,서울특별시,11680,강남구,11680580,삼성1동,1168010500,삼성동,1168010500101580025,1,대지,158,25,서울특별시 강남구 삼성동 158-25,116804166762,서울특별시 강남구 테헤란로83길,18,,1168010500101580025016847,매직킹덤빌딩,서울특별시 강남구 테헤란로83길 18,135880,06169,,4,,127.057806780693,37.5086614253527
MA0101202511A0006054,아웃랜디시,코리아,M1,과학·기술,M105,광고,M10501,광고 대행업,M71310,광고 대행업,11,서울특별시,11680,강남구,11680580,삼성1동,1168010500,삼성동,1168010500101580025,1,대지,158,25,서울특별시 강남구 삼성동 158-25,116804166762,서울특별시 강남구 테헤란로83길,18,,1168010500101580025016847,에스,서울특별시 강남구 테헤란로83길 18,135880,06169,,4,,127.057806780693,37.5086614253527
MA0101202507A0042381,뉴이너리,,G2,소매,G209,섬유·의복·신발 소매,G20905,기타 의류 소매업,G47419,기타 의복 소매업,11,서울특별시,11680,강남구,11680580,삼성1동,1168010500,삼성동,1168010500101580025,1,대지,158,25,서울특별시 강남구 삼성동 158-25,116804166762,서울특별시 강남구 테헤란로83길,18,,1168010500101580025016847,매직킹덤빌딩,서울특별시 강남구 테헤란로83길 18,135880,06169,,4,,127.057806780693,37.5086614253527
MA0101202508A0036737,크레아스페이스,,G2,소매,G218,장식품 소매,G21802,기념품점,G47842,"기념품, 관광 민예품 및 장식용품 소매업",11,서울특별시,11680,강남구,11680580,삼성1동,1168010500,삼성동,1168010500101580025,1,대지,158,25,서울특별시 강남구 삼성동 158-25,116804166762,서울특별시 강남구 테헤란로83길,18,,1168010500101580025016847,매직킹덤빌딩,서울특별시 강남구 테헤란로83길 18,135880,06169,,4,,127.057806780693,37.5086614253527
MA0101202510A0022394,엠에이지컨설팅,,M1,과학·기술,M107,본사·경영 컨설팅,M10703,경영 컨설팅업,M71531,경영 컨설팅업,11,서울특별시,11680,강남구,11680580,삼성1동,1168010500,삼성동,1168010500101580025,1,대지,158,25,서울특별시 강남구 삼성동 158-25,116804166762,서울특별시 강남구 테헤란로83길,18,,1168010500101580025016847,매직킹덤빌딩,서울특별시 강남구 테헤란로83길 18,135880,06169,,4,,127.057806780693,37.5086614253527
MA0101202505A0036632,노트북수리,,S2,수리·개인,S201,컴퓨터 수리,S20101,컴퓨터/노트북/프린터 수리업,S95110,컴퓨터 및 주변 기기 수리업,11,서울특별시,11680,강남구,11680580,삼성1동,1168010500,삼성동,1168010500101580025,1,대지,158,25,서울특별시 강남구 삼성동 158-25,116804166762,서울특별시 강남구 테헤란로83길,18,,1168010500101580025016847,매직킹덤빌딩,서울특별시 강남구 테헤란로83길 18,135880,06169,,4,,127.057806780693,37.5086614253527
MA0101202508A0007542,마나킨,코리아,M1,과학·기술,M107,본사·경영 컨설팅,M10703,경영 컨설팅업,M71531,경영 컨설팅업,11,서울특별시,11680,강남구,11680580,삼성1동,1168010500,삼성동,1168010500101580025,1,대지,158,25,서울특별시 강남구 삼성동 158-25,116804166762,서울특별시 강남구 테헤란로83길,18,,1168010500101580025016847,에스,서울특별시 강남구 테헤란로83길 18,135880,06169,,4,,127.057806780693,37.5086614253527
MA0101202602A0003175,영실컨설팅&마케팅,,M1,과학·기술,M105,광고,M10501,광고 대행업,M71310,광고 대행업,11,서울특별시,11680,강남구,11680580,삼성1동,1168010500,삼성동,1168010500101580025,1,대지,158,25,서울특별시 강남구 삼성동 158-25,116804166762,서울특별시 강남구 테헤란로83길,18,,1168010500101580025016847,매직킹덤빌딩,서울특별시 강남구 테헤란로83길 18,135880,06169,,4,,127.057806780693,37.5086614253527
MA0101202602A0022268,리안파트너스,,M1,과학·기술,M107,본사·경영 컨설팅,M10703,경영 컨설팅업,M71531,경영 컨설팅업,11,서울특별시,11680,강남구,11680580,삼성1동,1168010500,삼성동,1168010500101580025,1,대지,158,25,서울특별시 강남구 삼성동 158-25,116804166762,서울특별시 강남구 테헤란로83길,18,,1168010500101580025016847,,서울특별시 강남구 테헤란로83길 18,135880,06169,,4,,127.057806780693,37.5086614253527
MA0101202510A0018056,제이투에스코퍼레이션,,M1,과학·기술,M107,본사·경영 컨설팅,M10703,경영 컨설팅업,M71531,경영 컨설팅업,11,서울특별시,11680,강남구,11680580,삼성1동,1168010500,삼성동,1168010500101580025,1,대지,158,25,서울특별시 강남구 삼성동 158-25,116804166762,서울특별시 강남구 테헤란로83길,18,,1168010500101580025016847,에스,서울특별시 강남구 테헤란로83길 18,135880,06169,,4,,127.057806780693,37.5086614253527
MA0101202505A0049742,티지엠멤버스,,M1,과학·기술,M107,본사·경영 컨설팅,M10703,경영 컨설팅업,M71531,경영 컨설팅업,11,서울특별시,11680,강남구,11680580,삼성1동,1168010500,삼성동,1168010500101580025,1,대지,158,25,서울특별시 강남구 삼성동 158-25,116804166762,서울특별시 강남구 테헤란로83길,18,,1168010500101580025016847,매직킹덤빌딩,서울특별시 강남구 테헤란로83길 18,135880,06169,,4,,127.057806780693,37.5086614253527
MA0101202506A0026939,에이븐파트너스,,M1,과학·기술,M115,기타 전문 과학,M11504,사업/무형 재산권 중개업,M73903,사업 및 무형 재산권 중개업,11,서울특별시,11680,강남구,11680580,삼성1동,1168010500,삼성동,1168010500101580025,1,대지,158,25,서울특별시 강남구 삼성동 158-25,116804166762,서울특별시 강남구 테헤란로83길,18,,1168010500101580025016847,매직킹덤빌딩,서울특별시 강남구 테헤란로83길 18,135880,06169,,4,,127.057806780693,37.5086614253527
MA0101202507A0021417,디와이이엔티,,N1,시설관리·임대,N108,기타 사업 서비스,N10802,전시/컨벤션/행사 대행 서비스업,N75992,"전시, 컨벤션 및 행사 대행업",11,서울특별시,11680,강남구,11680580,삼성1동,1168010500,삼성동,1168010500101580025,1,대지,158,25,서울특별시 강남구 삼성동 158-25,116804166762,서울특별시 강남구 테헤란로83길,18,,1168010500101580025016847,티,서울특별시 강남구 테헤란로83길 18,135880,06169,,4,,127.057806780693,37.5086614253527
MA0101202411A0168367,레이거인베스트먼트,,L1,부동산,L102,부동산 서비스,L10203,부동산 중개/대리업,L68221,부동산 중개 및 대리업,11,서울특별시,11680,강남구,11680580,삼성1동,1168010500,삼성동,1168010500101580025,1,대지,158,25,서울특별시 강남구 삼성동 158-25,116804166762,서울특별시 강남구 테헤란로83길,18,,1168010500101580025016847,에이,서울특별시 강남구 테헤란로83길 18,135880,06169,,4,,127.057806780693,37.5086614253527
MA0101202411A0179321,에이링크체인,,M1,과학·기술,M107,본사·경영 컨설팅,M10703,경영 컨설팅업,M71531,경영 컨설팅업,11,서울특별시,11680,강남구,11680580,삼성1동,1168010500,삼성동,1168010500101580025,1,대지,158,25,서울특별시 강남구 삼성동 158-25,116804166762,서울특별시 강남구 테헤란로83길,18,,1168010500101580025016847,알,서울특별시 강남구 테헤란로83길 18,135880,06169,,4,,127.057806780693,37.5086614253527
MA0101202411A0170284,피델리티로이,,L1,부동산,L102,부동산 서비스,L10203,부동산 중개/대리업,L68221,부동산 중개 및 대리업,11,서울특별시,11680,강남구,11680580,삼성1동,1168010500,삼성동,1168010500101580025,1,대지,158,25,서울특별시 강남구 삼성동 158-25,116804166762,서울특별시 강남구 테헤란로83길,18,,1168010500101580025016847,티,서울특별시 강남구 테헤란로83길 18,135880,06169,,4,,127.057806780693,37.5086614253527
MA0101202508A0025060,크레이지픽스,,M1,과학·기술,M107,본사·경영 컨설팅,M10703,경영 컨설팅업,M71531,경영 컨설팅업,11,서울특별시,11680,강남구,11680580,삼성1동,1168010500,삼성동,1168010500101580025,1,대지,158,25,서울특별시 강남구 삼성동 158-25,116804166762,서울특별시 강남구 테헤란로83길,18,,1168010500101580025016847,에스,서울특별시 강남구 테헤란로83길 18,135880,06169,,4,,127.057806780693,37.5086614253527
MA0101202509A0032415,에단컴퍼니,,M1,과학·기술,M107,본사·경영 컨설팅,M10703,경영 컨설팅업,M71531,경영 컨설팅업,11,서울특별시,11680,강남구,11680580,삼성1동,1168010500,삼성동,1168010500101580025,1,대지,158,25,서울특별시 강남구 삼성동 158-25,116804166762,서울특별시 강남구 테헤란로83길,18,,1168010500101580025016847,매직킹덤빌딩,서울특별시 강남구 테헤란로83길 18,135880,06169,,4,,127.057806780693,37.5086614253527
MA0101202508A0025748,에이치에프종합건축사사무소,,M1,과학·기술,M109,기술 서비스,M10901,건축 설계 및 관련 서비스업,M72111,건축 설계 및 관련 서비스업,11,서울특별시,11680,강남구,11680580,삼성1동,1168010500,삼성동,1168010500101580025,1,대지,158,25,서울특별시 강남구 삼성동 158-25,116804166762,서울특별시 강남구 테헤란로83길,18,,1168010500101580025016847,매직킹덤빌딩,서울특별시 강남구 테헤란로83길 18,135880,06169,,4,,127.057806780693,37.5086614253527
MA0101202509A0030820,포트웹,삼성점,M1,과학·기술,M105,광고,M10501,광고 대행업,M71310,광고 대행업,11,서울특별시,11680,강남구,11680580,삼성1동,1168010500,삼성동,1168010500101580025,1,대지,158,25,서울특별시 강남구 삼성동 158-25,116804166762,서울특별시 강남구 테헤란로83길,18,,1168010500101580025016847,매직킹덤빌딩,서울특별시 강남구 테헤란로83길 18,135880,06169,,4,,127.057806780693,37.5086614253527
MA0101202411A0166413,플렉서스파트너스,,M1,과학·기술,M107,본사·경영 컨설팅,M10703,경영 컨설팅업,M71531,경영 컨설팅업,11,서울특별시,11680,강남구,11680580,삼성1동,1168010500,삼성동,1168010500101580025,1,대지,158,25,서울특별시 강남구 삼성동 158-25,116804166762,서울특별시 강남구 테헤란로83길,18,,1168010500101580025016847,에스,서울특별시 강남구 테헤란로83길 18,135880,06169,,4,,127.057806780693,37.5086614253527
MA0101202501A0010572,와이스국제특허법률사무소,,M1,과학·기술,M103,법무관련 ,M10302,변리사,M71102,변리사업,11,서울특별시,11680,강남구,11680580,삼성1동,1168010500,삼성동,1168010500101580025,1,대지,158,25,서울특별시 강남구 삼성동 158-25,116804166762,서울특별시 강남구 테헤란로83길,18,,1168010500101580025016847,매직킹덤빌딩,서울특별시 강남구 테헤란로83길 18,135880,06169,,4,,127.057806780693,37.5086614253527
MA0101202412A0076242,부동산빌드업연구소,,P1,교육,P107,교육 지원,P10799,기타 교육지원 서비스업,P85709,기타 교육지원 서비스업,11,서울특별시,11680,강남구,11680580,삼성1동,1168010500,삼성동,1168010500101580025,1,대지,158,25,서울특별시 강남구 삼성동 158-25,116804166762,서울특별시 강남구 테헤란로83길,18,,1168010500101580025016847,매직킹덤빌딩,서울특별시 강남구 테헤란로83길 18,135880,06169,,4,,127.057806780693,37.5086614253527
MA0101202411A0189758,시소앤에듀,,P1,교육,P107,교육 지원,P10799,기타 교육지원 서비스업,P85709,기타 교육지원 서비스업,11,서울특별시,11680,강남구,11680580,삼성1동,1168010500,삼성동,1168010500101580025,1,대지,158,25,서울특별시 강남구 삼성동 158-25,116804166762,서울특별시 강남구 테헤란로83길,18,,1168010500101580025016847,에스,서울특별시 강남구 테헤란로83길 18,135880,06169,,4,,127.057806780693,37.5086614253527
MA0101202411A0036918,발란스건축사사무소,,M1,과학·기술,M109,기술 서비스,M10901,건축 설계 및 관련 서비스업,M72111,건축 설계 및 관련 서비스업,11,서울특별시,11680,강남구,11680580,삼성1동,1168010500,삼성동,1168010500101580025,1,대지,158,25,서울특별시 강남구 삼성동 158-25,116804166762,서울특별시 강남구 테헤란로83길,18,,1168010500101580025016847,매직킹덤빌딩,서울특별시 강남구 테헤란로83길 18,135880,06169,,4,,127.057806780693,37.5086614253527
MA0101202506A0014185,이은컴퍼니,,M1,과학·기술,M112,전문 디자인,M11203,시각 디자인업,M73203,시각 디자인업,11,서울특별시,11680,강남구,11680580,삼성1동,1168010500,삼성동,1168010500101580025,1,대지,158,25,서울특별시 강남구 삼성동 158-25,116804166762,서울특별시 강남구 테헤란로83길,18,,1168010500101580025016847,매직킹덤빌딩,서울특별시 강남구 테헤란로83길 18,135880,06169,,4,,127.057806780693,37.5086614253527
MA0101202409A0194636,파인테라,,M1,과학·기술,M107,본사·경영 컨설팅,M10703,경영 컨설팅업,M71531,경영 컨설팅업,11,서울특별시,11680,강남구,11680580,삼성1동,1168010500,삼성동,1168010500101580025,1,대지,158,25,서울특별시 강남구 삼성동 158-25,116804166762,서울특별시 강남구 테헤란로83길,18,,1168010500101580025016847,매직킹덤빌딩,서울특별시 강남구 테헤란로83길 18,135880,06169,,4,,127.057806780693,37.5086614253527
MA0101202409A0099210,히든잼,,M1,과학·기술,M105,광고,M10501,광고 대행업,M71310,광고 대행업,11,서울특별시,11680,강남구,11680580,삼성1동,1168010500,삼성동,1168010500101580025,1,대지,158,25,서울특별시 강남구 삼성동 158-25,116804166762,서울특별시 강남구 테헤란로83길,18,,1168010500101580025016847,매직킹덤빌딩,서울특별시 강남구 테헤란로83길 18,135880,06169,,4,,127.057806780693,37.5086614253527
MA0101202512A0012072,미림,,R1,예술·스포츠,R103,스포츠 서비스,R10312,테니스장,R91139,그 외 기타 스포츠시설 운영업,11,서울특별시,11680,강남구,11680580,삼성1동,1168010500,삼성동,1168010500101580004,1,대지,158,4,서울특별시 강남구 삼성동 158-4,116804166762,서울특별시 강남구 테헤란로83길,14,,1168010500101580004027087,제비층,서울특별시 강남구 테헤란로83길 14,135880,06169,,,,127.057829255254,37.5084722033658
MA0101202506A0009787,펜션,,I1,숙박,I101,일반 숙박,I10103,펜션,I55104,민박업,11,서울특별시,11680,강남구,11680580,삼성1동,1168010500,삼성동,1168010500101580004,1,대지,158,4,서울특별시 강남구 삼성동 158-4,116804166762,서울특별시 강남구 테헤란로83길,14,,1168010500101580004027087,두산위브센티움,서울특별시 강남구 테헤란로83길 14,135880,06169,,,,127.057829255254,37.5084722033658
MA0101202410A0418689,블링크에듀케이션,,P1,교육,P105,일반 교육,P10501,입시·교과학원,P85501,일반 교과학원,11,서울특별시,11680,강남구,11680580,삼성1동,1168010500,삼성동,1168010500101580004,1,대지,158,4,서울특별시 강남구 삼성동 158-4,116804166762,서울특별시 강남구 테헤란로83길,14,,1168010500101580004027087,두산위브센티움,서울특별시 강남구 테헤란로83길 14,135880,06169,,,,127.057829255254,37.5084722033658
MA0101202411A0097108,이디엘컨설팅,,M1,과학·기술,M107,본사·경영 컨설팅,M10703,경영 컨설팅업,M71531,경영 컨설팅업,11,서울특별시,11680,강남구,11680580,삼성1동,1168010500,삼성동,1168010500101580004,1,대지,158,4,서울특별시 강남구 삼성동 158-4,116804166762,서울특별시 강남구 테헤란로83길,14,,1168010500101580004027087,,서울특별시 강남구 테헤란로83길 14,135880,06169,,,,127.057829255254,37.5084722033658
MA0106202301A2416090,스타벅스,삼성도심공항,I2,음식,I212,비알코올 ,I21201,카페,I56221,커피 전문점,11,서울특별시,11680,강남구,11680580,삼성1동,1168010500,삼성동,1168010500101540010,1,대지,154,10,서울특별시 강남구 삼성동 154-10,116804166765,서울특별시 강남구 테헤란로87길,33,,1168010500101540010016710,,서울특별시 강남구 테헤란로87길 33,135879,06167,,,,127.057920781397,37.5098236654325
MA0101202505A0086977,고설우,삼성점,I2,음식,I201,한식,I20101,백반/한정식,I56111,한식 일반 음식점업,11,서울특별시,11680,강남구,11680580,삼성1동,1168010500,삼성동,1168010500101540010,1,대지,154,10,서울특별시 강남구 삼성동 154-10,116804166765,서울특별시 강남구 테헤란로87길,33,,1168010500101540010016710,,서울특별시 강남구 테헤란로87길 33,135879,06167,,1,,127.057920781397,37.5098236654325
MA0101202509A0029498,디티에스,,M1,과학·기술,M107,본사·경영 컨설팅,M10703,경영 컨설팅업,M71531,경영 컨설팅업,11,서울특별시,11680,강남구,11680580,삼성1동,1168010500,삼성동,1168010500101540010,1,대지,154,10,서울특별시 강남구 삼성동 154-10,116804166765,서울특별시 강남구 테헤란로87길,33,,1168010500101540010016710,,서울특별시 강남구 테헤란로87길 33,135879,06167,,9,,127.057920781397,37.5098236654325
MA0101202603A0018276,근본집삼성,본점,I2,음식,I201,한식,I20101,백반/한정식,I56111,한식 일반 음식점업,11,서울특별시,11680,강남구,11680580,삼성1동,1168010500,삼성동,1168010500101540015,1,대지,154,15,서울특별시 강남구 삼성동 154-15,116804166436,서울특별시 강남구 삼성로96길,27,,1168010500101540015016789,진솔빌딩,서울특별시 강남구 삼성로96길 27,135879,06167,,1,,127.057954336547,37.5093371065221
MA0101202411A0185836,젤탑,,M1,과학·기술,M107,본사·경영 컨설팅,M10703,경영 컨설팅업,M71531,경영 컨설팅업,11,서울특별시,11680,강남구,11680580,삼성1동,1168010500,삼성동,1168010500101540015,1,대지,154,15,서울특별시 강남구 삼성동 154-15,116804166436,서울특별시 강남구 삼성로96길,27,,1168010500101540015016789,진솔빌딩,서울특별시 강남구 삼성로96길 27,135879,06167,,,,127.057954336547,37.5093371065221
MA0101202411A0177699,와이에이스,,M1,과학·기술,M107,본사·경영 컨설팅,M10703,경영 컨설팅업,M71531,경영 컨설팅업,11,서울특별시,11680,강남구,11680580,삼성1동,1168010500,삼성동,1168010500101540015,1,대지,154,15,서울특별시 강남구 삼성동 154-15,116804166436,서울특별시 강남구 삼성로96길,27,,1168010500101540015016789,진솔빌딩,서울특별시 강남구 삼성로96길 27,135879,06167,,,,127.057954336547,37.5093371065221
MA0106202404A0147529,진미언양불고기,,I2,음식,I201,한식,I20107,돼지고기 구이/찜,I56111,한식 일반 음식점업,11,서울특별시,11680,강남구,11680580,삼성1동,1168010500,삼성동,1168010500101580026,1,대지,158,26,서울특별시 강남구 삼성동 158-26,116804166436,서울특별시 강남구 삼성로96길,26,6,1168010500101580026016842,,서울특별시 강남구 삼성로96길 26-6,135880,06169,,,,127.05799910396,37.5087244014049
MA0101202410A0069686,세란안과,,Q1,보건의료,Q102,의원,Q10205,안과 의원,Q86201,일반의원,11,서울특별시,11680,강남구,11680580,삼성1동,1168010500,삼성동,1168010500101540011,1,대지,154,11,서울특별시 강남구 삼성동 154-11,116804166765,서울특별시 강남구 테헤란로87길,29,,1168010500101540012016740,,서울특별시 강남구 테헤란로87길 29,135879,06167,,,,127.057999773206,37.5095893654972
MA0106202201A0605701,폴바셋NC타워,삼성점,I2,음식,I201,한식,I20101,백반/한정식,I56111,한식 일반 음식점업,11,서울특별시,11680,강남구,11680580,삼성1동,1168010500,삼성동,1168010500101580016,1,대지,158,16,서울특별시 강남구 삼성동 158-16,116803122010,서울특별시 강남구 테헤란로,509,,1168010500101580016000001,,서울특별시 강남구 테헤란로 509,135880,06169,,,,127.058213271465,37.5077872511218
MA0106202201A0153981,루이까스텔하남시춘궁점,,G2,소매,G209,섬유·의복·신발 소매,G20905,기타 의류 소매업,G47419,기타 의복 소매업,11,서울특별시,11680,강남구,11680580,삼성1동,1168010500,삼성동,1168010500101580016,1,대지,158,16,서울특별시 강남구 삼성동 158-16,116803122010,서울특별시 강남구 테헤란로,509,,1168010500101580016000001,,서울특별시 강남구 테헤란로 509,135880,06169,,,,127.058213271465,37.5077872511218
MA0101202411A0187886,티가든비,,M1,과학·기술,M107,본사·경영 컨설팅,M10703,경영 컨설팅업,M71531,경영 컨설팅업,11,서울특별시,11680,강남구,11680580,삼성1동,1168010500,삼성동,1168010500101580016,1,대지,158,16,서울특별시 강남구 삼성동 158-16,116803122010,서울특별시 강남구 테헤란로,509,,1168010500101580016000001,엔씨타워,서울특별시 강남구 테헤란로 509,135880,06169,,10,,127.058213271465,37.5077872511218
MA0101202410A0647597,더플러스차치과의원,,Q1,보건의료,Q102,의원,Q10210,치과의원,Q86202,치과의원,11,서울특별시,11680,강남구,11680580,삼성1동,1168010500,삼성동,1168010500101580016,1,대지,158,16,서울특별시 강남구 삼성동 158-16,116803122010,서울특별시 강남구 테헤란로,509,,1168010500101580016000001,,서울특별시 강남구 테헤란로 509,135880,06169,,1,,127.058213271465,37.5077872511218
MA0101202410A0916106,알바트로스넥스트제너레이션펀드,,I2,음식,I210,기타 간이,I21007,김밥/만두/분식,,,11,서울특별시,11680,강남구,11680580,삼성1동,1168010500,삼성동,1168010500101580016,1,대지,158,16,서울특별시 강남구 삼성동 158-16,116803122010,서울특별시 강남구 테헤란로,509,,1168010500101580016000001,엔씨타워,서울특별시 강남구 테헤란로 509,135880,06169,,5,,127.058213271465,37.5077872511218
MA0101202603A0029206,스킨타임스파본사,삼성점,S2,수리·개인,S207,이용·미용,S20702,피부 관리실,S96113,피부 미용업,11,서울특별시,11680,강남구,11680580,삼성1동,1168010500,삼성동,1168010500101540013,1,대지,154,13,서울특별시 강남구 삼성동 154-13,116804166765,서울특별시 강남구 테헤란로87길,25,,1168010500101540013016773,전방빌딩,서울특별시 강남구 테헤란로87길 25,135879,06167,,4,,127.058225876284,37.5094541035786
MA0101202410A0153735,그레이스치과의원,,Q1,보건의료,Q102,의원,Q10210,치과의원,Q86202,치과의원,11,서울특별시,11680,강남구,11680580,삼성1동,1168010500,삼성동,1168010500101540013,1,대지,154,13,서울특별시 강남구 삼성동 154-13,116804166765,서울특별시 강남구 테헤란로87길,25,,1168010500101540013016773,전방빌딩,서울특별시 강남구 테헤란로87길 25,135879,06167,,3,,127.058225876284,37.5094541035786
MA0106202201A0666508,야마하뮤직,코리아,G2,소매,G212,기타 생활용품 소매,G21203,악기 소매업,G47593,악기 소매업,11,서울특별시,11680,강남구,11680580,삼성1동,1168010500,삼성동,1168010500101580009,1,대지,158,9,서울특별시 강남구 삼성동 158-9,116804166765,서울특별시 강남구 테헤란로87길,21,,1168010500101580024016809,,서울특별시 강남구 테헤란로87길 21,135880,06169,,,,127.058248188993,37.5090576505588
MA0101202604A0043924,클리어톤의원,,Q1,보건의료,Q102,의원,Q10201,내과/소아과 의원,Q86201,일반의원,11,서울특별시,11680,강남구,11680580,삼성1동,1168010500,삼성동,1168010500101580009,1,대지,158,9,서울특별시 강남구 삼성동 158-9,116804166765,서울특별시 강남구 테헤란로87길,21,,1168010500101580024016809,실동성빌딩,서울특별시 강남구 테헤란로87길 21,135880,06169,,10,,127.058248188993,37.5090576505588
MA0101202406A0591644,엠디브이아이피,,M1,과학·기술,M107,본사·경영 컨설팅,M10703,경영 컨설팅업,M71531,경영 컨설팅업,11,서울특별시,11680,강남구,11680580,삼성1동,1168010500,삼성동,1168010500101580010,1,대지,158,10,서울특별시 강남구 삼성동 158-10,116804166765,서울특별시 강남구 테헤란로87길,17,,1168010500101580010000001,삼성동마젤란21아스테리움,서울특별시 강남구 테헤란로87길 17,135880,06169,,,,127.058349736429,37.5087422488156
MA0101202410A0880594,더뉴웨이컴퍼니,,G2,소매,G219,식물 소매,G21901,꽃집,G47851,화초 및 식물 소매업,11,서울특별시,11680,강남구,11680580,삼성1동,1168010500,삼성동,1168010500101580010,1,대지,158,10,서울특별시 강남구 삼성동 158-10,116804166765,서울특별시 강남구 테헤란로87길,17,,1168010500101580010000001,마젤란21아스테리움,서울특별시 강남구 테헤란로87길 17,135880,06169,,,,127.058349736429,37.5087422488156
MA0101202409A0252514,연세이롬산부인과의원,,Q1,보건의료,Q102,의원,Q10207,산부인과 의원,Q86201,일반의원,11,서울특별시,11680,강남구,11680580,삼성1동,1168010500,삼성동,1168010500101580010,1,대지,158,10,서울특별시 강남구 삼성동 158-10,116804166765,서울특별시 강남구 테헤란로87길,17,,1168010500101580010000001,마젤란21아스테리움,서울특별시 강남구 테헤란로87길 17,135880,06169,,3,,127.058349736429,37.5087422488156
MA0106202201A0153701,스타럭스상까스&상화교자공항터미널앞점,,I2,음식,I203,일식,I20301,일식 회/초밥,I56122,일식 음식점업,11,서울특별시,11680,강남구,11680580,삼성1동,1168010500,삼성동,1168010500101580010,1,대지,158,10,서울특별시 강남구 삼성동 158-10,116804166765,서울특별시 강남구 테헤란로87길,17,,1168010500101580010000001,,서울특별시 강남구 테헤란로87길 17,135880,06169,,,,127.058349736429,37.5087422488156
MA0106202201A1281623,루케테80,삼성점,R1,예술·스포츠,R103,스포츠 서비스,R10307,헬스장,R91132,체력 단련시설 운영업,11,서울특별시,11680,강남구,11680580,삼성1동,1168010500,삼성동,1168010500101580010,1,대지,158,10,서울특별시 강남구 삼성동 158-10,116804166765,서울특별시 강남구 테헤란로87길,17,,1168010500101580010000001,,서울특별시 강남구 테헤란로87길 17,135880,06169,,,,127.058349736429,37.5087422488156
MA0106202201A0153314,커피빈공항터미널앞점,코리아,I2,음식,I212,비알코올 ,I21201,카페,I56221,커피 전문점,11,서울특별시,11680,강남구,11680580,삼성1동,1168010500,삼성동,1168010500101580010,1,대지,158,10,서울특별시 강남구 삼성동 158-10,116804166765,서울특별시 강남구 테헤란로87길,17,,1168010500101580010000001,,서울특별시 강남구 테헤란로87길 17,135880,06169,,,,127.058349736429,37.5087422488156
MA0101202602A0029211,로웰티그룹,,M1,과학·기술,M107,본사·경영 컨설팅,M10703,경영 컨설팅업,M71531,경영 컨설팅업,11,서울특별시,11680,강남구,11680580,삼성1동,1168010500,삼성동,1168010500101580010,1,대지,158,10,서울특별시 강남구 삼성동 158-10,116804166765,서울특별시 강남구 테헤란로87길,17,,1168010500101580010000001,마젤란21아스테리움,서울특별시 강남구 테헤란로87길 17,135880,06169,,,,127.058349736429,37.5087422488156
MA0101202504A0035501,펜션,,I1,숙박,I101,일반 숙박,I10103,펜션,I55104,민박업,11,서울특별시,11680,강남구,11680580,삼성1동,1168010500,삼성동,1168010500101580010,1,대지,158,10,서울특별시 강남구 삼성동 158-10,116804166765,서울특별시 강남구 테헤란로87길,17,,1168010500101580010000001,마젤란,서울특별시 강남구 테헤란로87길 17,135880,06169,,,,127.058349736429,37.5087422488156
MA0101202601A0021260,오앤에스,,M1,과학·기술,M107,본사·경영 컨설팅,M10703,경영 컨설팅업,M71531,경영 컨설팅업,11,서울특별시,11680,강남구,11680580,삼성1동,1168010500,삼성동,1168010500101580010,1,대지,158,10,서울특별시 강남구 삼성동 158-10,116804166765,서울특별시 강남구 테헤란로87길,17,,1168010500101580010000001,마젤란21아스테리움,서울특별시 강남구 테헤란로87길 17,135880,06169,,,,127.058349736429,37.5087422488156
MA0101202504A0089607,매지컬리빙투데이,,G2,소매,G211,가구 소매,G21101,가구 소매업,G47520,가구 소매업,11,서울특별시,11680,강남구,11680580,삼성1동,1168010500,삼성동,1168010500101580010,1,대지,158,10,서울특별시 강남구 삼성동 158-10,116804166765,서울특별시 강남구 테헤란로87길,17,,1168010500101580010000001,마젤란21아스테리움,서울특별시 강남구 테헤란로87길 17,135880,06169,,,,127.058349736429,37.5087422488156
MA0101202509A0021077,한이,,M1,과학·기술,M107,본사·경영 컨설팅,M10703,경영 컨설팅업,M71531,경영 컨설팅업,11,서울특별시,11680,강남구,11680580,삼성1동,1168010500,삼성동,1168010500101580010,1,대지,158,10,서울특별시 강남구 삼성동 158-10,116804166765,서울특별시 강남구 테헤란로87길,17,,1168010500101580010000001,마젤란21아스테리움,서울특별시 강남구 테헤란로87길 17,135880,06169,,11,,127.058349736429,37.5087422488156
MA0101202510A0002046,제이앤오파트너스,,M1,과학·기술,M107,본사·경영 컨설팅,M10703,경영 컨설팅업,M71531,경영 컨설팅업,11,서울특별시,11680,강남구,11680580,삼성1동,1168010500,삼성동,1168010500101580010,1,대지,158,10,서울특별시 강남구 삼성동 158-10,116804166765,서울특별시 강남구 테헤란로87길,17,,1168010500101580010000001,마젤란21아스테리움,서울특별시 강남구 테헤란로87길 17,135880,06169,,,,127.058349736429,37.5087422488156
MA0101202502A0098289,일품돼지국밥,삼성역점,I2,음식,I201,한식,I20101,백반/한정식,I56111,한식 일반 음식점업,11,서울특별시,11680,강남구,11680580,삼성1동,1168010500,삼성동,1168010500101580010,1,대지,158,10,서울특별시 강남구 삼성동 158-10,116804166765,서울특별시 강남구 테헤란로87길,17,,1168010500101580010000001,마젤란21아스테리움,서울특별시 강남구 테헤란로87길 17,135880,06169,,1,,127.058349736429,37.5087422488156
MA0101202505A0017747,손에손잡고삼성,직영점,I2,음식,I201,한식,I20101,백반/한정식,I56111,한식 일반 음식점업,11,서울특별시,11680,강남구,11680580,삼성1동,1168010500,삼성동,1168010500101580010,1,대지,158,10,서울특별시 강남구 삼성동 158-10,116804166765,서울특별시 강남구 테헤란로87길,17,,1168010500101580010000001,마젤란21아스테리움,서울특별시 강남구 테헤란로87길 17,135880,06169,,1,,127.058349736429,37.5087422488156
MA0101202507A0035835,붓처스피어,삼성점,I2,음식,I204,서양식,I20401,경양식,I56123,서양식 음식점업,11,서울특별시,11680,강남구,11680580,삼성1동,1168010500,삼성동,1168010500101580010,1,대지,158,10,서울특별시 강남구 삼성동 158-10,116804166765,서울특별시 강남구 테헤란로87길,17,,1168010500101580010000001,마젤란21아스테리움,서울특별시 강남구 테헤란로87길 17,135880,06169,,1,,127.058349736429,37.5087422488156
MA0101202504A0108493,아스라이,,N1,시설관리·임대,N102,청소·방제,N10201,건축물 일반 청소업,N74211,건축물 일반 청소업,11,서울특별시,11680,강남구,11680580,삼성1동,1168010500,삼성동,1168010500101580010,1,대지,158,10,서울특별시 강남구 삼성동 158-10,116804166765,서울특별시 강남구 테헤란로87길,17,,1168010500101580010000001,마젤란21아스테리움,서울특별시 강남구 테헤란로87길 17,135880,06169,,,,127.058349736429,37.5087422488156
MA0101202411A0148124,셀레스티얼의원,,Q1,보건의료,Q102,의원,Q10204,피부/비뇨기과 의원,Q86201,일반의원,11,서울특별시,11680,강남구,11680580,삼성1동,1168010500,삼성동,1168010500101580010,1,대지,158,10,서울특별시 강남구 삼성동 158-10,116804166765,서울특별시 강남구 테헤란로87길,17,,1168010500101580010000001,마젤란21아스테리움,서울특별시 강남구 테헤란로87길 17,135880,06169,,,,127.058349736429,37.5087422488156
MA0101202410A0290339,원진한의원,,Q1,보건의료,Q102,의원,Q10211,한의원,Q86203,한의원,11,서울특별시,11680,강남구,11680580,삼성1동,1168010500,삼성동,1168010500101580010,1,대지,158,10,서울특별시 강남구 삼성동 158-10,116804166765,서울특별시 강남구 테헤란로87길,17,,1168010500101580010000001,마젤란,서울특별시 강남구 테헤란로87길 17,135880,06169,,,,127.058349736429,37.5087422488156
MA0101202502A0103204,동어동락,삼성2호점,I2,음식,I201,한식,I20101,백반/한정식,I56111,한식 일반 음식점업,11,서울특별시,11680,강남구,11680580,삼성1동,1168010500,삼성동,1168010500101580014,1,대지,158,14,서울특별시 강남구 삼성동 158-14,116804166434,서울특별시 강남구 삼성로92길,27,,1168010500101580014016861,,서울특별시 강남구 삼성로92길 27,135880,06169,,1,,127.058530419429,37.5083817575473
MA0101202410A0069710,성모마취통증의학과의원,,Q1,보건의료,Q102,의원,Q10209,기타 의원,Q86201,일반의원,11,서울특별시,11680,강남구,11680580,삼성1동,1168010500,삼성동,1168010500101580012,1,대지,158,12,서울특별시 강남구 삼성동 158-12,116804166765,서울특별시 강남구 테헤란로87길,13,,1168010500101580012026485,서영빌딩,서울특별시 강남구 테헤란로87길 13,135880,06169,,6,,127.05859847796,37.5086340051211
MA0101202410A0290384,아림치과병원,,Q1,보건의료,Q101,병원,Q10103,치과병원,Q86103,치과병원,11,서울특별시,11680,강남구,11680580,삼성1동,1168010500,삼성동,1168010500101580012,1,대지,158,12,서울특별시 강남구 삼성동 158-12,116804166765,서울특별시 강남구 테헤란로87길,13,,1168010500101580012026485,삼성동서영빌딩,서울특별시 강남구 테헤란로87길 13,135880,06169,,15,,127.05859847796,37.5086340051211
MA0101202410A0069709,성모정신건강의학과의원,,Q1,보건의료,Q102,의원,Q10203,신경/정신과 의원,Q86201,일반의원,11,서울특별시,11680,강남구,11680580,삼성1동,1168010500,삼성동,1168010500101580012,1,대지,158,12,서울특별시 강남구 삼성동 158-12,116804166765,서울특별시 강남구 테헤란로87길,13,,1168010500101580012026485,서영빌딩,서울특별시 강남구 테헤란로87길 13,135880,06169,,6,,127.05859847796,37.5086340051211
MA0101202410A1007151,서울생생정형외과,,Q1,보건의료,Q102,의원,Q10202,외과 의원,Q86201,일반의원,11,서울특별시,11680,강남구,11680580,삼성1동,1168010500,삼성동,1168010500101580012,1,대지,158,12,서울특별시 강남구 삼성동 158-12,116804166765,서울특별시 강남구 테헤란로87길,13,,1168010500101580012026485,서영빌딩,서울특별시 강남구 테헤란로87길 13,135880,06169,,11,,127.05859847796,37.5086340051211
MA0101202409A0000103,오운의원,삼성점,Q1,보건의료,Q102,의원,Q10204,피부/비뇨기과 의원,Q86201,일반의원,11,서울특별시,11680,강남구,11680580,삼성1동,1168010500,삼성동,1168010500101590009,1,대지,159,9,서울특별시 강남구 삼성동 159-9,116804166765,서울특별시 강남구 테헤란로87길,36,,1168010500101590009016088,도심공항타워,서울특별시 강남구 테헤란로87길 36,135973,06164,,,,127.058599731696,37.5102377926157
MA0106202301A2417913,록시땅,코리아,G2,소매,G215,의약·화장품 소매,G21503,화장품 소매업,G47813,"화장품, 비누 및 방향제 소매업",11,서울특별시,11680,강남구,11680580,삼성1동,1168010500,삼성동,1168010500101590000,1,대지,159,,서울특별시 강남구 삼성동 159,116804166765,서울특별시 강남구 테헤란로87길,36,,1168010500101590009016088,,서울특별시 강남구 테헤란로87길 36,135798,06164,,,,127.058599731696,37.5102377926157
MA0106202201A0153629,커피빈코리아도심공항,타워점,I2,음식,I212,비알코올 ,I21201,카페,I56221,커피 전문점,11,서울특별시,11680,강남구,11680580,삼성1동,1168010500,삼성동,1168010500101590000,1,대지,159,,서울특별시 강남구 삼성동 159,116804166765,서울특별시 강남구 테헤란로87길,36,,1168010500101590009016088,,서울특별시 강남구 테헤란로87길 36,135798,06164,,,,127.058599731696,37.5102377926157
MA0101202507A0037352,비앤피서비스,,I2,음식,I201,한식,I20101,백반/한정식,I56111,한식 일반 음식점업,11,서울특별시,11680,강남구,11680580,삼성1동,1168010500,삼성동,1168010500101590009,1,대지,159,9,서울특별시 강남구 삼성동 159-9,116804166765,서울특별시 강남구 테헤란로87길,36,,1168010500101590009016088,도심공항타워,서울특별시 강남구 테헤란로87길 36,135973,06164,,,,127.058599731696,37.5102377926157
MA0101202411A0171214,에이치디에스푸드,,I2,음식,I203,일식,I20301,일식 회/초밥,I56122,일식 음식점업,11,서울특별시,11680,강남구,11680580,삼성1동,1168010500,삼성동,1168010500101590009,1,대지,159,9,서울특별시 강남구 삼성동 159-9,116804166765,서울특별시 강남구 테헤란로87길,36,,1168010500101590009016088,도심공항타워,서울특별시 강남구 테헤란로87길 36,135973,06164,,B1,,127.058599731696,37.5102377926157
MA0101202410A0277028,건강한세상앞선치과병원,,Q1,보건의료,Q101,병원,Q10103,치과병원,Q86103,치과병원,11,서울특별시,11680,강남구,11680580,삼성1동,1168010500,삼성동,1168010500101590009,1,대지,159,9,서울특별시 강남구 삼성동 159-9,116804166765,서울특별시 강남구 테헤란로87길,36,,1168010500101590009016088,도심공항타워,서울특별시 강남구 테헤란로87길 36,135973,06164,,3,,127.058599731696,37.5102377926157
MA0101202409A0038163,갓텐코리아갓텐스시스타필드,코엑스몰점,I2,음식,I203,일식,I20301,일식 회/초밥,I56122,일식 음식점업,11,서울특별시,11680,강남구,11680580,삼성1동,1168010500,삼성동,1168010500101590009,1,대지,159,9,서울특별시 강남구 삼성동 159-9,116804166765,서울특별시 강남구 테헤란로87길,36,,1168010500101590009016088,도심공항타워,서울특별시 강남구 테헤란로87길 36,135973,06164,,1,,127.058599731696,37.5102377926157
MA0101202409A0102148,준오헤어,,S2,수리·개인,S207,이용·미용,S20701,미용실,S96112,두발 미용업,11,서울특별시,11680,강남구,11680580,삼성1동,1168010500,삼성동,1168010500101590009,1,대지,159,9,서울특별시 강남구 삼성동 159-9,116804166765,서울특별시 강남구 테헤란로87길,36,,1168010500101590009016088,도심공항타워,서울특별시 강남구 테헤란로87길 36,135973,06164,,2,,127.058599731696,37.5102377926157
MA0101202409A0172840,코엑스전주비빔밥,,I2,음식,I201,한식,I20101,백반/한정식,I56111,한식 일반 음식점업,11,서울특별시,11680,강남구,11680580,삼성1동,1168010500,삼성동,1168010500101590009,1,대지,159,9,서울특별시 강남구 삼성동 159-9,116804166765,서울특별시 강남구 테헤란로87길,36,,1168010500101590009016088,도심공항타워,서울특별시 강남구 테헤란로87길 36,135973,06164,,1,,127.058599731696,37.5102377926157
MA0101202409A0112885,치바오스타필드코엑스몰,,I2,음식,I202,중식,I20201,중국집,I56121,중식 음식점업,11,서울특별시,11680,강남구,11680580,삼성1동,1168010500,삼성동,1168010500101590009,1,대지,159,9,서울특별시 강남구 삼성동 159-9,116804166765,서울특별시 강남구 테헤란로87길,36,,1168010500101590009016088,도심공항타워,서울특별시 강남구 테헤란로87길 36,135973,06164,,B1,,127.058599731696,37.5102377926157
MA0101202409A0112647,북창동순두부,,I2,음식,I201,한식,I20101,백반/한정식,I56111,한식 일반 음식점업,11,서울특별시,11680,강남구,11680580,삼성1동,1168010500,삼성동,1168010500101590009,1,대지,159,9,서울특별시 강남구 삼성동 159-9,116804166765,서울특별시 강남구 테헤란로87길,36,,1168010500101590009016088,도심공항타워,서울특별시 강남구 테헤란로87길 36,135973,06164,,1,,127.058599731696,37.5102377926157
MA0101202604A0009883,진심8분찌개,,I2,음식,I201,한식,I20101,백반/한정식,I56111,한식 일반 음식점업,11,서울특별시,11680,강남구,11680580,삼성1동,1168010500,삼성동,1168010500101580020,1,대지,158,20,서울특별시 강남구 삼성동 158-20,116803122010,서울특별시 강남구 테헤란로,511,,1168010500101580020000001,PARKTE,서울특별시 강남구 테헤란로 511,135880,06169,,1,,127.058609252843,37.5079492361769
MA0101202510A0006312,아이닐스튜디오,,M1,과학·기술,M113,사진 촬영,M11301,사진촬영업,M73302,상업용 사진 촬영업,11,서울특별시,11680,강남구,11680580,삼성1동,1168010500,삼성동,1168010500101580020,1,대지,158,20,서울특별시 강남구 삼성동 158-20,116803122010,서울특별시 강남구 테헤란로,511,,1168010500101580020000001,PARKTE,서울특별시 강남구 테헤란로 511,135880,06169,,,,127.058609252843,37.5079492361769
MA0101202411A0034719,후토루,삼성점,I2,음식,I210,기타 간이,I21007,김밥/만두/분식,I56111,한식 일반 음식점업,11,서울특별시,11680,강남구,11680580,삼성1동,1168010500,삼성동,1168010500101580020,1,대지,158,20,서울특별시 강남구 삼성동 158-20,116803122010,서울특별시 강남구 테헤란로,511,,1168010500101580020000001,우측호PARKTE,서울특별시 강남구 테헤란로 511,135880,06169,,1,,127.058609252843,37.5079492361769
MA0101202409A0081193,삼성케이약국,,G2,소매,G215,의약·화장품 소매,G21501,약국,G47811,의약품 및 의료용품 소매업,11,서울특별시,11680,강남구,11680580,삼성1동,1168010500,삼성동,1168010500101580020,1,대지,158,20,서울특별시 강남구 삼성동 158-20,116803122010,서울특별시 강남구 테헤란로,511,,1168010500101580020000001,PARKTE,서울특별시 강남구 테헤란로 511,135880,06169,,1,,127.058609252843,37.5079492361769
MA0101202602A0001546,글램포지지점,,M1,과학·기술,M112,전문 디자인,M11203,시각 디자인업,M73203,시각 디자인업,11,서울특별시,11680,강남구,11680580,삼성1동,1168010500,삼성동,1168010500101580021,1,대지,158,21,서울특별시 강남구 삼성동 158-21,116804166434,서울특별시 강남구 삼성로92길,28,,1168010500101580021000002,,서울특별시 강남구 삼성로92길 28,135880,06169,,9,,127.058609365552,37.5080933968852
MA0101202511A0006442,스파드블랑,삼성점,S2,수리·개인,S207,이용·미용,S20702,피부 관리실,S96113,피부 미용업,11,서울특별시,11680,강남구,11680580,삼성1동,1168010500,삼성동,1168010500101580021,1,대지,158,21,서울특별시 강남구 삼성동 158-21,116804166434,서울특별시 강남구 삼성로92길,28,,1168010500101580021000002,,서울특별시 강남구 삼성로92길 28,135880,06169,,2,,127.058609365552,37.5080933968852
MA0101202602A0032175,르블랑제이,,M1,과학·기술,M107,본사·경영 컨설팅,M10703,경영 컨설팅업,M71531,경영 컨설팅업,11,서울특별시,11680,강남구,11680580,삼성1동,1168010500,삼성동,1168010500101580021,1,대지,158,21,서울특별시 강남구 삼성동 158-21,116804166434,서울특별시 강남구 삼성로92길,28,,1168010500101580021000002,,서울특별시 강남구 삼성로92길 28,135880,06169,,6,,127.058609365552,37.5080933968852
MA0106202201A0153644,커피빈삼성루첸,타워점,I2,음식,I212,비알코올 ,I21201,카페,I56221,커피 전문점,11,서울특별시,11680,강남구,11680610,대치2동,1168010600,대치동,1168010600109430000,1,대지,943,,서울특별시 강남구 대치동 943,116803122010,서울특별시 강남구 테헤란로,510,,1168010600109430000000001,,서울특별시 강남구 테헤란로 510,135845,06179,,,,127.058653753258,37.5070031589866
MA0106202510A1726048,샐러링,삼성역점,I2,음식,I201,한식,I20101,백반/한정식,I56111,한식 일반 음식점업,11,서울특별시,11680,강남구,11680610,대치2동,1168010600,대치동,1168010600109430008,1,대지,943,8,서울특별시 강남구 대치동 943-8,116804166763,서울특별시 강남구 테헤란로84길,9,,1168010600109430008012156,,서울특별시 강남구 테헤란로84길 9,135845,06179,,,,127.05866475304,37.506606711341
MA0101202502A0111862,엠제이뷰티,,G2,소매,G215,의약·화장품 소매,G21503,화장품 소매업,G47813,"화장품, 비누 및 방향제 소매업",11,서울특별시,11680,강남구,11680610,대치2동,1168010600,대치동,1168010600109430008,1,대지,943,8,서울특별시 강남구 대치동 943-8,116804166763,서울특별시 강남구 테헤란로84길,9,,1168010600109430008012156,,서울특별시 강남구 테헤란로84길 9,135845,06179,,3,,127.05866475304,37.506606711341
MA0106202408A2000677,현대그린푸드현대오토에버,,G2,소매,G221,기타 상품 소매,G22199,그 외 기타 상품 전문 소매업,G47859,그 외 기타 분류 안된 상품 전문 소매업,11,서울특별시,11680,강남구,11680610,대치2동,1168010600,대치동,1168010600109430000,1,대지,943,,서울특별시 강남구 대치동 943,116803122010,서울특별시 강남구 테헤란로,510,,1168010600109430000000001,,서울특별시 강남구 테헤란로 510,135845,06179,,,,127.058665063271,37.5070031533702
MA0101202506A0027560,디씨티랜드,,N1,시설관리·임대,N101,시설관리,N10101,사업시설 유지·관리 서비스업,N74100,사업시설 유지ㆍ관리 서비스업,11,서울특별시,11680,강남구,11680610,대치2동,1168010600,대치동,1168010600109430000,1,대지,943,,서울특별시 강남구 대치동 943,116803122010,서울특별시 강남구 테헤란로,510,,1168010600109430000000001,루첸타워,서울특별시 강남구 테헤란로 510,135845,06179,,,,127.058665063271,37.5070031533702
MA0101202501A0019221,블랙샌드스톤,,M1,과학·기술,M107,본사·경영 컨설팅,M10703,경영 컨설팅업,M71531,경영 컨설팅업,11,서울특별시,11680,강남구,11680580,삼성1동,1168010500,삼성동,1168010500101580020,1,대지,158,20,서울특별시 강남구 삼성동 158-20,116803122010,서울특별시 강남구 테헤란로,511,,1168010500101580020000001,PARKTE,서울특별시 강남구 테헤란로 511,135880,06169,,17,,127.058699684699,37.5078861209376
MA0101202505A0025841,삼성밴스의원,,Q1,보건의료,Q102,의원,Q10204,피부/비뇨기과 의원,Q86201,일반의원,11,서울특별시,11680,강남구,11680580,삼성1동,1168010500,삼성동,1168010500101580020,1,대지,158,20,서울특별시 강남구 삼성동 158-20,116803122010,서울특별시 강남구 테헤란로,511,,1168010500101580020000001,PARKTE,서울특별시 강남구 테헤란로 511,135880,06169,,2,,127.058699684699,37.5078861209376
MA0106202306A1362014,스트레인져,,G2,소매,G209,섬유·의복·신발 소매,G20905,기타 의류 소매업,G47419,기타 의복 소매업,11,서울특별시,11680,강남구,11680610,대치2동,1168010600,대치동,1168010600109430011,1,대지,943,11,서울특별시 강남구 대치동 943-11,116804166763,서울특별시 강남구 테헤란로84길,11,,1168010600109430011012164,,서울특별시 강남구 테헤란로84길 11,135845,06179,,,,127.05875512674,37.5064715156738
MA0101202508A0035523,법률사무소류,,M1,과학·기술,M103,법무관련 ,M10301,변호사,M71101,변호사업,11,서울특별시,11680,강남구,11680610,대치2동,1168010600,대치동,1168010600109430011,1,대지,943,11,서울특별시 강남구 대치동 943-11,116804166763,서울특별시 강남구 테헤란로84길,11,,1168010600109430011012164,일부,서울특별시 강남구 테헤란로84길 11,135845,06179,,6,,127.05875512674,37.5064715156738
MA0101202601A0044677,엑시스프로퍼티,,M1,과학·기술,M107,본사·경영 컨설팅,M10703,경영 컨설팅업,M71531,경영 컨설팅업,11,서울특별시,11680,강남구,11680610,대치2동,1168010600,대치동,1168010600109430011,1,대지,943,11,서울특별시 강남구 대치동 943-11,116804166763,서울특별시 강남구 테헤란로84길,11,,1168010600109430011012164,,서울특별시 강남구 테헤란로84길 11,135845,06179,,13,,127.05875512674,37.5064715156738
MA0101202506A0007139,법률사무소신임,,M1,과학·기술,M103,법무관련 ,M10301,변호사,M71101,변호사업,11,서울특별시,11680,강남구,11680610,대치2동,1168010600,대치동,1168010600109430011,1,대지,943,11,서울특별시 강남구 대치동 943-11,116804166763,서울특별시 강남구 테헤란로84길,11,,1168010600109430011012164,엘타워,서울특별시 강남구 테헤란로84길 11,135845,06179,,8,,127.05875512674,37.5064715156738
MA0101202411A0183134,제이에스에쿼티파트너스,,M1,과학·기술,M107,본사·경영 컨설팅,M10703,경영 컨설팅업,M71531,경영 컨설팅업,11,서울특별시,11680,강남구,11680610,대치2동,1168010600,대치동,1168010600109430011,1,대지,943,11,서울특별시 강남구 대치동 943-11,116804166763,서울특별시 강남구 테헤란로84길,11,,1168010600109430011012164,엘타워,서울특별시 강남구 테헤란로84길 11,135845,06179,,4,,127.05875512674,37.5064715156738
MA0101202604A0000204,골반이답이다필라테스,,P1,교육,P106,기타 교육,P10603,요가/필라테스 학원,R91139,그 외 기타 스포츠시설 운영업,11,서울특별시,11680,강남구,11680580,삼성1동,1168010500,삼성동,1168010500101580015,1,대지,158,15,서울특별시 강남구 삼성동 158-15,116804166434,서울특별시 강남구 삼성로92길,29,,1168010500101580015000001,도일빌딩,서울특별시 강남구 삼성로92길 29,135880,06169,,7,,127.058779194827,37.508318563686
MA0101202512A0030268,써니유,코리아,N1,시설관리·임대,N105,여행사·보조,N10599,기타 여행 보조/예약 서비스업,N75290,기타 여행 보조 및 예약 서비스업,11,서울특별시,11680,강남구,11680580,삼성1동,1168010500,삼성동,1168010500101580023,1,대지,158,23,서울특별시 강남구 삼성동 158-23,116803122010,서울특별시 강남구 테헤란로,513,,1168010500101580023000001,삼성동,서울특별시 강남구 테헤란로 513,135880,06169,,15,,127.05889206335,37.5080211758996
MA0106202605A0764427,커스텀커피,포스코점,I2,음식,I212,비알코올 ,I21201,카페,I56221,커피 전문점,11,서울특별시,11680,강남구,11680610,대치2동,1168010600,대치동,1168010600109430016,1,대지,943,16,서울특별시 강남구 대치동 943-16,116804166763,서울특별시 강남구 테헤란로84길,17,,1168010600109430016012194,,서울특별시 강남구 테헤란로84길 17,135845,06179,,,,127.058947090956,37.506083987868
MA0101202502A0101819,신차이홍,,I2,음식,I202,중식,I20201,중국집,I56121,중식 음식점업,11,서울특별시,11680,강남구,11680610,대치2동,1168010600,대치동,1168010600109430010,1,대지,943,10,서울특별시 강남구 대치동 943-10,116804166764,서울특별시 강남구 테헤란로86길,12,,1168010600109430010000001,,서울특별시 강남구 테헤란로86길 12,135845,06179,,,,127.059049255948,37.5065614695097
MA0101202603A0029671,하루,,I2,음식,I211,주점,I21103,생맥주 전문,I56213,생맥주 전문점,11,서울특별시,11680,강남구,11680610,대치2동,1168010600,대치동,1168010600109430013,1,대지,943,13,서울특별시 강남구 대치동 943-13,116804166764,서울특별시 강남구 테헤란로86길,14,,1168010600109430013000002,,서울특별시 강남구 테헤란로86길 14,135845,06179,,1,,127.059117023258,37.5064443049636
MA0106202307A0704076,학산코엑스지점,,G2,소매,G204,종합 소매,G20404,슈퍼마켓,G47129,기타 음ㆍ식료품 위주 종합 소매업,11,서울특별시,11680,강남구,11680580,삼성1동,1168010500,삼성동,1168010500101590000,1,대지,159,,서울특별시 강남구 삼성동 159,116802122002,서울특별시 강남구 영동대로,513,,1168010500101590009016086,,서울특별시 강남구 영동대로 513,135798,06164,,,,127.059155204804,37.5118322933754
MA0106202312A1134616,빅바이트컴퍼니쉐이크쉑코엑스,,I2,음식,I210,기타 간이,I21003,피자,I56192,"피자, 햄버거, 샌드위치 및 유사 음식점업",11,서울특별시,11680,강남구,11680580,삼성1동,1168010500,삼성동,1168010500101590000,1,대지,159,,서울특별시 강남구 삼성동 159,116802122002,서울특별시 강남구 영동대로,513,,1168010500101590009016086,,서울특별시 강남구 영동대로 513,135798,06164,,,,127.059155204804,37.5118322933754
MA0106202304A0036891,앤하우스메가MGC커피,,I2,음식,I212,비알코올 ,I21201,카페,I56221,커피 전문점,11,서울특별시,11680,강남구,11680580,삼성1동,1168010500,삼성동,1168010500101590000,1,대지,159,,서울특별시 강남구 삼성동 159,116802122002,서울특별시 강남구 영동대로,513,,1168010500101590009016086,,서울특별시 강남구 영동대로 513,135798,06164,,,,127.059155204804,37.5118322933754
MA0106202301A2416299,스타벅스,스타필드코엑스몰R,I2,음식,I212,비알코올 ,I21201,카페,I56221,커피 전문점,11,서울특별시,11680,강남구,11680580,삼성1동,1168010500,삼성동,1168010500101590000,1,대지,159,,서울특별시 강남구 삼성동 159,116802122002,서울특별시 강남구 영동대로,513,,1168010500101590009016086,,서울특별시 강남구 영동대로 513,135798,06164,,,,127.059155204804,37.5118322933754
MA0106202303A0045814,반다이남코코엑스직영점,코리아,G2,소매,G213,오락용품 소매,G21306,장난감 소매업,G47640,"게임용구, 인형 및 장난감 소매업",11,서울특별시,11680,강남구,11680580,삼성1동,1168010500,삼성동,1168010500101590000,1,대지,159,,서울특별시 강남구 삼성동 159,116802122002,서울특별시 강남구 영동대로,513,,1168010500101590009016086,,서울특별시 강남구 영동대로 513,135798,06164,,,,127.059155204804,37.5118322933754
MA0106202207A0381667,서울랜드캘리포니아피자키친,코엑스몰점,I2,음식,I210,기타 간이,I21003,피자,I56111,한식 일반 음식점업,11,서울특별시,11680,강남구,11680580,삼성1동,1168010500,삼성동,1168010500101590000,1,대지,159,,서울특별시 강남구 삼성동 159,116802122002,서울특별시 강남구 영동대로,513,,1168010500101590009016086,,서울특별시 강남구 영동대로 513,135798,06164,,,,127.059155204804,37.5118322933754
MA0106202201A0152125,인디에프,,G2,소매,G213,오락용품 소매,G21304,운동용품 소매업,G47631,운동 및 경기용품 소매업,11,서울특별시,11680,강남구,11680580,삼성1동,1168010500,삼성동,1168010500101590000,1,대지,159,,서울특별시 강남구 삼성동 159,116802122002,서울특별시 강남구 영동대로,513,,1168010500101590009016086,,서울특별시 강남구 영동대로 513,135798,06164,,,,127.059155204804,37.5118322933754
MA0106202201A0027093,신세계프라퍼티코엑스몰,,G2,소매,G209,섬유·의복·신발 소매,G20905,기타 의류 소매업,G47419,기타 의복 소매업,11,서울특별시,11680,강남구,11680580,삼성1동,1168010500,삼성동,1168010500101590000,1,대지,159,,서울특별시 강남구 삼성동 159,116802122002,서울특별시 강남구 영동대로,513,,1168010500101590009016086,,서울특별시 강남구 영동대로 513,135798,06164,,,,127.059155204804,37.5118322933754
MA0106202201A0522205,원더플레이스코엑스,,G2,소매,G209,섬유·의복·신발 소매,G20905,기타 의류 소매업,G47419,기타 의복 소매업,11,서울특별시,11680,강남구,11680580,삼성1동,1168010500,삼성동,1168010500101590000,1,대지,159,,서울특별시 강남구 삼성동 159,116802122002,서울특별시 강남구 영동대로,513,,1168010500101590009016086,,서울특별시 강남구 영동대로 513,135798,06164,,,,127.059155204804,37.5118322933754
MA0106202209A0602917,폴바셋,코엑스몰점,I2,음식,I212,비알코올 ,I21201,카페,I56221,커피 전문점,11,서울특별시,11680,강남구,11680580,삼성1동,1168010500,삼성동,1168010500101590000,1,대지,159,,서울특별시 강남구 삼성동 159,116802122002,서울특별시 강남구 영동대로,513,,1168010500101590009016086,,서울특별시 강남구 영동대로 513,135798,06164,,,,127.059155204804,37.5118322933754
MA0106202201A0088657,쿠캣마켓,,I2,음식,I201,한식,I20101,백반/한정식,I56111,한식 일반 음식점업,11,서울특별시,11680,강남구,11680580,삼성1동,1168010500,삼성동,1168010500101590000,1,대지,159,,서울특별시 강남구 삼성동 159,116802122002,서울특별시 강남구 영동대로,513,,1168010500101590009016086,,서울특별시 강남구 영동대로 513,135798,06164,,,,127.059155204804,37.5118322933754
MA0106202201A0955190,씨제이푸드빌,,I2,음식,I201,한식,I20101,백반/한정식,I56111,한식 일반 음식점업,11,서울특별시,11680,강남구,11680580,삼성1동,1168010500,삼성동,1168010500101590000,1,대지,159,,서울특별시 강남구 삼성동 159,116802122002,서울특별시 강남구 영동대로,513,,1168010500101590009016086,,서울특별시 강남구 영동대로 513,135798,06164,,,,127.059155204804,37.5118322933754
MA0106202201A2107553,주시브로스힘난다,코엑스점,I2,음식,I201,한식,I20101,백반/한정식,I56111,한식 일반 음식점업,11,서울특별시,11680,강남구,11680580,삼성1동,1168010500,삼성동,1168010500101590000,1,대지,159,,서울특별시 강남구 삼성동 159,116802122002,서울특별시 강남구 영동대로,513,,1168010500101590009016086,,서울특별시 강남구 영동대로 513,135798,06164,,,,127.059155204804,37.5118322933754
MA0106202201A0047339,웍스아웃,삼성동,G2,소매,G209,섬유·의복·신발 소매,G20905,기타 의류 소매업,G47419,기타 의복 소매업,11,서울특별시,11680,강남구,11680580,삼성1동,1168010500,삼성동,1168010500101590000,1,대지,159,,서울특별시 강남구 삼성동 159,116802122002,서울특별시 강남구 영동대로,513,,1168010500101590009016086,,서울특별시 강남구 영동대로 513,135798,06164,,,,127.059155204804,37.5118322933754
MA0106202201A0152383,링코제일링코,코엑스점,G2,소매,G213,오락용품 소매,G21302,문구/회화용품 소매업,G47612,문구용품 및 회화용품 소매업,11,서울특별시,11680,강남구,11680580,삼성1동,1168010500,삼성동,1168010500101590000,1,대지,159,,서울특별시 강남구 삼성동 159,116802122002,서울특별시 강남구 영동대로,513,,1168010500101590009016086,,서울특별시 강남구 영동대로 513,135798,06164,,,,127.059155204804,37.5118322933754
MA0106202201A0046225,롯데리아크리스피크림,코엑스몰점,I2,음식,I210,기타 간이,I21001,빵/도넛,I56191,제과점업,11,서울특별시,11680,강남구,11680580,삼성1동,1168010500,삼성동,1168010500101590000,1,대지,159,,서울특별시 강남구 삼성동 159,116802122002,서울특별시 강남구 영동대로,513,,1168010500101590009016086,,서울특별시 강남구 영동대로 513,135798,06164,,,,127.059155204804,37.5118322933754
MA0106202201A0521670,KFC코엑스MALL,,I2,음식,I201,한식,I20101,백반/한정식,I56111,한식 일반 음식점업,11,서울특별시,11680,강남구,11680580,삼성1동,1168010500,삼성동,1168010500101590000,1,대지,159,,서울특별시 강남구 삼성동 159,116802122002,서울특별시 강남구 영동대로,513,,1168010500101590009016086,,서울특별시 강남구 영동대로 513,135798,06164,,,,127.059155204804,37.5118322933754
MA0101202512A0006913,고메드갤러리아코엑스연회,,I2,음식,I201,한식,I20101,백반/한정식,I56111,한식 일반 음식점업,11,서울특별시,11680,강남구,11680580,삼성1동,1168010500,삼성동,1168010500101590000,1,대지,159,,서울특별시 강남구 삼성동 159,116802122002,서울특별시 강남구 영동대로,513,,1168010500101590009016086,코엑스,서울특별시 강남구 영동대로 513,135525,06164,,2,,127.059155204804,37.5118322933754
MA0106202201A0521353,신세계시코르,코엑스점,G2,소매,G215,의약·화장품 소매,G21503,화장품 소매업,G47813,"화장품, 비누 및 방향제 소매업",11,서울특별시,11680,강남구,11680580,삼성1동,1168010500,삼성동,1168010500101590000,1,대지,159,,서울특별시 강남구 삼성동 159,116802122002,서울특별시 강남구 영동대로,513,,1168010500101590009016086,,서울특별시 강남구 영동대로 513,135798,06164,,,,127.059155204804,37.5118322933754
MA0101202512A0027804,고메드갤러리아코엑스캐터링,,I2,음식,I201,한식,I20101,백반/한정식,I56111,한식 일반 음식점업,11,서울특별시,11680,강남구,11680580,삼성1동,1168010500,삼성동,1168010500101590000,1,대지,159,,서울특별시 강남구 삼성동 159,116802122002,서울특별시 강남구 영동대로,513,,1168010500101590009016086,코엑스,서울특별시 강남구 영동대로 513,135525,06164,,1,,127.059155204804,37.5118322933754
MA0101202509A0013030,빠우스타필드,코엑스점,I2,음식,I210,기타 간이,I21001,빵/도넛,I56191,제과점업,11,서울특별시,11680,강남구,11680580,삼성1동,1168010500,삼성동,1168010500101590000,1,대지,159,,서울특별시 강남구 삼성동 159,116802122002,서울특별시 강남구 영동대로,513,,1168010500101590009016086,코엑스,서울특별시 강남구 영동대로 513,135525,06164,,B1,,127.059155204804,37.5118322933754
MA0106202603A0027754,에프알코리아,코엑스점,G2,소매,G209,섬유·의복·신발 소매,G20905,기타 의류 소매업,G47419,기타 의복 소매업,11,서울특별시,11680,강남구,11680580,삼성1동,1168010500,삼성동,1168010500101590000,1,대지,159,,서울특별시 강남구 삼성동 159,116802122002,서울특별시 강남구 영동대로,513,,1168010500101590009016086,,서울특별시 강남구 영동대로 513,135798,06164,,,,127.059155204804,37.5118322933754
MA0101202512A0017659,난포코엑스,,I2,음식,I201,한식,I20101,백반/한정식,I56111,한식 일반 음식점업,11,서울특별시,11680,강남구,11680580,삼성1동,1168010500,삼성동,1168010500101590000,1,대지,159,,서울특별시 강남구 삼성동 159,116802122002,서울특별시 강남구 영동대로,513,,1168010500101590009016086,스타필드코엑스몰,서울특별시 강남구 영동대로 513,135525,06164,,1,,127.059155204804,37.5118322933754
MA0101202604A0028304,크림라벨,,I2,음식,I210,기타 간이,I21001,빵/도넛,I56191,제과점업,11,서울특별시,11680,강남구,11680580,삼성1동,1168010500,삼성동,1168010500101590000,1,대지,159,,서울특별시 강남구 삼성동 159,116802122002,서울특별시 강남구 영동대로,513,,1168010500101590009016086,코엑스,서울특별시 강남구 영동대로 513,135525,06164,,1,,127.059155204804,37.5118322933754
MA0101202504A0018903,더타코부스엔와이씨,코엑스점,I2,음식,I204,서양식,I20499,기타 서양식 음식점,I56123,서양식 음식점업,11,서울특별시,11680,강남구,11680580,삼성1동,1168010500,삼성동,1168010500101590000,1,대지,159,,서울특별시 강남구 삼성동 159,116802122002,서울특별시 강남구 영동대로,513,,1168010500101590009016086,코엑스,서울특별시 강남구 영동대로 513,135525,06164,,1,,127.059155204804,37.5118322933754
MA0101202509A0010967,이랜드리테일스타필드코엑스,,G2,소매,G209,섬유·의복·신발 소매,G20905,기타 의류 소매업,G47414,셔츠 및 블라우스 소매업,11,서울특별시,11680,강남구,11680580,삼성1동,1168010500,삼성동,1168010500101590000,1,대지,159,,서울특별시 강남구 삼성동 159,116802122002,서울특별시 강남구 영동대로,513,,1168010500101590009016086,코엑스,서울특별시 강남구 영동대로 513,135525,06164,,B1,,127.059155204804,37.5118322933754
MA0106202602A0568974,에스제이그룹,,I2,음식,I201,한식,I20101,백반/한정식,I56111,한식 일반 음식점업,11,서울특별시,11680,강남구,11680580,삼성1동,1168010500,삼성동,1168010500101590000,1,대지,159,,서울특별시 강남구 삼성동 159,116802122002,서울특별시 강남구 영동대로,513,,1168010500101590009016086,,서울특별시 강남구 영동대로 513,135798,06164,,,,127.059155204804,37.5118322933754
MA0101202601A0024491,디스이즈네버댓코엑스,,G2,소매,G209,섬유·의복·신발 소매,G20905,기타 의류 소매업,G47414,셔츠 및 블라우스 소매업,11,서울특별시,11680,강남구,11680580,삼성1동,1168010500,삼성동,1168010500101590000,1,대지,159,,서울특별시 강남구 삼성동 159,116802122002,서울특별시 강남구 영동대로,513,,1168010500101590009016086,코엑스,서울특별시 강남구 영동대로 513,135525,06164,,B1,,127.059155204804,37.5118322933754
MA0101202507A0031600,애니바디,,G2,소매,G209,섬유·의복·신발 소매,G20905,기타 의류 소매업,G47413,속옷 및 잠옷 소매업,11,서울특별시,11680,강남구,11680580,삼성1동,1168010500,삼성동,1168010500101590000,1,대지,159,,서울특별시 강남구 삼성동 159,116802122002,서울특별시 강남구 영동대로,513,,1168010500101590009016086,,서울특별시 강남구 영동대로 513,135798,06164,,1,,127.059155204804,37.5118322933754
MA0101202411A0185207,차호방바이리북방,,I2,음식,I201,한식,I20101,백반/한정식,I56111,한식 일반 음식점업,11,서울특별시,11680,강남구,11680580,삼성1동,1168010500,삼성동,1168010500101590000,1,대지,159,,서울특별시 강남구 삼성동 159,116802122002,서울특별시 강남구 영동대로,513,,1168010500101590009016086,비1층비,서울특별시 강남구 영동대로 513,135525,06164,,,,127.059155204804,37.5118322933754
MA0101202505A0084531,제1법인,,G2,소매,G206,음료 소매,G20602,주류 소매업,G47221,음료 소매업,11,서울특별시,11680,강남구,11680580,삼성1동,1168010500,삼성동,1168010500101590000,1,대지,159,,서울특별시 강남구 삼성동 159,116802122002,서울특별시 강남구 영동대로,513,,1168010500101590009016086,,서울특별시 강남구 영동대로 513,135798,06164,,,,127.059155204804,37.5118322933754
MA0101202509A0018841,케이푸드코엑스제주오전복,코리아,I2,음식,I201,한식,I20112,해산물 구이/찜,I56111,한식 일반 음식점업,11,서울특별시,11680,강남구,11680580,삼성1동,1168010500,삼성동,1168010500101590000,1,대지,159,,서울특별시 강남구 삼성동 159,116802122002,서울특별시 강남구 영동대로,513,,1168010500101590009016086,코엑스,서울특별시 강남구 영동대로 513,135525,06164,,1,,127.059155204804,37.5118322933754
MA0101202508A0035274,블링박스,코엑스점,G2,소매,G209,섬유·의복·신발 소매,G20907,액세서리/잡화 소매업,G47422,의복 액세서리 및 모조 장신구 소매업,11,서울특별시,11680,강남구,11680580,삼성1동,1168010500,삼성동,1168010500101590000,1,대지,159,,서울특별시 강남구 삼성동 159,116802122002,서울특별시 강남구 영동대로,513,,1168010500101590009016086,코엑스,서울특별시 강남구 영동대로 513,135525,06164,,B1,,127.059155204804,37.5118322933754
MA0101202411A0181122,반하는밥상,,I2,음식,I201,한식,I20101,백반/한정식,I56111,한식 일반 음식점업,11,서울특별시,11680,강남구,11680580,삼성1동,1168010500,삼성동,1168010500101590000,1,대지,159,,서울특별시 강남구 삼성동 159,116802122002,서울특별시 강남구 영동대로,513,,1168010500101590009016086,엠,서울특별시 강남구 영동대로 513,135525,06164,,1,,127.059155204804,37.5118322933754
MA0101202502A0051889,쇼닌코엑스,스타필드점,I2,음식,I203,일식,I20301,일식 회/초밥,I56122,일식 음식점업,11,서울특별시,11680,강남구,11680580,삼성1동,1168010500,삼성동,1168010500101590000,1,대지,159,,서울특별시 강남구 삼성동 159,116802122002,서울특별시 강남구 영동대로,513,,1168010500101590009016086,스타필드코엑스몰,서울특별시 강남구 영동대로 513,135525,06164,,B1,,127.059155204804,37.5118322933754
MA0101202502A0027652,아영에프비씨코엑스B홀점,,G2,소매,G206,음료 소매,G20602,주류 소매업,G47221,음료 소매업,11,서울특별시,11680,강남구,11680580,삼성1동,1168010500,삼성동,1168010500101590000,1,대지,159,,서울특별시 강남구 삼성동 159,116802122002,서울특별시 강남구 영동대로,513,,1168010500101590009016086,B홀코엑스,서울특별시 강남구 영동대로 513,135525,06164,,,,127.059155204804,37.5118322933754
MA0101202409A0118148,메종블랑쉬,,G2,소매,G209,섬유·의복·신발 소매,G20902,여성 의류 소매업,G47412,여자용 겉옷 소매업,11,서울특별시,11680,강남구,11680580,삼성1동,1168010500,삼성동,1168010500101590000,1,대지,159,,서울특별시 강남구 삼성동 159,116802122002,서울특별시 강남구 영동대로,513,,1168010500101590009016086,코엑스,서울특별시 강남구 영동대로 513,135525,06164,,B1,,127.059155204804,37.5118322933754
MA0101202410A0070939,이정갤러리,,G2,소매,G218,장식품 소매,G21801,예술품 소매업,G47841,예술품 및 골동품 소매업,11,서울특별시,11680,강남구,11680580,삼성1동,1168010500,삼성동,1168010500101590000,1,대지,159,,서울특별시 강남구 삼성동 159,116802122002,서울특별시 강남구 영동대로,513,,1168010500101590009016086,코엑스인터콘티넨탈호텔,서울특별시 강남구 영동대로 513,135525,06164,,B2,,127.059155204804,37.5118322933754
MA0101202410A0072593,코나이비인후과의원,,Q1,보건의료,Q102,의원,Q10206,이비인후과 의원,Q86201,일반의원,11,서울특별시,11680,강남구,11680580,삼성1동,1168010500,삼성동,1168010500101590000,1,대지,159,,서울특별시 강남구 삼성동 159,116802122002,서울특별시 강남구 영동대로,513,,1168010500101590009016086,코엑스몰내,서울특별시 강남구 영동대로 513,135525,06164,,,,127.059155204804,37.5118322933754
MA0101202406A0598449,김제스파힐스,,M1,과학·기술,M107,본사·경영 컨설팅,M10703,경영 컨설팅업,M71531,경영 컨설팅업,11,서울특별시,11680,강남구,11680610,대치2동,1168010600,대치동,1168010600109560001,1,대지,956,1,서울특별시 강남구 대치동 956-1,116804166432,서울특별시 강남구 삼성로86길,20,,1168010600109560001012208,,서울특별시 강남구 삼성로86길 20,135847,06184,,3,,127.059184448934,37.5058946581159
MA0106202209A0660880,아모제푸드오므토,삼성점,I2,음식,I201,한식,I20101,백반/한정식,I56111,한식 일반 음식점업,11,서울특별시,11680,강남구,11680610,대치2동,1168010600,대치동,1168010600109560001,1,대지,956,1,서울특별시 강남구 대치동 956-1,116804166432,서울특별시 강남구 삼성로86길,20,,1168010600109560001012208,,서울특별시 강남구 삼성로86길 20,135847,06184,,,,127.059184448934,37.5058946581159
MA0101202412A0075685,제이와이제이컴퍼니,,M1,과학·기술,M107,본사·경영 컨설팅,M10703,경영 컨설팅업,M71531,경영 컨설팅업,11,서울특별시,11680,강남구,11680610,대치2동,1168010600,대치동,1168010600109430017,1,대지,943,17,서울특별시 강남구 대치동 943-17,116804166432,서울특별시 강남구 삼성로86길,23,,1168010600109430017012184,구일빌딩,서울특별시 강남구 삼성로86길 23,135845,06179,,5,,127.059241233112,37.5061919613269
MA0101202602A0017561,국밥참맛있는집,대치점,I2,음식,I201,한식,I20102,국/탕/찌개류,I56111,한식 일반 음식점업,11,서울특별시,11680,강남구,11680610,대치2동,1168010600,대치동,1168010600109560002,1,대지,956,2,서울특별시 강남구 대치동 956-2,116804166432,서울특별시 강남구 삼성로86길,22,,1168010600109560002012205,,서울특별시 강남구 삼성로86길 22,135847,06184,,1,,127.059354139411,37.5059486332802
MA0101202409A0089914,사이드쇼,코엑스점,I2,음식,I210,기타 간이,I21007,김밥/만두/분식,I56194,김밥 및 기타 간이 음식점업,11,서울특별시,11680,강남구,11680580,삼성1동,1168010500,삼성동,1168010500101590006,1,대지,159,6,서울특별시 강남구 삼성동 159-6,116804166765,서울특별시 강남구 테헤란로87길,22,,1168010500101590006016654,한국도심공항터미널,서울특별시 강남구 테헤란로87길 22,135728,06164,,1,,127.059447540477,37.5096336959765
MA0106202208A0035972,닥터마틴에어웨어코리아,코엑스몰점,G2,소매,G209,섬유·의복·신발 소매,G20910,신발 소매업,G47430,신발 소매업,11,서울특별시,11680,강남구,11680580,삼성1동,1168010500,삼성동,1168010500101590006,1,대지,159,6,서울특별시 강남구 삼성동 159-6,116804166765,서울특별시 강남구 테헤란로87길,22,,1168010500101590006016654,,서울특별시 강남구 테헤란로87길 22,135728,06164,,,,127.059447540477,37.5096336959765
MA0106202201A0626000,롯데렌탈,,N1,시설관리·임대,N109,운송장비 대여,N10901,자동차 대여업,N76110,자동차 임대업,11,서울특별시,11680,강남구,11680580,삼성1동,1168010500,삼성동,1168010500101590006,1,대지,159,6,서울특별시 강남구 삼성동 159-6,116804166765,서울특별시 강남구 테헤란로87길,22,,1168010500101590006016654,,서울특별시 강남구 테헤란로87길 22,135728,06164,,,,127.059447540477,37.5096336959765
MA0106202201A2215219,씨제이올리브영,코엑스몰점,G2,소매,G221,기타 상품 소매,G22199,그 외 기타 상품 전문 소매업,G47859,그 외 기타 분류 안된 상품 전문 소매업,11,서울특별시,11680,강남구,11680580,삼성1동,1168010500,삼성동,1168010500101590006,1,대지,159,6,서울특별시 강남구 삼성동 159-6,116804166765,서울특별시 강남구 테헤란로87길,22,,1168010500101590006016654,,서울특별시 강남구 테헤란로87길 22,135728,06164,,,,127.059447540477,37.5096336959765
MA0101202604A0028996,법무법인송,,M1,과학·기술,M103,법무관련 ,M10301,변호사,M71101,변호사업,11,서울특별시,11680,강남구,11680580,삼성1동,1168010500,삼성동,1168010500101590006,1,대지,159,6,서울특별시 강남구 삼성동 159-6,116804166765,서울특별시 강남구 테헤란로87길,22,,1168010500101590006016654,한국도심공항터미널,서울특별시 강남구 테헤란로87길 22,135728,06164,,5,,127.059447540477,37.5096336959765
MA0101202410A1039321,엔코어베트남신기술사업투자조합1호,,I2,음식,I205,동남아시아,I20501,베트남식 전문,,,11,서울특별시,11680,강남구,11680580,삼성1동,1168010500,삼성동,1168010500101590006,1,대지,159,6,서울특별시 강남구 삼성동 159-6,116804166765,서울특별시 강남구 테헤란로87길,22,,1168010500101590006016654,,서울특별시 강남구 테헤란로87길 22,135728,06164,,,,127.059447540477,37.5096336959765
MA0101202411A0174103,살롱드봉쥬르,,N1,시설관리·임대,N108,기타 사업 서비스,N10802,전시/컨벤션/행사 대행 서비스업,N75992,"전시, 컨벤션 및 행사 대행업",11,서울특별시,11680,강남구,11680580,삼성1동,1168010500,삼성동,1168010500101590006,1,대지,159,6,서울특별시 강남구 삼성동 159-6,116804166765,서울특별시 강남구 테헤란로87길,22,,1168010500101590006016654,한국도심공항터미널,서울특별시 강남구 테헤란로87길 22,135728,06164,,,,127.059447540477,37.5096336959765
MA0101202601A0003698,세무법인혜움브로켈점,,M1,과학·기술,M104,회계·세무,M10402,세무사,M71202,세무사업,11,서울특별시,11680,강남구,11680610,대치2동,1168010600,대치동,1168010600109430026,1,대지,943,26,서울특별시 강남구 대치동 943-26,116804166764,서울특별시 강남구 테헤란로86길,13,,1168010600109430026000001,대경타워,서울특별시 강남구 테헤란로86길 13,135845,06179,,7,,127.05946775253,37.5065972997678
MA0101202512A0034925,세무법인혜움테헤란점,,M1,과학·기술,M104,회계·세무,M10402,세무사,M71202,세무사업,11,서울특별시,11680,강남구,11680610,대치2동,1168010600,대치동,1168010600109430026,1,대지,943,26,서울특별시 강남구 대치동 943-26,116804166764,서울특별시 강남구 테헤란로86길,13,,1168010600109430026000001,대경타워,서울특별시 강남구 테헤란로86길 13,135845,06179,,7,,127.05946775253,37.5065972997678
MA0101202511A0000360,세무법인혜움PCI점,,M1,과학·기술,M104,회계·세무,M10402,세무사,M71202,세무사업,11,서울특별시,11680,강남구,11680610,대치2동,1168010600,대치동,1168010600109430026,1,대지,943,26,서울특별시 강남구 대치동 943-26,116804166764,서울특별시 강남구 테헤란로86길,13,,1168010600109430026000001,대경타워,서울특별시 강남구 테헤란로86길 13,135845,06179,,7,,127.05946775253,37.5065972997678
MA0101202511A0026842,돈부리칸,,I2,음식,I203,일식,I20302,일식 카레/돈가스/덮밥,I56122,일식 음식점업,11,서울특별시,11680,강남구,11680610,대치2동,1168010600,대치동,1168010600109430024,1,대지,943,24,서울특별시 강남구 대치동 943-24,116804166766,서울특별시 강남구 테헤란로88길,10,,1168010600109430024012144,신안메트로칸,서울특별시 강남구 테헤란로88길 10,135845,06179,,1,,127.059467952651,37.5068495810589
MA0101202511A0025155,김한분,,I2,음식,I210,기타 간이,I21007,김밥/만두/분식,I56194,김밥 및 기타 간이 음식점업,11,서울특별시,11680,강남구,11680610,대치2동,1168010600,대치동,1168010600109430024,1,대지,943,24,서울특별시 강남구 대치동 943-24,116804166766,서울특별시 강남구 테헤란로88길,10,,1168010600109430024012144,신안메트로칸,서울특별시 강남구 테헤란로88길 10,135845,06179,,1,,127.059467952651,37.5068495810589
MA0101202510A0005034,이디야삼,성동점,I2,음식,I212,비알코올 ,I21201,카페,I56221,커피 전문점,11,서울특별시,11680,강남구,11680610,대치2동,1168010600,대치동,1168010600109430024,1,대지,943,24,서울특별시 강남구 대치동 943-24,116804166766,서울특별시 강남구 테헤란로88길,10,,1168010600109430024012144,신안메트로칸,서울특별시 강남구 테헤란로88길 10,135845,06179,,1,,127.059467952651,37.5068495810589
MA0101202603A0004235,엠씨아이,,M1,과학·기술,M107,본사·경영 컨설팅,M10703,경영 컨설팅업,M71531,경영 컨설팅업,11,서울특별시,11680,강남구,11680610,대치2동,1168010600,대치동,1168010600109430024,1,대지,943,24,서울특별시 강남구 대치동 943-24,116804166766,서울특별시 강남구 테헤란로88길,10,,1168010600109430024012144,,서울특별시 강남구 테헤란로88길 10,135845,06179,,,,127.059467952651,37.5068495810589
MA0101202602A0017905,에스앤씨솔라파트너스,,M1,과학·기술,M107,본사·경영 컨설팅,M10703,경영 컨설팅업,M71531,경영 컨설팅업,11,서울특별시,11680,강남구,11680610,대치2동,1168010600,대치동,1168010600109430024,1,대지,943,24,서울특별시 강남구 대치동 943-24,116804166766,서울특별시 강남구 테헤란로88길,10,,1168010600109430024012144,신안메트로칸,서울특별시 강남구 테헤란로88길 10,135845,06179,,2,,127.059467952651,37.5068495810589
MA0101202511A0024576,본죽&비빔밥카페,삼성역점,I2,음식,I201,한식,I20101,백반/한정식,I56111,한식 일반 음식점업,11,서울특별시,11680,강남구,11680610,대치2동,1168010600,대치동,1168010600109430024,1,대지,943,24,서울특별시 강남구 대치동 943-24,116804166766,서울특별시 강남구 테헤란로88길,10,,1168010600109430024012144,,서울특별시 강남구 테헤란로88길 10,135845,06179,,1,,127.059467952651,37.5068495810589
MA0101202512A0006557,브이씨에프컨설팅,,M1,과학·기술,M107,본사·경영 컨설팅,M10703,경영 컨설팅업,M71531,경영 컨설팅업,11,서울특별시,11680,강남구,11680610,대치2동,1168010600,대치동,1168010600109430024,1,대지,943,24,서울특별시 강남구 대치동 943-24,116804166766,서울특별시 강남구 테헤란로88길,10,,1168010600109430024012144,,서울특별시 강남구 테헤란로88길 10,135845,06179,,,,127.059467952651,37.5068495810589
MA0101202603A0043022,돈티카글로벌,,M1,과학·기술,M107,본사·경영 컨설팅,M10703,경영 컨설팅업,M71531,경영 컨설팅업,11,서울특별시,11680,강남구,11680610,대치2동,1168010600,대치동,1168010600109430024,1,대지,943,24,서울특별시 강남구 대치동 943-24,116804166766,서울특별시 강남구 테헤란로88길,10,,1168010600109430024012144,신안메트로칸,서울특별시 강남구 테헤란로88길 10,135845,06179,,,,127.059467952651,37.5068495810589
MA0101202502A0038548,안신인베스트,,M1,과학·기술,M107,본사·경영 컨설팅,M10703,경영 컨설팅업,M71531,경영 컨설팅업,11,서울특별시,11680,강남구,11680610,대치2동,1168010600,대치동,1168010600109430024,1,대지,943,24,서울특별시 강남구 대치동 943-24,116804166766,서울특별시 강남구 테헤란로88길,10,,1168010600109430024012144,신안메트로칸,서울특별시 강남구 테헤란로88길 10,135845,06179,,23,,127.059467952651,37.5068495810589
MA0103202502C0003713,이메지너티,,M1,과학·기술,M107,본사·경영 컨설팅,M10703,경영 컨설팅업,M71531,경영 컨설팅업,11,서울특별시,11680,강남구,11680610,대치2동,1168010600,대치동,1168010600109430024,1,대지,943,24,서울특별시 강남구 대치동 943-24,116804166766,서울특별시 강남구 테헤란로88길,10,,1168010600109430024012144,신안메트로칸,서울특별시 강남구 테헤란로88길 10,135845,06179,,,,127.059467952651,37.5068495810589
MA0101202506A0010109,펜션,,I1,숙박,I101,일반 숙박,I10103,펜션,I55104,민박업,11,서울특별시,11680,강남구,11680610,대치2동,1168010600,대치동,1168010600109430024,1,대지,943,24,서울특별시 강남구 대치동 943-24,116804166766,서울특별시 강남구 테헤란로88길,10,,1168010600109430024012144,신안메트로칸,서울특별시 강남구 테헤란로88길 10,135845,06179,,,,127.059467952651,37.5068495810589
MA0101202411A0171012,와이투케이인베스트먼트,,M1,과학·기술,M107,본사·경영 컨설팅,M10703,경영 컨설팅업,M71531,경영 컨설팅업,11,서울특별시,11680,강남구,11680610,대치2동,1168010600,대치동,1168010600109430024,1,대지,943,24,서울특별시 강남구 대치동 943-24,116804166766,서울특별시 강남구 테헤란로88길,10,,1168010600109430024012144,,서울특별시 강남구 테헤란로88길 10,135845,06179,,,,127.059467952651,37.5068495810589
MA0101202410A0070931,조수경스포츠심리연구소,,Q1,보건의료,Q104,기타 보건,Q10402,유사 의료업,Q86902,유사 의료업,11,서울특별시,11680,강남구,11680610,대치2동,1168010600,대치동,1168010600109430024,1,대지,943,24,서울특별시 강남구 대치동 943-24,116804166766,서울특별시 강남구 테헤란로88길,10,,1168010600109430024012144,신안메트로칸,서울특별시 강남구 테헤란로88길 10,135845,06179,,,,127.059467952651,37.5068495810589
MA0102202501B0051395,펜션,,I1,숙박,I101,일반 숙박,I10103,펜션,I55104,민박업,11,서울특별시,11680,강남구,11680610,대치2동,1168010600,대치동,1168010600109430024,1,대지,943,24,서울특별시 강남구 대치동 943-24,116804166766,서울특별시 강남구 테헤란로88길,10,,1168010600109430024012144,신안메트로칸,서울특별시 강남구 테헤란로88길 10,135845,06179,,9,,127.059467952651,37.5068495810589
MA0101202410A0609806,세리박필라테스,,P1,교육,P106,기타 교육,P10603,요가/필라테스 학원,R91199,그 외 기타 스포츠 서비스업,11,서울특별시,11680,강남구,11680610,대치2동,1168010600,대치동,1168010600109430024,1,대지,943,24,서울특별시 강남구 대치동 943-24,116804166766,서울특별시 강남구 테헤란로88길,10,,1168010600109430024012144,신안메트로칸,서울특별시 강남구 테헤란로88길 10,135845,06179,,11,,127.059467952651,37.5068495810589
MA0101202410A0297671,미소인치과의원,,Q1,보건의료,Q102,의원,Q10210,치과의원,Q86202,치과의원,11,서울특별시,11680,강남구,11680610,대치2동,1168010600,대치동,1168010600109430024,1,대지,943,24,서울특별시 강남구 대치동 943-24,116804166766,서울특별시 강남구 테헤란로88길,10,,1168010600109430024012144,메트로칸오피스텔,서울특별시 강남구 테헤란로88길 10,135845,06179,,,,127.059467952651,37.5068495810589
MA0101202410A0130743,입시·교과학원,,P1,교육,P105,일반 교육,P10501,입시·교과학원,P85501,일반 교과학원,11,서울특별시,11680,강남구,11680610,대치2동,1168010600,대치동,1168010600109430024,1,대지,943,24,서울특별시 강남구 대치동 943-24,116804166766,서울특별시 강남구 테헤란로88길,10,,1168010600109430024012144,신안메트로칸,서울특별시 강남구 테헤란로88길 10,135845,06179,,18,,127.059467952651,37.5068495810589
MA0101202408A0010499,크림슨수학원격학원,,P1,교육,P105,일반 교육,P10501,입시·교과학원,P85501,일반 교과학원,11,서울특별시,11680,강남구,11680610,대치2동,1168010600,대치동,1168010600109430029,1,대지,943,29,서울특별시 강남구 대치동 943-29,116804166764,서울특별시 강남구 테헤란로86길,15,,1168010600109430029026803,대치동동구빌딩,서울특별시 강남구 테헤란로86길 15,135845,06179,,3,,127.059501560813,37.5064441118926
MA0103202305C0031478,캐리앤지,,M1,과학·기술,M112,전문 디자인,M11201,인테리어 디자인업,M73201,인테리어 디자인업,11,서울특별시,11680,강남구,11680610,대치2동,1168010600,대치동,1168010600109430029,1,대지,943,29,서울특별시 강남구 대치동 943-29,116804166764,서울특별시 강남구 테헤란로86길,15,,1168010600109430029026803,동구빌딩,서울특별시 강남구 테헤란로86길 15,135845,06179,,3,,127.059501560813,37.5064441118926
MA0101202603A0006075,팀앤조이,,P1,교육,P106,기타 교육,P10629,그 외 기타 교육기관,P85699,그 외 기타 분류 안된 교육기관,11,서울특별시,11680,강남구,11680610,대치2동,1168010600,대치동,1168010600109430029,1,대지,943,29,서울특별시 강남구 대치동 943-29,116804166764,서울특별시 강남구 테헤란로86길,15,,1168010600109430029026803,동구빌딩,서울특별시 강남구 테헤란로86길 15,135845,06179,,3,,127.059501560813,37.5064441118926
MA0101202601A0024489,씨에이치에스컴퍼니,,M1,과학·기술,M107,본사·경영 컨설팅,M10703,경영 컨설팅업,M71531,경영 컨설팅업,11,서울특별시,11680,강남구,11680610,대치2동,1168010600,대치동,1168010600109430029,1,대지,943,29,서울특별시 강남구 대치동 943-29,116804166764,서울특별시 강남구 테헤란로86길,15,,1168010600109430029026803,동구빌딩,서울특별시 강남구 테헤란로86길 15,135845,06179,,3,,127.059501560813,37.5064441118926
MA0101202602A0032476,예리엘잉글리쉬,삼성역점,P1,교육,P107,교육 지원,P10701,교육컨설팅업,P85701,교육관련 자문 및 평가업,11,서울특별시,11680,강남구,11680610,대치2동,1168010600,대치동,1168010600109430029,1,대지,943,29,서울특별시 강남구 대치동 943-29,116804166764,서울특별시 강남구 테헤란로86길,15,,1168010600109430029026803,동구빌딩,서울특별시 강남구 테헤란로86길 15,135845,06179,,3,,127.059501560813,37.5064441118926
MA0101202510A0001462,인사이드테일,,M1,과학·기술,M107,본사·경영 컨설팅,M10703,경영 컨설팅업,M71531,경영 컨설팅업,11,서울특별시,11680,강남구,11680610,대치2동,1168010600,대치동,1168010600109430029,1,대지,943,29,서울특별시 강남구 대치동 943-29,116804166764,서울특별시 강남구 테헤란로86길,15,,1168010600109430029026803,동구빌딩,서울특별시 강남구 테헤란로86길 15,135845,06179,,3,,127.059501560813,37.5064441118926
MA0101202506A0027046,파트너스대흥,,M1,과학·기술,M107,본사·경영 컨설팅,M10703,경영 컨설팅업,M71531,경영 컨설팅업,11,서울특별시,11680,강남구,11680610,대치2동,1168010600,대치동,1168010600109430029,1,대지,943,29,서울특별시 강남구 대치동 943-29,116804166764,서울특별시 강남구 테헤란로86길,15,,1168010600109430029026803,동구빌딩,서울특별시 강남구 테헤란로86길 15,135845,06179,,3,,127.059501560813,37.5064441118926
MA0101202502A0085501,웍스앤파트너스,,M1,과학·기술,M107,본사·경영 컨설팅,M10703,경영 컨설팅업,M71531,경영 컨설팅업,11,서울특별시,11680,강남구,11680610,대치2동,1168010600,대치동,1168010600109430029,1,대지,943,29,서울특별시 강남구 대치동 943-29,116804166764,서울특별시 강남구 테헤란로86길,15,,1168010600109430029026803,동구빌딩,서울특별시 강남구 테헤란로86길 15,135845,06179,,3,,127.059501560813,37.5064441118926
MA0101202408A0050653,더블유와이더블유,,G2,소매,G218,장식품 소매,G21801,예술품 소매업,G47841,예술품 및 골동품 소매업,11,서울특별시,11680,강남구,11680610,대치2동,1168010600,대치동,1168010600109430029,1,대지,943,29,서울특별시 강남구 대치동 943-29,116804166764,서울특별시 강남구 테헤란로86길,15,,1168010600109430029026803,동구빌딩,서울특별시 강남구 테헤란로86길 15,135845,06179,,3,,127.059501560813,37.5064441118926
MA0101202411A0181189,우아앤코,,P1,교육,P106,기타 교육,P10603,요가/필라테스 학원,P85612,기타 스포츠 교육기관,11,서울특별시,11680,강남구,11680610,대치2동,1168010600,대치동,1168010600109430029,1,대지,943,29,서울특별시 강남구 대치동 943-29,116804166764,서울특별시 강남구 테헤란로86길,15,,1168010600109430029026803,동구빌딩,서울특별시 강남구 테헤란로86길 15,135845,06179,,3,,127.059501560813,37.5064441118926
MA0101202410A0758419,에스이레아카데미학원,,P1,교육,P105,일반 교육,P10501,입시·교과학원,P85501,일반 교과학원,11,서울특별시,11680,강남구,11680610,대치2동,1168010600,대치동,1168010600109430029,1,대지,943,29,서울특별시 강남구 대치동 943-29,116804166764,서울특별시 강남구 테헤란로86길,15,,1168010600109430029026803,동구빌딩,서울특별시 강남구 테헤란로86길 15,135845,06179,,,,127.059501560813,37.5064441118926
MA0101202604A0038446,BAB,데일리,I2,음식,I201,한식,I20101,백반/한정식,I56111,한식 일반 음식점업,11,서울특별시,11680,강남구,11680610,대치2동,1168010600,대치동,1168010600109560003,1,대지,956,3,서울특별시 강남구 대치동 956-3,116804166432,서울특별시 강남구 삼성로86길,24,,1168010600109560003012203,,서울특별시 강남구 삼성로86길 24,135847,06184,,1,,127.059523830133,37.5060026082
MA0101202512A0003123,주니글로벌,,G2,소매,G215,의약·화장품 소매,G21503,화장품 소매업,G47813,"화장품, 비누 및 방향제 소매업",11,서울특별시,11680,강남구,11680610,대치2동,1168010600,대치동,1168010600109550002,1,대지,955,2,서울특별시 강남구 대치동 955-2,116804166429,서울특별시 강남구 삼성로82길,24,,1168010600109550002027290,태양빌딩,서울특별시 강남구 삼성로82길 24,135847,06184,,1,,127.059704264115,37.5053447833962
MA0101202503A0051327,에이치와이텔레콤,,G2,소매,G208,가전·통신 소매,G20802,핸드폰 소매업,G47312,통신기기 소매업,11,서울특별시,11680,강남구,11680610,대치2동,1168010600,대치동,1168010600109430027,1,대지,943,27,서울특별시 강남구 대치동 943-27,116804166766,서울특별시 강남구 테헤란로88길,14,,1168010600109430027012154,신도리코빌딩,서울특별시 강남구 테헤란로88길 14,135845,06179,,1,,127.059716542747,37.5065611340581
MA0101202602A0027872,스튜디오로브,,M1,과학·기술,M113,사진 촬영,M11301,사진촬영업,M73301,인물 사진 및 행사용 영상 촬영업,11,서울특별시,11680,강남구,11680610,대치2동,1168010600,대치동,1168010600109560025,1,대지,956,25,서울특별시 강남구 대치동 956-25,116804166429,서울특별시 강남구 삼성로82길,25,,1168010600109560025012234,일부,서울특별시 강남구 삼성로82길 25,135847,06184,,1,,127.059738380065,37.5055790274905
MA0106202208A2249095,씨제이올리브영테헤란로점,,G2,소매,G221,기타 상품 소매,G22199,그 외 기타 상품 전문 소매업,G47859,그 외 기타 분류 안된 상품 전문 소매업,11,서울특별시,11680,강남구,11680610,대치2동,1168010600,대치동,1168010600109440000,1,대지,944,,서울특별시 강남구 대치동 944,116803122010,서울특별시 강남구 테헤란로,514,,1168010600109440000014505,,서울특별시 강남구 테헤란로 514,135846,06180,,,,127.059751161984,37.5074260812831
MA0101202510A0002194,에코쟈뎅코엑스,삼성점,S2,수리·개인,S207,이용·미용,S20701,미용실,S96112,두발 미용업,11,서울특별시,11680,강남구,11680610,대치2동,1168010600,대치동,1168010600109440000,1,대지,944,,서울특별시 강남구 대치동 944,116803122010,서울특별시 강남구 테헤란로,514,,1168010600109440000014505,,서울특별시 강남구 테헤란로 514,135846,06180,,2,,127.059751161984,37.5074260812831
MA0101202412A0083669,삼성마디풀림의원,,Q1,보건의료,Q102,의원,Q10202,외과 의원,Q86201,일반의원,11,서울특별시,11680,강남구,11680610,대치2동,1168010600,대치동,1168010600109440000,1,대지,944,,서울특별시 강남구 대치동 944,116803122010,서울특별시 강남구 테헤란로,514,,1168010600109440000014505,삼흥2빌딩,서울특별시 강남구 테헤란로 514,135846,06180,,3,,127.059751161984,37.5074260812831
MA0101202410A0121000,두서울치과,,Q1,보건의료,Q102,의원,Q10210,치과의원,Q86202,치과의원,11,서울특별시,11680,강남구,11680610,대치2동,1168010600,대치동,1168010600109440000,1,대지,944,,서울특별시 강남구 대치동 944,116803122010,서울특별시 강남구 테헤란로,514,,1168010600109440000014505,삼흥제2빌딩,서울특별시 강남구 테헤란로 514,135846,06180,,6,,127.059751161984,37.5074260812831
MA0101202410A0621962,서울뉴젠비뇨기과,,Q1,보건의료,Q102,의원,Q10204,피부/비뇨기과 의원,Q86201,일반의원,11,서울특별시,11680,강남구,11680610,대치2동,1168010600,대치동,1168010600109440000,1,대지,944,,서울특별시 강남구 대치동 944,116803122010,서울특별시 강남구 테헤란로,514,,1168010600109440000014505,삼흥2빌딩,서울특별시 강남구 테헤란로 514,135846,06180,,11,,127.059751161984,37.5074260812831
MA0101202410A0339923,바른마디의원,,Q1,보건의료,Q102,의원,Q10202,외과 의원,Q86201,일반의원,11,서울특별시,11680,강남구,11680610,대치2동,1168010600,대치동,1168010600109440000,1,대지,944,,서울특별시 강남구 대치동 944,116803122010,서울특별시 강남구 테헤란로,514,,1168010600109440000014505,삼흥2빌딩,서울특별시 강남구 테헤란로 514,135846,06180,,3,,127.059751161984,37.5074260812831
MA0101202410A0206677,예드림안과,,Q1,보건의료,Q102,의원,Q10205,안과 의원,Q86201,일반의원,11,서울특별시,11680,강남구,11680610,대치2동,1168010600,대치동,1168010600109440000,1,대지,944,,서울특별시 강남구 대치동 944,116803122010,서울특별시 강남구 테헤란로,514,,1168010600109440000014505,삼흥제2빌딩,서울특별시 강남구 테헤란로 514,135846,06180,,4,,127.059751161984,37.5074260812831
MA0101202409A0037955,만학현대백화점무역,센터점,I2,음식,I201,한식,I20101,백반/한정식,I56111,한식 일반 음식점업,11,서울특별시,11680,강남구,11680580,삼성1동,1168010500,삼성동,1168010500101590007,1,대지,159,7,서울특별시 강남구 삼성동 159-7,116803122010,서울특별시 강남구 테헤란로,517,,1168010500101590007016829,현대백화점,서울특별시 강남구 테헤란로 517,135730,06164,,1,,127.059763420214,37.50861540138
MA0101202406A0597812,한림SMF서울만두현대무역,센터점,I2,음식,I210,기타 간이,I21007,김밥/만두/분식,I56194,김밥 및 기타 간이 음식점업,11,서울특별시,11680,강남구,11680580,삼성1동,1168010500,삼성동,1168010500101590007,1,대지,159,7,서울특별시 강남구 삼성동 159-7,116803122010,서울특별시 강남구 테헤란로,517,,1168010500101590007016829,현대백화점,서울특별시 강남구 테헤란로 517,135730,06164,,1,,127.059763420214,37.50861540138
MA0101202409A0121548,에키노마에,,I2,음식,I210,기타 간이,I21001,빵/도넛,I56191,제과점업,11,서울특별시,11680,강남구,11680580,삼성1동,1168010500,삼성동,1168010500101590007,1,대지,159,7,서울특별시 강남구 삼성동 159-7,116803122010,서울특별시 강남구 테헤란로,517,,1168010500101590007016829,현대백화점,서울특별시 강남구 테헤란로 517,135730,06164,,1,,127.059763420214,37.50861540138
MA0106202304A1994717,현대그린푸드h'kitchen무역점,,I2,음식,I207,구내식당·뷔페,I20701,구내식당,I56111,한식 일반 음식점업,11,서울특별시,11680,강남구,11680580,삼성1동,1168010500,삼성동,1168010500101590007,1,대지,159,7,서울특별시 강남구 삼성동 159-7,116803122010,서울특별시 강남구 테헤란로,517,,1168010500101590007016829,,서울특별시 강남구 테헤란로 517,135730,06164,,,,127.059763420214,37.50861540138
MA0106202304A0610215,고든램지스트리트버거현대백화점무역,센터점,I2,음식,I210,기타 간이,I21004,버거,I56123,서양식 음식점업,11,서울특별시,11680,강남구,11680580,삼성1동,1168010500,삼성동,1168010500101590007,1,대지,159,7,서울특별시 강남구 삼성동 159-7,116803122010,서울특별시 강남구 테헤란로,517,,1168010500101590007016829,,서울특별시 강남구 테헤란로 517,135730,06164,,,,127.059763420214,37.50861540138
MA0101202602A0026110,현대무역센터지샥,백화점,G2,소매,G217,시계·귀금속 소매,G21701,시계/귀금속 소매업,G47830,시계 및 귀금속 소매업,11,서울특별시,11680,강남구,11680580,삼성1동,1168010500,삼성동,1168010500101590007,1,대지,159,7,서울특별시 강남구 삼성동 159-7,116803122010,서울특별시 강남구 테헤란로,517,,1168010500101590007016829,현대백화점,서울특별시 강남구 테헤란로 517,135730,06164,,6,,127.059763420214,37.50861540138
MA0101202604A0037857,오타이후쿠,,I2,음식,I203,일식,I20301,일식 회/초밥,I56122,일식 음식점업,11,서울특별시,11680,강남구,11680580,삼성1동,1168010500,삼성동,1168010500101590007,1,대지,159,7,서울특별시 강남구 삼성동 159-7,116803122010,서울특별시 강남구 테헤란로,517,,1168010500101590007016829,현대백화점,서울특별시 강남구 테헤란로 517,135730,06164,,10,,127.059763420214,37.50861540138
MA0101202509A0031401,슬런치팩토리,삼성점,I2,음식,I210,기타 간이,I21099,그 외 기타 간이 음식점,I56199,간이 음식 포장 판매 전문점,11,서울특별시,11680,강남구,11680580,삼성1동,1168010500,삼성동,1168010500101590007,1,대지,159,7,서울특별시 강남구 삼성동 159-7,116803122010,서울특별시 강남구 테헤란로,517,,1168010500101590007016829,식품관현대백화점,서울특별시 강남구 테헤란로 517,135730,06164,,1,,127.059763420214,37.50861540138
MA0101202601A0012139,로로피아나무역센터점,코리아,G2,소매,G209,섬유·의복·신발 소매,G20905,기타 의류 소매업,G47414,셔츠 및 블라우스 소매업,11,서울특별시,11680,강남구,11680580,삼성1동,1168010500,삼성동,1168010500101590007,1,대지,159,7,서울특별시 강남구 삼성동 159-7,116803122010,서울특별시 강남구 테헤란로,517,,1168010500101590007016829,현대백화점,서울특별시 강남구 테헤란로 517,135730,06164,,3,,127.059763420214,37.50861540138
MA0101202509A0001801,폰트,,I2,음식,I212,비알코올 ,I21201,카페,I56221,커피 전문점,11,서울특별시,11680,강남구,11680580,삼성1동,1168010500,삼성동,1168010500101590007,1,대지,159,7,서울특별시 강남구 삼성동 159-7,116803122010,서울특별시 강남구 테헤란로,517,,1168010500101590007016829,현대백화점,서울특별시 강남구 테헤란로 517,135730,06164,,1,,127.059763420214,37.50861540138
MA0101202510A0031236,곰탕LAB,,I2,음식,I201,한식,I20102,국/탕/찌개류,I56111,한식 일반 음식점업,11,서울특별시,11680,강남구,11680580,삼성1동,1168010500,삼성동,1168010500101590007,1,대지,159,7,서울특별시 강남구 삼성동 159-7,116803122010,서울특별시 강남구 테헤란로,517,,1168010500101590007016829,현대백화점,서울특별시 강남구 테헤란로 517,135730,06164,,10,,127.059763420214,37.50861540138
MA0106202509A1431536,스팀베리핀,,S2,수리·개인,S203,자동차 수리·세차,S20302,자동차 세차장,S95213,자동차 세차업,11,서울특별시,11680,강남구,11680580,삼성1동,1168010500,삼성동,1168010500101590007,1,대지,159,7,서울특별시 강남구 삼성동 159-7,116803122010,서울특별시 강남구 테헤란로,517,,1168010500101590007016829,,서울특별시 강남구 테헤란로 517,135730,06164,,,,127.059763420214,37.50861540138
MA0101202511A0005714,코엑스피자느반현대백화점무역,센터점,I2,음식,I210,기타 간이,I21006,치킨,I56193,치킨 전문점,11,서울특별시,11680,강남구,11680580,삼성1동,1168010500,삼성동,1168010500101590007,1,대지,159,7,서울특별시 강남구 삼성동 159-7,116803122010,서울특별시 강남구 테헤란로,517,,1168010500101590007016829,현대백화점,서울특별시 강남구 테헤란로 517,135730,06164,,1,,127.059763420214,37.50861540138
MA0101202503A0077338,위트앤미트현대백화점무역,센터점,I2,음식,I210,기타 간이,I21003,피자,I56192,"피자, 햄버거, 샌드위치 및 유사 음식점업",11,서울특별시,11680,강남구,11680580,삼성1동,1168010500,삼성동,1168010500101590007,1,대지,159,7,서울특별시 강남구 삼성동 159-7,116803122010,서울특별시 강남구 테헤란로,517,,1168010500101590007016829,현대백화점,서울특별시 강남구 테헤란로 517,135730,06164,,1,,127.059763420214,37.50861540138
MA0101202504A0093090,국순당와인현대백화점무역,센터점,G2,소매,G206,음료 소매,G20602,주류 소매업,G47221,음료 소매업,11,서울특별시,11680,강남구,11680580,삼성1동,1168010500,삼성동,1168010500101590007,1,대지,159,7,서울특별시 강남구 삼성동 159-7,116803122010,서울특별시 강남구 테헤란로,517,,1168010500101590007016829,현대백화점,서울특별시 강남구 테헤란로 517,135730,06164,,,,127.059763420214,37.50861540138
MA0101202507A0018732,도시곳간무역,센터점,G2,소매,G205,식료품 소매,G20509,반찬/식료품 소매업,G47218,조리 반찬류 소매업,11,서울특별시,11680,강남구,11680580,삼성1동,1168010500,삼성동,1168010500101590007,1,대지,159,7,서울특별시 강남구 삼성동 159-7,116803122010,서울특별시 강남구 테헤란로,517,,1168010500101590007016829,현대백화점,서울특별시 강남구 테헤란로 517,135730,06164,,1,,127.059763420214,37.50861540138
MA0101202508A0025302,골프존마켓트루핏무역현대점,,G2,소매,G213,오락용품 소매,G21304,운동용품 소매업,G47631,운동 및 경기용품 소매업,11,서울특별시,11680,강남구,11680580,삼성1동,1168010500,삼성동,1168010500101590007,1,대지,159,7,서울특별시 강남구 삼성동 159-7,116803122010,서울특별시 강남구 테헤란로,517,,1168010500101590007016829,층골프존마켓트루핏무역현대점현대백화점,서울특별시 강남구 테헤란로 517,135730,06164,,6,,127.059763420214,37.50861540138
MA0106202412A2424368,더이탈리안클럽,,I2,음식,I201,한식,I20101,백반/한정식,I56111,한식 일반 음식점업,11,서울특별시,11680,강남구,11680580,삼성1동,1168010500,삼성동,1168010500101590007,1,대지,159,7,서울특별시 강남구 삼성동 159-7,116803122010,서울특별시 강남구 테헤란로,517,,1168010500101590007016829,,서울특별시 강남구 테헤란로 517,135730,06164,,,,127.059763420214,37.50861540138
MA0101202503A0041759,무궁화칼국수현대백화점무역,센터점,I2,음식,I201,한식,I20105,국수/칼국수,I56111,한식 일반 음식점업,11,서울특별시,11680,강남구,11680580,삼성1동,1168010500,삼성동,1168010500101590007,1,대지,159,7,서울특별시 강남구 삼성동 159-7,116803122010,서울특별시 강남구 테헤란로,517,,1168010500101590007016829,현대백화점,서울특별시 강남구 테헤란로 517,135730,06164,,1,,127.059763420214,37.50861540138
MA0101202411A0180324,아영에프비씨현대백화점무역,센터점,G2,소매,G206,음료 소매,G20602,주류 소매업,G47221,음료 소매업,11,서울특별시,11680,강남구,11680580,삼성1동,1168010500,삼성동,1168010500101590007,1,대지,159,7,서울특별시 강남구 삼성동 159-7,116803122010,서울특별시 강남구 테헤란로,517,,1168010500101590007016829,현대백화점,서울특별시 강남구 테헤란로 517,135730,06164,,1,,127.059763420214,37.50861540138
MA0101202506A0020466,블루피나,,M1,과학·기술,M115,기타 전문 과학,M11502,번역/통역 서비스업,M73902,번역 및 통역 서비스업,11,서울특별시,11680,강남구,11680610,대치2동,1168010600,대치동,1168010600109560009,1,대지,956,9,서울특별시 강남구 대치동 956-9,116804166430,서울특별시 강남구 삼성로84길,27,,1168010600109560009012206,,서울특별시 강남구 삼성로84길 27,135847,06184,,,,127.059772589615,37.5059304021813
MA0106202201A0787543,미디어앤아트,,R1,예술·스포츠,R104,유원지·오락,R10499,기타 오락관련 서비스업,R91299,그 외 기타 분류 안된 오락관련 서비스업,11,서울특별시,11680,강남구,11680610,대치2동,1168010600,대치동,1168010600109560019,1,대지,956,19,서울특별시 강남구 대치동 956-19,116804166430,서울특별시 강남구 삼성로84길,28,,1168010600109560019012217,,서울특별시 강남구 삼성로84길 28,135847,06184,,,,127.059840312075,37.5057591769242
MA0101202604A0031074,봉화전,,I2,음식,I201,한식,I20101,백반/한정식,I56111,한식 일반 음식점업,11,서울특별시,11680,강남구,11680610,대치2동,1168010600,대치동,1168010600109560005,1,대지,956,5,서울특별시 강남구 대치동 956-5,116804166432,서울특별시 강남구 삼성로86길,28,,1168010600109560005012191,,서울특별시 강남구 삼성로86길 28,135847,06184,,1,,127.059874522187,37.5061105515741
MA0101202502A0069463,업.사이드커피,삼성점,I2,음식,I212,비알코올 ,I21201,카페,I56221,커피 전문점,11,서울특별시,11680,강남구,11680610,대치2동,1168010600,대치동,1168010600109560024,1,대지,956,24,서울특별시 강남구 대치동 956-24,116804166429,서울특별시 강남구 삼성로82길,27,,1168010600109560024012229,,서울특별시 강남구 삼성로82길 27,135847,06184,,1,,127.05991937283,37.5056239860782
MA0101202409A0066141,부타이,,I2,음식,I203,일식,I20301,일식 회/초밥,I56122,일식 음식점업,11,서울특별시,11680,강남구,11680610,대치2동,1168010600,대치동,1168010600109560006,1,대지,956,6,서울특별시 강남구 대치동 956-6,116804166766,서울특별시 강남구 테헤란로88길,22,,1168010600109560006012185,,서울특별시 강남구 테헤란로88길 22,135847,06184,,1,,127.060044213649,37.5061645257443
MA0106202201A0153963,루이까스텔광주,초월점,G2,소매,G213,오락용품 소매,G21304,운동용품 소매업,G47631,운동 및 경기용품 소매업,11,서울특별시,11680,강남구,11680610,대치2동,1168010600,대치동,1168010600109440001,1,대지,944,1,서울특별시 강남구 대치동 944-1,116803122010,서울특별시 강남구 테헤란로,516,,1168010600109440001014504,,서울특별시 강남구 테헤란로 516,135846,06180,,,,127.060079139749,37.5074078948291
MA0101202410A0060336,프라임치과의원,,Q1,보건의료,Q102,의원,Q10210,치과의원,Q86202,치과의원,11,서울특별시,11680,강남구,11680610,대치2동,1168010600,대치동,1168010600109440001,1,대지,944,1,서울특별시 강남구 대치동 944-1,116803122010,서울특별시 강남구 테헤란로,516,,1168010600109440001014504,정헌빌딩,서울특별시 강남구 테헤란로 516,135846,06180,,3,,127.060079139749,37.5074078948291
MA0106202605A1614959,아방베이커리,삼성점,I2,음식,I201,한식,I20101,백반/한정식,I56111,한식 일반 음식점업,11,서울특별시,11680,강남구,11680610,대치2동,1168010600,대치동,1168010600109440023,1,대지,944,23,서울특별시 강남구 대치동 944-23,116804166766,서울특별시 강남구 테헤란로88길,15,,1168010600109440023012147,,서울특별시 강남구 테헤란로88길 15,135846,06180,,,,127.060123830856,37.5067231083543
MA0106202301A2424899,링코제일,,G2,소매,G213,오락용품 소매,G21302,문구/회화용품 소매업,G47612,문구용품 및 회화용품 소매업,11,서울특별시,11680,강남구,11680610,대치2동,1168010600,대치동,1168010600109440024,1,대지,944,24,서울특별시 강남구 대치동 944-24,116804166766,서울특별시 강남구 테헤란로88길,17,,1168010600109440024000001,,서울특별시 강남구 테헤란로88길 17,135846,06180,,,,127.06028203278,37.50655183678
MA0101202409A0196387,바나프레소대치,삼성점,I2,음식,I212,비알코올 ,I21201,카페,I56221,커피 전문점,11,서울특별시,11680,강남구,11680610,대치2동,1168010600,대치동,1168010600109440025,1,대지,944,25,서울특별시 강남구 대치동 944-25,116804166701,서울특별시 강남구 영동대로85길,38,,1168010600109440025000001,,서울특별시 강남구 영동대로85길 38,135846,06180,,1,,127.06057616413,37.5066417868108
MA0101202411A0101211,트레인버거,,I2,음식,I210,기타 간이,I21004,버거,I56192,"피자, 햄버거, 샌드위치 및 유사 음식점업",11,서울특별시,11680,강남구,11680610,대치2동,1168010600,대치동,1168010600109440025,1,대지,944,25,서울특별시 강남구 대치동 944-25,116804166701,서울특별시 강남구 영동대로85길,38,,1168010600109440025000001,진성빌딩,서울특별시 강남구 영동대로85길 38,135846,06180,,1,,127.06057616413,37.5066417868108
MA0106202301A2416566,스타벅스,섬유센터R,I2,음식,I212,비알코올 ,I21201,카페,I56221,커피 전문점,11,서울특별시,11680,강남구,11680610,대치2동,1168010600,대치동,1168010600109440031,1,대지,944,31,서울특별시 강남구 대치동 944-31,116803122010,서울특별시 강남구 테헤란로,518,,1168010600109440031014503,,서울특별시 강남구 테헤란로 518,135713,06180,,,,127.060576928586,37.5075878415704
MA0101202502A0034218,디오브이매니지먼트유한책임회사,코리아,M1,과학·기술,M107,본사·경영 컨설팅,M10703,경영 컨설팅업,M71531,경영 컨설팅업,11,서울특별시,11680,강남구,11680610,대치2동,1168010600,대치동,1168010600109440031,1,대지,944,31,서울특별시 강남구 대치동 944-31,116803122010,서울특별시 강남구 테헤란로,518,,1168010600109440031014503,한국섬유산업연합회,서울특별시 강남구 테헤란로 518,135713,06180,,13,,127.060576928586,37.5075878415704
MA0101202502A0079668,프라텔리코술리치,코리아,M1,과학·기술,M107,본사·경영 컨설팅,M10703,경영 컨설팅업,M71531,경영 컨설팅업,11,서울특별시,11680,강남구,11680610,대치2동,1168010600,대치동,1168010600109440031,1,대지,944,31,서울특별시 강남구 대치동 944-31,116803122010,서울특별시 강남구 테헤란로,518,,1168010600109440031014503,,서울특별시 강남구 테헤란로 518,135713,06180,,10,,127.060576928586,37.5075878415704
MA0101202409A0133937,세무사조병철사무소,,M1,과학·기술,M104,회계·세무,M10402,세무사,M71202,세무사업,11,서울특별시,11680,강남구,11680580,삼성1동,1168010500,삼성동,1168010500101590008,1,대지,159,8,서울특별시 강남구 삼성동 159-8,116803122010,서울특별시 강남구 테헤란로,521,,1168010500101590008016735,파르나스타워,서울특별시 강남구 테헤란로 521,135732,06164,,29,,127.060804431449,37.5091915130673
MA0101202406A0587959,에스케이에스지,,M1,과학·기술,M107,본사·경영 컨설팅,M10703,경영 컨설팅업,M71531,경영 컨설팅업,11,서울특별시,11680,강남구,11680580,삼성1동,1168010500,삼성동,1168010500101590008,1,대지,159,8,서울특별시 강남구 삼성동 159-8,116803122010,서울특별시 강남구 테헤란로,521,,1168010500101590008016735,파르나스타워,서울특별시 강남구 테헤란로 521,135732,06164,,29,,127.060804431449,37.5091915130673
MA0101202409A0144218,에스에이치SH컨설팅,,M1,과학·기술,M107,본사·경영 컨설팅,M10703,경영 컨설팅업,M71531,경영 컨설팅업,11,서울특별시,11680,강남구,11680580,삼성1동,1168010500,삼성동,1168010500101590008,1,대지,159,8,서울특별시 강남구 삼성동 159-8,116803122010,서울특별시 강남구 테헤란로,521,,1168010500101590008016735,,서울특별시 강남구 테헤란로 521,135732,06164,,,,127.060804431449,37.5091915130673
MA0101202409A0098213,프로스타캐피탈,코리아,M1,과학·기술,M106,시장 조사,M10601,시장 조사 및 여론 조사업,M71400,시장 조사 및 여론 조사업,11,서울특별시,11680,강남구,11680580,삼성1동,1168010500,삼성동,1168010500101590008,1,대지,159,8,서울특별시 강남구 삼성동 159-8,116803122010,서울특별시 강남구 테헤란로,521,,1168010500101590008016735,파르나스타워,서울특별시 강남구 테헤란로 521,135732,06164,,29,,127.060804431449,37.5091915130673
MA0106202211A2172112,카츠8,파르나스몰점,I2,음식,I203,일식,I20301,일식 회/초밥,I56122,일식 음식점업,11,서울특별시,11680,강남구,11680580,삼성1동,1168010500,삼성동,1168010500101590008,1,대지,159,8,서울특별시 강남구 삼성동 159-8,116803122010,서울특별시 강남구 테헤란로,521,,1168010500101590008016735,,서울특별시 강남구 테헤란로 521,135732,06164,,,,127.060804431449,37.5091915130673
MA0106202312A0591014,위비스뷰어파르나스몰,,G2,소매,G213,오락용품 소매,G21304,운동용품 소매업,G47631,운동 및 경기용품 소매업,11,서울특별시,11680,강남구,11680580,삼성1동,1168010500,삼성동,1168010500101590008,1,대지,159,8,서울특별시 강남구 삼성동 159-8,116803122010,서울특별시 강남구 테헤란로,521,,1168010500101590008016735,,서울특별시 강남구 테헤란로 521,135732,06164,,,,127.060804431449,37.5091915130673
MA0106202305A0215680,포스톤즈삼성,파르나스몰점,I2,음식,I201,한식,I20101,백반/한정식,I56111,한식 일반 음식점업,11,서울특별시,11680,강남구,11680580,삼성1동,1168010500,삼성동,1168010500101590008,1,대지,159,8,서울특별시 강남구 삼성동 159-8,116803122010,서울특별시 강남구 테헤란로,521,,1168010500101590008016735,,서울특별시 강남구 테헤란로 521,135732,06164,,,,127.060804431449,37.5091915130673
MA0106202301A0596154,할리스,파르나스몰점,I2,음식,I212,비알코올 ,I21201,카페,I56221,커피 전문점,11,서울특별시,11680,강남구,11680580,삼성1동,1168010500,삼성동,1168010500101590008,1,대지,159,8,서울특별시 강남구 삼성동 159-8,116803122010,서울특별시 강남구 테헤란로,521,,1168010500101590008016735,,서울특별시 강남구 테헤란로 521,135732,06164,,,,127.060804431449,37.5091915130673
MA0106202205A0961125,동원홈푸드,,I2,음식,I207,구내식당·뷔페,I20701,구내식당,I56111,한식 일반 음식점업,11,서울특별시,11680,강남구,11680580,삼성1동,1168010500,삼성동,1168010500101590008,1,대지,159,8,서울특별시 강남구 삼성동 159-8,116803122010,서울특별시 강남구 테헤란로,521,,1168010500101590008016735,,서울특별시 강남구 테헤란로 521,135732,06164,,,,127.060804431449,37.5091915130673
MA0106202201A2229256,무유무유파르나스점,,G2,소매,G213,오락용품 소매,G21302,문구/회화용품 소매업,G47612,문구용품 및 회화용품 소매업,11,서울특별시,11680,강남구,11680580,삼성1동,1168010500,삼성동,1168010500101590008,1,대지,159,8,서울특별시 강남구 삼성동 159-8,116803122010,서울특별시 강남구 테헤란로,521,,1168010500101590008016735,,서울특별시 강남구 테헤란로 521,135732,06164,,,,127.060804431449,37.5091915130673
MA0106202201A2215294,씨제이올리브영,파르나스몰점,G2,소매,G221,기타 상품 소매,G22199,그 외 기타 상품 전문 소매업,G47859,그 외 기타 분류 안된 상품 전문 소매업,11,서울특별시,11680,강남구,11680580,삼성1동,1168010500,삼성동,1168010500101590008,1,대지,159,8,서울특별시 강남구 삼성동 159-8,116803122010,서울특별시 강남구 테헤란로,521,,1168010500101590008016735,,서울특별시 강남구 테헤란로 521,135732,06164,,,,127.060804431449,37.5091915130673
MA0106202201A0667470,룰루레몬애틀라티카파르나스몰스토어1,코리아,G2,소매,G209,섬유·의복·신발 소매,G20905,기타 의류 소매업,G47419,기타 의복 소매업,11,서울특별시,11680,강남구,11680580,삼성1동,1168010500,삼성동,1168010500101590008,1,대지,159,8,서울특별시 강남구 삼성동 159-8,116803122010,서울특별시 강남구 테헤란로,521,,1168010500101590008016735,,서울특별시 강남구 테헤란로 521,135732,06164,,,,127.060804431449,37.5091915130673
MA0106202201A0046269,샤넬,코리아,G2,소매,G215,의약·화장품 소매,G21503,화장품 소매업,G47813,"화장품, 비누 및 방향제 소매업",11,서울특별시,11680,강남구,11680580,삼성1동,1168010500,삼성동,1168010500101590008,1,대지,159,8,서울특별시 강남구 삼성동 159-8,116803122010,서울특별시 강남구 테헤란로,521,,1168010500101590008016735,,서울특별시 강남구 테헤란로 521,135732,06164,,,,127.060804431449,37.5091915130673
MA0106202201A0727438,탄탄면공방,파르나스몰점,I2,음식,I203,일식,I20301,일식 회/초밥,I56122,일식 음식점업,11,서울특별시,11680,강남구,11680580,삼성1동,1168010500,삼성동,1168010500101590008,1,대지,159,8,서울특별시 강남구 삼성동 159-8,116803122010,서울특별시 강남구 테헤란로,521,,1168010500101590008016735,,서울특별시 강남구 테헤란로 521,135732,06164,,,,127.060804431449,37.5091915130673
MA0106202201A0123414,홀랜드앤바렛,파르나스몰점,G2,소매,G215,의약·화장품 소매,G21503,화장품 소매업,G47813,"화장품, 비누 및 방향제 소매업",11,서울특별시,11680,강남구,11680580,삼성1동,1168010500,삼성동,1168010500101590008,1,대지,159,8,서울특별시 강남구 삼성동 159-8,116803122010,서울특별시 강남구 테헤란로,521,,1168010500101590008016735,,서울특별시 강남구 테헤란로 521,135732,06164,,,,127.060804431449,37.5091915130673
MA0106202201A0076236,위뜨,파르나스몰점,G2,소매,G209,섬유·의복·신발 소매,G20905,기타 의류 소매업,G47413,속옷 및 잠옷 소매업,11,서울특별시,11680,강남구,11680580,삼성1동,1168010500,삼성동,1168010500101590008,1,대지,159,8,서울특별시 강남구 삼성동 159-8,116803122010,서울특별시 강남구 테헤란로,521,,1168010500101590008016735,,서울특별시 강남구 테헤란로 521,135732,06164,,,,127.060804431449,37.5091915130673
MA0106202201A0123413,고디바,파르나스몰점,I2,음식,I201,한식,I20101,백반/한정식,I56111,한식 일반 음식점업,11,서울특별시,11680,강남구,11680580,삼성1동,1168010500,삼성동,1168010500101590008,1,대지,159,8,서울특별시 강남구 삼성동 159-8,116803122010,서울특별시 강남구 테헤란로,521,,1168010500101590008016735,,서울특별시 강남구 테헤란로 521,135732,06164,,,,127.060804431449,37.5091915130673
MA0106202201A2011873,하이드어웨이,파르나스몰점,G2,소매,G209,섬유·의복·신발 소매,G20905,기타 의류 소매업,G47419,기타 의복 소매업,11,서울특별시,11680,강남구,11680580,삼성1동,1168010500,삼성동,1168010500101590008,1,대지,159,8,서울특별시 강남구 삼성동 159-8,116803122010,서울특별시 강남구 테헤란로,521,,1168010500101590008016735,,서울특별시 강남구 테헤란로 521,135732,06164,,,,127.060804431449,37.5091915130673
MA0106202201A0153463,커피빈코리아CBTL,파르나스몰점,I2,음식,I212,비알코올 ,I21201,카페,I56221,커피 전문점,11,서울특별시,11680,강남구,11680580,삼성1동,1168010500,삼성동,1168010500101590008,1,대지,159,8,서울특별시 강남구 삼성동 159-8,116803122010,서울특별시 강남구 테헤란로,521,,1168010500101590008016735,,서울특별시 강남구 테헤란로 521,135732,06164,,,,127.060804431449,37.5091915130673
MA0106202201A0787497,유스트코리아,파르나스몰점,G2,소매,G215,의약·화장품 소매,G21503,화장품 소매업,G47813,"화장품, 비누 및 방향제 소매업",11,서울특별시,11680,강남구,11680580,삼성1동,1168010500,삼성동,1168010500101590008,1,대지,159,8,서울특별시 강남구 삼성동 159-8,116803122010,서울특별시 강남구 테헤란로,521,,1168010500101590008016735,,서울특별시 강남구 테헤란로 521,135732,06164,,,,127.060804431449,37.5091915130673
MA0106202201A0388561,골든하인드/에그드랍파르나스점,,I2,음식,I201,한식,I20101,백반/한정식,I56111,한식 일반 음식점업,11,서울특별시,11680,강남구,11680580,삼성1동,1168010500,삼성동,1168010500101590008,1,대지,159,8,서울특별시 강남구 삼성동 159-8,116803122010,서울특별시 강남구 테헤란로,521,,1168010500101590008016735,,서울특별시 강남구 테헤란로 521,135732,06164,,,,127.060804431449,37.5091915130673
MA0106202201A0123364,지오다노파르나스몰,,G2,소매,G209,섬유·의복·신발 소매,G20905,기타 의류 소매업,G47419,기타 의복 소매업,11,서울특별시,11680,강남구,11680580,삼성1동,1168010500,삼성동,1168010500101590008,1,대지,159,8,서울특별시 강남구 삼성동 159-8,116803122010,서울특별시 강남구 테헤란로,521,,1168010500101590008016735,,서울특별시 강남구 테헤란로 521,135732,06164,,,,127.060804431449,37.5091915130673
MA0106202201A2328896,삼청동에그롤,파르나스몰점,I2,음식,I201,한식,I20101,백반/한정식,I56111,한식 일반 음식점업,11,서울특별시,11680,강남구,11680580,삼성1동,1168010500,삼성동,1168010500101590008,1,대지,159,8,서울특별시 강남구 삼성동 159-8,116803122010,서울특별시 강남구 테헤란로,521,,1168010500101590008016735,,서울특별시 강남구 테헤란로 521,135732,06164,,,,127.060804431449,37.5091915130673
MA0106202201A0787555,아이디조이레니본파르나스몰,,G2,소매,G209,섬유·의복·신발 소매,G20905,기타 의류 소매업,G47419,기타 의복 소매업,11,서울특별시,11680,강남구,11680580,삼성1동,1168010500,삼성동,1168010500101590008,1,대지,159,8,서울특별시 강남구 삼성동 159-8,116803122010,서울특별시 강남구 테헤란로,521,,1168010500101590008016735,,서울특별시 강남구 테헤란로 521,135732,06164,,,,127.060804431449,37.5091915130673
MA0106202201A0117402,인동에프엔코엑스,,G2,소매,G209,섬유·의복·신발 소매,G20905,기타 의류 소매업,G47419,기타 의복 소매업,11,서울특별시,11680,강남구,11680580,삼성1동,1168010500,삼성동,1168010500101590008,1,대지,159,8,서울특별시 강남구 삼성동 159-8,116803122010,서울특별시 강남구 테헤란로,521,,1168010500101590008016735,,서울특별시 강남구 테헤란로 521,135732,06164,,,,127.060804431449,37.5091915130673
MA0106202601A0144477,랄프로렌파르나스몰,코리아,G2,소매,G209,섬유·의복·신발 소매,G20905,기타 의류 소매업,G47419,기타 의복 소매업,11,서울특별시,11680,강남구,11680580,삼성1동,1168010500,삼성동,1168010500101590008,1,대지,159,8,서울특별시 강남구 삼성동 159-8,116803122010,서울특별시 강남구 테헤란로,521,,1168010500101590008016735,,서울특별시 강남구 테헤란로 521,135732,06164,,,,127.060804431449,37.5091915130673
MA0101202507A0025944,루스카서울유한책임회사,,M1,과학·기술,M107,본사·경영 컨설팅,M10703,경영 컨설팅업,M71531,경영 컨설팅업,11,서울특별시,11680,강남구,11680580,삼성1동,1168010500,삼성동,1168010500101590008,1,대지,159,8,서울특별시 강남구 삼성동 159-8,116803122010,서울특별시 강남구 테헤란로,521,,1168010500101590008016735,파르나스타워,서울특별시 강남구 테헤란로 521,135732,06164,,29,,127.060804431449,37.5091915130673
MA0101202508A0025373,페트라브릿지파트너스,,M1,과학·기술,M107,본사·경영 컨설팅,M10703,경영 컨설팅업,M71531,경영 컨설팅업,11,서울특별시,11680,강남구,11680580,삼성1동,1168010500,삼성동,1168010500101590008,1,대지,159,8,서울특별시 강남구 삼성동 159-8,116803122010,서울특별시 강남구 테헤란로,521,,1168010500101590008016735,파르나스타워,서울특별시 강남구 테헤란로 521,135732,06164,,29,,127.060804431449,37.5091915130673
MA0106202506A0244727,아메리칸트레일러,파르나스몰점,G2,소매,G221,기타 상품 소매,G22199,그 외 기타 상품 전문 소매업,G47859,그 외 기타 분류 안된 상품 전문 소매업,11,서울특별시,11680,강남구,11680580,삼성1동,1168010500,삼성동,1168010500101590008,1,대지,159,8,서울특별시 강남구 삼성동 159-8,116803122010,서울특별시 강남구 테헤란로,521,,1168010500101590008016735,,서울특별시 강남구 테헤란로 521,135732,06164,,,,127.060804431449,37.5091915130673
MA0101202601A0012672,스트릿,파르나스몰점,I2,음식,I201,한식,I20101,백반/한정식,I56111,한식 일반 음식점업,11,서울특별시,11680,강남구,11680580,삼성1동,1168010500,삼성동,1168010500101590008,1,대지,159,8,서울특별시 강남구 삼성동 159-8,116803122010,서울특별시 강남구 테헤란로,521,,1168010500101590008016735,파르나스타워,서울특별시 강남구 테헤란로 521,135732,06164,,1,,127.060804431449,37.5091915130673
MA0101202512A0037812,법무법인아믹,,M1,과학·기술,M103,법무관련 ,M10301,변호사,M71101,변호사업,11,서울특별시,11680,강남구,11680580,삼성1동,1168010500,삼성동,1168010500101590008,1,대지,159,8,서울특별시 강남구 삼성동 159-8,116803122010,서울특별시 강남구 테헤란로,521,,1168010500101590008016735,파르나스타워,서울특별시 강남구 테헤란로 521,135732,06164,,29,,127.060804431449,37.5091915130673
MA0101202603A0039517,젤라떼리아도도파르나스,,I2,음식,I210,기타 간이,I21008,아이스크림/빙수,I56194,김밥 및 기타 간이 음식점업,11,서울특별시,11680,강남구,11680580,삼성1동,1168010500,삼성동,1168010500101590008,1,대지,159,8,서울특별시 강남구 삼성동 159-8,116803122010,서울특별시 강남구 테헤란로,521,,1168010500101590008016735,,서울특별시 강남구 테헤란로 521,135732,06164,,1,,127.060804431449,37.5091915130673
MA0106202602A0569538,폴바셋,파르나스몰점,I2,음식,I202,중식,I20201,중국집,I56121,중식 음식점업,11,서울특별시,11680,강남구,11680580,삼성1동,1168010500,삼성동,1168010500101590008,1,대지,159,8,서울특별시 강남구 삼성동 159-8,116803122010,서울특별시 강남구 테헤란로,521,,1168010500101590008016735,,서울특별시 강남구 테헤란로 521,135732,06164,,,,127.060804431449,37.5091915130673
MA0101202502A0095682,에퀴타스캐피탈파트너스,,M1,과학·기술,M107,본사·경영 컨설팅,M10703,경영 컨설팅업,M71531,경영 컨설팅업,11,서울특별시,11680,강남구,11680580,삼성1동,1168010500,삼성동,1168010500101590008,1,대지,159,8,서울특별시 강남구 삼성동 159-8,116803122010,서울특별시 강남구 테헤란로,521,,1168010500101590008016735,파르나스타워,서울특별시 강남구 테헤란로 521,135732,06164,,29,,127.060804431449,37.5091915130673
MA0101202502A0053733,희앤파트너스,,M1,과학·기술,M107,본사·경영 컨설팅,M10703,경영 컨설팅업,M71531,경영 컨설팅업,11,서울특별시,11680,강남구,11680580,삼성1동,1168010500,삼성동,1168010500101590008,1,대지,159,8,서울특별시 강남구 삼성동 159-8,116803122010,서울특별시 강남구 테헤란로,521,,1168010500101590008016735,,서울특별시 강남구 테헤란로 521,135732,06164,,29,,127.060804431449,37.5091915130673
MA0101202412A0039687,디도미파워,,M1,과학·기술,M107,본사·경영 컨설팅,M10703,경영 컨설팅업,M71531,경영 컨설팅업,11,서울특별시,11680,강남구,11680580,삼성1동,1168010500,삼성동,1168010500101590008,1,대지,159,8,서울특별시 강남구 삼성동 159-8,116803122010,서울특별시 강남구 테헤란로,521,,1168010500101590008016735,파르나스타워,서울특별시 강남구 테헤란로 521,135732,06164,,29,,127.060804431449,37.5091915130673
MA0101202501A0073980,하파크리스틴코엑스,파르나스몰점,G2,소매,G216,안경·정밀기기 소매,G21602,안경렌즈 소매업,G47822,안경 및 렌즈 소매업,11,서울특별시,11680,강남구,11680580,삼성1동,1168010500,삼성동,1168010500101590008,1,대지,159,8,서울특별시 강남구 삼성동 159-8,116803122010,서울특별시 강남구 테헤란로,521,,1168010500101590008016735,파르나스타워,서울특별시 강남구 테헤란로 521,135732,06164,,1,,127.060804431449,37.5091915130673
MA0101202504A0017562,특허법률사무소승일,,M1,과학·기술,M103,법무관련 ,M10302,변리사,M71102,변리사업,11,서울특별시,11680,강남구,11680580,삼성1동,1168010500,삼성동,1168010500101590008,1,대지,159,8,서울특별시 강남구 삼성동 159-8,116803122010,서울특별시 강남구 테헤란로,521,,1168010500101590008016735,파르나스타워,서울특별시 강남구 테헤란로 521,135732,06164,,29,,127.060804431449,37.5091915130673
MA0106202505A0074946,아식스오니츠카타이거파르나스점,코리아,G2,소매,G213,오락용품 소매,G21304,운동용품 소매업,G47631,운동 및 경기용품 소매업,11,서울특별시,11680,강남구,11680580,삼성1동,1168010500,삼성동,1168010500101590008,1,대지,159,8,서울특별시 강남구 삼성동 159-8,116803122010,서울특별시 강남구 테헤란로,521,,1168010500101590008016735,,서울특별시 강남구 테헤란로 521,135732,06164,,,,127.060804431449,37.5091915130673
MA0101202504A0063880,아이에스피컴퍼니,,M1,과학·기술,M107,본사·경영 컨설팅,M10703,경영 컨설팅업,M71531,경영 컨설팅업,11,서울특별시,11680,강남구,11680580,삼성1동,1168010500,삼성동,1168010500101590008,1,대지,159,8,서울특별시 강남구 삼성동 159-8,116803122010,서울특별시 강남구 테헤란로,521,,1168010500101590008016735,파르나스타워,서울특별시 강남구 테헤란로 521,135732,06164,,29,,127.060804431449,37.5091915130673
MA0106202502A0499396,신세계인터내셔날BBW파르나스,,G2,소매,G209,섬유·의복·신발 소매,G20905,기타 의류 소매업,G47419,기타 의복 소매업,11,서울특별시,11680,강남구,11680580,삼성1동,1168010500,삼성동,1168010500101590008,1,대지,159,8,서울특별시 강남구 삼성동 159-8,116803122010,서울특별시 강남구 테헤란로,521,,1168010500101590008016735,,서울특별시 강남구 테헤란로 521,135732,06164,,,,127.060804431449,37.5091915130673
MA0101202504A0085066,비스타헬스,코리아,M1,과학·기술,M107,본사·경영 컨설팅,M10703,경영 컨설팅업,M71531,경영 컨설팅업,11,서울특별시,11680,강남구,11680580,삼성1동,1168010500,삼성동,1168010500101590008,1,대지,159,8,서울특별시 강남구 삼성동 159-8,116803122010,서울특별시 강남구 테헤란로,521,,1168010500101590008016735,파르나스타워,서울특별시 강남구 테헤란로 521,135732,06164,,29,,127.060804431449,37.5091915130673
MA0101202502A0116409,퍼시픽,코리아,M1,과학·기술,M107,본사·경영 컨설팅,M10703,경영 컨설팅업,M71531,경영 컨설팅업,11,서울특별시,11680,강남구,11680580,삼성1동,1168010500,삼성동,1168010500101590008,1,대지,159,8,서울특별시 강남구 삼성동 159-8,116803122010,서울특별시 강남구 테헤란로,521,,1168010500101590008016735,파르나스타워,서울특별시 강남구 테헤란로 521,135732,06164,,29,,127.060804431449,37.5091915130673
MA0106202412A0056655,차이797,파르나스몰점,G2,소매,G214,연료 소매,G21403,가정용 연료 소매업,G47722,가정용 액체 연료 소매업,11,서울특별시,11680,강남구,11680580,삼성1동,1168010500,삼성동,1168010500101590008,1,대지,159,8,서울특별시 강남구 삼성동 159-8,116803122010,서울특별시 강남구 테헤란로,521,,1168010500101590008016735,,서울특별시 강남구 테헤란로 521,135732,06164,,,,127.060804431449,37.5091915130673
MA0101202409A0113503,디아지오프리스티지앳서울,코리아,G2,소매,G206,음료 소매,G20602,주류 소매업,G47221,음료 소매업,11,서울특별시,11680,강남구,11680580,삼성1동,1168010500,삼성동,1168010500101590008,1,대지,159,8,서울특별시 강남구 삼성동 159-8,116803122010,서울특별시 강남구 테헤란로,521,,1168010500101590008016735,파르나스타워,서울특별시 강남구 테헤란로 521,135732,06164,,7,,127.060804431449,37.5091915130673
MA0101202412A0036762,파인네스트부동산중개,,L1,부동산,L102,부동산 서비스,L10203,부동산 중개/대리업,L68221,부동산 중개 및 대리업,11,서울특별시,11680,강남구,11680580,삼성1동,1168010500,삼성동,1168010500101590008,1,대지,159,8,서울특별시 강남구 삼성동 159-8,116803122010,서울특별시 강남구 테헤란로,521,,1168010500101590008016735,파르나스타워,서울특별시 강남구 테헤란로 521,135732,06164,,29,,127.060804431449,37.5091915130673
MA0101202409A0091836,반도이용원,,S2,수리·개인,S207,이용·미용,S20701,미용실,S96111,이용업,11,서울특별시,11680,강남구,11680580,삼성1동,1168010500,삼성동,1168010500101590008,1,대지,159,8,서울특별시 강남구 삼성동 159-8,116803122010,서울특별시 강남구 테헤란로,521,,1168010500101590008016735,메트로폴리탄피트니스클럽내파르나스타워,서울특별시 강남구 테헤란로 521,135732,06164,,3,,127.060804431449,37.5091915130673
MA0101202409A0109788,이씨PUBLISHINGCO.KOREA,,M1,과학·기술,M105,광고,M10501,광고 대행업,M71310,광고 대행업,11,서울특별시,11680,강남구,11680580,삼성1동,1168010500,삼성동,1168010500101590008,1,대지,159,8,서울특별시 강남구 삼성동 159-8,116803122010,서울특별시 강남구 테헤란로,521,,1168010500101590008016735,파르나스타워,서울특별시 강남구 테헤란로 521,135732,06164,,29,,127.060804431449,37.5091915130673
MA0101202410A1000618,유앤문정신건강의학과,,Q1,보건의료,Q102,의원,Q10203,신경/정신과 의원,Q86201,일반의원,11,서울특별시,11680,강남구,11680610,대치2동,1168010600,대치동,1168010600109440021,1,대지,944,21,서울특별시 강남구 대치동 944-21,116804166701,서울특별시 강남구 영동대로85길,34,,1168010600109440021000001,대치2차,서울특별시 강남구 영동대로85길 34,135846,06180,,2,,127.060881686644,37.5068308407823
MA0101202602A0037467,나인위스키,,I2,음식,I204,서양식,I20401,경양식,I56123,서양식 음식점업,11,서울특별시,11680,강남구,11680610,대치2동,1168010600,대치동,1168010600109440021,1,대지,944,21,서울특별시 강남구 대치동 944-21,116804166701,서울특별시 강남구 영동대로85길,34,,1168010600109440021000001,대치2차아이파크,서울특별시 강남구 영동대로85길 34,135846,06180,,1,,127.060915565354,37.5067677529697
MA0106202201A0153703,스타럭스,,G2,소매,G209,섬유·의복·신발 소매,G20908,가발 소매업,G47422,의복 액세서리 및 모조 장신구 소매업,11,서울특별시,11680,강남구,11680580,삼성1동,1168010500,삼성동,1168010500101590001,1,대지,159,1,서울특별시 강남구 삼성동 159-1,116802122002,서울특별시 강남구 영동대로,511,,1168010500101590001016561,,서울특별시 강남구 영동대로 511,135729,06164,,,,127.061031584621,37.5103536917228
MA0106202301A2418352,엘오케이,,G2,소매,G215,의약·화장품 소매,G21503,화장품 소매업,G47813,"화장품, 비누 및 방향제 소매업",11,서울특별시,11680,강남구,11680580,삼성1동,1168010500,삼성동,1168010500101590001,1,대지,159,1,서울특별시 강남구 삼성동 159-1,116802122002,서울특별시 강남구 영동대로,511,,1168010500101590001016561,,서울특별시 강남구 영동대로 511,135729,06164,,,,127.061031584621,37.5103536917228
MA0106202201A0101302,파크에이아이,,G2,소매,G208,가전·통신 소매,G20801,컴퓨터/소프트웨어 소매업,G47311,"컴퓨터 및 주변장치, 소프트웨어 소매업",11,서울특별시,11680,강남구,11680580,삼성1동,1168010500,삼성동,1168010500101590001,1,대지,159,1,서울특별시 강남구 삼성동 159-1,116802122002,서울특별시 강남구 영동대로,511,,1168010500101590001016561,,서울특별시 강남구 영동대로 511,135729,06164,,,,127.061031584621,37.5103536917228
MA0106202201A1965379,탑클라우드탑클라우드52,,I2,음식,I204,서양식,I20401,경양식,I56123,서양식 음식점업,11,서울특별시,11680,강남구,11680580,삼성1동,1168010500,삼성동,1168010500101590001,1,대지,159,1,서울특별시 강남구 삼성동 159-1,116802122002,서울특별시 강남구 영동대로,511,,1168010500101590001016561,,서울특별시 강남구 영동대로 511,135729,06164,,,,127.061031584621,37.5103536917228
MA0106202201A0153496,커피빈코엑스인터점,코리아,I2,음식,I212,비알코올 ,I21201,카페,I56221,커피 전문점,11,서울특별시,11680,강남구,11680580,삼성1동,1168010500,삼성동,1168010500101590001,1,대지,159,1,서울특별시 강남구 삼성동 159-1,116802122002,서울특별시 강남구 영동대로,511,,1168010500101590001016561,,서울특별시 강남구 영동대로 511,135729,06164,,,,127.061031584621,37.5103536917228
MA0101202602A0034309,한상은특허법률사무소,,M1,과학·기술,M103,법무관련 ,M10302,변리사,M71102,변리사업,11,서울특별시,11680,강남구,11680580,삼성1동,1168010500,삼성동,1168010500101590001,1,대지,159,1,서울특별시 강남구 삼성동 159-1,116802122002,서울특별시 강남구 영동대로,511,,1168010500101590001016561,트레이드타워,서울특별시 강남구 영동대로 511,135729,06164,,30,,127.061031584621,37.5103536917228
MA0101202512A0016471,밀라아이피,,M1,과학·기술,M115,기타 전문 과학,M11504,사업/무형 재산권 중개업,M73903,사업 및 무형 재산권 중개업,11,서울특별시,11680,강남구,11680580,삼성1동,1168010500,삼성동,1168010500101590001,1,대지,159,1,서울특별시 강남구 삼성동 159-1,116802122002,서울특별시 강남구 영동대로,511,,1168010500101590001016561,트레이드타워,서울특별시 강남구 영동대로 511,135729,06164,,27,,127.061031584621,37.5103536917228
MA0106202201A0152036,한국무역정보통신,,M1,과학·기술,M115,기타 전문 과학,M11502,번역/통역 서비스업,M73902,번역 및 통역 서비스업,11,서울특별시,11680,강남구,11680580,삼성1동,1168010500,삼성동,1168010500101590001,1,대지,159,1,서울특별시 강남구 삼성동 159-1,116802122002,서울특별시 강남구 영동대로,511,,1168010500101590001016561,,서울특별시 강남구 영동대로 511,135729,06164,,,,127.061031584621,37.5103536917228
MA0101202506A0021082,아셉틱헬스케어,,M1,과학·기술,M107,본사·경영 컨설팅,M10703,경영 컨설팅업,M71531,경영 컨설팅업,11,서울특별시,11680,강남구,11680580,삼성1동,1168010500,삼성동,1168010500101590001,1,대지,159,1,서울특별시 강남구 삼성동 159-1,116802122002,서울특별시 강남구 영동대로,511,,1168010500101590001016561,트레이드타워,서울특별시 강남구 영동대로 511,135729,06164,,30,,127.061031584621,37.5103536917228
MA0101202502A0011553,엑스와이지어드바이저스,,M1,과학·기술,M107,본사·경영 컨설팅,M10703,경영 컨설팅업,M71531,경영 컨설팅업,11,서울특별시,11680,강남구,11680580,삼성1동,1168010500,삼성동,1168010500101590001,1,대지,159,1,서울특별시 강남구 삼성동 159-1,116802122002,서울특별시 강남구 영동대로,511,,1168010500101590001016561,트레이드타워,서울특별시 강남구 영동대로 511,135729,06164,,27,,127.061031584621,37.5103536917228
MA0101202506A0036145,법무법인초원,,M1,과학·기술,M103,법무관련 ,M10301,변호사,M71101,변호사업,11,서울특별시,11680,강남구,11680580,삼성1동,1168010500,삼성동,1168010500101590001,1,대지,159,1,서울특별시 강남구 삼성동 159-1,116802122002,서울특별시 강남구 영동대로,511,,1168010500101590001016561,트레이드타워,서울특별시 강남구 영동대로 511,135729,06164,,,,127.061031584621,37.5103536917228
MA0101202412A0077028,파이노스,코리아,M1,과학·기술,M107,본사·경영 컨설팅,M10703,경영 컨설팅업,M71531,경영 컨설팅업,11,서울특별시,11680,강남구,11680580,삼성1동,1168010500,삼성동,1168010500101590001,1,대지,159,1,서울특별시 강남구 삼성동 159-1,116802122002,서울특별시 강남구 영동대로,511,,1168010500101590001016561,트레이드타워,서울특별시 강남구 영동대로 511,135729,06164,,30,,127.061031584621,37.5103536917228
MA0101202411A0170474,이너챕터,,M1,과학·기술,M106,시장 조사,M10601,시장 조사 및 여론 조사업,M71400,시장 조사 및 여론 조사업,11,서울특별시,11680,강남구,11680580,삼성1동,1168010500,삼성동,1168010500101590001,1,대지,159,1,서울특별시 강남구 삼성동 159-1,116802122002,서울특별시 강남구 영동대로,511,,1168010500101590001016561,,서울특별시 강남구 영동대로 511,135729,06164,,30,,127.061031584621,37.5103536917228
MA0106202201A1168619,투썸플레이스,삼성역점,I2,음식,I212,비알코올 ,I21201,카페,I56221,커피 전문점,11,서울특별시,11680,강남구,11680610,대치2동,1168010600,대치동,1168010600109450000,1,대지,945,,서울특별시 강남구 대치동 945,116803122010,서울특별시 강남구 테헤란로,520,,1168010600109450000012103,,서울특별시 강남구 테헤란로 520,135846,06181,,,,127.061063453718,37.507821852319
MA0106202208A0153393,쎄라덤,,G2,소매,G215,의약·화장품 소매,G21503,화장품 소매업,G47813,"화장품, 비누 및 방향제 소매업",11,서울특별시,11680,강남구,11680610,대치2동,1168010600,대치동,1168010600109450000,1,대지,945,,서울특별시 강남구 대치동 945,116803122010,서울특별시 강남구 테헤란로,520,,1168010600109450000012103,,서울특별시 강남구 테헤란로 520,135846,06181,,,,127.061063453718,37.507821852319
MA0101202511A0036036,셀브이헬스,,M1,과학·기술,M107,본사·경영 컨설팅,M10703,경영 컨설팅업,M71531,경영 컨설팅업,11,서울특별시,11680,강남구,11680610,대치2동,1168010600,대치동,1168010600109450000,1,대지,945,,서울특별시 강남구 대치동 945,116803122010,서울특별시 강남구 테헤란로,520,,1168010600109450000012103,삼안빌딩,서울특별시 강남구 테헤란로 520,135846,06181,,7,,127.061063453718,37.507821852319
MA0101202504A0087536,법무법인서이헌,,M1,과학·기술,M103,법무관련 ,M10301,변호사,M71101,변호사업,11,서울특별시,11680,강남구,11680610,대치2동,1168010600,대치동,1168010600109450000,1,대지,945,,서울특별시 강남구 대치동 945,116803122010,서울특별시 강남구 테헤란로,520,,1168010600109450000012103,삼안빌딩,서울특별시 강남구 테헤란로 520,135846,06181,,9,,127.061063453718,37.507821852319
MA0101202503A0024315,브릿지골프,,R1,예술·스포츠,R103,스포츠 서비스,R10311,골프 연습장,R91136,골프 연습장 운영업,11,서울특별시,11680,강남구,11680610,대치2동,1168010600,대치동,1168010600109450000,1,대지,945,,서울특별시 강남구 대치동 945,116803122010,서울특별시 강남구 테헤란로,520,,1168010600109450000012103,삼안빌딩,서울특별시 강남구 테헤란로 520,135846,06181,,1,,127.061063453718,37.507821852319
MA0101202601A0029263,더비욘드파트너스,,M1,과학·기술,M107,본사·경영 컨설팅,M10703,경영 컨설팅업,M71531,경영 컨설팅업,11,서울특별시,11680,강남구,11680610,대치2동,1168010600,대치동,1168010600109440029,1,대지,944,29,서울특별시 강남구 대치동 944-29,116804166701,서울특별시 강남구 영동대로85길,30,,1168010600109440029000001,층은탑타워,서울특별시 강남구 영동대로85길 30,135846,06180,,6,,127.061107871677,37.5068127038912
MA0101202603A0033181,한국법률서비스교육협회,,P1,교육,P107,교육 지원,P10799,기타 교육지원 서비스업,P85709,기타 교육지원 서비스업,11,서울특별시,11680,강남구,11680610,대치2동,1168010600,대치동,1168010600109440029,1,대지,944,29,서울특별시 강남구 대치동 944-29,116804166701,서울특별시 강남구 영동대로85길,30,,1168010600109440029000001,,서울특별시 강남구 영동대로85길 30,135846,06180,,10,,127.061107871677,37.5068127038912
MA0101202409A0137404,호피,코리아,M1,과학·기술,M107,본사·경영 컨설팅,M10703,경영 컨설팅업,M71531,경영 컨설팅업,11,서울특별시,11680,강남구,11680610,대치2동,1168010600,대치동,1168010600109440020,1,대지,944,20,서울특별시 강남구 대치동 944-20,116804166768,서울특별시 강남구 테헤란로92길,14,,1168010600109440020012138,동우리빌딩,서울특별시 강남구 테헤란로92길 14,135846,06180,,9,,127.061153288005,37.5070289215721
MA0106202201A0658986,맥서브,,M1,과학·기술,M115,기타 전문 과학,M11502,번역/통역 서비스업,M73902,번역 및 통역 서비스업,11,서울특별시,11680,강남구,11680610,대치2동,1168010600,대치동,1168010600109440030,1,대지,944,30,서울특별시 강남구 대치동 944-30,116804166701,서울특별시 강남구 영동대로85길,28,,1168010600109440030000001,,서울특별시 강남구 영동대로85길 28,135846,06180,,,,127.06125493827,37.5068576779674
MA0101202502A0089390,스타에셋파트너스,,M1,과학·기술,M107,본사·경영 컨설팅,M10703,경영 컨설팅업,M71531,경영 컨설팅업,11,서울특별시,11680,강남구,11680610,대치2동,1168010600,대치동,1168010600109440030,1,대지,944,30,서울특별시 강남구 대치동 944-30,116804166701,서울특별시 강남구 영동대로85길,28,,1168010600109440030000001,성원타워,서울특별시 강남구 영동대로85길 28,135846,06180,,6,,127.06125493827,37.5068576779674
MA0106202212A0648816,쌤소나이트,코리아,G2,소매,G209,섬유·의복·신발 소매,G20911,가방 소매업,G47440,가방 및 기타 가죽제품 소매업,11,서울특별시,11680,강남구,11680610,대치2동,1168010600,대치동,1168010600109450001,1,대지,945,1,서울특별시 강남구 대치동 945-1,116803122010,서울특별시 강남구 테헤란로,522,,1168010600109450001012097,,서울특별시 강남구 테헤란로 522,135846,06181,,,,127.061346280839,37.5079118062538
MA0101202601A0006005,법무법인제이알,,M1,과학·기술,M103,법무관련 ,M10301,변호사,M71101,변호사업,11,서울특별시,11680,강남구,11680610,대치2동,1168010600,대치동,1168010600109450001,1,대지,945,1,서울특별시 강남구 대치동 945-1,116803122010,서울특별시 강남구 테헤란로,522,,1168010600109450001012097,홍우빌딩,서울특별시 강남구 테헤란로 522,135846,06181,,5,,127.061346280839,37.5079118062538
MA0101202508A0013776,하브삼성,,S2,수리·개인,S207,이용·미용,S20701,미용실,S96112,두발 미용업,11,서울특별시,11680,강남구,11680610,대치2동,1168010600,대치동,1168010600109450028,1,대지,945,28,서울특별시 강남구 대치동 945-28,116804166768,서울특별시 강남구 테헤란로92길,11,,1168010600109450028012125,,서울특별시 강남구 테헤란로92길 11,135846,06181,,4,,127.061368399578,37.5072991114817
MA0101202505A0083953,자연산횟집,,I2,음식,I201,한식,I20111,횟집,I56111,한식 일반 음식점업,11,서울특별시,11680,강남구,11680610,대치2동,1168010600,대치동,1168010600109450028,1,대지,945,28,서울특별시 강남구 대치동 945-28,116804166768,서울특별시 강남구 테헤란로92길,11,,1168010600109450028012125,,서울특별시 강남구 테헤란로92길 11,135846,06181,,1,,127.061368399578,37.5072991114817
MA0101202604A0015340,젠틀스트릿커피,,I2,음식,I212,비알코올 ,I21201,카페,I56221,커피 전문점,11,서울특별시,11680,강남구,11680610,대치2동,1168010600,대치동,1168010600109450025,1,대지,945,25,서울특별시 강남구 대치동 945-25,116804166769,서울특별시 강남구 테헤란로98길,6,9,1168010600109450025012112,,서울특별시 강남구 테헤란로98길 6-9,135846,06181,,1,,127.0615609517,37.5076413931318
MA0101202510A0033078,이엔씨앤파트너스,,M1,과학·기술,M107,본사·경영 컨설팅,M10703,경영 컨설팅업,M71531,경영 컨설팅업,11,서울특별시,11680,강남구,11680610,대치2동,1168010600,대치동,1168010600109450025,1,대지,945,25,서울특별시 강남구 대치동 945-25,116804166769,서울특별시 강남구 테헤란로98길,6,9,1168010600109450025012112,티아이타워,서울특별시 강남구 테헤란로98길 6-9,135846,06181,,4,,127.0615609517,37.5076413931318
MA0101202507A0024789,법무법인송율,,M1,과학·기술,M103,법무관련 ,M10301,변호사,M71101,변호사업,11,서울특별시,11680,강남구,11680610,대치2동,1168010600,대치동,1168010600109450025,1,대지,945,25,서울특별시 강남구 대치동 945-25,116804166769,서울특별시 강남구 테헤란로98길,6,9,1168010600109450025012112,,서울특별시 강남구 테헤란로98길 6-9,135846,06181,,9,,127.0615609517,37.5076413931318
MA0101202602A0023277,이그니스랩,,M1,과학·기술,M105,광고,M10501,광고 대행업,M71310,광고 대행업,11,서울특별시,11680,강남구,11680610,대치2동,1168010600,대치동,1168010600109450023,1,대지,945,23,서울특별시 강남구 대치동 945-23,116804166701,서울특별시 강남구 영동대로85길,20,7,1168010600109450023012120,,서울특별시 강남구 영동대로85길 20-7,135846,06181,,5,,127.061617287475,37.5073800723549
MA0101202507A0033963,아이로보틱스혁신성장1호,,M1,과학·기술,M107,본사·경영 컨설팅,M10703,경영 컨설팅업,M71531,경영 컨설팅업,11,서울특별시,11680,강남구,11680610,대치2동,1168010600,대치동,1168010600109450023,1,대지,945,23,서울특별시 강남구 대치동 945-23,116804166701,서울특별시 강남구 영동대로85길,20,7,1168010600109450023012120,,서울특별시 강남구 영동대로85길 20-7,135846,06181,,4,,127.061617287475,37.5073800723549
MA0101202505A0068755,세경아이앤씨,,M1,과학·기술,M107,본사·경영 컨설팅,M10703,경영 컨설팅업,M71531,경영 컨설팅업,11,서울특별시,11680,강남구,11680610,대치2동,1168010600,대치동,1168010600109450023,1,대지,945,23,서울특별시 강남구 대치동 945-23,116804166701,서울특별시 강남구 영동대로85길,20,7,1168010600109450023012120,,서울특별시 강남구 영동대로85길 20-7,135846,06181,,5,,127.061617287475,37.5073800723549
MA0101202409A0258246,삼성숨정신건강의학과의원,,Q1,보건의료,Q102,의원,Q10203,신경/정신과 의원,Q86201,일반의원,11,서울특별시,11680,강남구,11680610,대치2동,1168010600,대치동,1168010600109450020,1,대지,945,20,서울특별시 강남구 대치동 945-20,116804166701,서울특별시 강남구 영동대로85길,20,,1168010600109450020012140,,서울특별시 강남구 영동대로85길 20,135846,06181,,2,,127.06168485875,37.5070286451821
MA0101202509A0020266,프레시크레딧,삼성역점,G2,소매,G205,식료품 소매,G20506,채소/과일 소매업,G47215,"채소, 과실 및 뿌리작물 소매업",11,서울특별시,11680,강남구,11680610,대치2동,1168010600,대치동,1168010600109450020,1,대지,945,20,서울특별시 강남구 대치동 945-20,116804166701,서울특별시 강남구 영동대로85길,20,,1168010600109450020012140,대치3차,서울특별시 강남구 영동대로85길 20,135846,06181,,1,,127.06168485875,37.5070286451821
MA0101202506A0026612,제로바디남자왁싱&테라피,,S2,수리·개인,S207,이용·미용,S20702,피부 관리실,S96113,피부 미용업,11,서울특별시,11680,강남구,11680610,대치2동,1168010600,대치동,1168010600109450022,1,대지,945,22,서울특별시 강남구 대치동 945-22,116804166701,서울특별시 강남구 영동대로85길,20,5,1168010600109450022012124,,서울특별시 강남구 영동대로85길 20-5,135846,06181,,,,127.061707686443,37.50728091463
MA0101202506A0037674,대치위너스프리미엄학사,,I1,숙박,I102,기타 숙박,I10201,기숙사/고시원,I55901,기숙사 및 고시원 운영업,11,서울특별시,11680,강남구,11680610,대치2동,1168010600,대치동,1168010600109450021,1,대지,945,21,서울특별시 강남구 대치동 945-21,116804166701,서울특별시 강남구 영동대로85길,20,3,1168010600109450021012131,,서울특별시 강남구 영동대로85길 20-3,135846,06181,,6,,127.061775472519,37.5071907787113
MA0101202409A0049355,아리아요가대치,삼성점,P1,교육,P106,기타 교육,P10603,요가/필라테스 학원,P85612,기타 스포츠 교육기관,11,서울특별시,11680,강남구,11680610,대치2동,1168010600,대치동,1168010600109450021,1,대지,945,21,서울특별시 강남구 대치동 945-21,116804166701,서울특별시 강남구 영동대로85길,20,3,1168010600109450021012131,,서울특별시 강남구 영동대로85길 20-3,135846,06181,,4,,127.061775472519,37.5071907787113
MA0101202601A0014815,파리크라상키친,삼성역점,I2,음식,I210,기타 간이,I21001,빵/도넛,I56123,서양식 음식점업,11,서울특별시,11680,강남구,11680610,대치2동,1168010600,대치동,1168010600109450005,1,대지,945,5,서울특별시 강남구 대치동 945-5,116803122010,서울특별시 강남구 테헤란로,528,,1168010600109450005000001,,서울특별시 강남구 테헤란로 528,135846,06181,,1,,127.061991108347,37.5080916705636
MA0101202410A0069786,연세유앤김정신과의원,,Q1,보건의료,Q102,의원,Q10203,신경/정신과 의원,Q86201,일반의원,11,서울특별시,11680,강남구,11680610,대치2동,1168010600,대치동,1168010600109450005,1,대지,945,5,서울특별시 강남구 대치동 945-5,116803122010,서울특별시 강남구 테헤란로,528,,1168010600109450005000001,슈페리어타워,서울특별시 강남구 테헤란로 528,135846,06181,,6,,127.061991108347,37.5080916705636
MA0101202410A0669669,소올한의원,,Q1,보건의료,Q102,의원,Q10211,한의원,Q86203,한의원,11,서울특별시,11680,강남구,11680610,대치2동,1168010600,대치동,1168010600109450005,1,대지,945,5,서울특별시 강남구 대치동 945-5,116803122010,서울특별시 강남구 테헤란로,528,,1168010600109450005000001,슈페리어타워,서울특별시 강남구 테헤란로 528,135846,06181,,3,,127.061991108347,37.5080916705636
MA0101202410A0695454,리뉴서울안과의원,,Q1,보건의료,Q102,의원,Q10205,안과 의원,Q86201,일반의원,11,서울특별시,11680,강남구,11680610,대치2동,1168010600,대치동,1168010600109450005,1,대지,945,5,서울특별시 강남구 대치동 945-5,116803122010,서울특별시 강남구 테헤란로,528,,1168010600109450005000001,슈페리어타워,서울특별시 강남구 테헤란로 528,135846,06181,,9,,127.061991108347,37.5080916705636
MA0106202301A2423412,정관장대치타워,본점,G2,소매,G205,식료품 소매,G20508,건강보조식품 소매업,G47217,건강 보조식품 소매업,11,서울특별시,11680,강남구,11680610,대치2동,1168010600,대치동,1168010600109450010,1,대지,945,10,서울특별시 강남구 대치동 945-10,116804166769,서울특별시 강남구 테헤란로98길,8,,1168010600109450010000001,,서울특별시 강남구 테헤란로98길 8,135846,06181,,,,127.06201338584,37.5076771966704
MA0101202602A0007034,서현회계법인,,M1,과학·기술,M104,회계·세무,M10402,세무사,M71202,세무사업,11,서울특별시,11680,강남구,11680610,대치2동,1168010600,대치동,1168010600109450010,1,대지,945,10,서울특별시 강남구 대치동 945-10,116804166769,서울특별시 강남구 테헤란로98길,8,,1168010600109450010000001,대치타워,서울특별시 강남구 테헤란로98길 8,135846,06181,,12,,127.06201338584,37.5076771966704
MA0101202409A0056313,세븐삼성역점,코리아,G2,소매,G204,종합 소매,G20405,편의점,G47122,체인화 편의점,11,서울특별시,11680,강남구,11680610,대치2동,1168010600,대치동,1168010600109460000,1,대지,946,,서울특별시 강남구 대치동 946,116803122010,서울특별시 강남구 테헤란로,532,,1168010600109460000012080,,서울특별시 강남구 테헤란로 532,135846,06181,,1,,127.062273952566,37.5081996423581
MA0106202308A1069646,바나프레소,삼성역점,I2,음식,I201,한식,I20101,백반/한정식,I56111,한식 일반 음식점업,11,서울특별시,11680,강남구,11680610,대치2동,1168010600,대치동,1168010600109460000,1,대지,946,,서울특별시 강남구 대치동 946,116803122010,서울특별시 강남구 테헤란로,532,,1168010600109460000012080,,서울특별시 강남구 테헤란로 532,135846,06181,,,,127.062273952566,37.5081996423581
MA0106202305A0147907,세븐일레븐,삼성역점,G2,소매,G204,종합 소매,G20405,편의점,G47121,슈퍼마켓,11,서울특별시,11680,강남구,11680610,대치2동,1168010600,대치동,1168010600109460000,1,대지,946,,서울특별시 강남구 대치동 946,116803122010,서울특별시 강남구 테헤란로,532,,1168010600109460000012080,,서울특별시 강남구 테헤란로 532,135846,06181,,,,127.062273952566,37.5081996423581
MA0101202410A0070594,삼성경희한의원,,Q1,보건의료,Q102,의원,Q10211,한의원,Q86203,한의원,11,서울특별시,11680,강남구,11680610,대치2동,1168010600,대치동,1168010600109460000,1,대지,946,,서울특별시 강남구 대치동 946,116803122010,서울특별시 강남구 테헤란로,532,,1168010600109460000012080,,서울특별시 강남구 테헤란로 532,135846,06181,,3,,127.062273952566,37.5081996423581
MA0101202505A0052373,베이스캠프,,I1,숙박,I101,일반 숙박,I10103,펜션,I55104,민박업,11,서울특별시,11680,강남구,11680610,대치2동,1168010600,대치동,1168010600109510009,1,대지,951,9,서울특별시 강남구 대치동 951-9,116804166701,서울특별시 강남구 영동대로85길,17,10,1168010600109510009012177,비취타운,서울특별시 강남구 영동대로85길 17-10,135847,06183,,2,,127.062283653304,37.5062624767492
MA0101202409A0099145,업투,삼성역,R1,예술·스포츠,R103,스포츠 서비스,R10307,헬스장,R91132,체력 단련시설 운영업,11,서울특별시,11680,강남구,11680610,대치2동,1168010600,대치동,1168010600109450015,1,대지,945,15,서울특별시 강남구 대치동 945-15,116804166769,서울특별시 강남구 테헤란로98길,16,,1168010600109450015012126,제주장학회관,서울특별시 강남구 테헤란로98길 16,135846,06181,,2,,127.062363647073,37.5072535399926
MA0101202602A0012558,변호사박재억법률사무소,,M1,과학·기술,M103,법무관련 ,M10301,변호사,M71101,변호사업,11,서울특별시,11680,강남구,11680610,대치2동,1168010600,대치동,1168010600109450015,1,대지,945,15,서울특별시 강남구 대치동 945-15,116804166769,서울특별시 강남구 테헤란로98길,16,,1168010600109450015012126,,서울특별시 강남구 테헤란로98길 16,135846,06181,,8,,127.062363647073,37.5072535399926
MA0101202503A0010956,남오토코,대치점,I2,음식,I211,주점,I21104,요리 주점,I56111,한식 일반 음식점업,11,서울특별시,11680,강남구,11680610,대치2동,1168010600,대치동,1168010600109450015,1,대지,945,15,서울특별시 강남구 대치동 945-15,116804166769,서울특별시 강남구 테헤란로98길,16,,1168010600109450015012126,,서울특별시 강남구 테헤란로98길 16,135846,06181,,1,,127.062363647073,37.5072535399926
MA0101202410A0071459,보보스평생교육원,,P1,교육,P106,기타 교육,P10625,기타 기술/직업 훈련학원,P85669,기타 기술 및 직업 훈련학원,11,서울특별시,11680,강남구,11680610,대치2동,1168010600,대치동,1168010600109450015,1,대지,945,15,서울특별시 강남구 대치동 945-15,116804166769,서울특별시 강남구 테헤란로98길,16,,1168010600109450015012126,동장학빌딩,서울특별시 강남구 테헤란로98길 16,135846,06181,,4,,127.062363647073,37.5072535399926
MA0101202603A0038043,두나미스파트너스,,M1,과학·기술,M107,본사·경영 컨설팅,M10703,경영 컨설팅업,M71531,경영 컨설팅업,11,서울특별시,11680,강남구,11680610,대치2동,1168010600,대치동,1168010600109500002,1,대지,950,2,서울특별시 강남구 대치동 950-2,116804166701,서울특별시 강남구 영동대로85길,17,5,1168010600109500002012150,,서울특별시 강남구 영동대로85길 17-5,135847,06183,,,,127.06238583229,37.5067309454259
MA0101202504A0075087,슈퍼보바삼성,본점,I2,음식,I212,비알코올 ,I21201,카페,I56229,기타 비알코올 음료점업,11,서울특별시,11680,강남구,11680610,대치2동,1168010600,대치동,1168010600109500001,1,대지,950,1,서울특별시 강남구 대치동 950-1,116804166701,서울특별시 강남구 영동대로85길,13,,1168010600109500001028185,대치동송석빌딩,서울특별시 강남구 영동대로85길 13,135847,06183,,1,,127.062600887255,37.5069290527397
MA0106202201A0744191,카페맞닿은,삼성점,I2,음식,I212,비알코올 ,I21201,카페,I56221,커피 전문점,11,서울특별시,11680,강남구,11680610,대치2동,1168010600,대치동,1168010600109460018,1,대지,946,18,서울특별시 강남구 대치동 946-18,116804166769,서울특별시 강남구 테헤란로98길,11,,1168010600109460018012110,,서울특별시 강남구 테헤란로98길 11,135846,06181,,,,127.06273721048,37.5076497843122
MA0101202509A0043126,라그랑드떼르,,M1,과학·기술,M107,본사·경영 컨설팅,M10703,경영 컨설팅업,M71531,경영 컨설팅업,11,서울특별시,11680,강남구,11680610,대치2동,1168010600,대치동,1168010600109460001,1,대지,946,1,서울특별시 강남구 대치동 946-1,116803122010,서울특별시 강남구 테헤란로,534,,1168010600109460008012087,글라스타워,서울특별시 강남구 테헤란로 534,135708,06181,,20,,127.062805395724,37.5080371801361
MA0101202512A0010909,피엠케이그룹,코리아,M1,과학·기술,M107,본사·경영 컨설팅,M10703,경영 컨설팅업,M71531,경영 컨설팅업,11,서울특별시,11680,강남구,11680610,대치2동,1168010600,대치동,1168010600109460001,1,대지,946,1,서울특별시 강남구 대치동 946-1,116803122010,서울특별시 강남구 테헤란로,534,,1168010600109460008012087,글라스타워,서울특별시 강남구 테헤란로 534,135708,06181,,20,,127.062805395724,37.5080371801361
MA0106202506A0056372,부자되세요창고43,삼성점,I2,음식,I201,한식,I20101,백반/한정식,I56111,한식 일반 음식점업,11,서울특별시,11680,강남구,11680610,대치2동,1168010600,대치동,1168010600109460001,1,대지,946,1,서울특별시 강남구 대치동 946-1,116803122010,서울특별시 강남구 테헤란로,534,,1168010600109460008012087,,서울특별시 강남구 테헤란로 534,135708,06181,,,,127.062805395724,37.5080371801361
MA0101202409A0241236,이음컨설팅,,L1,부동산,L102,부동산 서비스,L10203,부동산 중개/대리업,L68221,부동산 중개 및 대리업,11,서울특별시,11680,강남구,11680580,삼성1동,1168010500,삼성동,1168010500101680000,1,대지,168,,서울특별시 강남구 삼성동 168,116802122002,서울특별시 강남구 영동대로,510,,1168010500101680000016524,삼성빌딩,서울특별시 강남구 영동대로 510,135882,06173,,,,127.062852736565,37.5105419476433
MA0101202604A0003649,포카코,,I2,음식,I210,기타 간이,I21003,피자,I56192,"피자, 햄버거, 샌드위치 및 유사 음식점업",11,서울특별시,11680,강남구,11680580,삼성1동,1168010500,삼성동,1168010500101680000,1,대지,168,,서울특별시 강남구 삼성동 168,116802122002,서울특별시 강남구 영동대로,510,,1168010500101680000016524,삼성빌딩,서울특별시 강남구 영동대로 510,135882,06173,,1,,127.062852736565,37.5105419476433
MA0101202511A0040629,팬토리,,M1,과학·기술,M105,광고,M10501,광고 대행업,M71310,광고 대행업,11,서울특별시,11680,강남구,11680580,삼성1동,1168010500,삼성동,1168010500101680000,1,대지,168,,서울특별시 강남구 삼성동 168,116802122002,서울특별시 강남구 영동대로,510,,1168010500101680000016524,삼성빌딩,서울특별시 강남구 영동대로 510,135882,06173,,3,,127.062852736565,37.5105419476433
MA0101202507A0022962,투멘토잉글리쉬,삼성역점,P1,교육,P107,교육 지원,P10701,교육컨설팅업,P85701,교육관련 자문 및 평가업,11,서울특별시,11680,강남구,11680580,삼성1동,1168010500,삼성동,1168010500101680000,1,대지,168,,서울특별시 강남구 삼성동 168,116802122002,서울특별시 강남구 영동대로,510,,1168010500101680000016524,삼성빌딩,서울특별시 강남구 영동대로 510,135882,06173,,,,127.062852736565,37.5105419476433
MA0101202601A0030495,이노플랫랩,,M1,과학·기술,M105,광고,M10501,광고 대행업,M71310,광고 대행업,11,서울특별시,11680,강남구,11680580,삼성1동,1168010500,삼성동,1168010500101680000,1,대지,168,,서울특별시 강남구 삼성동 168,116802122002,서울특별시 강남구 영동대로,510,,1168010500101680000016524,삼성빌딩,서울특별시 강남구 영동대로 510,135882,06173,,,,127.062852736565,37.5105419476433
MA0101202504A0044713,솔향기푸드,,I2,음식,I201,한식,I20101,백반/한정식,I56111,한식 일반 음식점업,11,서울특별시,11680,강남구,11680580,삼성1동,1168010500,삼성동,1168010500101680000,1,대지,168,,서울특별시 강남구 삼성동 168,116802122002,서울특별시 강남구 영동대로,510,,1168010500101680000016524,삼성빌딩,서울특별시 강남구 영동대로 510,135882,06173,,,,127.062852736565,37.5105419476433
MA0101202603A0005156,스페서티,,M1,과학·기술,M107,본사·경영 컨설팅,M10703,경영 컨설팅업,M71531,경영 컨설팅업,11,서울특별시,11680,강남구,11680580,삼성1동,1168010500,삼성동,1168010500101680000,1,대지,168,,서울특별시 강남구 삼성동 168,116802122002,서울특별시 강남구 영동대로,510,,1168010500101680000016524,삼성빌딩,서울특별시 강남구 영동대로 510,135882,06173,,4,,127.062852736565,37.5105419476433
MA0101202410A0073650,김현수한의원,,Q1,보건의료,Q102,의원,Q10211,한의원,Q86203,한의원,11,서울특별시,11680,강남구,11680580,삼성1동,1168010500,삼성동,1168010500101680000,1,대지,168,,서울특별시 강남구 삼성동 168,116802122002,서울특별시 강남구 영동대로,510,,1168010500101680000016524,,서울특별시 강남구 영동대로 510,135882,06173,,,,127.062852736565,37.5105419476433
MA0101202410A0073647,삼성치과,,Q1,보건의료,Q102,의원,Q10210,치과의원,Q86202,치과의원,11,서울특별시,11680,강남구,11680580,삼성1동,1168010500,삼성동,1168010500101680000,1,대지,168,,서울특별시 강남구 삼성동 168,116802122002,서울특별시 강남구 영동대로,510,,1168010500101680000016524,삼성빌딩,서울특별시 강남구 영동대로 510,135882,06173,,,,127.062852736565,37.5105419476433
MA0106202201A0153148,커피빈삼성역글라스타워뒷점,코리아,I2,음식,I212,비알코올 ,I21201,카페,I56221,커피 전문점,11,서울특별시,11680,강남구,11680610,대치2동,1168010600,대치동,1168010600109470000,1,대지,947,,서울특별시 강남구 대치동 947,116804166701,서울특별시 강남구 영동대로85길,9,,1168010600109470000012135,,서울특별시 강남구 영동대로85길 9,135846,06182,,,,127.062895083333,37.5070910773473
MA0101202602A0008396,클린스타즈,,N1,시설관리·임대,N102,청소·방제,N10201,건축물 일반 청소업,N74211,건축물 일반 청소업,11,서울특별시,11680,강남구,11680610,대치2동,1168010600,대치동,1168010600109470000,1,대지,947,,서울특별시 강남구 대치동 947,116804166701,서울특별시 강남구 영동대로85길,9,,1168010600109470000012135,,서울특별시 강남구 영동대로85길 9,135846,06182,,2,,127.062895083333,37.5070910773473
MA0101202601A0037240,더록시삼성,,S2,수리·개인,S208,욕탕·신체관리,S20803,체형/비만 관리,S96129,체형 등 기타 신체 관리 서비스업,11,서울특별시,11680,강남구,11680610,대치2동,1168010600,대치동,1168010600109470000,1,대지,947,,서울특별시 강남구 대치동 947,116804166701,서울특별시 강남구 영동대로85길,9,,1168010600109470000012135,,서울특별시 강남구 영동대로85길 9,135846,06182,,5,,127.062895083333,37.5070910773473
MA0101202411A0030926,무이,삼성점,S2,수리·개인,S207,이용·미용,S20701,미용실,S96112,두발 미용업,11,서울특별시,11680,강남구,11680610,대치2동,1168010600,대치동,1168010600109470000,1,대지,947,,서울특별시 강남구 대치동 947,116804166701,서울특별시 강남구 영동대로85길,9,,1168010600109470000012135,서전빌딩,서울특별시 강남구 영동대로85길 9,135846,06182,,2,,127.062895083333,37.5070910773473
MA0101202409A0168778,백가향,,I2,음식,I202,중식,I20201,중국집,I56121,중식 음식점업,11,서울특별시,11680,강남구,11680610,대치2동,1168010600,대치동,1168010600109460015,1,대지,946,15,서울특별시 강남구 대치동 946-15,116804166701,서울특별시 강남구 영동대로85길,6,,1168010600109460015012118,,서울특별시 강남구 영동대로85길 6,135846,06181,,2,,127.062940603326,37.507424424905
MA0101202504A0072647,더에스온,,P1,교육,P107,교육 지원,P10799,기타 교육지원 서비스업,P85709,기타 교육지원 서비스업,11,서울특별시,11680,강남구,11680610,대치2동,1168010600,대치동,1168010600109670001,1,대지,967,1,서울특별시 강남구 대치동 967-1,116803122008,서울특별시 강남구 역삼로,548,,1168010600109670001012423,한국빌딩,서울특별시 강남구 역삼로 548,135848,06187,,3,,127.063062414515,37.5043339124982
MA0106202604A0484674,스타벅스,삼성휘문,I2,음식,I212,비알코올 ,I21201,카페,I56221,커피 전문점,11,서울특별시,11680,강남구,11680610,대치2동,1168010600,대치동,1168010600109470001,1,대지,947,1,서울특별시 강남구 대치동 947-1,116804166701,서울특별시 강남구 영동대로85길,7,,1168010600109470001026770,,서울특별시 강남구 영동대로85길 7,135846,06182,,,,127.063110004146,37.5071270029141
MA0106202407A0148148,인디에프,,G2,소매,G209,섬유·의복·신발 소매,G20905,기타 의류 소매업,G47419,기타 의복 소매업,11,서울특별시,11680,강남구,11680610,대치2동,1168010600,대치동,1168010600109460012,1,대지,946,12,서울특별시 강남구 대치동 946-12,116802122002,서울특별시 강남구 영동대로,429,,1168010600109460013014586,,서울특별시 강남구 영동대로 429,135846,06181,,,,127.063144359232,37.5076315472729
MA0106202201A0522460,신라스테이,삼성점,I1,숙박,I101,일반 숙박,I10101,호텔/리조트,I55101,호텔업,11,서울특별시,11680,강남구,11680580,삼성1동,1168010500,삼성동,1168010500101680003,1,대지,168,3,서울특별시 강남구 삼성동 168-3,116802122002,서울특별시 강남구 영동대로,506,,1168010500101680003016671,,서울특별시 강남구 영동대로 506,135882,06173,,,,127.063168900332,37.5099110758949
MA0101202406A0590249,케이제이이스포츠,,P1,교육,P107,교육 지원,P10799,기타 교육지원 서비스업,P85709,기타 교육지원 서비스업,11,서울특별시,11680,강남구,11680610,대치2동,1168010600,대치동,1168010600109670002,1,대지,967,2,서울특별시 강남구 대치동 967-2,116803122008,서울특별시 강남구 역삼로,550,,1168010600109670002012400,원영빌딩,서울특별시 강남구 역삼로 550,135848,06187,,5,,127.06325469307,37.5043518298006
MA0101202409A0207561,그린자켓,,R1,예술·스포츠,R103,스포츠 서비스,R10311,골프 연습장,R91136,골프 연습장 운영업,11,서울특별시,11680,강남구,11680610,대치2동,1168010600,대치동,1168010600109520002,1,대지,952,2,서울특별시 강남구 대치동 952-2,116803122008,서울특별시 강남구 역삼로,555,,1168010600109520002000001,대치동더블유타워,서울특별시 강남구 역삼로 555,135847,06183,,1,,127.063368337492,37.5050004926842
MA0101202408A0052067,슈퍼맥스스포츠그룹,,P1,교육,P106,기타 교육,P10603,요가/필라테스 학원,P85612,기타 스포츠 교육기관,11,서울특별시,11680,강남구,11680610,대치2동,1168010600,대치동,1168010600109520002,1,대지,952,2,서울특별시 강남구 대치동 952-2,116803122008,서울특별시 강남구 역삼로,555,,1168010600109520002000001,대치동더블유타워,서울특별시 강남구 역삼로 555,135847,06183,,1,,127.063368337492,37.5050004926842
MA0101202412A0069511,탈리아,,G2,소매,G217,시계·귀금속 소매,G21701,시계/귀금속 소매업,G47830,시계 및 귀금속 소매업,11,서울특별시,11680,강남구,11680610,대치2동,1168010600,대치동,1168010600109520002,1,대지,952,2,서울특별시 강남구 대치동 952-2,116803122008,서울특별시 강남구 역삼로,555,,1168010600109520002000001,대치동더블유타워,서울특별시 강남구 역삼로 555,135847,06183,,1,,127.063368337492,37.5050004926842
MA0101202411A0013903,자담,삼성역점,I2,음식,I210,기타 간이,I21006,치킨,I56193,치킨 전문점,11,서울특별시,11680,강남구,11680610,대치2동,1168010600,대치동,1168010600109520002,1,대지,952,2,서울특별시 강남구 대치동 952-2,116803122008,서울특별시 강남구 역삼로,555,,1168010600109520002000001,대치동더블유타워,서울특별시 강남구 역삼로 555,135847,06183,,1,,127.063368337492,37.5050004926842
MA0106202201A0667480,에이피알,,G2,소매,G215,의약·화장품 소매,G21503,화장품 소매업,G47813,"화장품, 비누 및 방향제 소매업",11,서울특별시,11680,강남구,11680580,삼성1동,1168010500,삼성동,1168010500101680020,1,대지,168,20,서울특별시 강남구 삼성동 168-20,116804166703,서울특별시 강남구 영동대로96길,8,8,1168010500101680020000001,,서울특별시 강남구 영동대로96길 8-8,135882,06173,,,,127.063395299841,37.510136205717
MA0101202604A0027735,더이음치과의원,,Q1,보건의료,Q102,의원,Q10210,치과의원,Q86202,치과의원,11,서울특별시,11680,강남구,11680610,대치2동,1168010600,대치동,1168010600109470007,1,대지,947,7,서울특별시 강남구 대치동 947-7,116802122002,서울특별시 강남구 영동대로,421,,1168010600109470007012136,삼탄빌딩,서울특별시 강남구 영동대로 421,135735,06182,,2,,127.063539678382,37.5070006318867
MA0106202301A2415994,스타벅스,삼성동,I2,음식,I212,비알코올 ,I21201,카페,I56221,커피 전문점,11,서울특별시,11680,강남구,11680580,삼성1동,1168010500,삼성동,1168010500101680022,1,대지,168,22,서울특별시 강남구 삼성동 168-22,116804166703,서울특별시 강남구 영동대로96길,12,,1168010500101680022016469,,서울특별시 강남구 영동대로96길 12,135882,06173,,,,127.063576779603,37.5107397811162
MA0106202305A1998098,현대그린푸드카페오토웨이,,G2,소매,G204,종합 소매,G20404,슈퍼마켓,G47121,슈퍼마켓,11,서울특별시,11680,강남구,11680610,대치2동,1168010600,대치동,1168010600109480000,1,대지,948,,서울특별시 강남구 대치동 948,116802122002,서울특별시 강남구 영동대로,417,,1168010600109480000000001,,서울특별시 강남구 영동대로 417,135847,06182,,,,127.063697413751,37.5062887530135
MA0101202509A0031056,씨엘로,코리아,N1,시설관리·임대,N104,고용 알선,N10401,고용 알선업,N75110,고용 알선업,11,서울특별시,11680,강남구,11680610,대치2동,1168010600,대치동,1168010600109480000,1,대지,948,,서울특별시 강남구 대치동 948,116802122002,서울특별시 강남구 영동대로,417,,1168010600109480000000001,,서울특별시 강남구 영동대로 417,135847,06182,,,,127.063697413751,37.5062887530135
MA0101202511A0018084,에프피에스비인터내셔널,코리아,P1,교육,P107,교육 지원,P10701,교육컨설팅업,P85701,교육관련 자문 및 평가업,11,서울특별시,11680,강남구,11680610,대치2동,1168010600,대치동,1168010600109480000,1,대지,948,,서울특별시 강남구 대치동 948,116802122002,서울특별시 강남구 영동대로,417,,1168010600109480000000001,,서울특별시 강남구 영동대로 417,135847,06182,,,,127.063697413751,37.5062887530135
MA0101202506A0023240,입시도모,,P1,교육,P107,교육 지원,P10701,교육컨설팅업,P85701,교육관련 자문 및 평가업,11,서울특별시,11680,강남구,11680610,대치2동,1168010600,대치동,1168010600109480000,1,대지,948,,서울특별시 강남구 대치동 948,116802122002,서울특별시 강남구 영동대로,417,,1168010600109480000000001,오토웨이타워,서울특별시 강남구 영동대로 417,135847,06182,,,,127.063697413751,37.5062887530135
MA0101202412A0053644,제니에듀컨설팅,,P1,교육,P107,교육 지원,P10799,기타 교육지원 서비스업,P85709,기타 교육지원 서비스업,11,서울특별시,11680,강남구,11680610,대치2동,1168010600,대치동,1168010600109480000,1,대지,948,,서울특별시 강남구 대치동 948,116802122002,서울특별시 강남구 영동대로,417,,1168010600109480000000001,오토웨이타워,서울특별시 강남구 영동대로 417,135847,06182,,1,,127.063697413751,37.5062887530135
MA0101202504A0053275,아크엣지파트너스,,M1,과학·기술,M107,본사·경영 컨설팅,M10703,경영 컨설팅업,M71531,경영 컨설팅업,11,서울특별시,11680,강남구,11680610,대치2동,1168010600,대치동,1168010600109480000,1,대지,948,,서울특별시 강남구 대치동 948,116802122002,서울특별시 강남구 영동대로,417,,1168010600109480000000001,오토웨이타워,서울특별시 강남구 영동대로 417,135847,06182,,1,,127.063697413751,37.5062887530135
MA0106202412A2001590,현대그린푸드네오플오토웨이타워카페,,G2,소매,G221,기타 상품 소매,G22199,그 외 기타 상품 전문 소매업,G47859,그 외 기타 분류 안된 상품 전문 소매업,11,서울특별시,11680,강남구,11680610,대치2동,1168010600,대치동,1168010600109480000,1,대지,948,,서울특별시 강남구 대치동 948,116802122002,서울특별시 강남구 영동대로,417,,1168010600109480000000001,,서울특별시 강남구 영동대로 417,135847,06182,,,,127.063697413751,37.5062887530135
MA0101202408A0046405,에스온수리영재아카데미수학센터학원,,P1,교육,P105,일반 교육,P10501,입시·교과학원,P85501,일반 교과학원,11,서울특별시,11680,강남구,11680610,대치2동,1168010600,대치동,1168010600109670005,1,대지,967,5,서울특별시 강남구 대치동 967-5,116803122008,서울특별시 강남구 역삼로,554,,1168010600109670005027034,정우빌딩,서울특별시 강남구 역삼로 554,135848,06187,,5,,127.063752507515,37.5045768135084
MA0101202410A0071085,영재사관학원,,P1,교육,P105,일반 교육,P10501,입시·교과학원,P85501,일반 교과학원,11,서울특별시,11680,강남구,11680610,대치2동,1168010600,대치동,1168010600109670005,1,대지,967,5,서울특별시 강남구 대치동 967-5,116803122008,서울특별시 강남구 역삼로,554,,1168010600109670005027034,정우빌딩,서울특별시 강남구 역삼로 554,135848,06187,,4,,127.063752507515,37.5045768135084
MA0106202312A0754379,노티드삼성,,I2,음식,I201,한식,I20101,백반/한정식,I56111,한식 일반 음식점업,11,서울특별시,11680,강남구,11680580,삼성1동,1168010500,삼성동,1168010500101680026,1,대지,168,26,서울특별시 강남구 삼성동 168-26,116804166710,서울특별시 강남구 테헤란로103길,9,,1168010500101680026016641,,서울특별시 강남구 테헤란로103길 9,135882,06173,,,,127.063892884346,37.5100458371743
MA0106202201A0222188,포스톤즈,,I2,음식,I201,한식,I20101,백반/한정식,I56111,한식 일반 음식점업,11,서울특별시,11680,강남구,11680580,삼성1동,1168010500,삼성동,1168010500101680027,1,대지,168,27,서울특별시 강남구 삼성동 168-27,116804166710,서울특별시 강남구 테헤란로103길,5,,1168010500101680027000001,,서울특별시 강남구 테헤란로103길 5,135882,06173,,,,127.063903956698,37.5097665198006
MA0101202511A0009245,세븐일레븐롯데캐논점,,G2,소매,G204,종합 소매,G20405,편의점,G47122,체인화 편의점,11,서울특별시,11680,강남구,11680580,삼성1동,1168010500,삼성동,1168010500101680012,1,대지,168,12,서울특별시 강남구 삼성동 168-12,116803122010,서울특별시 강남구 테헤란로,607,,1168010500101680012000001,캐논케이타워,서울특별시 강남구 테헤란로 607,135882,06173,,1,,127.064005535139,37.5095141835417
MA0101202511A0012117,유니버셜잉커,,M1,과학·기술,M107,본사·경영 컨설팅,M10703,경영 컨설팅업,M71531,경영 컨설팅업,11,서울특별시,11680,강남구,11680610,대치2동,1168010600,대치동,1168010600109680000,1,대지,968,,서울특별시 강남구 대치동 968,116803122008,서울특별시 강남구 역삼로,558,,1168010600109680000012351,안양빌딩,서울특별시 강남구 역삼로 558,135848,06188,,7,,127.064250263175,37.5047297147207
MA0101202509A0030183,상산세무회계,,M1,과학·기술,M104,회계·세무,M10402,세무사,M71202,세무사업,11,서울특별시,11680,강남구,11680610,대치2동,1168010600,대치동,1168010600109680000,1,대지,968,,서울특별시 강남구 대치동 968,116803122008,서울특별시 강남구 역삼로,558,,1168010600109680000012351,안양빌딩,서울특별시 강남구 역삼로 558,135848,06188,,4,,127.064250263175,37.5047297147207
MA0101202504A0056039,법률사무소상산,,M1,과학·기술,M103,법무관련 ,M10301,변호사,M71101,변호사업,11,서울특별시,11680,강남구,11680610,대치2동,1168010600,대치동,1168010600109680000,1,대지,968,,서울특별시 강남구 대치동 968,116803122008,서울특별시 강남구 역삼로,558,,1168010600109680000012351,안양빌딩,서울특별시 강남구 역삼로 558,135848,06188,,4,,127.064250263175,37.5047297147207
MA0101202604A0013927,법무법인베율,,M1,과학·기술,M103,법무관련 ,M10301,변호사,M71101,변호사업,11,서울특별시,11680,강남구,11680580,삼성1동,1168010500,삼성동,1168010500101690006,1,대지,169,6,서울특별시 강남구 삼성동 169-6,116804166710,서울특별시 강남구 테헤란로103길,10,,1168010500101690006016608,길훈빌딩,서울특별시 강남구 테헤란로103길 10,135882,06173,,1,,127.064368055634,37.5101987499482
MA0101202603A0016759,이코복스커피스튜디오글래드호텔점,삼성역,I2,음식,I212,비알코올 ,I21201,카페,I56221,커피 전문점,11,서울특별시,11680,강남구,11680610,대치2동,1168010600,대치동,1168010600109950016,1,대지,995,16,서울특별시 강남구 대치동 995-16,116803122010,서울특별시 강남구 테헤란로,610,,1168010600109950016012058,호텔글래드강남코엑스센터,서울특별시 강남구 테헤란로 610,135502,06174,,1,,127.064547844226,37.5088291249661
MA0101202507A0008916,솔트랑스테이크삼성,,I2,음식,I204,서양식,I20402,파스타/스테이크,I56123,서양식 음식점업,11,서울특별시,11680,강남구,11680610,대치2동,1168010600,대치동,1168010600109950016,1,대지,995,16,서울특별시 강남구 대치동 995-16,116803122010,서울특별시 강남구 테헤란로,610,,1168010600109950016012058,호텔글래드강남코엑스센터,서울특별시 강남구 테헤란로 610,135502,06174,,1,,127.064547844226,37.5088291249661
MA0101202502A0084963,케이비알에너지,,M1,과학·기술,M107,본사·경영 컨설팅,M10703,경영 컨설팅업,M71531,경영 컨설팅업,11,서울특별시,11680,강남구,11680580,삼성1동,1168010500,삼성동,1168010500101690011,1,대지,169,11,서울특별시 강남구 삼성동 169-11,116804166710,서울특별시 강남구 테헤란로103길,6,,1168010500101690012016681,한진빌딩,서울특별시 강남구 테헤란로103길 6,135882,06173,,4,,127.064548798525,37.5099373600309
MA0101202501A0062418,블룸팝,,G2,소매,G219,식물 소매,G21901,꽃집,G47851,화초 및 식물 소매업,11,서울특별시,11680,강남구,11680580,삼성1동,1168010500,삼성동,1168010500101690011,1,대지,169,11,서울특별시 강남구 삼성동 169-11,116804166710,서울특별시 강남구 테헤란로103길,6,,1168010500101690012016681,한진빌딩,서울특별시 강남구 테헤란로103길 6,135882,06173,,4,,127.064548798525,37.5099373600309
MA0101202508A0016549,에이치에이치에스유한책임회사,코리아,N1,시설관리·임대,N101,시설관리,N10101,사업시설 유지·관리 서비스업,N74100,사업시설 유지ㆍ관리 서비스업,11,서울특별시,11680,강남구,11680580,삼성1동,1168010500,삼성동,1168010500101690011,1,대지,169,11,서울특별시 강남구 삼성동 169-11,116804166710,서울특별시 강남구 테헤란로103길,6,,1168010500101690012016681,,서울특별시 강남구 테헤란로103길 6,135882,06173,,,,127.064548798525,37.5099373600309
MA0101202511A0020234,멜츠,삼성역,I2,음식,I204,서양식,I20401,경양식,I56123,서양식 음식점업,11,서울특별시,11680,강남구,11680610,대치2동,1168010600,대치동,1168010600110010001,1,대지,1001,1,서울특별시 강남구 대치동 1001-1,116802122002,서울특별시 강남구 영동대로,422,,1168010600110010001012134,일원빌딩,서울특별시 강남구 영동대로 422,135502,06174,,1,,127.064704726162,37.5071351501947
MA0101202604A0047741,일품돼지국밥휘문고,사거리점,I2,음식,I201,한식,I20101,백반/한정식,I56111,한식 일반 음식점업,11,서울특별시,11680,강남구,11680610,대치2동,1168010600,대치동,1168010600109680002,1,대지,968,2,서울특별시 강남구 대치동 968-2,116802122002,서울특별시 강남구 영동대로,341,,1168010600109680002012321,삼출빌딩,서울특별시 강남구 영동대로 341,135848,06188,,,,127.06473674229,37.5049186602202
MA0101202410A0071341,광혜병원,,Q1,보건의료,Q101,병원,Q10102,일반병원,Q86102,일반병원,11,서울특별시,11680,강남구,11680610,대치2동,1168010600,대치동,1168010600109950025,1,대지,995,25,서울특별시 강남구 대치동 995-25,116804166702,서울특별시 강남구 영동대로86길,9,,1168010600109950025012083,대치동광혜병원,서울특별시 강남구 영동대로86길 9,135502,06174,,7,,127.064762140306,37.5081352340681
MA0106202201A0153913,쎄라덤,,I2,음식,I201,한식,I20101,백반/한정식,I56111,한식 일반 음식점업,11,서울특별시,11680,강남구,11680610,대치2동,1168010600,대치동,1168010600110010004,1,대지,1001,4,서울특별시 강남구 대치동 1001-4,116804166702,서울특별시 강남구 영동대로86길,10,6,1168010600110010004012113,,서울특별시 강남구 영동대로86길 10-6,135502,06174,,,,127.06482956505,37.5076306344118
MA0101202504A0091628,스마트기가팩토리,,M1,과학·기술,M109,기술 서비스,M10904,환경 관련 엔지니어링 서비스업,M72122,환경 관련 엔지니어링 서비스업,11,서울특별시,11680,강남구,11680610,대치2동,1168010600,대치동,1168010600110010004,1,대지,1001,4,서울특별시 강남구 대치동 1001-4,116804166702,서울특별시 강남구 영동대로86길,10,6,1168010600110010004012113,,서울특별시 강남구 영동대로86길 10-6,135502,06174,,1,,127.06482956505,37.5076306344118
MA0101202510A0035556,목삼정,,I2,음식,I201,한식,I20101,백반/한정식,I56111,한식 일반 음식점업,11,서울특별시,11680,강남구,11680610,대치2동,1168010600,대치동,1168010600109950022,1,대지,995,22,서울특별시 강남구 대치동 995-22,116804166711,서울특별시 강남구 테헤란로104길,10,,1168010600109950022012071,,서울특별시 강남구 테헤란로104길 10,135502,06174,,1,,127.06487548385,37.5084144833324
MA0101202409A0178351,사이먼리서치,,M1,과학·기술,M106,시장 조사,M10601,시장 조사 및 여론 조사업,M71400,시장 조사 및 여론 조사업,11,서울특별시,11680,강남구,11680610,대치2동,1168010600,대치동,1168010600109960000,1,대지,996,,서울특별시 강남구 대치동 996,116803122010,서울특별시 강남구 테헤란로,614,,1168010600109960000012055,,서울특별시 강남구 테헤란로 614,135502,06174,,7,,127.064955186309,37.5090271226876
MA0101202409A0168064,사이먼파트너스,,M1,과학·기술,M107,본사·경영 컨설팅,M10703,경영 컨설팅업,M71531,경영 컨설팅업,11,서울특별시,11680,강남구,11680610,대치2동,1168010600,대치동,1168010600109960000,1,대지,996,,서울특별시 강남구 대치동 996,116803122010,서울특별시 강남구 테헤란로,614,,1168010600109960000012055,,서울특별시 강남구 테헤란로 614,135502,06174,,9,,127.064955186309,37.5090271226876
MA0106202201A0152829,슈페리어테헤란,,I2,음식,I201,한식,I20101,백반/한정식,I56111,한식 일반 음식점업,11,서울특별시,11680,강남구,11680610,대치2동,1168010600,대치동,1168010600109960000,1,대지,996,,서울특별시 강남구 대치동 996,116803122010,서울특별시 강남구 테헤란로,614,,1168010600109960000012055,,서울특별시 강남구 테헤란로 614,135502,06174,,,,127.064955186309,37.5090271226876
MA0101202410A0323087,연세카리스정신건강의학과의원,,Q1,보건의료,Q102,의원,Q10203,신경/정신과 의원,Q86201,일반의원,11,서울특별시,11680,강남구,11680610,대치2동,1168010600,대치동,1168010600109950024,1,대지,995,24,서울특별시 강남구 대치동 995-24,116804166702,서울특별시 강남구 영동대로86길,11,,1168010600109950024012093,승원산업사,서울특별시 강남구 영동대로86길 11,135502,06174,,5,,127.065033537776,37.508081024677
MA0101202504A0073409,함께그룹,,I2,음식,I212,비알코올 ,I21201,카페,I56221,커피 전문점,11,서울특별시,11680,강남구,11680580,삼성1동,1168010500,삼성동,1168010500101690010,1,대지,169,10,서울특별시 강남구 삼성동 169-10,116804166712,서울특별시 강남구 테헤란로107길,11,,1168010500101690010027394,성보타운,서울특별시 강남구 테헤란로107길 11,135882,06173,,1,,127.065058199052,37.5104326329951
MA0101202502A0009961,미카제,,I2,음식,I203,일식,I20301,일식 회/초밥,I56122,일식 음식점업,11,서울특별시,11680,강남구,11680580,삼성1동,1168010500,삼성동,1168010500101690010,1,대지,169,10,서울특별시 강남구 삼성동 169-10,116804166712,서울특별시 강남구 테헤란로107길,11,,1168010500101690010027394,성보타운,서울특별시 강남구 테헤란로107길 11,135882,06173,,1,,127.065058199052,37.5104326329951
MA0101202509A0018954,맛나무,,I2,음식,I201,한식,I20101,백반/한정식,I56111,한식 일반 음식점업,11,서울특별시,11680,강남구,11680580,삼성1동,1168010500,삼성동,1168010500101690010,1,대지,169,10,서울특별시 강남구 삼성동 169-10,116804166712,서울특별시 강남구 테헤란로107길,11,,1168010500101690010027394,성보타운,서울특별시 강남구 테헤란로107길 11,135882,06173,,1,,127.065058199052,37.5104326329951
MA0101202505A0048480,스페이드건축사사무소,,M1,과학·기술,M109,기술 서비스,M10901,건축 설계 및 관련 서비스업,M72111,건축 설계 및 관련 서비스업,11,서울특별시,11680,강남구,11680580,삼성1동,1168010500,삼성동,1168010500101660001,1,대지,166,1,서울특별시 강남구 삼성동 166-1,116804166333,서울특별시 강남구 봉은사로114길,30,5,1168010500101660001015921,,서울특별시 강남구 봉은사로114길 30-5,135881,06172,,4,,127.065116794636,37.5127842216666
MA0106202301A2416353,스타벅스,삼성교,I2,음식,I212,비알코올 ,I21201,카페,I56221,커피 전문점,11,서울특별시,11680,강남구,11680610,대치2동,1168010600,대치동,1168010600110010008,1,대지,1001,8,서울특별시 강남구 대치동 1001-8,116804166702,서울특별시 강남구 영동대로86길,12,,1168010600110010008012104,,서울특별시 강남구 영동대로86길 12,135502,06174,,,,127.06519165298,37.5078196461405
MA0106202201A0154538,씨제이앤씨,,I1,숙박,I101,일반 숙박,I10102,여관/모텔,I55102,여관업,11,서울특별시,11680,강남구,11680580,삼성1동,1168010500,삼성동,1168010500101700000,1,대지,170,,서울특별시 강남구 삼성동 170,116804166703,서울특별시 강남구 영동대로96길,34,,1168010500101700000016320,,서울특별시 강남구 영동대로96길 34,135882,06173,,,,127.065307666544,37.5111623088322
MA0101202503A0048543,타비의부엌,,I2,음식,I201,한식,I20101,백반/한정식,I56111,한식 일반 음식점업,11,서울특별시,11680,강남구,11680580,삼성1동,1168010500,삼성동,1168010500101700000,1,대지,170,,서울특별시 강남구 삼성동 170,116804166703,서울특별시 강남구 영동대로96길,34,,1168010500101700000016320,대윤빌딩,서울특별시 강남구 영동대로96길 34,135882,06173,,B2,,127.065307666544,37.5111623088322
MA0101202410A0288686,이솝한방병원,,Q1,보건의료,Q101,병원,Q10104,한방병원,Q86104,한방병원,11,서울특별시,11680,강남구,11680580,삼성1동,1168010500,삼성동,1168010500101700000,1,대지,170,,서울특별시 강남구 삼성동 170,116804166703,서울특별시 강남구 영동대로96길,34,,1168010500101700000016320,대윤빌딩,서울특별시 강남구 영동대로96길 34,135882,06173,,1,,127.065307666544,37.5111623088322
MA0101202412A0006944,비타스크린골프,,R1,예술·스포츠,R103,스포츠 서비스,R10311,골프 연습장,R91136,골프 연습장 운영업,11,서울특별시,11680,강남구,11680580,삼성1동,1168010500,삼성동,1168010500101700000,1,대지,170,,서울특별시 강남구 삼성동 170,116804166703,서울특별시 강남구 영동대로96길,34,,1168010500101700000016320,대윤빌딩,서울특별시 강남구 영동대로96길 34,135882,06173,,B2,,127.065307666544,37.5111623088322
MA0101202410A0070226,더시카고치과의원,,Q1,보건의료,Q102,의원,Q10210,치과의원,Q86202,치과의원,11,서울특별시,11680,강남구,11680580,삼성1동,1168010500,삼성동,1168010500101700000,1,대지,170,,서울특별시 강남구 삼성동 170,116804166703,서울특별시 강남구 영동대로96길,34,,1168010500101700000016320,대윤빌딩,서울특별시 강남구 영동대로96길 34,135882,06173,,1,,127.065307666544,37.5111623088322
MA0106202201A0149383,GS25코스모타워,,G2,소매,G212,기타 생활용품 소매,G21202,주방/가정용품 소매업,G47599,그 외 기타 분류 안된 가정용품 소매업,11,서울특별시,11680,강남구,11680610,대치2동,1168010600,대치동,1168010600110020000,1,대지,1002,,서울특별시 강남구 대치동 1002,116802122002,서울특별시 강남구 영동대로,416,,1168010600110020000014582,,서울특별시 강남구 영동대로 416,135549,06176,,,,127.065326298939,37.5065851950799
MA0106202201A0975976,정관장까페사푼사푼,,I2,음식,I201,한식,I20101,백반/한정식,I56111,한식 일반 음식점업,11,서울특별시,11680,강남구,11680610,대치2동,1168010600,대치동,1168010600110020000,1,대지,1002,,서울특별시 강남구 대치동 1002,116802122002,서울특별시 강남구 영동대로,416,,1168010600110020000014582,,서울특별시 강남구 영동대로 416,135549,06176,,,,127.065326298939,37.5065851950799
MA0101202506A0027074,닥터유내과의원,,Q1,보건의료,Q102,의원,Q10201,내과/소아과 의원,Q86201,일반의원,11,서울특별시,11680,강남구,11680610,대치2동,1168010600,대치동,1168010600110020000,1,대지,1002,,서울특별시 강남구 대치동 1002,116802122002,서울특별시 강남구 영동대로,416,,1168010600110020000014582,케이티앤지타워,서울특별시 강남구 영동대로 416,135549,06176,,1,,127.065326298939,37.5065851950799
MA0101202507A0007969,연약국,,G2,소매,G215,의약·화장품 소매,G21501,약국,G47811,의약품 및 의료용품 소매업,11,서울특별시,11680,강남구,11680610,대치2동,1168010600,대치동,1168010600110020000,1,대지,1002,,서울특별시 강남구 대치동 1002,116802122002,서울특별시 강남구 영동대로,416,,1168010600110020000014582,케이티앤지타워,서울특별시 강남구 영동대로 416,135549,06176,,지,,127.065326298939,37.5065851950799
MA0106202508A0934107,브레드캐스트KT&G,타워점,I2,음식,I204,서양식,I20401,경양식,I56123,서양식 음식점업,11,서울특별시,11680,강남구,11680610,대치2동,1168010600,대치동,1168010600110020000,1,대지,1002,,서울특별시 강남구 대치동 1002,116802122002,서울특별시 강남구 영동대로,416,,1168010600110020000014582,,서울특별시 강남구 영동대로 416,135549,06176,,,,127.065326298939,37.5065851950799
MA0101202410A0069941,취원플라워갤러리,,G2,소매,G219,식물 소매,G21901,꽃집,G47851,화초 및 식물 소매업,11,서울특별시,11680,강남구,11680610,대치2동,1168010600,대치동,1168010600110020000,1,대지,1002,,서울특별시 강남구 대치동 1002,116802122002,서울특별시 강남구 영동대로,416,,1168010600110020000014582,코스모타워,서울특별시 강남구 영동대로 416,135549,06176,,1,,127.065326298939,37.5065851950799
MA0101202410A0325134,정진호,,N1,시설관리·임대,N111,산업용품 대여,N11199,기타 산업용 기계/장비 대여업,N76390,기타 산업용 기계 및 장비 임대업,11,서울특별시,11680,강남구,11680610,대치2동,1168010600,대치동,1168010600110020000,1,대지,1002,,서울특별시 강남구 대치동 1002,116802122002,서울특별시 강남구 영동대로,416,,1168010600110020000014582,케이티앤지서울사무소,서울특별시 강남구 영동대로 416,135549,06176,,6,,127.065326298939,37.5065851950799
MA0101202502A0094189,미리내,,I2,음식,I201,한식,I20101,백반/한정식,I56111,한식 일반 음식점업,11,서울특별시,11680,강남구,11680580,삼성1동,1168010500,삼성동,1168010500101660006,1,대지,166,6,서울특별시 강남구 삼성동 166-6,116804166333,서울특별시 강남구 봉은사로114길,42,,1168010500101660006016048,,서울특별시 강남구 봉은사로114길 42,135881,06172,,2,,127.065331159528,37.5121624104913
MA0101202501A0074084,더스테이삼성,,I1,숙박,I101,일반 숙박,I10103,펜션,I55104,민박업,11,서울특별시,11680,강남구,11680580,삼성1동,1168010500,삼성동,1168010500101660006,1,대지,166,6,서울특별시 강남구 삼성동 166-6,116804166333,서울특별시 강남구 봉은사로114길,42,,1168010500101660006016048,더스테이삼성,서울특별시 강남구 봉은사로114길 42,135881,06172,,4,,127.065331159528,37.5121624104913
MA0101202501A0068489,은하수면옥,,I2,음식,I201,한식,I20106,냉면/밀면,I56112,한식 면 요리 전문점,11,서울특별시,11680,강남구,11680580,삼성1동,1168010500,삼성동,1168010500101660006,1,대지,166,6,서울특별시 강남구 삼성동 166-6,116804166333,서울특별시 강남구 봉은사로114길,42,,1168010500101660006016048,,서울특별시 강남구 봉은사로114길 42,135881,06172,,,,127.065331159528,37.5121624104913
MA0101202410A0071484,제이플라워,,G2,소매,G219,식물 소매,G21901,꽃집,G47851,화초 및 식물 소매업,11,서울특별시,11680,강남구,11680580,삼성1동,1168010500,삼성동,1168010500101660002,1,대지,166,2,서울특별시 강남구 삼성동 166-2,116804166333,서울특별시 강남구 봉은사로114길,32,,1168010500101660002015902,우남빌딩,서울특별시 강남구 봉은사로114길 32,135881,06172,,,,127.06534314584,37.5129372673474
MA0101202410A0073688,하나로치과의원,,Q1,보건의료,Q102,의원,Q10210,치과의원,Q86202,치과의원,11,서울특별시,11680,강남구,11680580,삼성1동,1168010500,삼성동,1168010500101660002,1,대지,166,2,서울특별시 강남구 삼성동 166-2,116804166333,서울특별시 강남구 봉은사로114길,32,,1168010500101660002015902,,서울특별시 강남구 봉은사로114길 32,135881,06172,,2,,127.06534314584,37.5129372673474
MA0101202509A0018332,노웨어,,I2,음식,I210,기타 간이,I21099,그 외 기타 간이 음식점,I56199,간이 음식 포장 판매 전문점,11,서울특별시,11680,강남구,11680580,삼성1동,1168010500,삼성동,1168010500101660008,1,대지,166,8,서울특별시 강남구 삼성동 166-8,116804166703,서울특별시 강남구 영동대로96길,37,,1168010500101660008016203,,서울특별시 강남구 영동대로96길 37,135881,06172,,1,,127.065523009747,37.5116667519417
MA0101202604A0055255,삼성실내테니스아카데미,,P1,교육,P106,기타 교육,P10613,기타 예술/스포츠 교육기관,P85613,레크리에이션 교육기관,11,서울특별시,11680,강남구,11680580,삼성1동,1168010500,삼성동,1168010500101660008,1,대지,166,8,서울특별시 강남구 삼성동 166-8,116804166703,서울특별시 강남구 영동대로96길,37,,1168010500101660008016203,,서울특별시 강남구 영동대로96길 37,135881,06172,,3,,127.065523009747,37.5116667519417
MA0101202512A0000713,일억조해장국,삼성동,I2,음식,I201,한식,I20102,국/탕/찌개류,I56111,한식 일반 음식점업,11,서울특별시,11680,강남구,11680580,삼성1동,1168010500,삼성동,1168010500101660008,1,대지,166,8,서울특별시 강남구 삼성동 166-8,116804166703,서울특별시 강남구 영동대로96길,37,,1168010500101660008016203,,서울특별시 강남구 영동대로96길 37,135881,06172,,,,127.065523009747,37.5116667519417
MA0101202511A0032154,큐레이션Quration,,M1,과학·기술,M112,전문 디자인,M11201,인테리어 디자인업,M73201,인테리어 디자인업,11,서울특별시,11680,강남구,11680580,삼성1동,1168010500,삼성동,1168010500101700004,1,대지,170,4,서울특별시 강남구 삼성동 170-4,116804166712,서울특별시 강남구 테헤란로107길,10,,1168010500101700004016553,,서울특별시 강남구 테헤란로107길 10,135882,06173,,3,,127.065555917468,37.5104954281221
MA0101202601A0016157,카페지오,,I2,음식,I212,비알코올 ,I21201,카페,I56221,커피 전문점,11,서울특별시,11680,강남구,11680580,삼성1동,1168010500,삼성동,1168010500101700004,1,대지,170,4,서울특별시 강남구 삼성동 170-4,116804166712,서울특별시 강남구 테헤란로107길,10,,1168010500101700004016553,,서울특별시 강남구 테헤란로107길 10,135882,06173,,1,,127.065555917468,37.5104954281221
MA0106202501A0500272,스타벅스,삼성역,I2,음식,I212,비알코올 ,I21201,카페,I56221,커피 전문점,11,서울특별시,11680,강남구,11680610,대치2동,1168010600,대치동,1168010600109960001,1,대지,996,1,서울특별시 강남구 대치동 996-1,116803122010,서울특별시 강남구 테헤란로,620,,1168010600109960001012052,,서울특별시 강남구 테헤란로 620,135502,06174,,,,127.065577403476,37.5091979697646
MA0101202601A0048958,세무법인더강남삼성지점,,M1,과학·기술,M104,회계·세무,M10402,세무사,M71202,세무사업,11,서울특별시,11680,강남구,11680610,대치2동,1168010600,대치동,1168010600110000001,1,대지,1000,1,서울특별시 강남구 대치동 1000-1,116804166702,서울특별시 강남구 영동대로86길,18,,1168010600110000001012099,,서울특별시 강남구 영동대로86길 18,135502,06174,,6,,127.065587633808,37.5079635877011
MA0101202509A0024783,텐퍼센트커피,삼성역점,I2,음식,I212,비알코올 ,I21201,카페,I56221,커피 전문점,11,서울특별시,11680,강남구,11680580,삼성1동,1168010500,삼성동,1168010500101700007,1,대지,170,7,서울특별시 강남구 삼성동 170-7,116804166712,서울특별시 강남구 테헤란로107길,6,,1168010500101700007016597,SOLI,서울특별시 강남구 테헤란로107길 6,135882,06173,,1,,127.065600930945,37.5102341118595
MA0101202506A0029970,로코하우스,,I2,음식,I204,서양식,I20401,경양식,I56123,서양식 음식점업,11,서울특별시,11680,강남구,11680610,대치2동,1168010600,대치동,1168010600109960007,1,대지,996,7,서울특별시 강남구 대치동 996-7,116804166713,서울특별시 강남구 테헤란로108길,8,,1168010600109960007012062,유민빌딩,서울특별시 강남구 테헤란로108길 8,135502,06174,,1,,127.0656788571,37.5088104814221
MA0101202508A0007589,법무법인트라이원스,,M1,과학·기술,M103,법무관련 ,M10301,변호사,M71101,변호사업,11,서울특별시,11680,강남구,11680580,삼성1동,1168010500,삼성동,1168010500101700008,1,대지,170,8,서울특별시 강남구 삼성동 170-8,116803122010,서울특별시 강남구 테헤란로,623,,1168010500101700008016667,삼성빌딩,서울특별시 강남구 테헤란로 623,135882,06173,,14,,127.065702535892,37.5100178143262
MA0106202401A1420515,서울지점,,G2,소매,G209,섬유·의복·신발 소매,G20905,기타 의류 소매업,G47419,기타 의복 소매업,11,서울특별시,11680,강남구,11680610,대치2동,1168010600,대치동,1168010600110000012,1,대지,1000,12,서울특별시 강남구 대치동 1000-12,116804166711,서울특별시 강남구 테헤란로104길,21,,1168010600110000012028188,,서울특별시 강남구 테헤란로104길 21,135502,06174,,,,127.065723055507,37.5076211306152
MA0101202511A0018747,매머드익스프레스,삼성역점,I2,음식,I212,비알코올 ,I21201,카페,I56221,커피 전문점,11,서울특별시,11680,강남구,11680610,대치2동,1168010600,대치동,1168010600109960014,1,대지,996,14,서울특별시 강남구 대치동 996-14,116804166713,서울특별시 강남구 테헤란로108길,12,,1168010600109960014027425,하나빌딩,서울특별시 강남구 테헤란로108길 12,135502,06174,,1,,127.065757855204,37.5086122164506
MA0101202502A0102802,한국아들러협회,,M1,과학·기술,M107,본사·경영 컨설팅,M10703,경영 컨설팅업,M71531,경영 컨설팅업,11,서울특별시,11680,강남구,11680610,대치2동,1168010600,대치동,1168010600109960014,1,대지,996,14,서울특별시 강남구 대치동 996-14,116804166713,서울특별시 강남구 테헤란로108길,12,,1168010600109960014027425,하나빌딩,서울특별시 강남구 테헤란로108길 12,135502,06174,,8,,127.065757855204,37.5086122164506
MA0106202201A0626021,롯데렌탈,,N1,시설관리·임대,N109,운송장비 대여,N10901,자동차 대여업,N76110,자동차 임대업,11,서울특별시,11680,강남구,11680580,삼성1동,1168010500,삼성동,1168010500101710057,1,대지,171,57,서울특별시 강남구 삼성동 171-57,116804166333,서울특별시 강남구 봉은사로114길,43,,1168010500101710001015857,,서울특별시 강남구 봉은사로114길 43,135882,06171,,,,127.065760993245,37.5121892020941
MA0101202510A0021771,지에스25삼성메디슨점,,G2,소매,G204,종합 소매,G20405,편의점,G47122,체인화 편의점,11,서울특별시,11680,강남구,11680610,대치2동,1168010600,대치동,1168010600110000010,1,대지,1000,10,서울특별시 강남구 대치동 1000-10,116804166711,서울특별시 강남구 테헤란로104길,31,,1168010600110000010012129,다온빌딩,서울특별시 강남구 테헤란로104길 31,135502,06174,,1,,127.06576797974,37.5072607036782
MA0101202512A0019883,대복삼계탕,,I2,음식,I201,한식,I20102,국/탕/찌개류,I56111,한식 일반 음식점업,11,서울특별시,11680,강남구,11680580,삼성1동,1168010500,삼성동,1168010500101700002,1,대지,170,2,서울특별시 강남구 삼성동 170-2,116804166715,서울특별시 강남구 테헤란로113길,15,,1168010500101700002016380,,서울특별시 강남구 테헤란로113길 15,135882,06173,,1,,127.065782650106,37.5110899649221
MA0101202504A0105595,특허법인팍스,,M1,과학·기술,M103,법무관련 ,M10302,변리사,M71102,변리사업,11,서울특별시,11680,강남구,11680610,대치2동,1168010600,대치동,1168010600109960015,1,대지,996,15,서울특별시 강남구 대치동 996-15,116804166702,서울특별시 강남구 영동대로86길,21,,1168010600109960015012072,태화빌딩,서울특별시 강남구 영동대로86길 21,135502,06174,,2,,127.065836813325,37.5083689012077
MA0106202201A2289610,키친혁명,,I2,음식,I201,한식,I20101,백반/한정식,I56111,한식 일반 음식점업,11,서울특별시,11680,강남구,11680580,삼성1동,1168010500,삼성동,1168010500101700011,1,대지,170,11,서울특별시 강남구 삼성동 170-11,116804166715,서울특별시 강남구 테헤란로113길,13,,1168010500101700011016440,,서울특별시 강남구 테헤란로113길 13,135882,06173,,,,127.065839013305,37.5108736924895
MA0101202502A0051474,더바운더리서울지사,,M1,과학·기술,M107,본사·경영 컨설팅,M10703,경영 컨설팅업,M71531,경영 컨설팅업,11,서울특별시,11680,강남구,11680610,대치2동,1168010600,대치동,1168010600110050003,1,대지,1005,3,서울특별시 강남구 대치동 1005-3,116804166698,서울특별시 강남구 영동대로76길,10,,1168010600110050003012186,굳후렌드빌딩,서울특별시 강남구 영동대로76길 10,135851,06176,,5,,127.065868796455,37.5061524114216
MA0101202604A0043050,분순,,M1,과학·기술,M105,광고,M10501,광고 대행업,M71310,광고 대행업,11,서울특별시,11680,강남구,11680580,삼성1동,1168010500,삼성동,1168010500101700005,1,대지,170,5,서울특별시 강남구 삼성동 170-5,116804166715,서울특별시 강남구 테헤란로113길,7,,1168010500101700005016495,백암아트센터,서울특별시 강남구 테헤란로113길 7,135882,06173,,2,,127.065872770891,37.5106754527176
MA0101202503A0014784,메가엠지씨커피백암아트홀점,,I2,음식,I212,비알코올 ,I21201,카페,I56221,커피 전문점,11,서울특별시,11680,강남구,11680580,삼성1동,1168010500,삼성동,1168010500101700005,1,대지,170,5,서울특별시 강남구 삼성동 170-5,116804166715,서울특별시 강남구 테헤란로113길,7,,1168010500101700005016495,백암아트센터,서울특별시 강남구 테헤란로113길 7,135882,06173,,1,,127.065872770891,37.5106754527176
MA0101202504A0052091,명도119법무사사무소,,M1,과학·기술,M103,법무관련 ,M10303,법무사,M71103,법무사업,11,서울특별시,11680,강남구,11680580,삼성1동,1168010500,삼성동,1168010500101700005,1,대지,170,5,서울특별시 강남구 삼성동 170-5,116804166715,서울특별시 강남구 테헤란로113길,7,,1168010500101700005016495,백암아트센터,서울특별시 강남구 테헤란로113길 7,135882,06173,,2,,127.065872770891,37.5106754527176
MA0101202412A0020648,라이트부동산중개,,L1,부동산,L102,부동산 서비스,L10203,부동산 중개/대리업,L68221,부동산 중개 및 대리업,11,서울특별시,11680,강남구,11680580,삼성1동,1168010500,삼성동,1168010500101700005,1,대지,170,5,서울특별시 강남구 삼성동 170-5,116804166715,서울특별시 강남구 테헤란로113길,7,,1168010500101700005016495,백암아트센터,서울특별시 강남구 테헤란로113길 7,135882,06173,,2,,127.065872770891,37.5106754527176
MA0101202411A0008875,세무사무소가문,,M1,과학·기술,M104,회계·세무,M10402,세무사,M71202,세무사업,11,서울특별시,11680,강남구,11680580,삼성1동,1168010500,삼성동,1168010500101700005,1,대지,170,5,서울특별시 강남구 삼성동 170-5,116804166715,서울특별시 강남구 테헤란로113길,7,,1168010500101700005016495,백암아트센터,서울특별시 강남구 테헤란로113길 7,135882,06173,,2,,127.065872770891,37.5106754527176
MA0101202409A0214469,씨엠와이,,G2,소매,G204,종합 소매,G20405,편의점,G47122,체인화 편의점,11,서울특별시,11680,강남구,11680580,삼성1동,1168010500,삼성동,1168010500101700005,1,대지,170,5,서울특별시 강남구 삼성동 170-5,116804166715,서울특별시 강남구 테헤란로113길,7,,1168010500101700005016495,별관,서울특별시 강남구 테헤란로113길 7,135882,06173,,1,,127.065872770891,37.5106754527176
MA0106202201A2215285,씨제이올리브영,삼성점,G2,소매,G221,기타 상품 소매,G22199,그 외 기타 상품 전문 소매업,G47859,그 외 기타 분류 안된 상품 전문 소매업,11,서울특별시,11680,강남구,11680610,대치2동,1168010600,대치동,1168010600110000002,1,대지,1000,2,서울특별시 강남구 대치동 1000-2,116804166713,서울특별시 강남구 테헤란로108길,22,,1168010600110000002000001,,서울특별시 강남구 테헤란로108길 22,135502,06174,,,,127.065938232791,37.5079453724178
MA0106202512A1049666,바나프레소강남면허시험장점,,I2,음식,I212,비알코올 ,I21201,카페,I56221,커피 전문점,11,서울특별시,11680,강남구,11680610,대치2동,1168010600,대치동,1168010600110000002,1,대지,1000,2,서울특별시 강남구 대치동 1000-2,116804166713,서울특별시 강남구 테헤란로108길,22,,1168010600110000002000001,,서울특별시 강남구 테헤란로108길 22,135502,06174,,,,127.065938232791,37.5079453724178
MA0101202406A0597346,로스터리젠,,I2,음식,I212,비알코올 ,I21201,카페,I56221,커피 전문점,11,서울특별시,11680,강남구,11680610,대치2동,1168010600,대치동,1168010600109970000,1,대지,997,,서울특별시 강남구 대치동 997,116803122010,서울특별시 강남구 테헤란로,624,,1168010600109970003012050,오로라빌딩,서울특별시 강남구 테헤란로 624,135502,06175,,1,,127.066029952083,37.509350888433
MA0101202410A0073952,애드꽃방,,G2,소매,G219,식물 소매,G21901,꽃집,G47851,화초 및 식물 소매업,11,서울특별시,11680,강남구,11680610,대치2동,1168010600,대치동,1168010600109970000,1,대지,997,,서울특별시 강남구 대치동 997,116803122010,서울특별시 강남구 테헤란로,624,,1168010600109970003012050,,서울특별시 강남구 테헤란로 624,135502,06175,,,,127.066029952083,37.509350888433
MA0101202603A0040735,라운드업컴퍼니,,M1,과학·기술,M107,본사·경영 컨설팅,M10703,경영 컨설팅업,M71531,경영 컨설팅업,11,서울특별시,11680,강남구,11680580,삼성1동,1168010500,삼성동,1168010500101700009,1,대지,170,9,서울특별시 강남구 삼성동 170-9,116803122010,서울특별시 강남구 테헤란로,625,,1168010500101700009016621,덕명빌딩,서울특별시 강남구 테헤란로 625,135741,06173,,17,,127.066053279427,37.5101527693766
MA0101202508A0022142,루미어스,,M1,과학·기술,M105,광고,M10501,광고 대행업,M71310,광고 대행업,11,서울특별시,11680,강남구,11680580,삼성1동,1168010500,삼성동,1168010500101700009,1,대지,170,9,서울특별시 강남구 삼성동 170-9,116803122010,서울특별시 강남구 테헤란로,625,,1168010500101700009016621,덕명빌딩,서울특별시 강남구 테헤란로 625,135741,06173,,17,,127.066053279427,37.5101527693766
MA0101202511A0029976,변호사김경훈법률사무소,,M1,과학·기술,M103,법무관련 ,M10301,변호사,M71101,변호사업,11,서울특별시,11680,강남구,11680580,삼성1동,1168010500,삼성동,1168010500101700009,1,대지,170,9,서울특별시 강남구 삼성동 170-9,116803122010,서울특별시 강남구 테헤란로,625,,1168010500101700009016621,덕명빌딩,서울특별시 강남구 테헤란로 625,135741,06173,,15,,127.066053279427,37.5101527693766
MA0101202603A0026648,코렉터,,M1,과학·기술,M107,본사·경영 컨설팅,M10703,경영 컨설팅업,M71531,경영 컨설팅업,11,서울특별시,11680,강남구,11680580,삼성1동,1168010500,삼성동,1168010500101700009,1,대지,170,9,서울특별시 강남구 삼성동 170-9,116803122010,서울특별시 강남구 테헤란로,625,,1168010500101700009016621,덕명빌딩,서울특별시 강남구 테헤란로 625,135741,06173,,17,,127.066053279427,37.5101527693766
MA0101202507A0028311,변호사최창원법률사무소,,M1,과학·기술,M103,법무관련 ,M10301,변호사,M71101,변호사업,11,서울특별시,11680,강남구,11680580,삼성1동,1168010500,삼성동,1168010500101700009,1,대지,170,9,서울특별시 강남구 삼성동 170-9,116803122010,서울특별시 강남구 테헤란로,625,,1168010500101700009016621,덕명빌딩,서울특별시 강남구 테헤란로 625,135741,06173,,15,,127.066053279427,37.5101527693766
MA0101202508A0030016,에이치에스,,M1,과학·기술,M115,기타 전문 과학,M11502,번역/통역 서비스업,M73902,번역 및 통역 서비스업,11,서울특별시,11680,강남구,11680580,삼성1동,1168010500,삼성동,1168010500101700009,1,대지,170,9,서울특별시 강남구 삼성동 170-9,116803122010,서울특별시 강남구 테헤란로,625,,1168010500101700009016621,덕명빌딩,서울특별시 강남구 테헤란로 625,135741,06173,,17,,127.066053279427,37.5101527693766
MA0101202507A0026947,이종민법률사무소,,M1,과학·기술,M103,법무관련 ,M10301,변호사,M71101,변호사업,11,서울특별시,11680,강남구,11680580,삼성1동,1168010500,삼성동,1168010500101700009,1,대지,170,9,서울특별시 강남구 삼성동 170-9,116803122010,서울특별시 강남구 테헤란로,625,,1168010500101700009016621,덕명빌딩,서울특별시 강남구 테헤란로 625,135741,06173,,15,,127.066053279427,37.5101527693766
MA0101202507A0004041,김정환법률사무소,,M1,과학·기술,M103,법무관련 ,M10301,변호사,M71101,변호사업,11,서울특별시,11680,강남구,11680580,삼성1동,1168010500,삼성동,1168010500101700009,1,대지,170,9,서울특별시 강남구 삼성동 170-9,116803122010,서울특별시 강남구 테헤란로,625,,1168010500101700009016621,덕명빌딩,서울특별시 강남구 테헤란로 625,135741,06173,,15,,127.066053279427,37.5101527693766
MA0101202602A0024358,리앤파트너스솔루션,,M1,과학·기술,M107,본사·경영 컨설팅,M10703,경영 컨설팅업,M71531,경영 컨설팅업,11,서울특별시,11680,강남구,11680580,삼성1동,1168010500,삼성동,1168010500101700009,1,대지,170,9,서울특별시 강남구 삼성동 170-9,116803122010,서울특별시 강남구 테헤란로,625,,1168010500101700009016621,덕명빌딩,서울특별시 강남구 테헤란로 625,135741,06173,,17,,127.066053279427,37.5101527693766
MA0101202510A0023478,산마번역행정사사무소,,M1,과학·기술,M103,법무관련 ,M10306,행정사,M71109,기타 법무관련 서비스업,11,서울특별시,11680,강남구,11680580,삼성1동,1168010500,삼성동,1168010500101700009,1,대지,170,9,서울특별시 강남구 삼성동 170-9,116803122010,서울특별시 강남구 테헤란로,625,,1168010500101700009016621,덕명빌딩,서울특별시 강남구 테헤란로 625,135741,06173,,17,,127.066053279427,37.5101527693766
MA0101202507A0034112,변호사정총명법률사무소,,M1,과학·기술,M103,법무관련 ,M10301,변호사,M71101,변호사업,11,서울특별시,11680,강남구,11680580,삼성1동,1168010500,삼성동,1168010500101700009,1,대지,170,9,서울특별시 강남구 삼성동 170-9,116803122010,서울특별시 강남구 테헤란로,625,,1168010500101700009016621,덕명빌딩,서울특별시 강남구 테헤란로 625,135741,06173,,15,,127.066053279427,37.5101527693766
MA0101202601A0037722,변호사박성희법률사무소,,M1,과학·기술,M103,법무관련 ,M10301,변호사,M71101,변호사업,11,서울특별시,11680,강남구,11680580,삼성1동,1168010500,삼성동,1168010500101700009,1,대지,170,9,서울특별시 강남구 삼성동 170-9,116803122010,서울특별시 강남구 테헤란로,625,,1168010500101700009016621,덕명빌딩,서울특별시 강남구 테헤란로 625,135741,06173,,15,,127.066053279427,37.5101527693766
MA0101202505A0042036,에이엔엘파트너스,,M1,과학·기술,M107,본사·경영 컨설팅,M10703,경영 컨설팅업,M71531,경영 컨설팅업,11,서울특별시,11680,강남구,11680580,삼성1동,1168010500,삼성동,1168010500101700009,1,대지,170,9,서울특별시 강남구 삼성동 170-9,116803122010,서울특별시 강남구 테헤란로,625,,1168010500101700009016621,,서울특별시 강남구 테헤란로 625,135741,06173,,17,,127.066053279427,37.5101527693766
MA0101202502A0006391,스타코스트,,M1,과학·기술,M107,본사·경영 컨설팅,M10703,경영 컨설팅업,M71531,경영 컨설팅업,11,서울특별시,11680,강남구,11680580,삼성1동,1168010500,삼성동,1168010500101700009,1,대지,170,9,서울특별시 강남구 삼성동 170-9,116803122010,서울특별시 강남구 테헤란로,625,,1168010500101700009016621,덕명빌딩,서울특별시 강남구 테헤란로 625,135741,06173,,17,,127.066053279427,37.5101527693766
MA0101202601A0034492,투니카,,M1,과학·기술,M105,광고,M10501,광고 대행업,M71310,광고 대행업,11,서울특별시,11680,강남구,11680580,삼성1동,1168010500,삼성동,1168010500101700009,1,대지,170,9,서울특별시 강남구 삼성동 170-9,116803122010,서울특별시 강남구 테헤란로,625,,1168010500101700009016621,덕명빌딩,서울특별시 강남구 테헤란로 625,135741,06173,,17,,127.066053279427,37.5101527693766
MA0101202411A0167827,에스팀스포츠,,P1,교육,P106,기타 교육,P10603,요가/필라테스 학원,P85612,기타 스포츠 교육기관,11,서울특별시,11680,강남구,11680580,삼성1동,1168010500,삼성동,1168010500101700009,1,대지,170,9,서울특별시 강남구 삼성동 170-9,116803122010,서울특별시 강남구 테헤란로,625,,1168010500101700009016621,덕명빌딩,서울특별시 강남구 테헤란로 625,135741,06173,,17,,127.066053279427,37.5101527693766
MA0101202502A0079863,온도건축사사무소,,M1,과학·기술,M109,기술 서비스,M10901,건축 설계 및 관련 서비스업,M72111,건축 설계 및 관련 서비스업,11,서울특별시,11680,강남구,11680580,삼성1동,1168010500,삼성동,1168010500101700009,1,대지,170,9,서울특별시 강남구 삼성동 170-9,116803122010,서울특별시 강남구 테헤란로,625,,1168010500101700009016621,덕명빌딩,서울특별시 강남구 테헤란로 625,135741,06173,,17,,127.066053279427,37.5101527693766
MA0101202504A0024740,나우피에스,,M1,과학·기술,M107,본사·경영 컨설팅,M10703,경영 컨설팅업,M71531,경영 컨설팅업,11,서울특별시,11680,강남구,11680580,삼성1동,1168010500,삼성동,1168010500101700009,1,대지,170,9,서울특별시 강남구 삼성동 170-9,116803122010,서울특별시 강남구 테헤란로,625,,1168010500101700009016621,덕명빌딩,서울특별시 강남구 테헤란로 625,135741,06173,,17,,127.066053279427,37.5101527693766
MA0106202511A2438245,위펀,,G2,소매,G221,기타 상품 소매,G22199,그 외 기타 상품 전문 소매업,G47859,그 외 기타 분류 안된 상품 전문 소매업,11,서울특별시,11680,강남구,11680610,대치2동,1168010600,대치동,1168010600110030000,1,대지,1003,,서울특별시 강남구 대치동 1003,116804166713,서울특별시 강남구 테헤란로108길,42,,1168010600110030000012137,,서울특별시 강남구 테헤란로108길 42,135851,06176,,,,127.066242611717,37.5068189460682
MA0101202505A0024312,에슬로우대치,1호점,I2,음식,I212,비알코올 ,I21201,카페,I56221,커피 전문점,11,서울특별시,11680,강남구,11680610,대치2동,1168010600,대치동,1168010600109990000,1,대지,999,,서울특별시 강남구 대치동 999,116804166713,서울특별시 강남구 테헤란로108길,19,,1168010600109990000014584,일부,서울특별시 강남구 테헤란로108길 19,135502,06175,,1,,127.066300380814,37.508197451033
MA0101202409A0168382,화평식당,삼성역점,I2,음식,I201,한식,I20101,백반/한정식,I56111,한식 일반 음식점업,11,서울특별시,11680,강남구,11680610,대치2동,1168010600,대치동,1168010600109970012,1,대지,997,12,서울특별시 강남구 대치동 997-12,116804166702,서울특별시 강남구 영동대로86길,27,,1168010600109970012012069,,서울특별시 강남구 영동대로86길 27,135502,06175,,3,,127.066323264258,37.5084947697352
MA0101202511A0008760,선비칼국수삼성,대치점,I2,음식,I201,한식,I20105,국수/칼국수,I56112,한식 면 요리 전문점,11,서울특별시,11680,강남구,11680610,대치2동,1168010600,대치동,1168010600109970012,1,대지,997,12,서울특별시 강남구 대치동 997-12,116804166702,서울특별시 강남구 영동대로86길,27,,1168010600109970012012069,,서울특별시 강남구 영동대로86길 27,135502,06175,,1,,127.066323264258,37.5084947697352
MA0101202601A0029985,셰프의돈까스,삼성역점,I2,음식,I204,서양식,I20401,경양식,I56111,한식 일반 음식점업,11,서울특별시,11680,강남구,11680610,대치2동,1168010600,대치동,1168010600109970012,1,대지,997,12,서울특별시 강남구 대치동 997-12,116804166702,서울특별시 강남구 영동대로86길,27,,1168010600109970012012069,,서울특별시 강남구 영동대로86길 27,135502,06175,,2,,127.066323264258,37.5084947697352
MA0101202601A0013915,성호마트,,G2,소매,G204,종합 소매,G20404,슈퍼마켓,G47129,기타 음ㆍ식료품 위주 종합 소매업,11,서울특별시,11680,강남구,11680610,대치2동,1168010600,대치동,1168010600109970010,1,대지,997,10,서울특별시 강남구 대치동 997-10,116804166716,서울특별시 강남구 테헤란로114길,14,,1168010600109970010012060,,서울특별시 강남구 테헤란로114길 14,135502,06175,,,,127.066447940412,37.5087920312001
MA0101202509A0036407,부찜,,I2,음식,I201,한식,I20101,백반/한정식,I56111,한식 일반 음식점업,11,서울특별시,11680,강남구,11680610,대치2동,1168010600,대치동,1168010600109990001,1,대지,999,1,서울특별시 강남구 대치동 999-1,116804166702,서울특별시 강남구 영동대로86길,28,,1168010600109990001012085,,서울특별시 강남구 영동대로86길 28,135502,06175,,2,,127.066458771416,37.5082514223081
MA0101202406A0596313,글로벌에셋개발이니셔티브,,M1,과학·기술,M107,본사·경영 컨설팅,M10703,경영 컨설팅업,M71531,경영 컨설팅업,11,서울특별시,11680,강남구,11680610,대치2동,1168010600,대치동,1168010600109990004,1,대지,999,4,서울특별시 강남구 대치동 999-4,116804166713,서울특별시 강남구 테헤란로108길,23,,1168010600109990004012096,보,서울특별시 강남구 테헤란로108길 23,135502,06175,,1,,127.066469841941,37.5079811146612
MA0106202201A0152381,링코제일비즈니스센터,,G2,소매,G213,오락용품 소매,G21302,문구/회화용품 소매업,G47612,문구용품 및 회화용품 소매업,11,서울특별시,11680,강남구,11680610,대치2동,1168010600,대치동,1168010600109990004,1,대지,999,4,서울특별시 강남구 대치동 999-4,116804166713,서울특별시 강남구 테헤란로108길,23,,1168010600109990004012096,,서울특별시 강남구 테헤란로108길 23,135502,06175,,,,127.066469841941,37.5079811146612
MA0106202206A0624812,풀무원푸드앤컬처현대오토에버,,I2,음식,I201,한식,I20101,백반/한정식,I56111,한식 일반 음식점업,11,서울특별시,11680,강남구,11680580,삼성1동,1168010500,삼성동,1168010500101710002,1,대지,171,2,서울특별시 강남구 삼성동 171-2,116804166715,서울특별시 강남구 테헤란로113길,12,,1168010500101710002016277,,서울특별시 강남구 테헤란로113길 12,135793,06171,,,,127.066563291437,37.5113237887009
MA0101202601A0021973,한국지속가능연구원,,M1,과학·기술,M107,본사·경영 컨설팅,M10703,경영 컨설팅업,M71531,경영 컨설팅업,11,서울특별시,11680,강남구,11680610,대치2동,1168010600,대치동,1168010600109990006,1,대지,999,6,서울특별시 강남구 대치동 999-6,116804166713,서울특별시 강남구 테헤란로108길,25,,1168010600109990007012107,대동빌딩,서울특별시 강남구 테헤란로108길 25,135502,06175,,5,,127.066571417333,37.5077377861732
MA0101202511A0004395,제이피코브,,M1,과학·기술,M107,본사·경영 컨설팅,M10703,경영 컨설팅업,M71531,경영 컨설팅업,11,서울특별시,11680,강남구,11680610,대치2동,1168010600,대치동,1168010600109990006,1,대지,999,6,서울특별시 강남구 대치동 999-6,116804166713,서울특별시 강남구 테헤란로108길,25,,1168010600109990007012107,,서울특별시 강남구 테헤란로108길 25,135502,06175,,5,,127.066571417333,37.5077377861732
MA0101202507A0016801,스톤빌리지파트너스,,M1,과학·기술,M107,본사·경영 컨설팅,M10703,경영 컨설팅업,M71531,경영 컨설팅업,11,서울특별시,11680,강남구,11680610,대치2동,1168010600,대치동,1168010600109990006,1,대지,999,6,서울특별시 강남구 대치동 999-6,116804166713,서울특별시 강남구 테헤란로108길,25,,1168010600109990007012107,대동빌딩,서울특별시 강남구 테헤란로108길 25,135502,06175,,5,,127.066571417333,37.5077377861732
MA0101202512A0043940,시스템에이치,,P1,교육,P107,교육 지원,P10799,기타 교육지원 서비스업,P85709,기타 교육지원 서비스업,11,서울특별시,11680,강남구,11680610,대치2동,1168010600,대치동,1168010600109990006,1,대지,999,6,서울특별시 강남구 대치동 999-6,116804166713,서울특별시 강남구 테헤란로108길,25,,1168010600109990007012107,대동빌딩,서울특별시 강남구 테헤란로108길 25,135502,06175,,5,,127.066571417333,37.5077377861732
MA0101202603A0007239,창공강남지사,,M1,과학·기술,M103,법무관련 ,M10307,공인노무사,M71109,기타 법무관련 서비스업,11,서울특별시,11680,강남구,11680610,대치2동,1168010600,대치동,1168010600109990006,1,대지,999,6,서울특별시 강남구 대치동 999-6,116804166713,서울특별시 강남구 테헤란로108길,25,,1168010600109990007012107,,서울특별시 강남구 테헤란로108길 25,135502,06175,,5,,127.066571417333,37.5077377861732
MA0101202503A0031344,시냅스수시연구소,,P1,교육,P107,교육 지원,P10701,교육컨설팅업,P85701,교육관련 자문 및 평가업,11,서울특별시,11680,강남구,11680610,대치2동,1168010600,대치동,1168010600109990006,1,대지,999,6,서울특별시 강남구 대치동 999-6,116804166713,서울특별시 강남구 테헤란로108길,25,,1168010600109990007012107,,서울특별시 강남구 테헤란로108길 25,135502,06175,,5,,127.066571417333,37.5077377861732
MA0101202411A0166368,어보든,,M1,과학·기술,M107,본사·경영 컨설팅,M10703,경영 컨설팅업,M71531,경영 컨설팅업,11,서울특별시,11680,강남구,11680610,대치2동,1168010600,대치동,1168010600109990006,1,대지,999,6,서울특별시 강남구 대치동 999-6,116804166713,서울특별시 강남구 테헤란로108길,25,,1168010600109990007012107,,서울특별시 강남구 테헤란로108길 25,135502,06175,,5,,127.066571417333,37.5077377861732
MA0101202507A0023157,법률사무소에이치,,M1,과학·기술,M103,법무관련 ,M10301,변호사,M71101,변호사업,11,서울특별시,11680,강남구,11680610,대치2동,1168010600,대치동,1168010600109990002,1,대지,999,2,서울특별시 강남구 대치동 999-2,116804166716,서울특별시 강남구 테헤란로114길,20,,1168010600109990002012074,행복빌딩,서울특별시 강남구 테헤란로114길 20,135502,06175,,5,,127.066764243088,37.5083593706123
MA0106202201A0626807,그랜드힐컨벤션,,S2,수리·개인,S211,기타 개인,S21101,예식장업,S96991,예식장업,11,서울특별시,11680,강남구,11680610,대치2동,1168010600,대치동,1168010600110040001,1,대지,1004,1,서울특별시 강남구 대치동 1004-1,116803122008,서울특별시 강남구 역삼로,607,,1168010600110040002000001,,서울특별시 강남구 역삼로 607,135851,06176,,,,127.066852844613,37.5062509691552
MA0101202410A0069570,강남하트스캔의원,,Q1,보건의료,Q102,의원,Q10212,방사선 진단/병리 검사 의원,Q86204,방사선 진단 및 병리 검사 의원,11,서울특별시,11680,강남구,11680610,대치2동,1168010600,대치동,1168010600110040000,1,대지,1004,,서울특별시 강남구 대치동 1004,116804166716,서울특별시 강남구 테헤란로114길,38,,1168010600110040000000001,동일타워,서울특별시 강남구 테헤란로114길 38,135851,06176,,1,,127.067000654367,37.5071248602044
MA0106202201A0760728,KOTEL1,,I1,숙박,I101,일반 숙박,I10102,여관/모텔,I55102,여관업,11,서울특별시,11680,강남구,11680610,대치2동,1168010600,대치동,1168010600110040000,1,대지,1004,,서울특별시 강남구 대치동 1004,116804166716,서울특별시 강남구 테헤란로114길,38,,1168010600110040000000001,,서울특별시 강남구 테헤란로114길 38,135851,06176,,,,127.067000654367,37.5071248602044
MA0106202201A0152958,세븐대치동일점,코리아,G2,소매,G204,종합 소매,G20404,슈퍼마켓,G47121,슈퍼마켓,11,서울특별시,11680,강남구,11680610,대치2동,1168010600,대치동,1168010600110040000,1,대지,1004,,서울특별시 강남구 대치동 1004,116804166716,서울특별시 강남구 테헤란로114길,38,,1168010600110040000000001,,서울특별시 강남구 테헤란로114길 38,135851,06176,,,,127.067000654367,37.5071248602044
MA0101202411A0049226,세븐일레븐뉴대치동일점,,G2,소매,G204,종합 소매,G20405,편의점,G46103,"섬유, 의복, 신발 및 가죽제품 중개업",11,서울특별시,11680,강남구,11680610,대치2동,1168010600,대치동,1168010600110040000,1,대지,1004,,서울특별시 강남구 대치동 1004,116804166716,서울특별시 강남구 테헤란로114길,38,,1168010600110040000000001,동일타워,서울특별시 강남구 테헤란로114길 38,135851,06176,,3,,127.067000654367,37.5071248602044
MA0101202411A0179996,세븐뉴대치동일점,코리아,G2,소매,G204,종합 소매,G20405,편의점,G47122,체인화 편의점,11,서울특별시,11680,강남구,11680610,대치2동,1168010600,대치동,1168010600110040000,1,대지,1004,,서울특별시 강남구 대치동 1004,116804166716,서울특별시 강남구 테헤란로114길,38,,1168010600110040000000001,동일타워,서울특별시 강남구 테헤란로114길 38,135851,06176,,3,,127.067000654367,37.5071248602044
MA0101202410A0273143,하트스캔치과,,Q1,보건의료,Q102,의원,Q10210,치과의원,Q86202,치과의원,11,서울특별시,11680,강남구,11680610,대치2동,1168010600,대치동,1168010600110040000,1,대지,1004,,서울특별시 강남구 대치동 1004,116804166716,서울특별시 강남구 테헤란로114길,38,,1168010600110040000000001,동일타워,서울특별시 강남구 테헤란로114길 38,135851,06176,,1,,127.067000654367,37.5071248602044
MA0101202507A0031127,로또판매점,,R1,예술·스포츠,R104,유원지·오락,R10410,복권 발행/판매업,R91241,복권 발행 및 판매업,11,서울특별시,11680,강남구,11680610,대치2동,1168010600,대치동,1168010600109990012,1,대지,999,12,서울특별시 강남구 대치동 999-12,116804166700,서울특별시 강남구 영동대로82길,29,,1168010600109990012028189,대신빌딩,서울특별시 강남구 영동대로82길 29,135502,06175,,1,,127.067068925646,37.5075843339295
MA0101202503A0028602,커피인류대치,삼성점,I2,음식,I212,비알코올 ,I21201,카페,I56221,커피 전문점,11,서울특별시,11680,강남구,11680610,대치2동,1168010600,대치동,1168010600109990012,1,대지,999,12,서울특별시 강남구 대치동 999-12,116804166700,서울특별시 강남구 영동대로82길,29,,1168010600109990012028189,대신빌딩,서울특별시 강남구 영동대로82길 29,135502,06175,,1,,127.067068925646,37.5075843339295
MA0101202410A0068806,서울강남경찰서구내식당,,I2,음식,I207,구내식당·뷔페,I20701,구내식당,I56130,기관 구내식당업,11,서울특별시,11680,강남구,11680610,대치2동,1168010600,대치동,1168010600109980000,1,대지,998,,서울특별시 강남구 대치동 998,116804166716,서울특별시 강남구 테헤란로114길,11,,1168010600109980000014592,강남경찰서,서울특별시 강남구 테헤란로114길 11,135844,06175,,7,,127.067104452891,37.5093683029957
