sbiz_code,sbiz_major,sbiz_name,seoul_code,seoul_name,score,rank
G203,소매업,모터사이클 및 부품 소매업,CS300039,모터사이클및부품,1.0,
I201,음식점업,한식 음식점업,CS100001,한식음식점,1.0,
I202,음식점업,중식 음식점업,CS100002,중식음식점,1.0,
I203,음식점업,일식 음식점업,CS100003,일식음식점,1.0,
S204,수리 및 개인 서비스업,모터사이클 수리업,CS200027,모터사이클수리,1.0,
S205,수리 및 개인 서비스업,가전제품 수리업,CS200032,가전제품수리,1.0,
G217,소매업,시계 및 귀금속 소매업,CS300017,시계및귀금속,0.9833,
S203,수리 및 개인 서비스업,자동차 수리 및 세차업,CS200025,자동차수리,0.9833,
Q102,보건의료업,의원,CS200008,한의원,0.95,
S205,수리 및 개인 서비스업,가전제품 수리업,CS300032,가전제품,0.95,
S209,수리 및 개인 서비스업,세탁업,CS200031,세탁소,0.95,
R103,"예술, 스포츠 및 여가관련 서비스업",스포츠 서비스업,CS200005,스포츠 강습,0.9,
R103,"예술, 스포츠 및 여가관련 서비스업",스포츠 서비스업,CS200024,스포츠클럽,0.9,
G202,소매업,자동차 부품 및 내장품 소매업,CS300038,자동차부품,0.8167,
G211,소매업,가구 소매업,CS300031,가구,0.8167,
Q101,보건의료업,병원,CS200009,동물병원,0.8167,
Q102,보건의료업,의원,CS200006,일반의원,0.8167,
Q102,보건의료업,의원,CS200007,치과의원,0.8167,
I204,음식점업,서양식 음식점업,CS100004,양식음식점,0.8,
N105,"사업시설 관리, 사업 지원 및 임대 서비스업",여행사 및 기타 여행 보조 서비스업,CS200044,여행사,0.75,
N110,"사업시설 관리, 사업 지원 및 임대 서비스업",개인 및 가정용품 대여업,CS200047,가정용품임대,0.7143,
S204,수리 및 개인 서비스업,모터사이클 수리업,CS300039,모터사이클및부품,0.7143,
I201,음식점업,한식 음식점업,CS100002,중식음식점,0.6667,
I201,음식점업,한식 음식점업,CS100003,일식음식점,0.6667,
I201,음식점업,한식 음식점업,CS100004,양식음식점,0.6667,
I202,음식점업,중식 음식점업,CS100001,한식음식점,0.6667,
I202,음식점업,중식 음식점업,CS100003,일식음식점,0.6667,
I202,음식점업,중식 음식점업,CS100004,양식음식점,0.6667,
I203,음식점업,일식 음식점업,CS100001,한식음식점,0.6667,
I203,음식점업,일식 음식점업,CS100002,중식음식점,0.6667,
I203,음식점업,일식 음식점업,CS100004,양식음식점,0.6667,
S202,수리 및 개인 서비스업,통신장비 수리업,CS200023,통신기기수리,0.6667,
G208,소매업,가전제품 및 정보 통신장비 소매업,CS300032,가전제품,0.65,
G219,소매업,화초 및 식물 소매업,CS300028,화초,0.65,
I211,음식점업,주점업,CS300042,주유소,0.65,
G203,소매업,모터사이클 및 부품 소매업,CS200027,모터사이클수리,0.625,
G212,소매업,기타 생활용품 소매업,CS300040,재생용품 판매점,0.6154,
N109,"사업시설 관리, 사업 지원 및 임대 서비스업",운송장비 대여업,CS300025,자전거 및 기타운송장비,0.6154,
I204,음식점업,서양식 음식점업,CS100001,한식음식점,0.6,
I204,음식점업,서양식 음식점업,CS100002,중식음식점,0.6,
I204,음식점업,서양식 음식점업,CS100003,일식음식점,0.6,
I206,음식점업,기타 외국식 음식점업,CS100001,한식음식점,0.6,
I206,음식점업,기타 외국식 음식점업,CS100002,중식음식점,0.6,
I206,음식점업,기타 외국식 음식점업,CS100003,일식음식점,0.6,
I206,음식점업,기타 외국식 음식점업,CS100004,양식음식점,0.6,
L102,부동산업,부동산관련 서비스업,CS200033,부동산중개업,0.6,
S211,수리 및 개인 서비스업,기타 개인서비스,CS200013,기타법무서비스,0.6,
S206,수리 및 개인 서비스업,기타 개인 및 가정용품 수리업,CS200032,가전제품수리,0.5714,
S206,수리 및 개인 서비스업,기타 개인 및 가정용품 수리업,CS200047,가정용품임대,0.5714,
S207,수리 및 개인 서비스업,이용 및 미용업,CS200028,미용실,0.5714,
S201,수리 및 개인 서비스업,컴퓨터 및 주변 기기 수리업,CS300003,컴퓨터및주변장치판매,0.5556,
G218,소매업,"예술품, 기념품 및 장식용품 소매업",CS300041,예술품,0.55,
I211,음식점업,주점업,CS300005,주류도매,0.55,
G222,소매업,중고 상품 소매업,CS300037,중고차판매,0.5455,
S211,수리 및 개인 서비스업,기타 개인서비스,CS200042,통번역서비스,0.5455,
G220,소매업,애완용 동물 및 관련용품 소매업,CS300029,애완동물,0.5333,
N102,"사업시설 관리, 사업 지원 및 임대 서비스업",건물ㆍ산업설비 청소 및 방제 서비스업,CS200043,건축물청소,0.5333,
S201,수리 및 개인 서비스업,컴퓨터 및 주변 기기 수리업,CS200023,통신기기수리,0.5333,
G206,소매업,음료 소매업,CS100010,커피-음료,0.5,
G209,소매업,"섬유, 의복, 신발 및 가죽제품 소매업",CS300027,섬유제품,0.5,
G211,소매업,가구 소매업,CS300030,중고가구,0.5,
M104,"전문, 과학 및 기술 서비스업",회계 및 세무관련 서비스업,CS200014,회계사사무소,0.5,
P105,교육 서비스업,일반 교육기관,CS200001,일반교습학원,0.5,
S203,수리 및 개인 서비스업,자동차 수리 및 세차업,CS200026,자동차미용,0.5,
S203,수리 및 개인 서비스업,자동차 수리 및 세차업,CS300038,자동차부품,0.5,
S207,수리 및 개인 서비스업,이용 및 미용업,CS300023,미용재료,0.5,
G215,소매업,"의약품, 의료용 기구, 화장품 및 방향제 소매업",CS300018,의약품,0.4658,
G215,소매업,"의약품, 의료용 기구, 화장품 및 방향제 소매업",CS300022,화장품,0.4658,
G208,소매업,가전제품 및 정보 통신장비 소매업,CS200032,가전제품수리,0.4444,
I210,음식점업,기타 간이 음식점업,CS100001,한식음식점,0.4444,
I210,음식점업,기타 간이 음식점업,CS100002,중식음식점,0.4444,
I210,음식점업,기타 간이 음식점업,CS100003,일식음식점,0.4444,
I210,음식점업,기타 간이 음식점업,CS100004,양식음식점,0.4444,
M103,"전문, 과학 및 기술 서비스업",법무관련 서비스업,CS200013,기타법무서비스,0.4444,
M113,"전문, 과학 및 기술 서비스업",사진 촬영 및 처리업,CS200041,사진관,0.4444,
S207,수리 및 개인 서비스업,이용 및 미용업,CS200026,자동차미용,0.4444,
G209,소매업,"섬유, 의복, 신발 및 가죽제품 소매업",CS300014,신발,0.4357,
I211,음식점업,주점업,CS100009,호프-간이주점,0.4357,
S201,수리 및 개인 서비스업,컴퓨터 및 주변 기기 수리업,CS200004,컴퓨터학원,0.4286,
G202,소매업,자동차 부품 및 내장품 소매업,CS200025,자동차수리,0.4,
G202,소매업,자동차 부품 및 내장품 소매업,CS200026,자동차미용,0.4,
G212,소매업,기타 생활용품 소매업,CS300036,조명용품,0.4,
G222,소매업,중고 상품 소매업,CS300030,중고가구,0.4,
I206,음식점업,기타 외국식 음식점업,CS200002,외국어학원,0.4,
I210,음식점업,기타 간이 음식점업,CS100009,호프-간이주점,0.4,
I212,음식점업,비알코올 음료점업,CS100010,커피-음료,0.4,
L102,부동산업,부동산관련 서비스업,CS200030,피부관리실,0.4,
M103,"전문, 과학 및 기술 서비스업",법무관련 서비스업,CS200012,법무사사무소,0.4,
M105,"전문, 과학 및 기술 서비스업",광고업,CS200036,고시원,0.4,
M111,"전문, 과학 및 기술 서비스업",수의업,CS200008,한의원,0.4,
M111,"전문, 과학 및 기술 서비스업",수의업,CS300002,편의점,0.4,
M111,"전문, 과학 및 기술 서비스업",수의업,CS300018,의약품,0.4,
M112,"전문, 과학 및 기술 서비스업",전문 디자인업,CS100007,치킨전문점,0.4,
M112,"전문, 과학 및 기술 서비스업",전문 디자인업,CS100008,분식전문점,0.4,
M112,"전문, 과학 및 기술 서비스업",전문 디자인업,CS200020,전자게임장,0.4,
M112,"전문, 과학 및 기술 서비스업",전문 디자인업,CS300043,전자상거래업,0.4,
M114,"전문, 과학 및 기술 서비스업",인쇄 및 제품 제작업,CS300027,섬유제품,0.4,
M114,"전문, 과학 및 기술 서비스업",인쇄 및 제품 제작업,CS300032,가전제품,0.4,
N107,"사업시설 관리, 사업 지원 및 임대 서비스업",사무 지원 서비스업,CS200010,변호사사무소,0.4,
N107,"사업시설 관리, 사업 지원 및 임대 서비스업",사무 지원 서비스업,CS200011,변리사사무소,0.4,
N107,"사업시설 관리, 사업 지원 및 임대 서비스업",사무 지원 서비스업,CS200012,법무사사무소,0.4,
N107,"사업시설 관리, 사업 지원 및 임대 서비스업",사무 지원 서비스업,CS200014,회계사사무소,0.4,
N107,"사업시설 관리, 사업 지원 및 임대 서비스업",사무 지원 서비스업,CS200015,세무사사무소,0.4,
P105,교육 서비스업,일반 교육기관,CS200006,일반의원,0.4,
P105,교육 서비스업,일반 교육기관,CS300011,일반의류,0.4,
P107,교육 서비스업,교육 지원 서비스업,CS200001,일반교습학원,0.4,
Q101,보건의료업,병원,CS200008,한의원,0.4,
Q101,보건의료업,병원,CS200036,고시원,0.4,
Q102,보건의료업,의원,CS200036,고시원,0.4,
Q102,보건의료업,의원,CS300002,편의점,0.4,
Q102,보건의료업,의원,CS300018,의약품,0.4,
R104,"예술, 스포츠 및 여가관련 서비스업",유원지 및 기타 오락관련 서비스업,CS200021,기타오락장,0.4,
S205,수리 및 개인 서비스업,가전제품 수리업,CS300027,섬유제품,0.4,
G209,소매업,"섬유, 의복, 신발 및 가죽제품 소매업",CS300032,가전제품,0.375,
G213,소매업,"문화, 오락 및 여가 용품 소매업",CS200047,가정용품임대,0.375,
S201,수리 및 개인 서비스업,컴퓨터 및 주변 기기 수리업,CS200027,모터사이클수리,0.375,
G219,소매업,화초 및 식물 소매업,CS200043,건축물청소,0.3636,
G219,소매업,화초 및 식물 소매업,CS300008,수산물판매,0.3636,
G221,소매업,기타 상품 전문 소매업,CS100007,치킨전문점,0.3636,
G221,소매업,기타 상품 전문 소매업,CS100008,분식전문점,0.3636,
M115,"전문, 과학 및 기술 서비스업","그 외 기타 전문, 과학 및 기술 서비스업",CS100007,치킨전문점,0.3636,
M115,"전문, 과학 및 기술 서비스업","그 외 기타 전문, 과학 및 기술 서비스업",CS100008,분식전문점,0.3636,
N101,"사업시설 관리, 사업 지원 및 임대 서비스업",사업시설 유지ㆍ관리 서비스업,CS200041,사진관,0.3636,
N103,"사업시설 관리, 사업 지원 및 임대 서비스업",조경관리 및 유지 서비스업,CS200030,피부관리실,0.3636,
S202,수리 및 개인 서비스업,통신장비 수리업,CS200025,자동차수리,0.3636,
S205,수리 및 개인 서비스업,가전제품 수리업,CS200025,자동차수리,0.3636,
G216,소매업,"사무용 기기, 안경, 사진장비 및 정밀기기 소매업",CS300016,안경,0.3605,
G213,소매업,"문화, 오락 및 여가 용품 소매업",CS300040,재생용품 판매점,0.3529,
G220,소매업,애완용 동물 및 관련용품 소매업,CS300024,운동/경기용품,0.3529,
I211,음식점업,주점업,CS300003,컴퓨터및주변장치판매,0.35,
G205,소매업,식료품 소매업,CS300040,재생용품 판매점,0.3333,
G209,소매업,"섬유, 의복, 신발 및 가죽제품 소매업",CS200032,가전제품수리,0.3333,
G211,소매업,가구 소매업,CS300015,가방,0.3333,
G211,소매업,가구 소매업,CS300021,문구,0.3333,
G211,소매업,가구 소매업,CS300026,완구,0.3333,
G212,소매업,기타 생활용품 소매업,CS200047,가정용품임대,0.3333,
G212,소매업,기타 생활용품 소매업,CS300024,운동/경기용품,0.3333,
G218,소매업,"예술품, 기념품 및 장식용품 소매업",CS300024,운동/경기용품,0.3333,
G220,소매업,애완용 동물 및 관련용품 소매업,CS300040,재생용품 판매점,0.3333,
I101,숙박업,일반 및 생활 숙박시설 운영업,CS200006,일반의원,0.3333,
I101,숙박업,일반 및 생활 숙박시설 운영업,CS300011,일반의류,0.3333,
I205,음식점업,동남아시아 음식점업,CS100001,한식음식점,0.3333,
I205,음식점업,동남아시아 음식점업,CS100002,중식음식점,0.3333,
I205,음식점업,동남아시아 음식점업,CS100003,일식음식점,0.3333,
I205,음식점업,동남아시아 음식점업,CS100004,양식음식점,0.3333,
M103,"전문, 과학 및 기술 서비스업",법무관련 서비스업,CS200034,여관,0.3333,
M104,"전문, 과학 및 기술 서비스업",회계 및 세무관련 서비스업,CS200015,세무사사무소,0.3333,
M105,"전문, 과학 및 기술 서비스업",광고업,CS300030,중고가구,0.3333,
M111,"전문, 과학 및 기술 서비스업",수의업,CS200006,일반의원,0.3333,
M111,"전문, 과학 및 기술 서비스업",수의업,CS200007,치과의원,0.3333,
M111,"전문, 과학 및 기술 서비스업",수의업,CS200046,의류임대,0.3333,
M111,"전문, 과학 및 기술 서비스업",수의업,CS300011,일반의류,0.3333,
M111,"전문, 과학 및 기술 서비스업",수의업,CS300013,유아의류,0.3333,
M111,"전문, 과학 및 기술 서비스업",수의업,CS300019,의료기기,0.3333,
M114,"전문, 과학 및 기술 서비스업",인쇄 및 제품 제작업,CS200032,가전제품수리,0.3333,
N110,"사업시설 관리, 사업 지원 및 임대 서비스업",개인 및 가정용품 대여업,CS300032,가전제품,0.3333,
N110,"사업시설 관리, 사업 지원 및 임대 서비스업",개인 및 가정용품 대여업,CS300036,조명용품,0.3333,
P106,교육 서비스업,기타 교육기관,CS200034,여관,0.3333,
P106,교육 서비스업,기타 교육기관,CS300034,악기,0.3333,
Q101,보건의료업,병원,CS200003,예술학원,0.3333,
Q101,보건의료업,병원,CS200006,일반의원,0.3333,
Q101,보건의료업,병원,CS200007,치과의원,0.3333,
Q102,보건의료업,의원,CS200003,예술학원,0.3333,
Q102,보건의료업,의원,CS200009,동물병원,0.3333,
Q102,보건의료업,의원,CS200046,의류임대,0.3333,
Q102,보건의료업,의원,CS300011,일반의류,0.3333,
Q102,보건의료업,의원,CS300013,유아의류,0.3333,
Q102,보건의료업,의원,CS300019,의료기기,0.3333,
S202,수리 및 개인 서비스업,통신장비 수리업,CS200032,가전제품수리,0.3333,
S202,수리 및 개인 서비스업,통신장비 수리업,CS200042,통번역서비스,0.3333,
S204,수리 및 개인 서비스업,모터사이클 수리업,CS200025,자동차수리,0.3333,
S205,수리 및 개인 서비스업,가전제품 수리업,CS200023,통신기기수리,0.3333,
S205,수리 및 개인 서비스업,가전제품 수리업,CS200047,가정용품임대,0.3333,
S206,수리 및 개인 서비스업,기타 개인 및 가정용품 수리업,CS300032,가전제품,0.3333,
S206,수리 및 개인 서비스업,기타 개인 및 가정용품 수리업,CS300035,인테리어,0.3333,
S206,수리 및 개인 서비스업,기타 개인 및 가정용품 수리업,CS300036,조명용품,0.3333,
S208,수리 및 개인 서비스업,"욕탕, 마사지 및 기타 신체 관리 서비스업",CS200041,사진관,0.3333,
G208,소매업,가전제품 및 정보 통신장비 소매업,CS300025,자전거 및 기타운송장비,0.3158,
G218,소매업,"예술품, 기념품 및 장식용품 소매업",CS300040,재생용품 판매점,0.3158,
G202,소매업,자동차 부품 및 내장품 소매업,CS300022,화장품,0.3077,
G213,소매업,"문화, 오락 및 여가 용품 소매업",CS200021,기타오락장,0.3077,
G213,소매업,"문화, 오락 및 여가 용품 소매업",CS300022,화장품,0.3077,
G217,소매업,시계 및 귀금속 소매업,CS200014,회계사사무소,0.3077,
G221,소매업,기타 상품 전문 소매업,CS300040,재생용품 판매점,0.3077,
G222,소매업,중고 상품 소매업,CS300040,재생용품 판매점,0.3077,
M113,"전문, 과학 및 기술 서비스업",사진 촬영 및 처리업,CS200027,모터사이클수리,0.3077,
N101,"사업시설 관리, 사업 지원 및 임대 서비스업",사업시설 유지ㆍ관리 서비스업,CS200030,피부관리실,0.3077,
N109,"사업시설 관리, 사업 지원 및 임대 서비스업",운송장비 대여업,CS200045,비디오/서적임대,0.3077,
S201,수리 및 개인 서비스업,컴퓨터 및 주변 기기 수리업,CS300019,의료기기,0.3077,
S202,수리 및 개인 서비스업,통신장비 수리업,CS200027,모터사이클수리,0.3077,
S202,수리 및 개인 서비스업,통신장비 수리업,CS300025,자전거 및 기타운송장비,0.3077,
S203,수리 및 개인 서비스업,자동차 수리 및 세차업,CS200023,통신기기수리,0.3077,
S203,수리 및 개인 서비스업,자동차 수리 및 세차업,CS200032,가전제품수리,0.3077,
S204,수리 및 개인 서비스업,모터사이클 수리업,CS200023,통신기기수리,0.3077,
S204,수리 및 개인 서비스업,모터사이클 수리업,CS200032,가전제품수리,0.3077,
S205,수리 및 개인 서비스업,가전제품 수리업,CS200027,모터사이클수리,0.3077,
S206,수리 및 개인 서비스업,기타 개인 및 가정용품 수리업,CS200025,자동차수리,0.3077,
G215,소매업,"의약품, 의료용 기구, 화장품 및 방향제 소매업",CS300019,의료기기,0.3,
G203,소매업,모터사이클 및 부품 소매업,CS300038,자동차부품,0.2857,
G204,소매업,종합 소매업,CS200031,세탁소,0.2857,
G204,소매업,종합 소매업,CS300042,주유소,0.2857,
G206,소매업,음료 소매업,CS200031,세탁소,0.2857,
G206,소매업,음료 소매업,CS200040,녹음실,0.2857,
G206,소매업,음료 소매업,CS300042,주유소,0.2857,
G207,소매업,담배 소매업,CS200031,세탁소,0.2857,
G207,소매업,담배 소매업,CS300042,주유소,0.2857,
G211,소매업,가구 소매업,CS200016,당구장,0.2857,
G211,소매업,가구 소매업,CS200031,세탁소,0.2857,
G211,소매업,가구 소매업,CS300042,주유소,0.2857,
G213,소매업,"문화, 오락 및 여가 용품 소매업",CS300032,가전제품,0.2857,
G213,소매업,"문화, 오락 및 여가 용품 소매업",CS300036,조명용품,0.2857,
G214,소매업,연료소매업,CS200031,세탁소,0.2857,
G214,소매업,연료소매업,CS300042,주유소,0.2857,
I101,숙박업,일반 및 생활 숙박시설 운영업,CS200001,일반교습학원,0.2857,
I201,음식점업,한식 음식점업,CS200008,한의원,0.2857,
I201,음식점업,한식 음식점업,CS200040,녹음실,0.2857,
I201,음식점업,한식 음식점업,CS300012,한복점,0.2857,
I202,음식점업,중식 음식점업,CS200040,녹음실,0.2857,
I203,음식점업,일식 음식점업,CS200029,네일숍,0.2857,
I203,음식점업,일식 음식점업,CS200040,녹음실,0.2857,
I204,음식점업,서양식 음식점업,CS300020,서적,0.2857,
I210,음식점업,기타 간이 음식점업,CS200040,녹음실,0.2857,
L102,부동산업,부동산관련 서비스업,CS200034,여관,0.2857,
M103,"전문, 과학 및 기술 서비스업",법무관련 서비스업,CS200041,사진관,0.2857,
M105,"전문, 과학 및 기술 서비스업",광고업,CS300037,중고차판매,0.2857,
M106,"전문, 과학 및 기술 서비스업",시장 조사 및 여론 조사업,CS200010,변호사사무소,0.2857,
M106,"전문, 과학 및 기술 서비스업",시장 조사 및 여론 조사업,CS200011,변리사사무소,0.2857,
M106,"전문, 과학 및 기술 서비스업",시장 조사 및 여론 조사업,CS200012,법무사사무소,0.2857,
M106,"전문, 과학 및 기술 서비스업",시장 조사 및 여론 조사업,CS200014,회계사사무소,0.2857,
M106,"전문, 과학 및 기술 서비스업",시장 조사 및 여론 조사업,CS200015,세무사사무소,0.2857,
M111,"전문, 과학 및 기술 서비스업",수의업,CS200025,자동차수리,0.2857,
M111,"전문, 과학 및 기술 서비스업",수의업,CS300008,수산물판매,0.2857,
M112,"전문, 과학 및 기술 서비스업",전문 디자인업,CS300021,문구,0.2857,
N107,"사업시설 관리, 사업 지원 및 임대 서비스업",사무 지원 서비스업,CS200008,한의원,0.2857,
N107,"사업시설 관리, 사업 지원 및 임대 서비스업",사무 지원 서비스업,CS200036,고시원,0.2857,
N107,"사업시설 관리, 사업 지원 및 임대 서비스업",사무 지원 서비스업,CS200041,사진관,0.2857,
N107,"사업시설 관리, 사업 지원 및 임대 서비스업",사무 지원 서비스업,CS200044,여행사,0.2857,
N108,"사업시설 관리, 사업 지원 및 임대 서비스업",기타 사업 지원 서비스업,CS200008,한의원,0.2857,
N108,"사업시설 관리, 사업 지원 및 임대 서비스업",기타 사업 지원 서비스업,CS200036,고시원,0.2857,
N108,"사업시설 관리, 사업 지원 및 임대 서비스업",기타 사업 지원 서비스업,CS200041,사진관,0.2857,
N108,"사업시설 관리, 사업 지원 및 임대 서비스업",기타 사업 지원 서비스업,CS200044,여행사,0.2857,
N110,"사업시설 관리, 사업 지원 및 임대 서비스업",개인 및 가정용품 대여업,CS200032,가전제품수리,0.2857,
N110,"사업시설 관리, 사업 지원 및 임대 서비스업",개인 및 가정용품 대여업,CS300024,운동/경기용품,0.2857,
P106,교육 서비스업,기타 교육기관,CS200041,사진관,0.2857,
P107,교육 서비스업,교육 지원 서비스업,CS200008,한의원,0.2857,
P107,교육 서비스업,교육 지원 서비스업,CS200036,고시원,0.2857,
Q101,보건의료업,병원,CS200002,외국어학원,0.2857,
Q101,보건의료업,병원,CS200004,컴퓨터학원,0.2857,
Q102,보건의료업,의원,CS200002,외국어학원,0.2857,
Q102,보건의료업,의원,CS200004,컴퓨터학원,0.2857,
Q104,보건의료업,기타 보건업,CS200043,건축물청소,0.2857,
R102,"예술, 스포츠 및 여가관련 서비스업","도서관, 사적지 및 유사 여가관련 서비스업",CS300020,서적,0.2857,
S201,수리 및 개인 서비스업,컴퓨터 및 주변 기기 수리업,CS200025,자동차수리,0.2857,
S203,수리 및 개인 서비스업,자동차 수리 및 세차업,CS200027,모터사이클수리,0.2857,
S206,수리 및 개인 서비스업,기타 개인 및 가정용품 수리업,CS200023,통신기기수리,0.2857,
S206,수리 및 개인 서비스업,기타 개인 및 가정용품 수리업,CS300024,운동/경기용품,0.2857,
S208,수리 및 개인 서비스업,"욕탕, 마사지 및 기타 신체 관리 서비스업",CS200030,피부관리실,0.2857,
S211,수리 및 개인 서비스업,기타 개인서비스,CS300020,서적,0.2857,
G202,소매업,자동차 부품 및 내장품 소매업,CS200020,전자게임장,0.2667,
G202,소매업,자동차 부품 및 내장품 소매업,CS300037,중고차판매,0.2667,
G203,소매업,모터사이클 및 부품 소매업,CS200010,변호사사무소,0.2667,
G203,소매업,모터사이클 및 부품 소매업,CS200011,변리사사무소,0.2667,
G203,소매업,모터사이클 및 부품 소매업,CS200012,법무사사무소,0.2667,
G203,소매업,모터사이클 및 부품 소매업,CS200014,회계사사무소,0.2667,
G203,소매업,모터사이클 및 부품 소매업,CS200015,세무사사무소,0.2667,
G209,소매업,"섬유, 의복, 신발 및 가죽제품 소매업",CS300018,의약품,0.2667,
G209,소매업,"섬유, 의복, 신발 및 가죽제품 소매업",CS300042,주유소,0.2667,
G210,소매업,"철물, 공구, 창호 및 건설자재 소매업",CS300033,철물점,0.2667,
G220,소매업,애완용 동물 및 관련용품 소매업,CS200009,동물병원,0.2667,
G220,소매업,애완용 동물 및 관련용품 소매업,CS300036,조명용품,0.2667,
M107,"전문, 과학 및 기술 서비스업",회사 본부 및 경영 컨설팅 서비스업,CS200014,회계사사무소,0.2667,
N101,"사업시설 관리, 사업 지원 및 임대 서비스업",사업시설 유지ㆍ관리 서비스업,CS200027,모터사이클수리,0.2667,
N110,"사업시설 관리, 사업 지원 및 임대 서비스업",개인 및 가정용품 대여업,CS300040,재생용품 판매점,0.2667,
N111,"사업시설 관리, 사업 지원 및 임대 서비스업",산업용 기계 및 장비 대여업,CS200047,가정용품임대,0.2667,
S201,수리 및 개인 서비스업,컴퓨터 및 주변 기기 수리업,CS200011,변리사사무소,0.2667,
S201,수리 및 개인 서비스업,컴퓨터 및 주변 기기 수리업,CS200032,가전제품수리,0.2667,
S206,수리 및 개인 서비스업,기타 개인 및 가정용품 수리업,CS200027,모터사이클수리,0.2667,
S206,수리 및 개인 서비스업,기타 개인 및 가정용품 수리업,CS300040,재생용품 판매점,0.2667,
S208,수리 및 개인 서비스업,"욕탕, 마사지 및 기타 신체 관리 서비스업",CS200023,통신기기수리,0.2667,
G216,소매업,"사무용 기기, 안경, 사진장비 및 정밀기기 소매업",CS200010,변호사사무소,0.2609,
G216,소매업,"사무용 기기, 안경, 사진장비 및 정밀기기 소매업",CS200011,변리사사무소,0.2609,
G216,소매업,"사무용 기기, 안경, 사진장비 및 정밀기기 소매업",CS200012,법무사사무소,0.2609,
G216,소매업,"사무용 기기, 안경, 사진장비 및 정밀기기 소매업",CS200014,회계사사무소,0.2609,
G216,소매업,"사무용 기기, 안경, 사진장비 및 정밀기기 소매업",CS200015,세무사사무소,0.2609,
G202,소매업,자동차 부품 및 내장품 소매업,CS300024,운동/경기용품,0.25,
G203,소매업,모터사이클 및 부품 소매업,CS300040,재생용품 판매점,0.25,
G204,소매업,종합 소매업,CS300005,주류도매,0.25,
G204,소매업,종합 소매업,CS300006,미곡판매,0.25,
G204,소매업,종합 소매업,CS300007,육류판매,0.25,
G205,소매업,식료품 소매업,CS200031,세탁소,0.25,
G205,소매업,식료품 소매업,CS300018,의약품,0.25,
G205,소매업,식료품 소매업,CS300022,화장품,0.25,
G205,소매업,식료품 소매업,CS300041,예술품,0.25,
G205,소매업,식료품 소매업,CS300042,주유소,0.25,
G206,소매업,음료 소매업,CS300005,주류도매,0.25,
G206,소매업,음료 소매업,CS300006,미곡판매,0.25,
G206,소매업,음료 소매업,CS300007,육류판매,0.25,
G206,소매업,음료 소매업,CS300019,의료기기,0.25,
G206,소매업,음료 소매업,CS300023,미용재료,0.25,
G207,소매업,담배 소매업,CS300005,주류도매,0.25,
G207,소매업,담배 소매업,CS300006,미곡판매,0.25,
G207,소매업,담배 소매업,CS300007,육류판매,0.25,
G208,소매업,가전제품 및 정보 통신장비 소매업,CS300027,섬유제품,0.25,
G209,소매업,"섬유, 의복, 신발 및 가죽제품 소매업",CS300013,유아의류,0.25,
G211,소매업,가구 소매업,CS300005,주류도매,0.25,
G211,소매업,가구 소매업,CS300006,미곡판매,0.25,
G211,소매업,가구 소매업,CS300007,육류판매,0.25,
G211,소매업,가구 소매업,CS300010,반찬가게,0.25,
G211,소매업,가구 소매업,CS300032,가전제품,0.25,
G213,소매업,"문화, 오락 및 여가 용품 소매업",CS200032,가전제품수리,0.25,
G213,소매업,"문화, 오락 및 여가 용품 소매업",CS300024,운동/경기용품,0.25,
G214,소매업,연료소매업,CS100010,커피-음료,0.25,
G214,소매업,연료소매업,CS300005,주류도매,0.25,
G214,소매업,연료소매업,CS300006,미곡판매,0.25,
G214,소매업,연료소매업,CS300007,육류판매,0.25,
G214,소매업,연료소매업,CS300019,의료기기,0.25,
G214,소매업,연료소매업,CS300023,미용재료,0.25,
G218,소매업,"예술품, 기념품 및 장식용품 소매업",CS200003,예술학원,0.25,
G218,소매업,"예술품, 기념품 및 장식용품 소매업",CS300036,조명용품,0.25,
G220,소매업,애완용 동물 및 관련용품 소매업,CS200043,건축물청소,0.25,
G220,소매업,애완용 동물 및 관련용품 소매업,CS300008,수산물판매,0.25,
G220,소매업,애완용 동물 및 관련용품 소매업,CS300038,자동차부품,0.25,
G221,소매업,기타 상품 전문 소매업,CS300021,문구,0.25,
I201,음식점업,한식 음식점업,CS100010,커피-음료,0.25,
I202,음식점업,중식 음식점업,CS100010,커피-음료,0.25,
I202,음식점업,중식 음식점업,CS300030,중고가구,0.25,
I203,음식점업,일식 음식점업,CS100010,커피-음료,0.25,
I203,음식점업,일식 음식점업,CS200006,일반의원,0.25,
I203,음식점업,일식 음식점업,CS300011,일반의류,0.25,
I204,음식점업,서양식 음식점업,CS200038,독서실,0.25,
I204,음식점업,서양식 음식점업,CS200040,녹음실,0.25,
I206,음식점업,기타 외국식 음식점업,CS200040,녹음실,0.25,
I207,음식점업,구내식당 및 뷔페,CS300021,문구,0.25,
I207,음식점업,구내식당 및 뷔페,CS300026,완구,0.25,
I207,음식점업,구내식당 및 뷔페,CS300031,가구,0.25,
I210,음식점업,기타 간이 음식점업,CS100010,커피-음료,0.25,
L102,부동산업,부동산관련 서비스업,CS200041,사진관,0.25,
M104,"전문, 과학 및 기술 서비스업",회계 및 세무관련 서비스업,CS200034,여관,0.25,
M107,"전문, 과학 및 기술 서비스업",회사 본부 및 경영 컨설팅 서비스업,CS300039,모터사이클및부품,0.25,
M111,"전문, 과학 및 기술 서비스업",수의업,CS200023,통신기기수리,0.25,
M111,"전문, 과학 및 기술 서비스업",수의업,CS200032,가전제품수리,0.25,
M115,"전문, 과학 및 기술 서비스업","그 외 기타 전문, 과학 및 기술 서비스업",CS300021,문구,0.25,
M115,"전문, 과학 및 기술 서비스업","그 외 기타 전문, 과학 및 기술 서비스업",CS300034,악기,0.25,
N103,"사업시설 관리, 사업 지원 및 임대 서비스업",조경관리 및 유지 서비스업,CS200034,여관,0.25,
N103,"사업시설 관리, 사업 지원 및 임대 서비스업",조경관리 및 유지 서비스업,CS300016,안경,0.25,
N107,"사업시설 관리, 사업 지원 및 임대 서비스업",사무 지원 서비스업,CS200003,예술학원,0.25,
N107,"사업시설 관리, 사업 지원 및 임대 서비스업",사무 지원 서비스업,CS200006,일반의원,0.25,
N107,"사업시설 관리, 사업 지원 및 임대 서비스업",사무 지원 서비스업,CS200007,치과의원,0.25,
N107,"사업시설 관리, 사업 지원 및 임대 서비스업",사무 지원 서비스업,CS200009,동물병원,0.25,
N108,"사업시설 관리, 사업 지원 및 임대 서비스업",기타 사업 지원 서비스업,CS200003,예술학원,0.25,
N108,"사업시설 관리, 사업 지원 및 임대 서비스업",기타 사업 지원 서비스업,CS200006,일반의원,0.25,
N108,"사업시설 관리, 사업 지원 및 임대 서비스업",기타 사업 지원 서비스업,CS200007,치과의원,0.25,
N108,"사업시설 관리, 사업 지원 및 임대 서비스업",기타 사업 지원 서비스업,CS200009,동물병원,0.25,
N109,"사업시설 관리, 사업 지원 및 임대 서비스업",운송장비 대여업,CS200034,여관,0.25,
N111,"사업시설 관리, 사업 지원 및 임대 서비스업",산업용 기계 및 장비 대여업,CS200045,비디오/서적임대,0.25,
N111,"사업시설 관리, 사업 지원 및 임대 서비스업",산업용 기계 및 장비 대여업,CS300025,자전거 및 기타운송장비,0.25,
P105,교육 서비스업,일반 교육기관,CS200034,여관,0.25,
P105,교육 서비스업,일반 교육기관,CS300034,악기,0.25,
P106,교육 서비스업,기타 교육기관,CS300007,육류판매,0.25,
P106,교육 서비스업,기타 교육기관,CS300019,의료기기,0.25,
P107,교육 서비스업,교육 지원 서비스업,CS200003,예술학원,0.25,
P107,교육 서비스업,교육 지원 서비스업,CS200006,일반의원,0.25,
P107,교육 서비스업,교육 지원 서비스업,CS200007,치과의원,0.25,
P107,교육 서비스업,교육 지원 서비스업,CS200009,동물병원,0.25,
P107,교육 서비스업,교육 지원 서비스업,CS300007,육류판매,0.25,
Q101,보건의료업,병원,CS200001,일반교습학원,0.25,
Q102,보건의료업,의원,CS200001,일반교습학원,0.25,
R103,"예술, 스포츠 및 여가관련 서비스업",스포츠 서비스업,CS200013,기타법무서비스,0.25,
S202,수리 및 개인 서비스업,통신장비 수리업,CS300014,신발,0.25,
S205,수리 및 개인 서비스업,가전제품 수리업,CS300015,가방,0.25,
S205,수리 및 개인 서비스업,가전제품 수리업,CS300031,가구,0.25,
S207,수리 및 개인 서비스업,이용 및 미용업,CS300006,미곡판매,0.25,
S207,수리 및 개인 서비스업,이용 및 미용업,CS300036,조명용품,0.25,
S208,수리 및 개인 서비스업,"욕탕, 마사지 및 기타 신체 관리 서비스업",CS200027,모터사이클수리,0.25,
S209,수리 및 개인 서비스업,세탁업,CS200015,세무사사무소,0.25,
S210,수리 및 개인 서비스업,장례식장 및 관련 서비스업,CS200034,여관,0.25,
S211,수리 및 개인 서비스업,기타 개인서비스,CS200038,독서실,0.25,
G202,소매업,자동차 부품 및 내장품 소매업,CS300025,자전거 및 기타운송장비,0.2353,
G202,소매업,자동차 부품 및 내장품 소매업,CS300039,모터사이클및부품,0.2353,
G202,소매업,자동차 부품 및 내장품 소매업,CS300040,재생용품 판매점,0.2353,
G208,소매업,가전제품 및 정보 통신장비 소매업,CS200020,전자게임장,0.2353,
G210,소매업,"철물, 공구, 창호 및 건설자재 소매업",CS200043,건축물청소,0.2353,
G210,소매업,"철물, 공구, 창호 및 건설자재 소매업",CS300008,수산물판매,0.2353,
G220,소매업,애완용 동물 및 관련용품 소매업,CS200047,가정용품임대,0.2353,
M109,"전문, 과학 및 기술 서비스업","건축 기술, 엔지니어링 및 관련 기술 서비스업",CS300019,의료기기,0.2353,
G203,소매업,모터사이클 및 부품 소매업,CS300003,컴퓨터및주변장치판매,0.2222,
G204,소매업,종합 소매업,CS200043,건축물청소,0.2222,
G204,소매업,종합 소매업,CS300008,수산물판매,0.2222,
G204,소매업,종합 소매업,CS300037,중고차판매,0.2222,
G205,소매업,식료품 소매업,CS100010,커피-음료,0.2222,
G205,소매업,식료품 소매업,CS300005,주류도매,0.2222,
G205,소매업,식료품 소매업,CS300006,미곡판매,0.2222,
G205,소매업,식료품 소매업,CS300007,육류판매,0.2222,
G205,소매업,식료품 소매업,CS300019,의료기기,0.2222,
G205,소매업,식료품 소매업,CS300023,미용재료,0.2222,
G205,소매업,식료품 소매업,CS300027,섬유제품,0.2222,
G205,소매업,식료품 소매업,CS300032,가전제품,0.2222,
G205,소매업,식료품 소매업,CS300036,조명용품,0.2222,
G206,소매업,음료 소매업,CS100001,한식음식점,0.2222,
G206,소매업,음료 소매업,CS100002,중식음식점,0.2222,
G206,소매업,음료 소매업,CS100003,일식음식점,0.2222,
G206,소매업,음료 소매업,CS100004,양식음식점,0.2222,
G206,소매업,음료 소매업,CS200043,건축물청소,0.2222,
G206,소매업,음료 소매업,CS300008,수산물판매,0.2222,
G206,소매업,음료 소매업,CS300037,중고차판매,0.2222,
G207,소매업,담배 소매업,CS200043,건축물청소,0.2222,
G207,소매업,담배 소매업,CS300008,수산물판매,0.2222,
G207,소매업,담배 소매업,CS300037,중고차판매,0.2222,
G208,소매업,가전제품 및 정보 통신장비 소매업,CS200023,통신기기수리,0.2222,
G208,소매업,가전제품 및 정보 통신장비 소매업,CS200042,통번역서비스,0.2222,
G208,소매업,가전제품 및 정보 통신장비 소매업,CS200047,가정용품임대,0.2222,
G209,소매업,"섬유, 의복, 신발 및 가죽제품 소매업",CS200047,가정용품임대,0.2222,
G210,소매업,"철물, 공구, 창호 및 건설자재 소매업",CS200010,변호사사무소,0.2222,
G211,소매업,가구 소매업,CS200043,건축물청소,0.2222,
G211,소매업,가구 소매업,CS300008,수산물판매,0.2222,
G211,소매업,가구 소매업,CS300037,중고차판매,0.2222,
G212,소매업,기타 생활용품 소매업,CS200028,미용실,0.2222,
G212,소매업,기타 생활용품 소매업,CS200031,세탁소,0.2222,
G212,소매업,기타 생활용품 소매업,CS300018,의약품,0.2222,
G212,소매업,기타 생활용품 소매업,CS300022,화장품,0.2222,
G212,소매업,기타 생활용품 소매업,CS300041,예술품,0.2222,
G212,소매업,기타 생활용품 소매업,CS300042,주유소,0.2222,
G214,소매업,연료소매업,CS200017,골프연습장,0.2222,
G214,소매업,연료소매업,CS200043,건축물청소,0.2222,
G214,소매업,연료소매업,CS300008,수산물판매,0.2222,
G214,소매업,연료소매업,CS300037,중고차판매,0.2222,
G218,소매업,"예술품, 기념품 및 장식용품 소매업",CS200047,가정용품임대,0.2222,
G219,소매업,화초 및 식물 소매업,CS200031,세탁소,0.2222,
G219,소매업,화초 및 식물 소매업,CS300022,화장품,0.2222,
G219,소매업,화초 및 식물 소매업,CS300033,철물점,0.2222,
G219,소매업,화초 및 식물 소매업,CS300042,주유소,0.2222,
G221,소매업,기타 상품 전문 소매업,CS200031,세탁소,0.2222,
G221,소매업,기타 상품 전문 소매업,CS300009,청과상,0.2222,
G221,소매업,기타 상품 전문 소매업,CS300018,의약품,0.2222,
G221,소매업,기타 상품 전문 소매업,CS300022,화장품,0.2222,
G221,소매업,기타 상품 전문 소매업,CS300041,예술품,0.2222,
G221,소매업,기타 상품 전문 소매업,CS300042,주유소,0.2222,
G222,소매업,중고 상품 소매업,CS200031,세탁소,0.2222,
G222,소매업,중고 상품 소매업,CS200036,고시원,0.2222,
G222,소매업,중고 상품 소매업,CS300009,청과상,0.2222,
G222,소매업,중고 상품 소매업,CS300018,의약품,0.2222,
G222,소매업,중고 상품 소매업,CS300022,화장품,0.2222,
G222,소매업,중고 상품 소매업,CS300041,예술품,0.2222,
G222,소매업,중고 상품 소매업,CS300042,주유소,0.2222,
I201,음식점업,한식 음식점업,CS100008,분식전문점,0.2222,
I202,음식점업,중식 음식점업,CS100008,분식전문점,0.2222,
I202,음식점업,중식 음식점업,CS200033,부동산중개업,0.2222,
I202,음식점업,중식 음식점업,CS300037,중고차판매,0.2222,
I203,음식점업,일식 음식점업,CS100008,분식전문점,0.2222,
I204,음식점업,서양식 음식점업,CS100010,커피-음료,0.2222,
I206,음식점업,기타 외국식 음식점업,CS100010,커피-음료,0.2222,
I207,음식점업,구내식당 및 뷔페,CS200016,당구장,0.2222,
I210,음식점업,기타 간이 음식점업,CS100008,분식전문점,0.2222,
I212,음식점업,비알코올 음료점업,CS200040,녹음실,0.2222,
L102,부동산업,부동산관련 서비스업,CS200009,동물병원,0.2222,
L102,부동산업,부동산관련 서비스업,CS300029,애완동물,0.2222,
M103,"전문, 과학 및 기술 서비스업",법무관련 서비스업,CS200030,피부관리실,0.2222,
M104,"전문, 과학 및 기술 서비스업",회계 및 세무관련 서비스업,CS200031,세탁소,0.2222,
M104,"전문, 과학 및 기술 서비스업",회계 및 세무관련 서비스업,CS200041,사진관,0.2222,
M109,"전문, 과학 및 기술 서비스업","건축 기술, 엔지니어링 및 관련 기술 서비스업",CS200043,건축물청소,0.2222,
M111,"전문, 과학 및 기술 서비스업",수의업,CS200027,모터사이클수리,0.2222,
M112,"전문, 과학 및 기술 서비스업",전문 디자인업,CS300032,가전제품,0.2222,
M112,"전문, 과학 및 기술 서비스업",전문 디자인업,CS300035,인테리어,0.2222,
M113,"전문, 과학 및 기술 서비스업",사진 촬영 및 처리업,CS200044,여행사,0.2222,
M114,"전문, 과학 및 기술 서비스업",인쇄 및 제품 제작업,CS100005,제과점,0.2222,
M114,"전문, 과학 및 기술 서비스업",인쇄 및 제품 제작업,CS300018,의약품,0.2222,
M114,"전문, 과학 및 기술 서비스업",인쇄 및 제품 제작업,CS300022,화장품,0.2222,
M114,"전문, 과학 및 기술 서비스업",인쇄 및 제품 제작업,CS300041,예술품,0.2222,
M115,"전문, 과학 및 기술 서비스업","그 외 기타 전문, 과학 및 기술 서비스업",CS100005,제과점,0.2222,
M115,"전문, 과학 및 기술 서비스업","그 외 기타 전문, 과학 및 기술 서비스업",CS300009,청과상,0.2222,
M115,"전문, 과학 및 기술 서비스업","그 외 기타 전문, 과학 및 기술 서비스업",CS300041,예술품,0.2222,
N103,"사업시설 관리, 사업 지원 및 임대 서비스업",조경관리 및 유지 서비스업,CS200041,사진관,0.2222,
N103,"사업시설 관리, 사업 지원 및 임대 서비스업",조경관리 및 유지 서비스업,CS300042,주유소,0.2222,
N105,"사업시설 관리, 사업 지원 및 임대 서비스업",여행사 및 기타 여행 보조 서비스업,CS200034,여관,0.2222,
N107,"사업시설 관리, 사업 지원 및 임대 서비스업",사무 지원 서비스업,CS200002,외국어학원,0.2222,
N107,"사업시설 관리, 사업 지원 및 임대 서비스업",사무 지원 서비스업,CS200004,컴퓨터학원,0.2222,
N107,"사업시설 관리, 사업 지원 및 임대 서비스업",사무 지원 서비스업,CS200013,기타법무서비스,0.2222,
N108,"사업시설 관리, 사업 지원 및 임대 서비스업",기타 사업 지원 서비스업,CS200002,외국어학원,0.2222,
N108,"사업시설 관리, 사업 지원 및 임대 서비스업",기타 사업 지원 서비스업,CS200004,컴퓨터학원,0.2222,
N109,"사업시설 관리, 사업 지원 및 임대 서비스업",운송장비 대여업,CS200016,당구장,0.2222,
N109,"사업시설 관리, 사업 지원 및 임대 서비스업",운송장비 대여업,CS200018,볼링장,0.2222,
N109,"사업시설 관리, 사업 지원 및 임대 서비스업",운송장비 대여업,CS200021,기타오락장,0.2222,
N109,"사업시설 관리, 사업 지원 및 임대 서비스업",운송장비 대여업,CS200044,여행사,0.2222,
N109,"사업시설 관리, 사업 지원 및 임대 서비스업",운송장비 대여업,CS300022,화장품,0.2222,
P105,교육 서비스업,일반 교육기관,CS200029,네일숍,0.2222,
P105,교육 서비스업,일반 교육기관,CS200041,사진관,0.2222,
P106,교육 서비스업,기타 교육기관,CS200030,피부관리실,0.2222,
P107,교육 서비스업,교육 지원 서비스업,CS200002,외국어학원,0.2222,
P107,교육 서비스업,교육 지원 서비스업,CS200004,컴퓨터학원,0.2222,
R102,"예술, 스포츠 및 여가관련 서비스업","도서관, 사적지 및 유사 여가관련 서비스업",CS200010,변호사사무소,0.2222,
R102,"예술, 스포츠 및 여가관련 서비스업","도서관, 사적지 및 유사 여가관련 서비스업",CS200011,변리사사무소,0.2222,
R102,"예술, 스포츠 및 여가관련 서비스업","도서관, 사적지 및 유사 여가관련 서비스업",CS200012,법무사사무소,0.2222,
R102,"예술, 스포츠 및 여가관련 서비스업","도서관, 사적지 및 유사 여가관련 서비스업",CS200014,회계사사무소,0.2222,
R102,"예술, 스포츠 및 여가관련 서비스업","도서관, 사적지 및 유사 여가관련 서비스업",CS200015,세무사사무소,0.2222,
R103,"예술, 스포츠 및 여가관련 서비스업",스포츠 서비스업,CS100006,패스트푸드점,0.2222,
R103,"예술, 스포츠 및 여가관련 서비스업",스포츠 서비스업,CS200035,게스트하우스,0.2222,
R103,"예술, 스포츠 및 여가관련 서비스업",스포츠 서비스업,CS200042,통번역서비스,0.2222,
R104,"예술, 스포츠 및 여가관련 서비스업",유원지 및 기타 오락관련 서비스업,CS200034,여관,0.2222,
S202,수리 및 개인 서비스업,통신장비 수리업,CS200016,당구장,0.2222,
S202,수리 및 개인 서비스업,통신장비 수리업,CS200018,볼링장,0.2222,
S202,수리 및 개인 서비스업,통신장비 수리업,CS200021,기타오락장,0.2222,
S202,수리 및 개인 서비스업,통신장비 수리업,CS300022,화장품,0.2222,
S205,수리 및 개인 서비스업,가전제품 수리업,CS100005,제과점,0.2222,
S205,수리 및 개인 서비스업,가전제품 수리업,CS300018,의약품,0.2222,
S205,수리 및 개인 서비스업,가전제품 수리업,CS300022,화장품,0.2222,
S205,수리 및 개인 서비스업,가전제품 수리업,CS300041,예술품,0.2222,
S210,수리 및 개인 서비스업,장례식장 및 관련 서비스업,CS200016,당구장,0.2222,
S210,수리 및 개인 서비스업,장례식장 및 관련 서비스업,CS200018,볼링장,0.2222,
S210,수리 및 개인 서비스업,장례식장 및 관련 서비스업,CS200021,기타오락장,0.2222,
S210,수리 및 개인 서비스업,장례식장 및 관련 서비스업,CS200041,사진관,0.2222,
S210,수리 및 개인 서비스업,장례식장 및 관련 서비스업,CS300022,화장품,0.2222,
S211,수리 및 개인 서비스업,기타 개인서비스,CS300035,인테리어,0.2222,
G202,소매업,자동차 부품 및 내장품 소매업,CS300003,컴퓨터및주변장치판매,0.2105,
G208,소매업,가전제품 및 정보 통신장비 소매업,CS300040,재생용품 판매점,0.2105,
G209,소매업,"섬유, 의복, 신발 및 가죽제품 소매업",CS300040,재생용품 판매점,0.2105,
G210,소매업,"철물, 공구, 창호 및 건설자재 소매업",CS300040,재생용품 판매점,0.2105,
G215,소매업,"의약품, 의료용 기구, 화장품 및 방향제 소매업",CS200016,당구장,0.2105,
M109,"전문, 과학 및 기술 서비스업","건축 기술, 엔지니어링 및 관련 기술 서비스업",CS200023,통신기기수리,0.2105,
R102,"예술, 스포츠 및 여가관련 서비스업","도서관, 사적지 및 유사 여가관련 서비스업",CS200045,비디오/서적임대,0.2105,
G204,소매업,종합 소매업,CS200010,변호사사무소,0.2,
G204,소매업,종합 소매업,CS200011,변리사사무소,0.2,
G204,소매업,종합 소매업,CS200012,법무사사무소,0.2,
G204,소매업,종합 소매업,CS200014,회계사사무소,0.2,
G204,소매업,종합 소매업,CS200015,세무사사무소,0.2,
G205,소매업,식료품 소매업,CS100001,한식음식점,0.2,
G205,소매업,식료품 소매업,CS100002,중식음식점,0.2,
G205,소매업,식료품 소매업,CS100003,일식음식점,0.2,
G205,소매업,식료품 소매업,CS100004,양식음식점,0.2,
G205,소매업,식료품 소매업,CS100008,분식전문점,0.2,
G205,소매업,식료품 소매업,CS200043,건축물청소,0.2,
G205,소매업,식료품 소매업,CS300008,수산물판매,0.2,
G205,소매업,식료품 소매업,CS300037,중고차판매,0.2,
G205,소매업,식료품 소매업,CS300038,자동차부품,0.2,
G206,소매업,음료 소매업,CS200010,변호사사무소,0.2,
G206,소매업,음료 소매업,CS200011,변리사사무소,0.2,
G206,소매업,음료 소매업,CS200012,법무사사무소,0.2,
G206,소매업,음료 소매업,CS200014,회계사사무소,0.2,
G206,소매업,음료 소매업,CS200015,세무사사무소,0.2,
G207,소매업,담배 소매업,CS200010,변호사사무소,0.2,
G207,소매업,담배 소매업,CS200011,변리사사무소,0.2,
G207,소매업,담배 소매업,CS200012,법무사사무소,0.2,
G207,소매업,담배 소매업,CS200014,회계사사무소,0.2,
G207,소매업,담배 소매업,CS200015,세무사사무소,0.2,
G211,소매업,가구 소매업,CS200010,변호사사무소,0.2,
G211,소매업,가구 소매업,CS200011,변리사사무소,0.2,
G211,소매업,가구 소매업,CS200012,법무사사무소,0.2,
G211,소매업,가구 소매업,CS200014,회계사사무소,0.2,
G211,소매업,가구 소매업,CS200015,세무사사무소,0.2,
G211,소매업,가구 소매업,CS200032,가전제품수리,0.2,
G211,소매업,가구 소매업,CS200047,가정용품임대,0.2,
G212,소매업,기타 생활용품 소매업,CS300005,주류도매,0.2,
G212,소매업,기타 생활용품 소매업,CS300006,미곡판매,0.2,
G212,소매업,기타 생활용품 소매업,CS300007,육류판매,0.2,
G212,소매업,기타 생활용품 소매업,CS300023,미용재료,0.2,
G212,소매업,기타 생활용품 소매업,CS300027,섬유제품,0.2,
G212,소매업,기타 생활용품 소매업,CS300032,가전제품,0.2,
G214,소매업,연료소매업,CS200010,변호사사무소,0.2,
G214,소매업,연료소매업,CS200011,변리사사무소,0.2,
G214,소매업,연료소매업,CS200012,법무사사무소,0.2,
G214,소매업,연료소매업,CS200014,회계사사무소,0.2,
G214,소매업,연료소매업,CS200015,세무사사무소,0.2,
G216,소매업,"사무용 기기, 안경, 사진장비 및 정밀기기 소매업",CS200041,사진관,0.2,
G217,소매업,시계 및 귀금속 소매업,CS200031,세탁소,0.2,
G217,소매업,시계 및 귀금속 소매업,CS200036,고시원,0.2,
G217,소매업,시계 및 귀금속 소매업,CS300042,주유소,0.2,
G219,소매업,화초 및 식물 소매업,CS200009,동물병원,0.2,
G219,소매업,화초 및 식물 소매업,CS300005,주류도매,0.2,
G219,소매업,화초 및 식물 소매업,CS300006,미곡판매,0.2,
G219,소매업,화초 및 식물 소매업,CS300007,육류판매,0.2,
G219,소매업,화초 및 식물 소매업,CS300029,애완동물,0.2,
G221,소매업,기타 상품 전문 소매업,CS300005,주류도매,0.2,
G221,소매업,기타 상품 전문 소매업,CS300006,미곡판매,0.2,
G221,소매업,기타 상품 전문 소매업,CS300007,육류판매,0.2,
G221,소매업,기타 상품 전문 소매업,CS300027,섬유제품,0.2,
G221,소매업,기타 상품 전문 소매업,CS300032,가전제품,0.2,
G221,소매업,기타 상품 전문 소매업,CS300036,조명용품,0.2,
G222,소매업,중고 상품 소매업,CS300005,주류도매,0.2,
G222,소매업,중고 상품 소매업,CS300006,미곡판매,0.2,
G222,소매업,중고 상품 소매업,CS300007,육류판매,0.2,
G222,소매업,중고 상품 소매업,CS300027,섬유제품,0.2,
G222,소매업,중고 상품 소매업,CS300032,가전제품,0.2,
G222,소매업,중고 상품 소매업,CS300036,조명용품,0.2,
I203,음식점업,일식 음식점업,CS200001,일반교습학원,0.2,
I204,음식점업,서양식 음식점업,CS100008,분식전문점,0.2,
I204,음식점업,서양식 음식점업,CS200013,기타법무서비스,0.2,
I205,음식점업,동남아시아 음식점업,CS200036,고시원,0.2,
I205,음식점업,동남아시아 음식점업,CS200040,녹음실,0.2,
I206,음식점업,기타 외국식 음식점업,CS100008,분식전문점,0.2,
I207,음식점업,구내식당 및 뷔페,CS300030,중고가구,0.2,
I212,음식점업,비알코올 음료점업,CS300019,의료기기,0.2,
I212,음식점업,비알코올 음료점업,CS300023,미용재료,0.2,
L102,부동산업,부동산관련 서비스업,CS200025,자동차수리,0.2,
L102,부동산업,부동산관련 서비스업,CS200026,자동차미용,0.2,
L102,부동산업,부동산관련 서비스업,CS300008,수산물판매,0.2,
L102,부동산업,부동산관련 서비스업,CS300038,자동차부품,0.2,
M103,"전문, 과학 및 기술 서비스업",법무관련 서비스업,CS200010,변호사사무소,0.2,
M103,"전문, 과학 및 기술 서비스업",법무관련 서비스업,CS200011,변리사사무소,0.2,
M103,"전문, 과학 및 기술 서비스업",법무관련 서비스업,CS200014,회계사사무소,0.2,
M103,"전문, 과학 및 기술 서비스업",법무관련 서비스업,CS200015,세무사사무소,0.2,
M106,"전문, 과학 및 기술 서비스업",시장 조사 및 여론 조사업,CS200034,여관,0.2,
M112,"전문, 과학 및 기술 서비스업",전문 디자인업,CS200025,자동차수리,0.2,
M112,"전문, 과학 및 기술 서비스업",전문 디자인업,CS200026,자동차미용,0.2,
M112,"전문, 과학 및 기술 서비스업",전문 디자인업,CS300038,자동차부품,0.2,
M113,"전문, 과학 및 기술 서비스업",사진 촬영 및 처리업,CS300035,인테리어,0.2,
M114,"전문, 과학 및 기술 서비스업",인쇄 및 제품 제작업,CS300035,인테리어,0.2,
M114,"전문, 과학 및 기술 서비스업",인쇄 및 제품 제작업,CS300036,조명용품,0.2,
M115,"전문, 과학 및 기술 서비스업","그 외 기타 전문, 과학 및 기술 서비스업",CS200003,예술학원,0.2,
M115,"전문, 과학 및 기술 서비스업","그 외 기타 전문, 과학 및 기술 서비스업",CS200007,치과의원,0.2,
M115,"전문, 과학 및 기술 서비스업","그 외 기타 전문, 과학 및 기술 서비스업",CS300019,의료기기,0.2,
M115,"전문, 과학 및 기술 서비스업","그 외 기타 전문, 과학 및 기술 서비스업",CS300032,가전제품,0.2,
N101,"사업시설 관리, 사업 지원 및 임대 서비스업",사업시설 유지ㆍ관리 서비스업,CS200034,여관,0.2,
N103,"사업시설 관리, 사업 지원 및 임대 서비스업",조경관리 및 유지 서비스업,CS300013,유아의류,0.2,
N103,"사업시설 관리, 사업 지원 및 임대 서비스업",조경관리 및 유지 서비스업,CS300027,섬유제품,0.2,
N103,"사업시설 관리, 사업 지원 및 임대 서비스업",조경관리 및 유지 서비스업,CS300035,인테리어,0.2,
N103,"사업시설 관리, 사업 지원 및 임대 서비스업",조경관리 및 유지 서비스업,CS300036,조명용품,0.2,
N105,"사업시설 관리, 사업 지원 및 임대 서비스업",여행사 및 기타 여행 보조 서비스업,CS200041,사진관,0.2,
N107,"사업시설 관리, 사업 지원 및 임대 서비스업",사무 지원 서비스업,CS200001,일반교습학원,0.2,
N108,"사업시설 관리, 사업 지원 및 임대 서비스업",기타 사업 지원 서비스업,CS200001,일반교습학원,0.2,
N108,"사업시설 관리, 사업 지원 및 임대 서비스업",기타 사업 지원 서비스업,CS200010,변호사사무소,0.2,
N108,"사업시설 관리, 사업 지원 및 임대 서비스업",기타 사업 지원 서비스업,CS200011,변리사사무소,0.2,
N108,"사업시설 관리, 사업 지원 및 임대 서비스업",기타 사업 지원 서비스업,CS200012,법무사사무소,0.2,
N108,"사업시설 관리, 사업 지원 및 임대 서비스업",기타 사업 지원 서비스업,CS200014,회계사사무소,0.2,
N108,"사업시설 관리, 사업 지원 및 임대 서비스업",기타 사업 지원 서비스업,CS200015,세무사사무소,0.2,
N109,"사업시설 관리, 사업 지원 및 임대 서비스업",운송장비 대여업,CS200046,의류임대,0.2,
N110,"사업시설 관리, 사업 지원 및 임대 서비스업",개인 및 가정용품 대여업,CS200034,여관,0.2,
N110,"사업시설 관리, 사업 지원 및 임대 서비스업",개인 및 가정용품 대여업,CS300015,가방,0.2,
N110,"사업시설 관리, 사업 지원 및 임대 서비스업",개인 및 가정용품 대여업,CS300031,가구,0.2,
P105,교육 서비스업,일반 교육기관,CS300007,육류판매,0.2,
P105,교육 서비스업,일반 교육기관,CS300010,반찬가게,0.2,
P105,교육 서비스업,일반 교육기관,CS300019,의료기기,0.2,
P106,교육 서비스업,기타 교육기관,CS200001,일반교습학원,0.2,
P106,교육 서비스업,기타 교육기관,CS200023,통신기기수리,0.2,
P106,교육 서비스업,기타 교육기관,CS300024,운동/경기용품,0.2,
R104,"예술, 스포츠 및 여가관련 서비스업",유원지 및 기타 오락관련 서비스업,CS200008,한의원,0.2,
R104,"예술, 스포츠 및 여가관련 서비스업",유원지 및 기타 오락관련 서비스업,CS200036,고시원,0.2,
R104,"예술, 스포츠 및 여가관련 서비스업",유원지 및 기타 오락관련 서비스업,CS200041,사진관,0.2,
R104,"예술, 스포츠 및 여가관련 서비스업",유원지 및 기타 오락관련 서비스업,CS300042,주유소,0.2,
S202,수리 및 개인 서비스업,통신장비 수리업,CS300035,인테리어,0.2,
S203,수리 및 개인 서비스업,자동차 수리 및 세차업,CS200031,세탁소,0.2,
S204,수리 및 개인 서비스업,모터사이클 수리업,CS200041,사진관,0.2,
S204,수리 및 개인 서비스업,모터사이클 수리업,CS200044,여행사,0.2,
S205,수리 및 개인 서비스업,가전제품 수리업,CS300010,반찬가게,0.2,
S205,수리 및 개인 서비스업,가전제품 수리업,CS300030,중고가구,0.2,
S205,수리 및 개인 서비스업,가전제품 수리업,CS300035,인테리어,0.2,
S205,수리 및 개인 서비스업,가전제품 수리업,CS300036,조명용품,0.2,
S206,수리 및 개인 서비스업,기타 개인 및 가정용품 수리업,CS300015,가방,0.2,
S206,수리 및 개인 서비스업,기타 개인 및 가정용품 수리업,CS300031,가구,0.2,
S207,수리 및 개인 서비스업,이용 및 미용업,CS100009,호프-간이주점,0.2,
S207,수리 및 개인 서비스업,이용 및 미용업,CS200047,가정용품임대,0.2,
S207,수리 및 개인 서비스업,이용 및 미용업,CS300024,운동/경기용품,0.2,
S211,수리 및 개인 서비스업,기타 개인서비스,CS200005,스포츠 강습,0.2,
S211,수리 및 개인 서비스업,기타 개인서비스,CS200024,스포츠클럽,0.2,
S211,수리 및 개인 서비스업,기타 개인서비스,CS200033,부동산중개업,0.2,
G208,소매업,가전제품 및 정보 통신장비 소매업,CS300003,컴퓨터및주변장치판매,0.1905,
G216,소매업,"사무용 기기, 안경, 사진장비 및 정밀기기 소매업",CS300019,의료기기,0.1905,
G218,소매업,"예술품, 기념품 및 장식용품 소매업",CS300003,컴퓨터및주변장치판매,0.1905,
G204,소매업,종합 소매업,CS300040,재생용품 판매점,0.1818,
G205,소매업,식료품 소매업,CS200010,변호사사무소,0.1818,
G205,소매업,식료품 소매업,CS200011,변리사사무소,0.1818,
G205,소매업,식료품 소매업,CS200012,법무사사무소,0.1818,
G205,소매업,식료품 소매업,CS200014,회계사사무소,0.1818,
G205,소매업,식료품 소매업,CS200015,세무사사무소,0.1818,
G205,소매업,식료품 소매업,CS200032,가전제품수리,0.1818,
G205,소매업,식료품 소매업,CS200047,가정용품임대,0.1818,
G205,소매업,식료품 소매업,CS300024,운동/경기용품,0.1818,
G206,소매업,음료 소매업,CS300040,재생용품 판매점,0.1818,
G207,소매업,담배 소매업,CS300040,재생용품 판매점,0.1818,
G211,소매업,가구 소매업,CS300040,재생용품 판매점,0.1818,
G212,소매업,기타 생활용품 소매업,CS200026,자동차미용,0.1818,
G212,소매업,기타 생활용품 소매업,CS200043,건축물청소,0.1818,
G212,소매업,기타 생활용품 소매업,CS300008,수산물판매,0.1818,
G212,소매업,기타 생활용품 소매업,CS300037,중고차판매,0.1818,
G212,소매업,기타 생활용품 소매업,CS300038,자동차부품,0.1818,
G214,소매업,연료소매업,CS300040,재생용품 판매점,0.1818,
G216,소매업,"사무용 기기, 안경, 사진장비 및 정밀기기 소매업",CS200013,기타법무서비스,0.1818,
G217,소매업,시계 및 귀금속 소매업,CS300005,주류도매,0.1818,
G217,소매업,시계 및 귀금속 소매업,CS300006,미곡판매,0.1818,
G217,소매업,시계 및 귀금속 소매업,CS300007,육류판매,0.1818,
G219,소매업,화초 및 식물 소매업,CS100001,한식음식점,0.1818,
G219,소매업,화초 및 식물 소매업,CS100002,중식음식점,0.1818,
G219,소매업,화초 및 식물 소매업,CS100003,일식음식점,0.1818,
G219,소매업,화초 및 식물 소매업,CS100004,양식음식점,0.1818,
G219,소매업,화초 및 식물 소매업,CS100008,분식전문점,0.1818,
G219,소매업,화초 및 식물 소매업,CS300037,중고차판매,0.1818,
G221,소매업,기타 상품 전문 소매업,CS200020,전자게임장,0.1818,
G221,소매업,기타 상품 전문 소매업,CS200043,건축물청소,0.1818,
G221,소매업,기타 상품 전문 소매업,CS300008,수산물판매,0.1818,
G221,소매업,기타 상품 전문 소매업,CS300037,중고차판매,0.1818,
G221,소매업,기타 상품 전문 소매업,CS300038,자동차부품,0.1818,
G221,소매업,기타 상품 전문 소매업,CS300043,전자상거래업,0.1818,
G222,소매업,중고 상품 소매업,CS100002,중식음식점,0.1818,
G222,소매업,중고 상품 소매업,CS200033,부동산중개업,0.1818,
G222,소매업,중고 상품 소매업,CS200043,건축물청소,0.1818,
G222,소매업,중고 상품 소매업,CS300008,수산물판매,0.1818,
G222,소매업,중고 상품 소매업,CS300038,자동차부품,0.1818,
G222,소매업,중고 상품 소매업,CS300043,전자상거래업,0.1818,
I101,숙박업,일반 및 생활 숙박시설 운영업,CS200029,네일숍,0.1818,
I101,숙박업,일반 및 생활 숙박시설 운영업,CS200036,고시원,0.1818,
I204,음식점업,서양식 음식점업,CS200042,통번역서비스,0.1818,
I205,음식점업,동남아시아 음식점업,CS100010,커피-음료,0.1818,
I205,음식점업,동남아시아 음식점업,CS200009,동물병원,0.1818,
I205,음식점업,동남아시아 음식점업,CS300013,유아의류,0.1818,
I205,음식점업,동남아시아 음식점업,CS300029,애완동물,0.1818,
I207,음식점업,구내식당 및 뷔페,CS100001,한식음식점,0.1818,
I207,음식점업,구내식당 및 뷔페,CS100002,중식음식점,0.1818,
I207,음식점업,구내식당 및 뷔페,CS100003,일식음식점,0.1818,
I207,음식점업,구내식당 및 뷔페,CS100004,양식음식점,0.1818,
I207,음식점업,구내식당 및 뷔페,CS100008,분식전문점,0.1818,
I210,음식점업,기타 간이 음식점업,CS200027,모터사이클수리,0.1818,
I210,음식점업,기타 간이 음식점업,CS300039,모터사이클및부품,0.1818,
I212,음식점업,비알코올 음료점업,CS100001,한식음식점,0.1818,
I212,음식점업,비알코올 음료점업,CS100002,중식음식점,0.1818,
I212,음식점업,비알코올 음료점업,CS100003,일식음식점,0.1818,
I212,음식점업,비알코올 음료점업,CS100004,양식음식점,0.1818,
I212,음식점업,비알코올 음료점업,CS200013,기타법무서비스,0.1818,
L102,부동산업,부동산관련 서비스업,CS300024,운동/경기용품,0.1818,
M104,"전문, 과학 및 기술 서비스업",회계 및 세무관련 서비스업,CS200013,기타법무서비스,0.1818,
M104,"전문, 과학 및 기술 서비스업",회계 및 세무관련 서비스업,CS200030,피부관리실,0.1818,
M104,"전문, 과학 및 기술 서비스업",회계 및 세무관련 서비스업,CS300017,시계및귀금속,0.1818,
M106,"전문, 과학 및 기술 서비스업",시장 조사 및 여론 조사업,CS200016,당구장,0.1818,
M106,"전문, 과학 및 기술 서비스업",시장 조사 및 여론 조사업,CS200018,볼링장,0.1818,
M106,"전문, 과학 및 기술 서비스업",시장 조사 및 여론 조사업,CS200021,기타오락장,0.1818,
M106,"전문, 과학 및 기술 서비스업",시장 조사 및 여론 조사업,CS200036,고시원,0.1818,
M106,"전문, 과학 및 기술 서비스업",시장 조사 및 여론 조사업,CS200041,사진관,0.1818,
M106,"전문, 과학 및 기술 서비스업",시장 조사 및 여론 조사업,CS200044,여행사,0.1818,
M106,"전문, 과학 및 기술 서비스업",시장 조사 및 여론 조사업,CS300022,화장품,0.1818,
M107,"전문, 과학 및 기술 서비스업",회사 본부 및 경영 컨설팅 서비스업,CS300016,안경,0.1818,
M112,"전문, 과학 및 기술 서비스업",전문 디자인업,CS200032,가전제품수리,0.1818,
M113,"전문, 과학 및 기술 서비스업",사진 촬영 및 처리업,CS200025,자동차수리,0.1818,
M113,"전문, 과학 및 기술 서비스업",사진 촬영 및 처리업,CS200030,피부관리실,0.1818,
M114,"전문, 과학 및 기술 서비스업",인쇄 및 제품 제작업,CS300038,자동차부품,0.1818,
M115,"전문, 과학 및 기술 서비스업","그 외 기타 전문, 과학 및 기술 서비스업",CS200002,외국어학원,0.1818,
M115,"전문, 과학 및 기술 서비스업","그 외 기타 전문, 과학 및 기술 서비스업",CS200004,컴퓨터학원,0.1818,
M115,"전문, 과학 및 기술 서비스업","그 외 기타 전문, 과학 및 기술 서비스업",CS200020,전자게임장,0.1818,
M115,"전문, 과학 및 기술 서비스업","그 외 기타 전문, 과학 및 기술 서비스업",CS300043,전자상거래업,0.1818,
N101,"사업시설 관리, 사업 지원 및 임대 서비스업",사업시설 유지ㆍ관리 서비스업,CS200036,고시원,0.1818,
N101,"사업시설 관리, 사업 지원 및 임대 서비스업",사업시설 유지ㆍ관리 서비스업,CS200044,여행사,0.1818,
N101,"사업시설 관리, 사업 지원 및 임대 서비스업",사업시설 유지ㆍ관리 서비스업,CS300042,주유소,0.1818,
N103,"사업시설 관리, 사업 지원 및 임대 서비스업",조경관리 및 유지 서비스업,CS200025,자동차수리,0.1818,
N104,"사업시설 관리, 사업 지원 및 임대 서비스업",고용 알선 및 인력 공급업,CS200028,미용실,0.1818,
N104,"사업시설 관리, 사업 지원 및 임대 서비스업",고용 알선 및 인력 공급업,CS200036,고시원,0.1818,
N105,"사업시설 관리, 사업 지원 및 임대 서비스업",여행사 및 기타 여행 보조 서비스업,CS300036,조명용품,0.1818,
N107,"사업시설 관리, 사업 지원 및 임대 서비스업",사무 지원 서비스업,CS200027,모터사이클수리,0.1818,
N107,"사업시설 관리, 사업 지원 및 임대 서비스업",사무 지원 서비스업,CS300039,모터사이클및부품,0.1818,
N108,"사업시설 관리, 사업 지원 및 임대 서비스업",기타 사업 지원 서비스업,CS200027,모터사이클수리,0.1818,
N108,"사업시설 관리, 사업 지원 및 임대 서비스업",기타 사업 지원 서비스업,CS300039,모터사이클및부품,0.1818,
N109,"사업시설 관리, 사업 지원 및 임대 서비스업",운송장비 대여업,CS200013,기타법무서비스,0.1818,
N109,"사업시설 관리, 사업 지원 및 임대 서비스업",운송장비 대여업,CS200017,골프연습장,0.1818,
N109,"사업시설 관리, 사업 지원 및 임대 서비스업",운송장비 대여업,CS200020,전자게임장,0.1818,
N110,"사업시설 관리, 사업 지원 및 임대 서비스업",개인 및 가정용품 대여업,CS200028,미용실,0.1818,
N110,"사업시설 관리, 사업 지원 및 임대 서비스업",개인 및 가정용품 대여업,CS200044,여행사,0.1818,
N110,"사업시설 관리, 사업 지원 및 임대 서비스업",개인 및 가정용품 대여업,CS300018,의약품,0.1818,
N110,"사업시설 관리, 사업 지원 및 임대 서비스업",개인 및 가정용품 대여업,CS300022,화장품,0.1818,
N110,"사업시설 관리, 사업 지원 및 임대 서비스업",개인 및 가정용품 대여업,CS300041,예술품,0.1818,
N111,"사업시설 관리, 사업 지원 및 임대 서비스업",산업용 기계 및 장비 대여업,CS200034,여관,0.1818,
N111,"사업시설 관리, 사업 지원 및 임대 서비스업",산업용 기계 및 장비 대여업,CS300034,악기,0.1818,
P105,교육 서비스업,일반 교육기관,CS100003,일식음식점,0.1818,
P105,교육 서비스업,일반 교육기관,CS200030,피부관리실,0.1818,
R104,"예술, 스포츠 및 여가관련 서비스업",유원지 및 기타 오락관련 서비스업,CS200003,예술학원,0.1818,
R104,"예술, 스포츠 및 여가관련 서비스업",유원지 및 기타 오락관련 서비스업,CS200006,일반의원,0.1818,
R104,"예술, 스포츠 및 여가관련 서비스업",유원지 및 기타 오락관련 서비스업,CS200007,치과의원,0.1818,
R104,"예술, 스포츠 및 여가관련 서비스업",유원지 및 기타 오락관련 서비스업,CS200009,동물병원,0.1818,
R104,"예술, 스포츠 및 여가관련 서비스업",유원지 및 기타 오락관련 서비스업,CS300013,유아의류,0.1818,
R104,"예술, 스포츠 및 여가관련 서비스업",유원지 및 기타 오락관련 서비스업,CS300027,섬유제품,0.1818,
S201,수리 및 개인 서비스업,컴퓨터 및 주변 기기 수리업,CS300034,악기,0.1818,
S202,수리 및 개인 서비스업,통신장비 수리업,CS200013,기타법무서비스,0.1818,
S202,수리 및 개인 서비스업,통신장비 수리업,CS200017,골프연습장,0.1818,
S202,수리 및 개인 서비스업,통신장비 수리업,CS200020,전자게임장,0.1818,
S202,수리 및 개인 서비스업,통신장비 수리업,CS200030,피부관리실,0.1818,
S202,수리 및 개인 서비스업,통신장비 수리업,CS300008,수산물판매,0.1818,
S203,수리 및 개인 서비스업,자동차 수리 및 세차업,CS200009,동물병원,0.1818,
S203,수리 및 개인 서비스업,자동차 수리 및 세차업,CS300029,애완동물,0.1818,
S203,수리 및 개인 서비스업,자동차 수리 및 세차업,CS300035,인테리어,0.1818,
S204,수리 및 개인 서비스업,모터사이클 수리업,CS300035,인테리어,0.1818,
S205,수리 및 개인 서비스업,가전제품 수리업,CS100007,치킨전문점,0.1818,
S205,수리 및 개인 서비스업,가전제품 수리업,CS100008,분식전문점,0.1818,
S205,수리 및 개인 서비스업,가전제품 수리업,CS200020,전자게임장,0.1818,
S205,수리 및 개인 서비스업,가전제품 수리업,CS200030,피부관리실,0.1818,
S205,수리 및 개인 서비스업,가전제품 수리업,CS300008,수산물판매,0.1818,
S205,수리 및 개인 서비스업,가전제품 수리업,CS300038,자동차부품,0.1818,
S205,수리 및 개인 서비스업,가전제품 수리업,CS300043,전자상거래업,0.1818,
S206,수리 및 개인 서비스업,기타 개인 및 가정용품 수리업,CS200028,미용실,0.1818,
S206,수리 및 개인 서비스업,기타 개인 및 가정용품 수리업,CS300018,의약품,0.1818,
S206,수리 및 개인 서비스업,기타 개인 및 가정용품 수리업,CS300022,화장품,0.1818,
S206,수리 및 개인 서비스업,기타 개인 및 가정용품 수리업,CS300041,예술품,0.1818,
S207,수리 및 개인 서비스업,이용 및 미용업,CS200027,모터사이클수리,0.1818,
S207,수리 및 개인 서비스업,이용 및 미용업,CS300039,모터사이클및부품,0.1818,
S207,수리 및 개인 서비스업,이용 및 미용업,CS300040,재생용품 판매점,0.1818,
S208,수리 및 개인 서비스업,"욕탕, 마사지 및 기타 신체 관리 서비스업",CS200034,여관,0.1818,
S208,수리 및 개인 서비스업,"욕탕, 마사지 및 기타 신체 관리 서비스업",CS300014,신발,0.1818,
S210,수리 및 개인 서비스업,장례식장 및 관련 서비스업,CS100001,한식음식점,0.1818,
S210,수리 및 개인 서비스업,장례식장 및 관련 서비스업,CS100002,중식음식점,0.1818,
S210,수리 및 개인 서비스업,장례식장 및 관련 서비스업,CS100003,일식음식점,0.1818,
S210,수리 및 개인 서비스업,장례식장 및 관련 서비스업,CS100004,양식음식점,0.1818,
S210,수리 및 개인 서비스업,장례식장 및 관련 서비스업,CS100008,분식전문점,0.1818,
S210,수리 및 개인 서비스업,장례식장 및 관련 서비스업,CS200017,골프연습장,0.1818,
S210,수리 및 개인 서비스업,장례식장 및 관련 서비스업,CS200020,전자게임장,0.1818,
S210,수리 및 개인 서비스업,장례식장 및 관련 서비스업,CS200030,피부관리실,0.1818,
S211,수리 및 개인 서비스업,기타 개인서비스,CS100006,패스트푸드점,0.1818,
S211,수리 및 개인 서비스업,기타 개인서비스,CS200035,게스트하우스,0.1818,
G215,소매업,"의약품, 의료용 기구, 화장품 및 방향제 소매업",CS300040,재생용품 판매점,0.1739,
G216,소매업,"사무용 기기, 안경, 사진장비 및 정밀기기 소매업",CS200023,통신기기수리,0.1739,
G203,소매업,모터사이클 및 부품 소매업,CS200031,세탁소,0.1667,
G203,소매업,모터사이클 및 부품 소매업,CS200041,사진관,0.1667,
G203,소매업,모터사이클 및 부품 소매업,CS200044,여행사,0.1667,
G203,소매업,모터사이클 및 부품 소매업,CS300018,의약품,0.1667,
G203,소매업,모터사이클 및 부품 소매업,CS300022,화장품,0.1667,
G203,소매업,모터사이클 및 부품 소매업,CS300041,예술품,0.1667,
G203,소매업,모터사이클 및 부품 소매업,CS300042,주유소,0.1667,
G205,소매업,식료품 소매업,CS300039,모터사이클및부품,0.1667,
G212,소매업,기타 생활용품 소매업,CS200010,변호사사무소,0.1667,
G212,소매업,기타 생활용품 소매업,CS200011,변리사사무소,0.1667,
G212,소매업,기타 생활용품 소매업,CS200012,법무사사무소,0.1667,
G212,소매업,기타 생활용품 소매업,CS200014,회계사사무소,0.1667,
G212,소매업,기타 생활용품 소매업,CS200015,세무사사무소,0.1667,
G212,소매업,기타 생활용품 소매업,CS200032,가전제품수리,0.1667,
G213,소매업,"문화, 오락 및 여가 용품 소매업",CS200034,여관,0.1667,
G213,소매업,"문화, 오락 및 여가 용품 소매업",CS300015,가방,0.1667,
G213,소매업,"문화, 오락 및 여가 용품 소매업",CS300021,문구,0.1667,
G213,소매업,"문화, 오락 및 여가 용품 소매업",CS300028,화초,0.1667,
G213,소매업,"문화, 오락 및 여가 용품 소매업",CS300031,가구,0.1667,
G216,소매업,"사무용 기기, 안경, 사진장비 및 정밀기기 소매업",CS300025,자전거 및 기타운송장비,0.1667,
G216,소매업,"사무용 기기, 안경, 사진장비 및 정밀기기 소매업",CS300040,재생용품 판매점,0.1667,
G217,소매업,시계 및 귀금속 소매업,CS200043,건축물청소,0.1667,
G217,소매업,시계 및 귀금속 소매업,CS300008,수산물판매,0.1667,
G217,소매업,시계 및 귀금속 소매업,CS300037,중고차판매,0.1667,
G219,소매업,화초 및 식물 소매업,CS200010,변호사사무소,0.1667,
G219,소매업,화초 및 식물 소매업,CS200011,변리사사무소,0.1667,
G219,소매업,화초 및 식물 소매업,CS200012,법무사사무소,0.1667,
G219,소매업,화초 및 식물 소매업,CS200014,회계사사무소,0.1667,
G219,소매업,화초 및 식물 소매업,CS200015,세무사사무소,0.1667,
G221,소매업,기타 상품 전문 소매업,CS200010,변호사사무소,0.1667,
G221,소매업,기타 상품 전문 소매업,CS200011,변리사사무소,0.1667,
G221,소매업,기타 상품 전문 소매업,CS200012,법무사사무소,0.1667,
G221,소매업,기타 상품 전문 소매업,CS200014,회계사사무소,0.1667,
G221,소매업,기타 상품 전문 소매업,CS200015,세무사사무소,0.1667,
G221,소매업,기타 상품 전문 소매업,CS200032,가전제품수리,0.1667,
G221,소매업,기타 상품 전문 소매업,CS200047,가정용품임대,0.1667,
G221,소매업,기타 상품 전문 소매업,CS300024,운동/경기용품,0.1667,
G222,소매업,중고 상품 소매업,CS200010,변호사사무소,0.1667,
G222,소매업,중고 상품 소매업,CS200011,변리사사무소,0.1667,
G222,소매업,중고 상품 소매업,CS200012,법무사사무소,0.1667,
G222,소매업,중고 상품 소매업,CS200014,회계사사무소,0.1667,
G222,소매업,중고 상품 소매업,CS200015,세무사사무소,0.1667,
G222,소매업,중고 상품 소매업,CS200032,가전제품수리,0.1667,
G222,소매업,중고 상품 소매업,CS200047,가정용품임대,0.1667,
G222,소매업,중고 상품 소매업,CS300024,운동/경기용품,0.1667,
I101,숙박업,일반 및 생활 숙박시설 운영업,CS300010,반찬가게,0.1667,
I204,음식점업,서양식 음식점업,CS200045,비디오/서적임대,0.1667,
I205,음식점업,동남아시아 음식점업,CS100008,분식전문점,0.1667,
I205,음식점업,동남아시아 음식점업,CS200025,자동차수리,0.1667,
I205,음식점업,동남아시아 음식점업,CS200026,자동차미용,0.1667,
I205,음식점업,동남아시아 음식점업,CS200033,부동산중개업,0.1667,
I205,음식점업,동남아시아 음식점업,CS300017,시계및귀금속,0.1667,
I205,음식점업,동남아시아 음식점업,CS300038,자동차부품,0.1667,
I212,음식점업,비알코올 음료점업,CS200042,통번역서비스,0.1667,
L102,부동산업,부동산관련 서비스업,CS300039,모터사이클및부품,0.1667,
M104,"전문, 과학 및 기술 서비스업",회계 및 세무관련 서비스업,CS200010,변호사사무소,0.1667,
M104,"전문, 과학 및 기술 서비스업",회계 및 세무관련 서비스업,CS200011,변리사사무소,0.1667,
M104,"전문, 과학 및 기술 서비스업",회계 및 세무관련 서비스업,CS200012,법무사사무소,0.1667,
M106,"전문, 과학 및 기술 서비스업",시장 조사 및 여론 조사업,CS300036,조명용품,0.1667,
M107,"전문, 과학 및 기술 서비스업",회사 본부 및 경영 컨설팅 서비스업,CS200041,사진관,0.1667,
M107,"전문, 과학 및 기술 서비스업",회사 본부 및 경영 컨설팅 서비스업,CS200044,여행사,0.1667,
M112,"전문, 과학 및 기술 서비스업",전문 디자인업,CS200045,비디오/서적임대,0.1667,
M112,"전문, 과학 및 기술 서비스업",전문 디자인업,CS300025,자전거 및 기타운송장비,0.1667,
M113,"전문, 과학 및 기술 서비스업",사진 촬영 및 처리업,CS200010,변호사사무소,0.1667,
M113,"전문, 과학 및 기술 서비스업",사진 촬영 및 처리업,CS200011,변리사사무소,0.1667,
M113,"전문, 과학 및 기술 서비스업",사진 촬영 및 처리업,CS200012,법무사사무소,0.1667,
M113,"전문, 과학 및 기술 서비스업",사진 촬영 및 처리업,CS200014,회계사사무소,0.1667,
M113,"전문, 과학 및 기술 서비스업",사진 촬영 및 처리업,CS200015,세무사사무소,0.1667,
M113,"전문, 과학 및 기술 서비스업",사진 촬영 및 처리업,CS200023,통신기기수리,0.1667,
M113,"전문, 과학 및 기술 서비스업",사진 촬영 및 처리업,CS200032,가전제품수리,0.1667,
M114,"전문, 과학 및 기술 서비스업",인쇄 및 제품 제작업,CS200047,가정용품임대,0.1667,
M114,"전문, 과학 및 기술 서비스업",인쇄 및 제품 제작업,CS300024,운동/경기용품,0.1667,
M115,"전문, 과학 및 기술 서비스업","그 외 기타 전문, 과학 및 기술 서비스업",CS200001,일반교습학원,0.1667,
M115,"전문, 과학 및 기술 서비스업","그 외 기타 전문, 과학 및 기술 서비스업",CS200023,통신기기수리,0.1667,
M115,"전문, 과학 및 기술 서비스업","그 외 기타 전문, 과학 및 기술 서비스업",CS200032,가전제품수리,0.1667,
M115,"전문, 과학 및 기술 서비스업","그 외 기타 전문, 과학 및 기술 서비스업",CS300024,운동/경기용품,0.1667,
N101,"사업시설 관리, 사업 지원 및 임대 서비스업",사업시설 유지ㆍ관리 서비스업,CS300013,유아의류,0.1667,
N101,"사업시설 관리, 사업 지원 및 임대 서비스업",사업시설 유지ㆍ관리 서비스업,CS300027,섬유제품,0.1667,
N101,"사업시설 관리, 사업 지원 및 임대 서비스업",사업시설 유지ㆍ관리 서비스업,CS300035,인테리어,0.1667,
N102,"사업시설 관리, 사업 지원 및 임대 서비스업",건물ㆍ산업설비 청소 및 방제 서비스업,CS300015,가방,0.1667,
N103,"사업시설 관리, 사업 지원 및 임대 서비스업",조경관리 및 유지 서비스업,CS200011,변리사사무소,0.1667,
N103,"사업시설 관리, 사업 지원 및 임대 서비스업",조경관리 및 유지 서비스업,CS200023,통신기기수리,0.1667,
N103,"사업시설 관리, 사업 지원 및 임대 서비스업",조경관리 및 유지 서비스업,CS200032,가전제품수리,0.1667,
N103,"사업시설 관리, 사업 지원 및 임대 서비스업",조경관리 및 유지 서비스업,CS300024,운동/경기용품,0.1667,
N104,"사업시설 관리, 사업 지원 및 임대 서비스업",고용 알선 및 인력 공급업,CS300023,미용재료,0.1667,
N104,"사업시설 관리, 사업 지원 및 임대 서비스업",고용 알선 및 인력 공급업,CS300030,중고가구,0.1667,
N104,"사업시설 관리, 사업 지원 및 임대 서비스업",고용 알선 및 인력 공급업,CS300035,인테리어,0.1667,
N104,"사업시설 관리, 사업 지원 및 임대 서비스업",고용 알선 및 인력 공급업,CS300036,조명용품,0.1667,
N109,"사업시설 관리, 사업 지원 및 임대 서비스업",운송장비 대여업,CS200042,통번역서비스,0.1667,
N109,"사업시설 관리, 사업 지원 및 임대 서비스업",운송장비 대여업,CS200047,가정용품임대,0.1667,
N109,"사업시설 관리, 사업 지원 및 임대 서비스업",운송장비 대여업,CS300024,운동/경기용품,0.1667,
N110,"사업시설 관리, 사업 지원 및 임대 서비스업",개인 및 가정용품 대여업,CS200046,의류임대,0.1667,
N110,"사업시설 관리, 사업 지원 및 임대 서비스업",개인 및 가정용품 대여업,CS300010,반찬가게,0.1667,
N110,"사업시설 관리, 사업 지원 및 임대 서비스업",개인 및 가정용품 대여업,CS300023,미용재료,0.1667,
N110,"사업시설 관리, 사업 지원 및 임대 서비스업",개인 및 가정용품 대여업,CS300027,섬유제품,0.1667,
N110,"사업시설 관리, 사업 지원 및 임대 서비스업",개인 및 가정용품 대여업,CS300030,중고가구,0.1667,
N110,"사업시설 관리, 사업 지원 및 임대 서비스업",개인 및 가정용품 대여업,CS300035,인테리어,0.1667,
N111,"사업시설 관리, 사업 지원 및 임대 서비스업",산업용 기계 및 장비 대여업,CS200016,당구장,0.1667,
N111,"사업시설 관리, 사업 지원 및 임대 서비스업",산업용 기계 및 장비 대여업,CS200018,볼링장,0.1667,
N111,"사업시설 관리, 사업 지원 및 임대 서비스업",산업용 기계 및 장비 대여업,CS200021,기타오락장,0.1667,
N111,"사업시설 관리, 사업 지원 및 임대 서비스업",산업용 기계 및 장비 대여업,CS200028,미용실,0.1667,
N111,"사업시설 관리, 사업 지원 및 임대 서비스업",산업용 기계 및 장비 대여업,CS200044,여행사,0.1667,
N111,"사업시설 관리, 사업 지원 및 임대 서비스업",산업용 기계 및 장비 대여업,CS300022,화장품,0.1667,
P105,교육 서비스업,일반 교육기관,CS200023,통신기기수리,0.1667,
P105,교육 서비스업,일반 교육기관,CS300024,운동/경기용품,0.1667,
R104,"예술, 스포츠 및 여가관련 서비스업",유원지 및 기타 오락관련 서비스업,CS200002,외국어학원,0.1667,
R104,"예술, 스포츠 및 여가관련 서비스업",유원지 및 기타 오락관련 서비스업,CS200004,컴퓨터학원,0.1667,
R104,"예술, 스포츠 및 여가관련 서비스업",유원지 및 기타 오락관련 서비스업,CS200030,피부관리실,0.1667,
S201,수리 및 개인 서비스업,컴퓨터 및 주변 기기 수리업,CS300042,주유소,0.1667,
S202,수리 및 개인 서비스업,통신장비 수리업,CS200011,변리사사무소,0.1667,
S203,수리 및 개인 서비스업,자동차 수리 및 세차업,CS200020,전자게임장,0.1667,
S203,수리 및 개인 서비스업,자동차 수리 및 세차업,CS200030,피부관리실,0.1667,
S203,수리 및 개인 서비스업,자동차 수리 및 세차업,CS200033,부동산중개업,0.1667,
S203,수리 및 개인 서비스업,자동차 수리 및 세차업,CS300008,수산물판매,0.1667,
S203,수리 및 개인 서비스업,자동차 수리 및 세차업,CS300037,중고차판매,0.1667,
S203,수리 및 개인 서비스업,자동차 수리 및 세차업,CS300043,전자상거래업,0.1667,
S204,수리 및 개인 서비스업,모터사이클 수리업,CS200004,컴퓨터학원,0.1667,
S204,수리 및 개인 서비스업,모터사이클 수리업,CS200024,스포츠클럽,0.1667,
S204,수리 및 개인 서비스업,모터사이클 수리업,CS200030,피부관리실,0.1667,
S204,수리 및 개인 서비스업,모터사이클 수리업,CS300008,수산물판매,0.1667,
S205,수리 및 개인 서비스업,가전제품 수리업,CS200011,변리사사무소,0.1667,
S205,수리 및 개인 서비스업,가전제품 수리업,CS300024,운동/경기용품,0.1667,
S206,수리 및 개인 서비스업,기타 개인 및 가정용품 수리업,CS300010,반찬가게,0.1667,
S206,수리 및 개인 서비스업,기타 개인 및 가정용품 수리업,CS300023,미용재료,0.1667,
S206,수리 및 개인 서비스업,기타 개인 및 가정용품 수리업,CS300027,섬유제품,0.1667,
S206,수리 및 개인 서비스업,기타 개인 및 가정용품 수리업,CS300030,중고가구,0.1667,
S208,수리 및 개인 서비스업,"욕탕, 마사지 및 기타 신체 관리 서비스업",CS200044,여행사,0.1667,
S211,수리 및 개인 서비스업,기타 개인서비스,CS200045,비디오/서적임대,0.1667,
S211,수리 및 개인 서비스업,기타 개인서비스,CS300025,자전거 및 기타운송장비,0.1667,
G215,소매업,"의약품, 의료용 기구, 화장품 및 방향제 소매업",CS300003,컴퓨터및주변장치판매,0.16,
G202,소매업,자동차 부품 및 내장품 소매업,CS200016,당구장,0.1538,
G202,소매업,자동차 부품 및 내장품 소매업,CS200018,볼링장,0.1538,
G202,소매업,자동차 부품 및 내장품 소매업,CS200021,기타오락장,0.1538,
G202,소매업,자동차 부품 및 내장품 소매업,CS200031,세탁소,0.1538,
G202,소매업,자동차 부품 및 내장품 소매업,CS300018,의약품,0.1538,
G202,소매업,자동차 부품 및 내장품 소매업,CS300041,예술품,0.1538,
G202,소매업,자동차 부품 및 내장품 소매업,CS300042,주유소,0.1538,
G203,소매업,모터사이클 및 부품 소매업,CS300005,주류도매,0.1538,
G203,소매업,모터사이클 및 부품 소매업,CS300006,미곡판매,0.1538,
G203,소매업,모터사이클 및 부품 소매업,CS300007,육류판매,0.1538,
G203,소매업,모터사이클 및 부품 소매업,CS300027,섬유제품,0.1538,
G203,소매업,모터사이클 및 부품 소매업,CS300032,가전제품,0.1538,
G203,소매업,모터사이클 및 부품 소매업,CS300036,조명용품,0.1538,
G204,소매업,종합 소매업,CS300003,컴퓨터및주변장치판매,0.1538,
G206,소매업,음료 소매업,CS300003,컴퓨터및주변장치판매,0.1538,
G207,소매업,담배 소매업,CS300003,컴퓨터및주변장치판매,0.1538,
G211,소매업,가구 소매업,CS300003,컴퓨터및주변장치판매,0.1538,
G212,소매업,기타 생활용품 소매업,CS300039,모터사이클및부품,0.1538,
G213,소매업,"문화, 오락 및 여가 용품 소매업",CS200028,미용실,0.1538,
G213,소매업,"문화, 오락 및 여가 용품 소매업",CS200031,세탁소,0.1538,
G213,소매업,"문화, 오락 및 여가 용품 소매업",CS200044,여행사,0.1538,
G213,소매업,"문화, 오락 및 여가 용품 소매업",CS300018,의약품,0.1538,
G213,소매업,"문화, 오락 및 여가 용품 소매업",CS300041,예술품,0.1538,
G213,소매업,"문화, 오락 및 여가 용품 소매업",CS300042,주유소,0.1538,
G214,소매업,연료소매업,CS300003,컴퓨터및주변장치판매,0.1538,
G216,소매업,"사무용 기기, 안경, 사진장비 및 정밀기기 소매업",CS300003,컴퓨터및주변장치판매,0.1538,
G217,소매업,시계 및 귀금속 소매업,CS200010,변호사사무소,0.1538,
G217,소매업,시계 및 귀금속 소매업,CS200011,변리사사무소,0.1538,
G217,소매업,시계 및 귀금속 소매업,CS200012,법무사사무소,0.1538,
G217,소매업,시계 및 귀금속 소매업,CS200015,세무사사무소,0.1538,
G219,소매업,화초 및 식물 소매업,CS300040,재생용품 판매점,0.1538,
G220,소매업,애완용 동물 및 관련용품 소매업,CS200034,여관,0.1538,
G220,소매업,애완용 동물 및 관련용품 소매업,CS300026,완구,0.1538,
G221,소매업,기타 상품 전문 소매업,CS300025,자전거 및 기타운송장비,0.1538,
G221,소매업,기타 상품 전문 소매업,CS300039,모터사이클및부품,0.1538,
G222,소매업,중고 상품 소매업,CS300039,모터사이클및부품,0.1538,
I101,숙박업,일반 및 생활 숙박시설 운영업,CS100003,일식음식점,0.1538,
I101,숙박업,일반 및 생활 숙박시설 운영업,CS300017,시계및귀금속,0.1538,
I205,음식점업,동남아시아 음식점업,CS300024,운동/경기용품,0.1538,
I212,음식점업,비알코올 음료점업,CS200045,비디오/서적임대,0.1538,
I212,음식점업,비알코올 음료점업,CS300025,자전거 및 기타운송장비,0.1538,
M106,"전문, 과학 및 기술 서비스업",시장 조사 및 여론 조사업,CS200017,골프연습장,0.1538,
M106,"전문, 과학 및 기술 서비스업",시장 조사 및 여론 조사업,CS200020,전자게임장,0.1538,
M106,"전문, 과학 및 기술 서비스업",시장 조사 및 여론 조사업,CS300017,시계및귀금속,0.1538,
M113,"전문, 과학 및 기술 서비스업",사진 촬영 및 처리업,CS300039,모터사이클및부품,0.1538,
M114,"전문, 과학 및 기술 서비스업",인쇄 및 제품 제작업,CS300039,모터사이클및부품,0.1538,
M114,"전문, 과학 및 기술 서비스업",인쇄 및 제품 제작업,CS300040,재생용품 판매점,0.1538,
M115,"전문, 과학 및 기술 서비스업","그 외 기타 전문, 과학 및 기술 서비스업",CS300025,자전거 및 기타운송장비,0.1538,
N101,"사업시설 관리, 사업 지원 및 임대 서비스업",사업시설 유지ㆍ관리 서비스업,CS200025,자동차수리,0.1538,
N101,"사업시설 관리, 사업 지원 및 임대 서비스업",사업시설 유지ㆍ관리 서비스업,CS300017,시계및귀금속,0.1538,
N102,"사업시설 관리, 사업 지원 및 임대 서비스업",건물ㆍ산업설비 청소 및 방제 서비스업,CS100005,제과점,0.1538,
N102,"사업시설 관리, 사업 지원 및 임대 서비스업",건물ㆍ산업설비 청소 및 방제 서비스업,CS200019,PC방,0.1538,
N102,"사업시설 관리, 사업 지원 및 임대 서비스업",건물ㆍ산업설비 청소 및 방제 서비스업,CS200022,복권방,0.1538,
N102,"사업시설 관리, 사업 지원 및 임대 서비스업",건물ㆍ산업설비 청소 및 방제 서비스업,CS200031,세탁소,0.1538,
N102,"사업시설 관리, 사업 지원 및 임대 서비스업",건물ㆍ산업설비 청소 및 방제 서비스업,CS200037,노래방,0.1538,
N102,"사업시설 관리, 사업 지원 및 임대 서비스업",건물ㆍ산업설비 청소 및 방제 서비스업,CS300009,청과상,0.1538,
N102,"사업시설 관리, 사업 지원 및 임대 서비스업",건물ㆍ산업설비 청소 및 방제 서비스업,CS300033,철물점,0.1538,
N102,"사업시설 관리, 사업 지원 및 임대 서비스업",건물ㆍ산업설비 청소 및 방제 서비스업,CS300042,주유소,0.1538,
N103,"사업시설 관리, 사업 지원 및 임대 서비스업",조경관리 및 유지 서비스업,CS200027,모터사이클수리,0.1538,
N104,"사업시설 관리, 사업 지원 및 임대 서비스업",고용 알선 및 인력 공급업,CS200026,자동차미용,0.1538,
N104,"사업시설 관리, 사업 지원 및 임대 서비스업",고용 알선 및 인력 공급업,CS300037,중고차판매,0.1538,
N105,"사업시설 관리, 사업 지원 및 임대 서비스업",여행사 및 기타 여행 보조 서비스업,CS200010,변호사사무소,0.1538,
N105,"사업시설 관리, 사업 지원 및 임대 서비스업",여행사 및 기타 여행 보조 서비스업,CS200011,변리사사무소,0.1538,
N105,"사업시설 관리, 사업 지원 및 임대 서비스업",여행사 및 기타 여행 보조 서비스업,CS200012,법무사사무소,0.1538,
N105,"사업시설 관리, 사업 지원 및 임대 서비스업",여행사 및 기타 여행 보조 서비스업,CS200014,회계사사무소,0.1538,
N105,"사업시설 관리, 사업 지원 및 임대 서비스업",여행사 및 기타 여행 보조 서비스업,CS200015,세무사사무소,0.1538,
N110,"사업시설 관리, 사업 지원 및 임대 서비스업",개인 및 가정용품 대여업,CS200026,자동차미용,0.1538,
N110,"사업시설 관리, 사업 지원 및 임대 서비스업",개인 및 가정용품 대여업,CS200033,부동산중개업,0.1538,
N110,"사업시설 관리, 사업 지원 및 임대 서비스업",개인 및 가정용품 대여업,CS300038,자동차부품,0.1538,
N111,"사업시설 관리, 사업 지원 및 임대 서비스업",산업용 기계 및 장비 대여업,CS200046,의류임대,0.1538,
N111,"사업시설 관리, 사업 지원 및 임대 서비스업",산업용 기계 및 장비 대여업,CS300019,의료기기,0.1538,
N111,"사업시설 관리, 사업 지원 및 임대 서비스업",산업용 기계 및 장비 대여업,CS300023,미용재료,0.1538,
N111,"사업시설 관리, 사업 지원 및 임대 서비스업",산업용 기계 및 장비 대여업,CS300036,조명용품,0.1538,
R104,"예술, 스포츠 및 여가관련 서비스업",유원지 및 기타 오락관련 서비스업,CS200001,일반교습학원,0.1538,
S201,수리 및 개인 서비스업,컴퓨터 및 주변 기기 수리업,CS300005,주류도매,0.1538,
S201,수리 및 개인 서비스업,컴퓨터 및 주변 기기 수리업,CS300035,인테리어,0.1538,
S202,수리 및 개인 서비스업,통신장비 수리업,CS200045,비디오/서적임대,0.1538,
S203,수리 및 개인 서비스업,자동차 수리 및 세차업,CS200011,변리사사무소,0.1538,
S203,수리 및 개인 서비스업,자동차 수리 및 세차업,CS200015,세무사사무소,0.1538,
S203,수리 및 개인 서비스업,자동차 수리 및 세차업,CS300024,운동/경기용품,0.1538,
S204,수리 및 개인 서비스업,모터사이클 수리업,CS100009,호프-간이주점,0.1538,
S204,수리 및 개인 서비스업,모터사이클 수리업,CS200010,변호사사무소,0.1538,
S204,수리 및 개인 서비스업,모터사이클 수리업,CS200011,변리사사무소,0.1538,
S204,수리 및 개인 서비스업,모터사이클 수리업,CS200012,법무사사무소,0.1538,
S204,수리 및 개인 서비스업,모터사이클 수리업,CS200014,회계사사무소,0.1538,
S204,수리 및 개인 서비스업,모터사이클 수리업,CS200015,세무사사무소,0.1538,
S205,수리 및 개인 서비스업,가전제품 수리업,CS300025,자전거 및 기타운송장비,0.1538,
S205,수리 및 개인 서비스업,가전제품 수리업,CS300039,모터사이클및부품,0.1538,
S205,수리 및 개인 서비스업,가전제품 수리업,CS300040,재생용품 판매점,0.1538,
S206,수리 및 개인 서비스업,기타 개인 및 가정용품 수리업,CS200026,자동차미용,0.1538,
S206,수리 및 개인 서비스업,기타 개인 및 가정용품 수리업,CS200030,피부관리실,0.1538,
S206,수리 및 개인 서비스업,기타 개인 및 가정용품 수리업,CS200033,부동산중개업,0.1538,
S206,수리 및 개인 서비스업,기타 개인 및 가정용품 수리업,CS300008,수산물판매,0.1538,
S206,수리 및 개인 서비스업,기타 개인 및 가정용품 수리업,CS300038,자동차부품,0.1538,
S208,수리 및 개인 서비스업,"욕탕, 마사지 및 기타 신체 관리 서비스업",CS300001,슈퍼마켓,0.1538,
S208,수리 및 개인 서비스업,"욕탕, 마사지 및 기타 신체 관리 서비스업",CS300035,인테리어,0.1538,
S210,수리 및 개인 서비스업,장례식장 및 관련 서비스업,CS300025,자전거 및 기타운송장비,0.1538,
G202,소매업,자동차 부품 및 내장품 소매업,CS200009,동물병원,0.1429,
G202,소매업,자동차 부품 및 내장품 소매업,CS300005,주류도매,0.1429,
G202,소매업,자동차 부품 및 내장품 소매업,CS300006,미곡판매,0.1429,
G202,소매업,자동차 부품 및 내장품 소매업,CS300007,육류판매,0.1429,
G202,소매업,자동차 부품 및 내장품 소매업,CS300027,섬유제품,0.1429,
G202,소매업,자동차 부품 및 내장품 소매업,CS300029,애완동물,0.1429,
G202,소매업,자동차 부품 및 내장품 소매업,CS300032,가전제품,0.1429,
G202,소매업,자동차 부품 및 내장품 소매업,CS300036,조명용품,0.1429,
G203,소매업,모터사이클 및 부품 소매업,CS200004,컴퓨터학원,0.1429,
G203,소매업,모터사이클 및 부품 소매업,CS200024,스포츠클럽,0.1429,
G203,소매업,모터사이클 및 부품 소매업,CS200030,피부관리실,0.1429,
G203,소매업,모터사이클 및 부품 소매업,CS200033,부동산중개업,0.1429,
G203,소매업,모터사이클 및 부품 소매업,CS200043,건축물청소,0.1429,
G203,소매업,모터사이클 및 부품 소매업,CS300008,수산물판매,0.1429,
G203,소매업,모터사이클 및 부품 소매업,CS300037,중고차판매,0.1429,
G205,소매업,식료품 소매업,CS300003,컴퓨터및주변장치판매,0.1429,
G208,소매업,가전제품 및 정보 통신장비 소매업,CS300014,신발,0.1429,
G208,소매업,가전제품 및 정보 통신장비 소매업,CS300015,가방,0.1429,
G208,소매업,가전제품 및 정보 통신장비 소매업,CS300031,가구,0.1429,
G209,소매업,"섬유, 의복, 신발 및 가죽제품 소매업",CS300015,가방,0.1429,
G209,소매업,"섬유, 의복, 신발 및 가죽제품 소매업",CS300031,가구,0.1429,
G210,소매업,"철물, 공구, 창호 및 건설자재 소매업",CS300021,문구,0.1429,
G210,소매업,"철물, 공구, 창호 및 건설자재 소매업",CS300026,완구,0.1429,
G210,소매업,"철물, 공구, 창호 및 건설자재 소매업",CS300031,가구,0.1429,
G213,소매업,"문화, 오락 및 여가 용품 소매업",CS300005,주류도매,0.1429,
G213,소매업,"문화, 오락 및 여가 용품 소매업",CS300006,미곡판매,0.1429,
G213,소매업,"문화, 오락 및 여가 용품 소매업",CS300007,육류판매,0.1429,
G213,소매업,"문화, 오락 및 여가 용품 소매업",CS300010,반찬가게,0.1429,
G213,소매업,"문화, 오락 및 여가 용품 소매업",CS300023,미용재료,0.1429,
G213,소매업,"문화, 오락 및 여가 용품 소매업",CS300027,섬유제품,0.1429,
G213,소매업,"문화, 오락 및 여가 용품 소매업",CS300030,중고가구,0.1429,
G217,소매업,시계 및 귀금속 소매업,CS300040,재생용품 판매점,0.1429,
G218,소매업,"예술품, 기념품 및 장식용품 소매업",CS300034,악기,0.1429,
G220,소매업,애완용 동물 및 관련용품 소매업,CS200028,미용실,0.1429,
G220,소매업,애완용 동물 및 관련용품 소매업,CS200031,세탁소,0.1429,
G220,소매업,애완용 동물 및 관련용품 소매업,CS200041,사진관,0.1429,
G220,소매업,애완용 동물 및 관련용품 소매업,CS300018,의약품,0.1429,
G220,소매업,애완용 동물 및 관련용품 소매업,CS300022,화장품,0.1429,
G220,소매업,애완용 동물 및 관련용품 소매업,CS300033,철물점,0.1429,
G220,소매업,애완용 동물 및 관련용품 소매업,CS300041,예술품,0.1429,
G220,소매업,애완용 동물 및 관련용품 소매업,CS300042,주유소,0.1429,
M107,"전문, 과학 및 기술 서비스업",회사 본부 및 경영 컨설팅 서비스업,CS200030,피부관리실,0.1429,
M107,"전문, 과학 및 기술 서비스업",회사 본부 및 경영 컨설팅 서비스업,CS200033,부동산중개업,0.1429,
M107,"전문, 과학 및 기술 서비스업",회사 본부 및 경영 컨설팅 서비스업,CS300038,자동차부품,0.1429,
N101,"사업시설 관리, 사업 지원 및 임대 서비스업",사업시설 유지ㆍ관리 서비스업,CS200010,변호사사무소,0.1429,
N101,"사업시설 관리, 사업 지원 및 임대 서비스업",사업시설 유지ㆍ관리 서비스업,CS200011,변리사사무소,0.1429,
N101,"사업시설 관리, 사업 지원 및 임대 서비스업",사업시설 유지ㆍ관리 서비스업,CS200012,법무사사무소,0.1429,
N101,"사업시설 관리, 사업 지원 및 임대 서비스업",사업시설 유지ㆍ관리 서비스업,CS200014,회계사사무소,0.1429,
N101,"사업시설 관리, 사업 지원 및 임대 서비스업",사업시설 유지ㆍ관리 서비스업,CS200015,세무사사무소,0.1429,
N101,"사업시설 관리, 사업 지원 및 임대 서비스업",사업시설 유지ㆍ관리 서비스업,CS200023,통신기기수리,0.1429,
N101,"사업시설 관리, 사업 지원 및 임대 서비스업",사업시설 유지ㆍ관리 서비스업,CS200032,가전제품수리,0.1429,
N102,"사업시설 관리, 사업 지원 및 임대 서비스업",건물ㆍ산업설비 청소 및 방제 서비스업,CS200009,동물병원,0.1429,
N102,"사업시설 관리, 사업 지원 및 임대 서비스업",건물ㆍ산업설비 청소 및 방제 서비스업,CS200039,DVD방,0.1429,
N102,"사업시설 관리, 사업 지원 및 임대 서비스업",건물ㆍ산업설비 청소 및 방제 서비스업,CS300027,섬유제품,0.1429,
N102,"사업시설 관리, 사업 지원 및 임대 서비스업",건물ㆍ산업설비 청소 및 방제 서비스업,CS300029,애완동물,0.1429,
N102,"사업시설 관리, 사업 지원 및 임대 서비스업",건물ㆍ산업설비 청소 및 방제 서비스업,CS300032,가전제품,0.1429,
N104,"사업시설 관리, 사업 지원 및 임대 서비스업",고용 알선 및 인력 공급업,CS200047,가정용품임대,0.1429,
N104,"사업시설 관리, 사업 지원 및 임대 서비스업",고용 알선 및 인력 공급업,CS300024,운동/경기용품,0.1429,
N105,"사업시설 관리, 사업 지원 및 임대 서비스업",여행사 및 기타 여행 보조 서비스업,CS200027,모터사이클수리,0.1429,
N105,"사업시설 관리, 사업 지원 및 임대 서비스업",여행사 및 기타 여행 보조 서비스업,CS300039,모터사이클및부품,0.1429,
N111,"사업시설 관리, 사업 지원 및 임대 서비스업",산업용 기계 및 장비 대여업,CS200013,기타법무서비스,0.1429,
N111,"사업시설 관리, 사업 지원 및 임대 서비스업",산업용 기계 및 장비 대여업,CS200017,골프연습장,0.1429,
N111,"사업시설 관리, 사업 지원 및 임대 서비스업",산업용 기계 및 장비 대여업,CS200020,전자게임장,0.1429,
N111,"사업시설 관리, 사업 지원 및 임대 서비스업",산업용 기계 및 장비 대여업,CS200026,자동차미용,0.1429,
N111,"사업시설 관리, 사업 지원 및 임대 서비스업",산업용 기계 및 장비 대여업,CS200033,부동산중개업,0.1429,
N111,"사업시설 관리, 사업 지원 및 임대 서비스업",산업용 기계 및 장비 대여업,CS300008,수산물판매,0.1429,
N111,"사업시설 관리, 사업 지원 및 임대 서비스업",산업용 기계 및 장비 대여업,CS300017,시계및귀금속,0.1429,
R102,"예술, 스포츠 및 여가관련 서비스업","도서관, 사적지 및 유사 여가관련 서비스업",CS200034,여관,0.1429,
R102,"예술, 스포츠 및 여가관련 서비스업","도서관, 사적지 및 유사 여가관련 서비스업",CS300015,가방,0.1429,
R102,"예술, 스포츠 및 여가관련 서비스업","도서관, 사적지 및 유사 여가관련 서비스업",CS300031,가구,0.1429,
R104,"예술, 스포츠 및 여가관련 서비스업",유원지 및 기타 오락관련 서비스업,CS200045,비디오/서적임대,0.1429,
S201,수리 및 개인 서비스업,컴퓨터 및 주변 기기 수리업,CS200030,피부관리실,0.1429,
S201,수리 및 개인 서비스업,컴퓨터 및 주변 기기 수리업,CS300008,수산물판매,0.1429,
S203,수리 및 개인 서비스업,자동차 수리 및 세차업,CS300025,자전거 및 기타운송장비,0.1429,
S206,수리 및 개인 서비스업,기타 개인 및 가정용품 수리업,CS200011,변리사사무소,0.1429,
S208,수리 및 개인 서비스업,"욕탕, 마사지 및 기타 신체 관리 서비스업",CS200025,자동차수리,0.1429,
G202,소매업,자동차 부품 및 내장품 소매업,CS200017,골프연습장,0.1333,
G202,소매업,자동차 부품 및 내장품 소매업,CS200030,피부관리실,0.1333,
G202,소매업,자동차 부품 및 내장품 소매업,CS200033,부동산중개업,0.1333,
G202,소매업,자동차 부품 및 내장품 소매업,CS200043,건축물청소,0.1333,
G202,소매업,자동차 부품 및 내장품 소매업,CS300008,수산물판매,0.1333,
G202,소매업,자동차 부품 및 내장품 소매업,CS300043,전자상거래업,0.1333,
G203,소매업,모터사이클 및 부품 소매업,CS100009,호프-간이주점,0.1333,
G203,소매업,모터사이클 및 부품 소매업,CS200032,가전제품수리,0.1333,
G203,소매업,모터사이클 및 부품 소매업,CS200047,가정용품임대,0.1333,
G203,소매업,모터사이클 및 부품 소매업,CS300024,운동/경기용품,0.1333,
G208,소매업,가전제품 및 정보 통신장비 소매업,CS100005,제과점,0.1333,
G208,소매업,가전제품 및 정보 통신장비 소매업,CS200016,당구장,0.1333,
G208,소매업,가전제품 및 정보 통신장비 소매업,CS200018,볼링장,0.1333,
G208,소매업,가전제품 및 정보 통신장비 소매업,CS200021,기타오락장,0.1333,
G208,소매업,가전제품 및 정보 통신장비 소매업,CS200031,세탁소,0.1333,
G208,소매업,가전제품 및 정보 통신장비 소매업,CS300018,의약품,0.1333,
G208,소매업,가전제품 및 정보 통신장비 소매업,CS300022,화장품,0.1333,
G208,소매업,가전제품 및 정보 통신장비 소매업,CS300041,예술품,0.1333,
G208,소매업,가전제품 및 정보 통신장비 소매업,CS300042,주유소,0.1333,
G209,소매업,"섬유, 의복, 신발 및 가죽제품 소매업",CS100005,제과점,0.1333,
G209,소매업,"섬유, 의복, 신발 및 가죽제품 소매업",CS200008,한의원,0.1333,
G209,소매업,"섬유, 의복, 신발 및 가죽제품 소매업",CS200022,복권방,0.1333,
G209,소매업,"섬유, 의복, 신발 및 가죽제품 소매업",CS200031,세탁소,0.1333,
G209,소매업,"섬유, 의복, 신발 및 가죽제품 소매업",CS300002,편의점,0.1333,
G209,소매업,"섬유, 의복, 신발 및 가죽제품 소매업",CS300012,한복점,0.1333,
G209,소매업,"섬유, 의복, 신발 및 가죽제품 소매업",CS300022,화장품,0.1333,
G209,소매업,"섬유, 의복, 신발 및 가죽제품 소매업",CS300041,예술품,0.1333,
G210,소매업,"철물, 공구, 창호 및 건설자재 소매업",CS200016,당구장,0.1333,
G210,소매업,"철물, 공구, 창호 및 건설자재 소매업",CS200031,세탁소,0.1333,
G210,소매업,"철물, 공구, 창호 및 건설자재 소매업",CS300042,주유소,0.1333,
G212,소매업,기타 생활용품 소매업,CS300003,컴퓨터및주변장치판매,0.1333,
G213,소매업,"문화, 오락 및 여가 용품 소매업",CS100007,치킨전문점,0.1333,
G213,소매업,"문화, 오락 및 여가 용품 소매업",CS100008,분식전문점,0.1333,
G213,소매업,"문화, 오락 및 여가 용품 소매업",CS200026,자동차미용,0.1333,
G213,소매업,"문화, 오락 및 여가 용품 소매업",CS200043,건축물청소,0.1333,
G213,소매업,"문화, 오락 및 여가 용품 소매업",CS300008,수산물판매,0.1333,
G213,소매업,"문화, 오락 및 여가 용품 소매업",CS300037,중고차판매,0.1333,
G213,소매업,"문화, 오락 및 여가 용품 소매업",CS300038,자동차부품,0.1333,
G218,소매업,"예술품, 기념품 및 장식용품 소매업",CS200016,당구장,0.1333,
G218,소매업,"예술품, 기념품 및 장식용품 소매업",CS200018,볼링장,0.1333,
G218,소매업,"예술품, 기념품 및 장식용품 소매업",CS200021,기타오락장,0.1333,
G218,소매업,"예술품, 기념품 및 장식용품 소매업",CS200028,미용실,0.1333,
G218,소매업,"예술품, 기념품 및 장식용품 소매업",CS200031,세탁소,0.1333,
G218,소매업,"예술품, 기념품 및 장식용품 소매업",CS300018,의약품,0.1333,
G218,소매업,"예술품, 기념품 및 장식용품 소매업",CS300022,화장품,0.1333,
G218,소매업,"예술품, 기념품 및 장식용품 소매업",CS300042,주유소,0.1333,
G219,소매업,화초 및 식물 소매업,CS300003,컴퓨터및주변장치판매,0.1333,
G220,소매업,애완용 동물 및 관련용품 소매업,CS300005,주류도매,0.1333,
G220,소매업,애완용 동물 및 관련용품 소매업,CS300006,미곡판매,0.1333,
G220,소매업,애완용 동물 및 관련용품 소매업,CS300007,육류판매,0.1333,
G220,소매업,애완용 동물 및 관련용품 소매업,CS300023,미용재료,0.1333,
G220,소매업,애완용 동물 및 관련용품 소매업,CS300027,섬유제품,0.1333,
G220,소매업,애완용 동물 및 관련용품 소매업,CS300032,가전제품,0.1333,
G221,소매업,기타 상품 전문 소매업,CS300003,컴퓨터및주변장치판매,0.1333,
G222,소매업,중고 상품 소매업,CS300003,컴퓨터및주변장치판매,0.1333,
I101,숙박업,일반 및 생활 숙박시설 운영업,CS300040,재생용품 판매점,0.1333,
M106,"전문, 과학 및 기술 서비스업",시장 조사 및 여론 조사업,CS200027,모터사이클수리,0.1333,
M106,"전문, 과학 및 기술 서비스업",시장 조사 및 여론 조사업,CS300025,자전거 및 기타운송장비,0.1333,
M106,"전문, 과학 및 기술 서비스업",시장 조사 및 여론 조사업,CS300039,모터사이클및부품,0.1333,
M107,"전문, 과학 및 기술 서비스업",회사 본부 및 경영 컨설팅 서비스업,CS200010,변호사사무소,0.1333,
M107,"전문, 과학 및 기술 서비스업",회사 본부 및 경영 컨설팅 서비스업,CS200011,변리사사무소,0.1333,
M107,"전문, 과학 및 기술 서비스업",회사 본부 및 경영 컨설팅 서비스업,CS200012,법무사사무소,0.1333,
M107,"전문, 과학 및 기술 서비스업",회사 본부 및 경영 컨설팅 서비스업,CS200015,세무사사무소,0.1333,
M107,"전문, 과학 및 기술 서비스업",회사 본부 및 경영 컨설팅 서비스업,CS300024,운동/경기용품,0.1333,
M109,"전문, 과학 및 기술 서비스업","건축 기술, 엔지니어링 및 관련 기술 서비스업",CS200034,여관,0.1333,
M109,"전문, 과학 및 기술 서비스업","건축 기술, 엔지니어링 및 관련 기술 서비스업",CS300034,악기,0.1333,
N101,"사업시설 관리, 사업 지원 및 임대 서비스업",사업시설 유지ㆍ관리 서비스업,CS300039,모터사이클및부품,0.1333,
N102,"사업시설 관리, 사업 지원 및 임대 서비스업",건물ㆍ산업설비 청소 및 방제 서비스업,CS200013,기타법무서비스,0.1333,
N102,"사업시설 관리, 사업 지원 및 임대 서비스업",건물ㆍ산업설비 청소 및 방제 서비스업,CS200033,부동산중개업,0.1333,
N102,"사업시설 관리, 사업 지원 및 임대 서비스업",건물ㆍ산업설비 청소 및 방제 서비스업,CS300008,수산물판매,0.1333,
N104,"사업시설 관리, 사업 지원 및 임대 서비스업",고용 알선 및 인력 공급업,CS300040,재생용품 판매점,0.1333,
N109,"사업시설 관리, 사업 지원 및 임대 서비스업",운송장비 대여업,CS300003,컴퓨터및주변장치판매,0.1333,
N110,"사업시설 관리, 사업 지원 및 임대 서비스업",개인 및 가정용품 대여업,CS200045,비디오/서적임대,0.1333,
N110,"사업시설 관리, 사업 지원 및 임대 서비스업",개인 및 가정용품 대여업,CS300039,모터사이클및부품,0.1333,
N111,"사업시설 관리, 사업 지원 및 임대 서비스업",산업용 기계 및 장비 대여업,CS200014,회계사사무소,0.1333,
N111,"사업시설 관리, 사업 지원 및 임대 서비스업",산업용 기계 및 장비 대여업,CS200023,통신기기수리,0.1333,
N111,"사업시설 관리, 사업 지원 및 임대 서비스업",산업용 기계 및 장비 대여업,CS200042,통번역서비스,0.1333,
N111,"사업시설 관리, 사업 지원 및 임대 서비스업",산업용 기계 및 장비 대여업,CS300024,운동/경기용품,0.1333,
R102,"예술, 스포츠 및 여가관련 서비스업","도서관, 사적지 및 유사 여가관련 서비스업",CS200038,독서실,0.1333,
R102,"예술, 스포츠 및 여가관련 서비스업","도서관, 사적지 및 유사 여가관련 서비스업",CS200041,사진관,0.1333,
R102,"예술, 스포츠 및 여가관련 서비스업","도서관, 사적지 및 유사 여가관련 서비스업",CS200044,여행사,0.1333,
R102,"예술, 스포츠 및 여가관련 서비스업","도서관, 사적지 및 유사 여가관련 서비스업",CS300042,주유소,0.1333,
S201,수리 및 개인 서비스업,컴퓨터 및 주변 기기 수리업,CS100009,호프-간이주점,0.1333,
S201,수리 및 개인 서비스업,컴퓨터 및 주변 기기 수리업,CS200010,변호사사무소,0.1333,
S201,수리 및 개인 서비스업,컴퓨터 및 주변 기기 수리업,CS300024,운동/경기용품,0.1333,
S202,수리 및 개인 서비스업,통신장비 수리업,CS300003,컴퓨터및주변장치판매,0.1333,
S206,수리 및 개인 서비스업,기타 개인 및 가정용품 수리업,CS300039,모터사이클및부품,0.1333,
S208,수리 및 개인 서비스업,"욕탕, 마사지 및 기타 신체 관리 서비스업",CS200010,변호사사무소,0.1333,
S208,수리 및 개인 서비스업,"욕탕, 마사지 및 기타 신체 관리 서비스업",CS200011,변리사사무소,0.1333,
S208,수리 및 개인 서비스업,"욕탕, 마사지 및 기타 신체 관리 서비스업",CS200012,법무사사무소,0.1333,
S208,수리 및 개인 서비스업,"욕탕, 마사지 및 기타 신체 관리 서비스업",CS200014,회계사사무소,0.1333,
S208,수리 및 개인 서비스업,"욕탕, 마사지 및 기타 신체 관리 서비스업",CS200015,세무사사무소,0.1333,
S208,수리 및 개인 서비스업,"욕탕, 마사지 및 기타 신체 관리 서비스업",CS200032,가전제품수리,0.1333,
S210,수리 및 개인 서비스업,장례식장 및 관련 서비스업,CS300003,컴퓨터및주변장치판매,0.1333,
G202,소매업,자동차 부품 및 내장품 소매업,CS200010,변호사사무소,0.125,
G202,소매업,자동차 부품 및 내장품 소매업,CS200011,변리사사무소,0.125,
G202,소매업,자동차 부품 및 내장품 소매업,CS200012,법무사사무소,0.125,
G202,소매업,자동차 부품 및 내장품 소매업,CS200014,회계사사무소,0.125,
G202,소매업,자동차 부품 및 내장품 소매업,CS200015,세무사사무소,0.125,
G202,소매업,자동차 부품 및 내장품 소매업,CS200032,가전제품수리,0.125,
G202,소매업,자동차 부품 및 내장품 소매업,CS200047,가정용품임대,0.125,
G208,소매업,가전제품 및 정보 통신장비 소매업,CS300005,주류도매,0.125,
G208,소매업,가전제품 및 정보 통신장비 소매업,CS300006,미곡판매,0.125,
G208,소매업,가전제품 및 정보 통신장비 소매업,CS300007,육류판매,0.125,
G208,소매업,가전제품 및 정보 통신장비 소매업,CS300010,반찬가게,0.125,
G208,소매업,가전제품 및 정보 통신장비 소매업,CS300030,중고가구,0.125,
G208,소매업,가전제품 및 정보 통신장비 소매업,CS300036,조명용품,0.125,
G209,소매업,"섬유, 의복, 신발 및 가죽제품 소매업",CS200006,일반의원,0.125,
G209,소매업,"섬유, 의복, 신발 및 가죽제품 소매업",CS200007,치과의원,0.125,
G209,소매업,"섬유, 의복, 신발 및 가죽제품 소매업",CS200046,의류임대,0.125,
G209,소매업,"섬유, 의복, 신발 및 가죽제품 소매업",CS300005,주류도매,0.125,
G209,소매업,"섬유, 의복, 신발 및 가죽제품 소매업",CS300006,미곡판매,0.125,
G209,소매업,"섬유, 의복, 신발 및 가죽제품 소매업",CS300007,육류판매,0.125,
G209,소매업,"섬유, 의복, 신발 및 가죽제품 소매업",CS300010,반찬가게,0.125,
G209,소매업,"섬유, 의복, 신발 및 가죽제품 소매업",CS300011,일반의류,0.125,
G209,소매업,"섬유, 의복, 신발 및 가죽제품 소매업",CS300019,의료기기,0.125,
G209,소매업,"섬유, 의복, 신발 및 가죽제품 소매업",CS300030,중고가구,0.125,
G209,소매업,"섬유, 의복, 신발 및 가죽제품 소매업",CS300036,조명용품,0.125,
G210,소매업,"철물, 공구, 창호 및 건설자재 소매업",CS200009,동물병원,0.125,
G210,소매업,"철물, 공구, 창호 및 건설자재 소매업",CS300005,주류도매,0.125,
G210,소매업,"철물, 공구, 창호 및 건설자재 소매업",CS300006,미곡판매,0.125,
G210,소매업,"철물, 공구, 창호 및 건설자재 소매업",CS300007,육류판매,0.125,
G210,소매업,"철물, 공구, 창호 및 건설자재 소매업",CS300023,미용재료,0.125,
G210,소매업,"철물, 공구, 창호 및 건설자재 소매업",CS300029,애완동물,0.125,
G210,소매업,"철물, 공구, 창호 및 건설자재 소매업",CS300030,중고가구,0.125,
G213,소매업,"문화, 오락 및 여가 용품 소매업",CS200010,변호사사무소,0.125,
G213,소매업,"문화, 오락 및 여가 용품 소매업",CS200011,변리사사무소,0.125,
G213,소매업,"문화, 오락 및 여가 용품 소매업",CS200012,법무사사무소,0.125,
G213,소매업,"문화, 오락 및 여가 용품 소매업",CS200014,회계사사무소,0.125,
G213,소매업,"문화, 오락 및 여가 용품 소매업",CS200015,세무사사무소,0.125,
G217,소매업,시계 및 귀금속 소매업,CS300003,컴퓨터및주변장치판매,0.125,
G218,소매업,"예술품, 기념품 및 장식용품 소매업",CS300005,주류도매,0.125,
G218,소매업,"예술품, 기념품 및 장식용품 소매업",CS300006,미곡판매,0.125,
G218,소매업,"예술품, 기념품 및 장식용품 소매업",CS300007,육류판매,0.125,
G218,소매업,"예술품, 기념품 및 장식용품 소매업",CS300019,의료기기,0.125,
G218,소매업,"예술품, 기념품 및 장식용품 소매업",CS300023,미용재료,0.125,
G218,소매업,"예술품, 기념품 및 장식용품 소매업",CS300027,섬유제품,0.125,
G218,소매업,"예술품, 기념품 및 장식용품 소매업",CS300032,가전제품,0.125,
G220,소매업,애완용 동물 및 관련용품 소매업,CS200025,자동차수리,0.125,
G220,소매업,애완용 동물 및 관련용품 소매업,CS200026,자동차미용,0.125,
G220,소매업,애완용 동물 및 관련용품 소매업,CS200030,피부관리실,0.125,
G220,소매업,애완용 동물 및 관련용품 소매업,CS200033,부동산중개업,0.125,
G220,소매업,애완용 동물 및 관련용품 소매업,CS300037,중고차판매,0.125,
M107,"전문, 과학 및 기술 서비스업",회사 본부 및 경영 컨설팅 서비스업,CS200027,모터사이클수리,0.125,
M109,"전문, 과학 및 기술 서비스업","건축 기술, 엔지니어링 및 관련 기술 서비스업",CS200018,볼링장,0.125,
M109,"전문, 과학 및 기술 서비스업","건축 기술, 엔지니어링 및 관련 기술 서비스업",CS200041,사진관,0.125,
M109,"전문, 과학 및 기술 서비스업","건축 기술, 엔지니어링 및 관련 기술 서비스업",CS300041,예술품,0.125,
N102,"사업시설 관리, 사업 지원 및 임대 서비스업",건물ㆍ산업설비 청소 및 방제 서비스업,CS200010,변호사사무소,0.125,
N102,"사업시설 관리, 사업 지원 및 임대 서비스업",건물ㆍ산업설비 청소 및 방제 서비스업,CS200011,변리사사무소,0.125,
N102,"사업시설 관리, 사업 지원 및 임대 서비스업",건물ㆍ산업설비 청소 및 방제 서비스업,CS200012,법무사사무소,0.125,
N102,"사업시설 관리, 사업 지원 및 임대 서비스업",건물ㆍ산업설비 청소 및 방제 서비스업,CS200014,회계사사무소,0.125,
N102,"사업시설 관리, 사업 지원 및 임대 서비스업",건물ㆍ산업설비 청소 및 방제 서비스업,CS200015,세무사사무소,0.125,
N102,"사업시설 관리, 사업 지원 및 임대 서비스업",건물ㆍ산업설비 청소 및 방제 서비스업,CS200032,가전제품수리,0.125,
N102,"사업시설 관리, 사업 지원 및 임대 서비스업",건물ㆍ산업설비 청소 및 방제 서비스업,CS200042,통번역서비스,0.125,
N111,"사업시설 관리, 사업 지원 및 임대 서비스업",산업용 기계 및 장비 대여업,CS300040,재생용품 판매점,0.125,
R102,"예술, 스포츠 및 여가관련 서비스업","도서관, 사적지 및 유사 여가관련 서비스업",CS300005,주류도매,0.125,
R102,"예술, 스포츠 및 여가관련 서비스업","도서관, 사적지 및 유사 여가관련 서비스업",CS300010,반찬가게,0.125,
R102,"예술, 스포츠 및 여가관련 서비스업","도서관, 사적지 및 유사 여가관련 서비스업",CS300013,유아의류,0.125,
R102,"예술, 스포츠 및 여가관련 서비스업","도서관, 사적지 및 유사 여가관련 서비스업",CS300027,섬유제품,0.125,
R102,"예술, 스포츠 및 여가관련 서비스업","도서관, 사적지 및 유사 여가관련 서비스업",CS300030,중고가구,0.125,
R102,"예술, 스포츠 및 여가관련 서비스업","도서관, 사적지 및 유사 여가관련 서비스업",CS300032,가전제품,0.125,
S201,수리 및 개인 서비스업,컴퓨터 및 주변 기기 수리업,CS300039,모터사이클및부품,0.125,
S204,수리 및 개인 서비스업,모터사이클 수리업,CS300003,컴퓨터및주변장치판매,0.125,
S208,수리 및 개인 서비스업,"욕탕, 마사지 및 기타 신체 관리 서비스업",CS300039,모터사이클및부품,0.125,
G208,소매업,가전제품 및 정보 통신장비 소매업,CS100007,치킨전문점,0.1176,
G208,소매업,가전제품 및 정보 통신장비 소매업,CS100008,분식전문점,0.1176,
G208,소매업,가전제품 및 정보 통신장비 소매업,CS200013,기타법무서비스,0.1176,
G208,소매업,가전제품 및 정보 통신장비 소매업,CS200017,골프연습장,0.1176,
G208,소매업,가전제품 및 정보 통신장비 소매업,CS200043,건축물청소,0.1176,
G208,소매업,가전제품 및 정보 통신장비 소매업,CS300008,수산물판매,0.1176,
G208,소매업,가전제품 및 정보 통신장비 소매업,CS300037,중고차판매,0.1176,
G208,소매업,가전제품 및 정보 통신장비 소매업,CS300038,자동차부품,0.1176,
G208,소매업,가전제품 및 정보 통신장비 소매업,CS300043,전자상거래업,0.1176,
G209,소매업,"섬유, 의복, 신발 및 가죽제품 소매업",CS200043,건축물청소,0.1176,
G209,소매업,"섬유, 의복, 신발 및 가죽제품 소매업",CS300008,수산물판매,0.1176,
G209,소매업,"섬유, 의복, 신발 및 가죽제품 소매업",CS300037,중고차판매,0.1176,
G209,소매업,"섬유, 의복, 신발 및 가죽제품 소매업",CS300038,자동차부품,0.1176,
G210,소매업,"철물, 공구, 창호 및 건설자재 소매업",CS200020,전자게임장,0.1176,
G210,소매업,"철물, 공구, 창호 및 건설자재 소매업",CS200025,자동차수리,0.1176,
G210,소매업,"철물, 공구, 창호 및 건설자재 소매업",CS200026,자동차미용,0.1176,
G210,소매업,"철물, 공구, 창호 및 건설자재 소매업",CS300037,중고차판매,0.1176,
G210,소매업,"철물, 공구, 창호 및 건설자재 소매업",CS300038,자동차부품,0.1176,
G210,소매업,"철물, 공구, 창호 및 건설자재 소매업",CS300043,전자상거래업,0.1176,
G213,소매업,"문화, 오락 및 여가 용품 소매업",CS200045,비디오/서적임대,0.1176,
G213,소매업,"문화, 오락 및 여가 용품 소매업",CS300039,모터사이클및부품,0.1176,
G218,소매업,"예술품, 기념품 및 장식용품 소매업",CS100001,한식음식점,0.1176,
G218,소매업,"예술품, 기념품 및 장식용품 소매업",CS100002,중식음식점,0.1176,
G218,소매업,"예술품, 기념품 및 장식용품 소매업",CS100003,일식음식점,0.1176,
G218,소매업,"예술품, 기념품 및 장식용품 소매업",CS100004,양식음식점,0.1176,
G218,소매업,"예술품, 기념품 및 장식용품 소매업",CS100008,분식전문점,0.1176,
G218,소매업,"예술품, 기념품 및 장식용품 소매업",CS200017,골프연습장,0.1176,
G218,소매업,"예술품, 기념품 및 장식용품 소매업",CS200020,전자게임장,0.1176,
G218,소매업,"예술품, 기념품 및 장식용품 소매업",CS200026,자동차미용,0.1176,
G218,소매업,"예술품, 기념품 및 장식용품 소매업",CS200043,건축물청소,0.1176,
G218,소매업,"예술품, 기념품 및 장식용품 소매업",CS300008,수산물판매,0.1176,
G218,소매업,"예술품, 기념품 및 장식용품 소매업",CS300037,중고차판매,0.1176,
G218,소매업,"예술품, 기념품 및 장식용품 소매업",CS300038,자동차부품,0.1176,
G220,소매업,애완용 동물 및 관련용품 소매업,CS200010,변호사사무소,0.1176,
G220,소매업,애완용 동물 및 관련용품 소매업,CS200011,변리사사무소,0.1176,
G220,소매업,애완용 동물 및 관련용품 소매업,CS200012,법무사사무소,0.1176,
G220,소매업,애완용 동물 및 관련용품 소매업,CS200014,회계사사무소,0.1176,
G220,소매업,애완용 동물 및 관련용품 소매업,CS200015,세무사사무소,0.1176,
G220,소매업,애완용 동물 및 관련용품 소매업,CS200032,가전제품수리,0.1176,
M106,"전문, 과학 및 기술 서비스업",시장 조사 및 여론 조사업,CS300003,컴퓨터및주변장치판매,0.1176,
M109,"전문, 과학 및 기술 서비스업","건축 기술, 엔지니어링 및 관련 기술 서비스업",CS200003,예술학원,0.1176,
M109,"전문, 과학 및 기술 서비스업","건축 기술, 엔지니어링 및 관련 기술 서비스업",CS300035,인테리어,0.1176,
N102,"사업시설 관리, 사업 지원 및 임대 서비스업",건물ㆍ산업설비 청소 및 방제 서비스업,CS200045,비디오/서적임대,0.1176,
N102,"사업시설 관리, 사업 지원 및 임대 서비스업",건물ㆍ산업설비 청소 및 방제 서비스업,CS300025,자전거 및 기타운송장비,0.1176,
R102,"예술, 스포츠 및 여가관련 서비스업","도서관, 사적지 및 유사 여가관련 서비스업",CS200013,기타법무서비스,0.1176,
R102,"예술, 스포츠 및 여가관련 서비스업","도서관, 사적지 및 유사 여가관련 서비스업",CS200030,피부관리실,0.1176,
G208,소매업,가전제품 및 정보 통신장비 소매업,CS200010,변호사사무소,0.1111,
G208,소매업,가전제품 및 정보 통신장비 소매업,CS200011,변리사사무소,0.1111,
G208,소매업,가전제품 및 정보 통신장비 소매업,CS200012,법무사사무소,0.1111,
G208,소매업,가전제품 및 정보 통신장비 소매업,CS200014,회계사사무소,0.1111,
G208,소매업,가전제품 및 정보 통신장비 소매업,CS200015,세무사사무소,0.1111,
G208,소매업,가전제품 및 정보 통신장비 소매업,CS300024,운동/경기용품,0.1111,
G209,소매업,"섬유, 의복, 신발 및 가죽제품 소매업",CS200010,변호사사무소,0.1111,
G209,소매업,"섬유, 의복, 신발 및 가죽제품 소매업",CS200011,변리사사무소,0.1111,
G209,소매업,"섬유, 의복, 신발 및 가죽제품 소매업",CS200012,법무사사무소,0.1111,
G209,소매업,"섬유, 의복, 신발 및 가죽제품 소매업",CS200014,회계사사무소,0.1111,
G209,소매업,"섬유, 의복, 신발 및 가죽제품 소매업",CS200015,세무사사무소,0.1111,
G209,소매업,"섬유, 의복, 신발 및 가죽제품 소매업",CS200023,통신기기수리,0.1111,
G209,소매업,"섬유, 의복, 신발 및 가죽제품 소매업",CS300024,운동/경기용품,0.1111,
G210,소매업,"철물, 공구, 창호 및 건설자재 소매업",CS100009,호프-간이주점,0.1111,
G210,소매업,"철물, 공구, 창호 및 건설자재 소매업",CS200011,변리사사무소,0.1111,
G210,소매업,"철물, 공구, 창호 및 건설자재 소매업",CS200012,법무사사무소,0.1111,
G210,소매업,"철물, 공구, 창호 및 건설자재 소매업",CS200014,회계사사무소,0.1111,
G210,소매업,"철물, 공구, 창호 및 건설자재 소매업",CS200015,세무사사무소,0.1111,
G215,소매업,"의약품, 의료용 기구, 화장품 및 방향제 소매업",CS300015,가방,0.1111,
G215,소매업,"의약품, 의료용 기구, 화장품 및 방향제 소매업",CS300021,문구,0.1111,
G215,소매업,"의약품, 의료용 기구, 화장품 및 방향제 소매업",CS300026,완구,0.1111,
G215,소매업,"의약품, 의료용 기구, 화장품 및 방향제 소매업",CS300028,화초,0.1111,
G215,소매업,"의약품, 의료용 기구, 화장품 및 방향제 소매업",CS300031,가구,0.1111,
G215,소매업,"의약품, 의료용 기구, 화장품 및 방향제 소매업",CS300034,악기,0.1111,
G218,소매업,"예술품, 기념품 및 장식용품 소매업",CS200010,변호사사무소,0.1111,
G218,소매업,"예술품, 기념품 및 장식용품 소매업",CS200011,변리사사무소,0.1111,
G218,소매업,"예술품, 기념품 및 장식용품 소매업",CS200012,법무사사무소,0.1111,
G218,소매업,"예술품, 기념품 및 장식용품 소매업",CS200014,회계사사무소,0.1111,
G218,소매업,"예술품, 기념품 및 장식용품 소매업",CS200015,세무사사무소,0.1111,
G218,소매업,"예술품, 기념품 및 장식용품 소매업",CS200023,통신기기수리,0.1111,
G218,소매업,"예술품, 기념품 및 장식용품 소매업",CS200032,가전제품수리,0.1111,
G220,소매업,애완용 동물 및 관련용품 소매업,CS300039,모터사이클및부품,0.1111,
M109,"전문, 과학 및 기술 서비스업","건축 기술, 엔지니어링 및 관련 기술 서비스업",CS200002,외국어학원,0.1111,
M109,"전문, 과학 및 기술 서비스업","건축 기술, 엔지니어링 및 관련 기술 서비스업",CS200030,피부관리실,0.1111,
N111,"사업시설 관리, 사업 지원 및 임대 서비스업",산업용 기계 및 장비 대여업,CS300003,컴퓨터및주변장치판매,0.1111,
R102,"예술, 스포츠 및 여가관련 서비스업","도서관, 사적지 및 유사 여가관련 서비스업",CS200032,가전제품수리,0.1111,
R102,"예술, 스포츠 및 여가관련 서비스업","도서관, 사적지 및 유사 여가관련 서비스업",CS200042,통번역서비스,0.1111,
R102,"예술, 스포츠 및 여가관련 서비스업","도서관, 사적지 및 유사 여가관련 서비스업",CS200047,가정용품임대,0.1111,
G208,소매업,가전제품 및 정보 통신장비 소매업,CS200045,비디오/서적임대,0.1053,
G208,소매업,가전제품 및 정보 통신장비 소매업,CS300039,모터사이클및부품,0.1053,
G209,소매업,"섬유, 의복, 신발 및 가죽제품 소매업",CS300039,모터사이클및부품,0.1053,
G210,소매업,"철물, 공구, 창호 및 건설자재 소매업",CS300025,자전거 및 기타운송장비,0.1053,
G213,소매업,"문화, 오락 및 여가 용품 소매업",CS300003,컴퓨터및주변장치판매,0.1053,
G215,소매업,"의약품, 의료용 기구, 화장품 및 방향제 소매업",CS100005,제과점,0.1053,
G215,소매업,"의약품, 의료용 기구, 화장품 및 방향제 소매업",CS200008,한의원,0.1053,
G215,소매업,"의약품, 의료용 기구, 화장품 및 방향제 소매업",CS200018,볼링장,0.1053,
G215,소매업,"의약품, 의료용 기구, 화장품 및 방향제 소매업",CS200019,PC방,0.1053,
G215,소매업,"의약품, 의료용 기구, 화장품 및 방향제 소매업",CS200021,기타오락장,0.1053,
G215,소매업,"의약품, 의료용 기구, 화장품 및 방향제 소매업",CS200022,복권방,0.1053,
G215,소매업,"의약품, 의료용 기구, 화장품 및 방향제 소매업",CS200028,미용실,0.1053,
G215,소매업,"의약품, 의료용 기구, 화장품 및 방향제 소매업",CS200031,세탁소,0.1053,
G215,소매업,"의약품, 의료용 기구, 화장품 및 방향제 소매업",CS200037,노래방,0.1053,
G215,소매업,"의약품, 의료용 기구, 화장품 및 방향제 소매업",CS300002,편의점,0.1053,
G215,소매업,"의약품, 의료용 기구, 화장품 및 방향제 소매업",CS300041,예술품,0.1053,
G215,소매업,"의약품, 의료용 기구, 화장품 및 방향제 소매업",CS300042,주유소,0.1053,
G216,소매업,"사무용 기기, 안경, 사진장비 및 정밀기기 소매업",CS300034,악기,0.1053,
G218,소매업,"예술품, 기념품 및 장식용품 소매업",CS300025,자전거 및 기타운송장비,0.1053,
G218,소매업,"예술품, 기념품 및 장식용품 소매업",CS300039,모터사이클및부품,0.1053,
M109,"전문, 과학 및 기술 서비스업","건축 기술, 엔지니어링 및 관련 기술 서비스업",CS300024,운동/경기용품,0.1053,
R102,"예술, 스포츠 및 여가관련 서비스업","도서관, 사적지 및 유사 여가관련 서비스업",CS200027,모터사이클수리,0.1053,
R102,"예술, 스포츠 및 여가관련 서비스업","도서관, 사적지 및 유사 여가관련 서비스업",CS300039,모터사이클및부품,0.1053,
G215,소매업,"의약품, 의료용 기구, 화장품 및 방향제 소매업",CS100010,커피-음료,0.1,
G215,소매업,"의약품, 의료용 기구, 화장품 및 방향제 소매업",CS200006,일반의원,0.1,
G215,소매업,"의약품, 의료용 기구, 화장품 및 방향제 소매업",CS200007,치과의원,0.1,
G215,소매업,"의약품, 의료용 기구, 화장품 및 방향제 소매업",CS200039,DVD방,0.1,
G215,소매업,"의약품, 의료용 기구, 화장품 및 방향제 소매업",CS200046,의류임대,0.1,
G215,소매업,"의약품, 의료용 기구, 화장품 및 방향제 소매업",CS300005,주류도매,0.1,
G215,소매업,"의약품, 의료용 기구, 화장품 및 방향제 소매업",CS300006,미곡판매,0.1,
G215,소매업,"의약품, 의료용 기구, 화장품 및 방향제 소매업",CS300007,육류판매,0.1,
G215,소매업,"의약품, 의료용 기구, 화장품 및 방향제 소매업",CS300011,일반의류,0.1,
G215,소매업,"의약품, 의료용 기구, 화장품 및 방향제 소매업",CS300013,유아의류,0.1,
G215,소매업,"의약품, 의료용 기구, 화장품 및 방향제 소매업",CS300023,미용재료,0.1,
G215,소매업,"의약품, 의료용 기구, 화장품 및 방향제 소매업",CS300027,섬유제품,0.1,
G215,소매업,"의약품, 의료용 기구, 화장품 및 방향제 소매업",CS300030,중고가구,0.1,
G215,소매업,"의약품, 의료용 기구, 화장품 및 방향제 소매업",CS300032,가전제품,0.1,
G215,소매업,"의약품, 의료용 기구, 화장품 및 방향제 소매업",CS300036,조명용품,0.1,
G216,소매업,"사무용 기기, 안경, 사진장비 및 정밀기기 소매업",CS200016,당구장,0.1,
G216,소매업,"사무용 기기, 안경, 사진장비 및 정밀기기 소매업",CS200018,볼링장,0.1,
G216,소매업,"사무용 기기, 안경, 사진장비 및 정밀기기 소매업",CS200021,기타오락장,0.1,
G216,소매업,"사무용 기기, 안경, 사진장비 및 정밀기기 소매업",CS200028,미용실,0.1,
G216,소매업,"사무용 기기, 안경, 사진장비 및 정밀기기 소매업",CS200031,세탁소,0.1,
G216,소매업,"사무용 기기, 안경, 사진장비 및 정밀기기 소매업",CS200044,여행사,0.1,
G216,소매업,"사무용 기기, 안경, 사진장비 및 정밀기기 소매업",CS300022,화장품,0.1,
G216,소매업,"사무용 기기, 안경, 사진장비 및 정밀기기 소매업",CS300042,주유소,0.1,
G220,소매업,애완용 동물 및 관련용품 소매업,CS300003,컴퓨터및주변장치판매,0.1,
G209,소매업,"섬유, 의복, 신발 및 가죽제품 소매업",CS300003,컴퓨터및주변장치판매,0.0952,
G210,소매업,"철물, 공구, 창호 및 건설자재 소매업",CS300003,컴퓨터및주변장치판매,0.0952,
G215,소매업,"의약품, 의료용 기구, 화장품 및 방향제 소매업",CS200017,골프연습장,0.0952,
G215,소매업,"의약품, 의료용 기구, 화장품 및 방향제 소매업",CS200020,전자게임장,0.0952,
G215,소매업,"의약품, 의료용 기구, 화장품 및 방향제 소매업",CS200026,자동차미용,0.0952,
G215,소매업,"의약품, 의료용 기구, 화장품 및 방향제 소매업",CS200043,건축물청소,0.0952,
G215,소매업,"의약품, 의료용 기구, 화장품 및 방향제 소매업",CS300008,수산물판매,0.0952,
G215,소매업,"의약품, 의료용 기구, 화장품 및 방향제 소매업",CS300037,중고차판매,0.0952,
G215,소매업,"의약품, 의료용 기구, 화장품 및 방향제 소매업",CS300038,자동차부품,0.0952,
G216,소매업,"사무용 기기, 안경, 사진장비 및 정밀기기 소매업",CS300005,주류도매,0.0952,
G216,소매업,"사무용 기기, 안경, 사진장비 및 정밀기기 소매업",CS300006,미곡판매,0.0952,
G216,소매업,"사무용 기기, 안경, 사진장비 및 정밀기기 소매업",CS300007,육류판매,0.0952,
G216,소매업,"사무용 기기, 안경, 사진장비 및 정밀기기 소매업",CS300023,미용재료,0.0952,
G216,소매업,"사무용 기기, 안경, 사진장비 및 정밀기기 소매업",CS300036,조명용품,0.0952,
G215,소매업,"의약품, 의료용 기구, 화장품 및 방향제 소매업",CS200010,변호사사무소,0.0909,
G215,소매업,"의약품, 의료용 기구, 화장품 및 방향제 소매업",CS200011,변리사사무소,0.0909,
G215,소매업,"의약품, 의료용 기구, 화장품 및 방향제 소매업",CS200012,법무사사무소,0.0909,
G215,소매업,"의약품, 의료용 기구, 화장품 및 방향제 소매업",CS200014,회계사사무소,0.0909,
G215,소매업,"의약품, 의료용 기구, 화장품 및 방향제 소매업",CS200015,세무사사무소,0.0909,
G215,소매업,"의약품, 의료용 기구, 화장품 및 방향제 소매업",CS200023,통신기기수리,0.0909,
G215,소매업,"의약품, 의료용 기구, 화장품 및 방향제 소매업",CS200032,가전제품수리,0.0909,
G215,소매업,"의약품, 의료용 기구, 화장품 및 방향제 소매업",CS200047,가정용품임대,0.0909,
G215,소매업,"의약품, 의료용 기구, 화장품 및 방향제 소매업",CS300024,운동/경기용품,0.0909,
G216,소매업,"사무용 기기, 안경, 사진장비 및 정밀기기 소매업",CS200017,골프연습장,0.0909,
G216,소매업,"사무용 기기, 안경, 사진장비 및 정밀기기 소매업",CS200020,전자게임장,0.0909,
G216,소매업,"사무용 기기, 안경, 사진장비 및 정밀기기 소매업",CS200026,자동차미용,0.0909,
G216,소매업,"사무용 기기, 안경, 사진장비 및 정밀기기 소매업",CS200043,건축물청소,0.0909,
G216,소매업,"사무용 기기, 안경, 사진장비 및 정밀기기 소매업",CS300008,수산물판매,0.0909,
G216,소매업,"사무용 기기, 안경, 사진장비 및 정밀기기 소매업",CS300037,중고차판매,0.0909,
G215,소매업,"의약품, 의료용 기구, 화장품 및 방향제 소매업",CS300025,자전거 및 기타운송장비,0.087,
G215,소매업,"의약품, 의료용 기구, 화장품 및 방향제 소매업",CS300039,모터사이클및부품,0.087,
G216,소매업,"사무용 기기, 안경, 사진장비 및 정밀기기 소매업",CS200042,통번역서비스,0.087,
G216,소매업,"사무용 기기, 안경, 사진장비 및 정밀기기 소매업",CS200047,가정용품임대,0.087,
G216,소매업,"사무용 기기, 안경, 사진장비 및 정밀기기 소매업",CS300024,운동/경기용품,0.087,
G216,소매업,"사무용 기기, 안경, 사진장비 및 정밀기기 소매업",CS200027,모터사이클수리,0.0833,
G216,소매업,"사무용 기기, 안경, 사진장비 및 정밀기기 소매업",CS200045,비디오/서적임대,0.0833,
G216,소매업,"사무용 기기, 안경, 사진장비 및 정밀기기 소매업",CS300039,모터사이클및부품,0.0833,
G202,소매업,자동차 부품 및 내장품 소매업,CS100001,한식음식점,0.0,
G202,소매업,자동차 부품 및 내장품 소매업,CS100002,중식음식점,0.0,
G202,소매업,자동차 부품 및 내장품 소매업,CS100003,일식음식점,0.0,
G202,소매업,자동차 부품 및 내장품 소매업,CS100004,양식음식점,0.0,
G202,소매업,자동차 부품 및 내장품 소매업,CS100005,제과점,0.0,
G202,소매업,자동차 부품 및 내장품 소매업,CS100006,패스트푸드점,0.0,
G202,소매업,자동차 부품 및 내장품 소매업,CS100007,치킨전문점,0.0,
G202,소매업,자동차 부품 및 내장품 소매업,CS100008,분식전문점,0.0,
G202,소매업,자동차 부품 및 내장품 소매업,CS100009,호프-간이주점,0.0,
G202,소매업,자동차 부품 및 내장품 소매업,CS100010,커피-음료,0.0,
G202,소매업,자동차 부품 및 내장품 소매업,CS200001,일반교습학원,0.0,
G202,소매업,자동차 부품 및 내장품 소매업,CS200002,외국어학원,0.0,
G202,소매업,자동차 부품 및 내장품 소매업,CS200003,예술학원,0.0,
G202,소매업,자동차 부품 및 내장품 소매업,CS200004,컴퓨터학원,0.0,
G202,소매업,자동차 부품 및 내장품 소매업,CS200005,스포츠 강습,0.0,
G202,소매업,자동차 부품 및 내장품 소매업,CS200006,일반의원,0.0,
G202,소매업,자동차 부품 및 내장품 소매업,CS200007,치과의원,0.0,
G202,소매업,자동차 부품 및 내장품 소매업,CS200008,한의원,0.0,
G202,소매업,자동차 부품 및 내장품 소매업,CS200013,기타법무서비스,0.0,
G202,소매업,자동차 부품 및 내장품 소매업,CS200019,PC방,0.0,
G202,소매업,자동차 부품 및 내장품 소매업,CS200022,복권방,0.0,
G202,소매업,자동차 부품 및 내장품 소매업,CS200023,통신기기수리,0.0,
G202,소매업,자동차 부품 및 내장품 소매업,CS200024,스포츠클럽,0.0,
G202,소매업,자동차 부품 및 내장품 소매업,CS200027,모터사이클수리,0.0,
G202,소매업,자동차 부품 및 내장품 소매업,CS200028,미용실,0.0,
G202,소매업,자동차 부품 및 내장품 소매업,CS200029,네일숍,0.0,
G202,소매업,자동차 부품 및 내장품 소매업,CS200034,여관,0.0,
G202,소매업,자동차 부품 및 내장품 소매업,CS200035,게스트하우스,0.0,
G202,소매업,자동차 부품 및 내장품 소매업,CS200036,고시원,0.0,
G202,소매업,자동차 부품 및 내장품 소매업,CS200037,노래방,0.0,
G202,소매업,자동차 부품 및 내장품 소매업,CS200038,독서실,0.0,
G202,소매업,자동차 부품 및 내장품 소매업,CS200039,DVD방,0.0,
G202,소매업,자동차 부품 및 내장품 소매업,CS200040,녹음실,0.0,
G202,소매업,자동차 부품 및 내장품 소매업,CS200041,사진관,0.0,
G202,소매업,자동차 부품 및 내장품 소매업,CS200042,통번역서비스,0.0,
G202,소매업,자동차 부품 및 내장품 소매업,CS200044,여행사,0.0,
G202,소매업,자동차 부품 및 내장품 소매업,CS200045,비디오/서적임대,0.0,
G202,소매업,자동차 부품 및 내장품 소매업,CS200046,의류임대,0.0,
G202,소매업,자동차 부품 및 내장품 소매업,CS300001,슈퍼마켓,0.0,
G202,소매업,자동차 부품 및 내장품 소매업,CS300002,편의점,0.0,
G202,소매업,자동차 부품 및 내장품 소매업,CS300004,핸드폰,0.0,
G202,소매업,자동차 부품 및 내장품 소매업,CS300009,청과상,0.0,
G202,소매업,자동차 부품 및 내장품 소매업,CS300010,반찬가게,0.0,
G202,소매업,자동차 부품 및 내장품 소매업,CS300011,일반의류,0.0,
G202,소매업,자동차 부품 및 내장품 소매업,CS300012,한복점,0.0,
G202,소매업,자동차 부품 및 내장품 소매업,CS300013,유아의류,0.0,
G202,소매업,자동차 부품 및 내장품 소매업,CS300014,신발,0.0,
G202,소매업,자동차 부품 및 내장품 소매업,CS300015,가방,0.0,
G202,소매업,자동차 부품 및 내장품 소매업,CS300016,안경,0.0,
G202,소매업,자동차 부품 및 내장품 소매업,CS300017,시계및귀금속,0.0,
G202,소매업,자동차 부품 및 내장품 소매업,CS300019,의료기기,0.0,
G202,소매업,자동차 부품 및 내장품 소매업,CS300020,서적,0.0,
G202,소매업,자동차 부품 및 내장품 소매업,CS300021,문구,0.0,
G202,소매업,자동차 부품 및 내장품 소매업,CS300023,미용재료,0.0,
G202,소매업,자동차 부품 및 내장품 소매업,CS300026,완구,0.0,
G202,소매업,자동차 부품 및 내장품 소매업,CS300028,화초,0.0,
G202,소매업,자동차 부품 및 내장품 소매업,CS300030,중고가구,0.0,
G202,소매업,자동차 부품 및 내장품 소매업,CS300031,가구,0.0,
G202,소매업,자동차 부품 및 내장품 소매업,CS300033,철물점,0.0,
G202,소매업,자동차 부품 및 내장품 소매업,CS300034,악기,0.0,
G202,소매업,자동차 부품 및 내장품 소매업,CS300035,인테리어,0.0,
G203,소매업,모터사이클 및 부품 소매업,CS100001,한식음식점,0.0,
G203,소매업,모터사이클 및 부품 소매업,CS100002,중식음식점,0.0,
G203,소매업,모터사이클 및 부품 소매업,CS100003,일식음식점,0.0,
G203,소매업,모터사이클 및 부품 소매업,CS100004,양식음식점,0.0,
G203,소매업,모터사이클 및 부품 소매업,CS100005,제과점,0.0,
G203,소매업,모터사이클 및 부품 소매업,CS100006,패스트푸드점,0.0,
G203,소매업,모터사이클 및 부품 소매업,CS100007,치킨전문점,0.0,
G203,소매업,모터사이클 및 부품 소매업,CS100008,분식전문점,0.0,
G203,소매업,모터사이클 및 부품 소매업,CS100010,커피-음료,0.0,
G203,소매업,모터사이클 및 부품 소매업,CS200001,일반교습학원,0.0,
G203,소매업,모터사이클 및 부품 소매업,CS200002,외국어학원,0.0,
G203,소매업,모터사이클 및 부품 소매업,CS200003,예술학원,0.0,
G203,소매업,모터사이클 및 부품 소매업,CS200005,스포츠 강습,0.0,
G203,소매업,모터사이클 및 부품 소매업,CS200006,일반의원,0.0,
G203,소매업,모터사이클 및 부품 소매업,CS200007,치과의원,0.0,
G203,소매업,모터사이클 및 부품 소매업,CS200008,한의원,0.0,
G203,소매업,모터사이클 및 부품 소매업,CS200009,동물병원,0.0,
G203,소매업,모터사이클 및 부품 소매업,CS200013,기타법무서비스,0.0,
G203,소매업,모터사이클 및 부품 소매업,CS200016,당구장,0.0,
G203,소매업,모터사이클 및 부품 소매업,CS200017,골프연습장,0.0,
G203,소매업,모터사이클 및 부품 소매업,CS200018,볼링장,0.0,
G203,소매업,모터사이클 및 부품 소매업,CS200019,PC방,0.0,
G203,소매업,모터사이클 및 부품 소매업,CS200020,전자게임장,0.0,
G203,소매업,모터사이클 및 부품 소매업,CS200021,기타오락장,0.0,
G203,소매업,모터사이클 및 부품 소매업,CS200022,복권방,0.0,
G203,소매업,모터사이클 및 부품 소매업,CS200023,통신기기수리,0.0,
G203,소매업,모터사이클 및 부품 소매업,CS200025,자동차수리,0.0,
G203,소매업,모터사이클 및 부품 소매업,CS200026,자동차미용,0.0,
G203,소매업,모터사이클 및 부품 소매업,CS200028,미용실,0.0,
G203,소매업,모터사이클 및 부품 소매업,CS200029,네일숍,0.0,
G203,소매업,모터사이클 및 부품 소매업,CS200034,여관,0.0,
G203,소매업,모터사이클 및 부품 소매업,CS200035,게스트하우스,0.0,
G203,소매업,모터사이클 및 부품 소매업,CS200036,고시원,0.0,
G203,소매업,모터사이클 및 부품 소매업,CS200037,노래방,0.0,
G203,소매업,모터사이클 및 부품 소매업,CS200038,독서실,0.0,
G203,소매업,모터사이클 및 부품 소매업,CS200039,DVD방,0.0,
G203,소매업,모터사이클 및 부품 소매업,CS200040,녹음실,0.0,
G203,소매업,모터사이클 및 부품 소매업,CS200042,통번역서비스,0.0,
G203,소매업,모터사이클 및 부품 소매업,CS200045,비디오/서적임대,0.0,
G203,소매업,모터사이클 및 부품 소매업,CS200046,의류임대,0.0,
G203,소매업,모터사이클 및 부품 소매업,CS300001,슈퍼마켓,0.0,
G203,소매업,모터사이클 및 부품 소매업,CS300002,편의점,0.0,
G203,소매업,모터사이클 및 부품 소매업,CS300004,핸드폰,0.0,
G203,소매업,모터사이클 및 부품 소매업,CS300009,청과상,0.0,
G203,소매업,모터사이클 및 부품 소매업,CS300010,반찬가게,0.0,
G203,소매업,모터사이클 및 부품 소매업,CS300011,일반의류,0.0,
G203,소매업,모터사이클 및 부품 소매업,CS300012,한복점,0.0,
G203,소매업,모터사이클 및 부품 소매업,CS300013,유아의류,0.0,
G203,소매업,모터사이클 및 부품 소매업,CS300014,신발,0.0,
G203,소매업,모터사이클 및 부품 소매업,CS300015,가방,0.0,
G203,소매업,모터사이클 및 부품 소매업,CS300016,안경,0.0,
G203,소매업,모터사이클 및 부품 소매업,CS300017,시계및귀금속,0.0,
G203,소매업,모터사이클 및 부품 소매업,CS300019,의료기기,0.0,
G203,소매업,모터사이클 및 부품 소매업,CS300020,서적,0.0,
G203,소매업,모터사이클 및 부품 소매업,CS300021,문구,0.0,
G203,소매업,모터사이클 및 부품 소매업,CS300023,미용재료,0.0,
G203,소매업,모터사이클 및 부품 소매업,CS300025,자전거 및 기타운송장비,0.0,
G203,소매업,모터사이클 및 부품 소매업,CS300026,완구,0.0,
G203,소매업,모터사이클 및 부품 소매업,CS300028,화초,0.0,
G203,소매업,모터사이클 및 부품 소매업,CS300029,애완동물,0.0,
G203,소매업,모터사이클 및 부품 소매업,CS300030,중고가구,0.0,
G203,소매업,모터사이클 및 부품 소매업,CS300031,가구,0.0,
G203,소매업,모터사이클 및 부품 소매업,CS300033,철물점,0.0,
G203,소매업,모터사이클 및 부품 소매업,CS300034,악기,0.0,
G203,소매업,모터사이클 및 부품 소매업,CS300035,인테리어,0.0,
G203,소매업,모터사이클 및 부품 소매업,CS300043,전자상거래업,0.0,
G204,소매업,종합 소매업,CS100001,한식음식점,0.0,
G204,소매업,종합 소매업,CS100002,중식음식점,0.0,
G204,소매업,종합 소매업,CS100003,일식음식점,0.0,
G204,소매업,종합 소매업,CS100004,양식음식점,0.0,
G204,소매업,종합 소매업,CS100005,제과점,0.0,
G204,소매업,종합 소매업,CS100006,패스트푸드점,0.0,
G204,소매업,종합 소매업,CS100007,치킨전문점,0.0,
G204,소매업,종합 소매업,CS100008,분식전문점,0.0,
G204,소매업,종합 소매업,CS100009,호프-간이주점,0.0,
G204,소매업,종합 소매업,CS100010,커피-음료,0.0,
G204,소매업,종합 소매업,CS200001,일반교습학원,0.0,
G204,소매업,종합 소매업,CS200002,외국어학원,0.0,
G204,소매업,종합 소매업,CS200003,예술학원,0.0,
G204,소매업,종합 소매업,CS200004,컴퓨터학원,0.0,
G204,소매업,종합 소매업,CS200005,스포츠 강습,0.0,
G204,소매업,종합 소매업,CS200006,일반의원,0.0,
G204,소매업,종합 소매업,CS200007,치과의원,0.0,
G204,소매업,종합 소매업,CS200008,한의원,0.0,
G204,소매업,종합 소매업,CS200009,동물병원,0.0,
G204,소매업,종합 소매업,CS200013,기타법무서비스,0.0,
G204,소매업,종합 소매업,CS200016,당구장,0.0,
G204,소매업,종합 소매업,CS200017,골프연습장,0.0,
G204,소매업,종합 소매업,CS200018,볼링장,0.0,
G204,소매업,종합 소매업,CS200019,PC방,0.0,
G204,소매업,종합 소매업,CS200020,전자게임장,0.0,
G204,소매업,종합 소매업,CS200021,기타오락장,0.0,
G204,소매업,종합 소매업,CS200022,복권방,0.0,
G204,소매업,종합 소매업,CS200023,통신기기수리,0.0,
G204,소매업,종합 소매업,CS200024,스포츠클럽,0.0,
G204,소매업,종합 소매업,CS200025,자동차수리,0.0,
G204,소매업,종합 소매업,CS200026,자동차미용,0.0,
G204,소매업,종합 소매업,CS200027,모터사이클수리,0.0,
G204,소매업,종합 소매업,CS200028,미용실,0.0,
G204,소매업,종합 소매업,CS200029,네일숍,0.0,
G204,소매업,종합 소매업,CS200030,피부관리실,0.0,
G204,소매업,종합 소매업,CS200032,가전제품수리,0.0,
G204,소매업,종합 소매업,CS200033,부동산중개업,0.0,
G204,소매업,종합 소매업,CS200034,여관,0.0,
G204,소매업,종합 소매업,CS200035,게스트하우스,0.0,
G204,소매업,종합 소매업,CS200036,고시원,0.0,
G204,소매업,종합 소매업,CS200037,노래방,0.0,
G204,소매업,종합 소매업,CS200038,독서실,0.0,
G204,소매업,종합 소매업,CS200039,DVD방,0.0,
G204,소매업,종합 소매업,CS200040,녹음실,0.0,
G204,소매업,종합 소매업,CS200041,사진관,0.0,
G204,소매업,종합 소매업,CS200042,통번역서비스,0.0,
G204,소매업,종합 소매업,CS200044,여행사,0.0,
G204,소매업,종합 소매업,CS200045,비디오/서적임대,0.0,
G204,소매업,종합 소매업,CS200046,의류임대,0.0,
G204,소매업,종합 소매업,CS200047,가정용품임대,0.0,
G204,소매업,종합 소매업,CS300001,슈퍼마켓,0.0,
G204,소매업,종합 소매업,CS300002,편의점,0.0,
G204,소매업,종합 소매업,CS300004,핸드폰,0.0,
G204,소매업,종합 소매업,CS300009,청과상,0.0,
G204,소매업,종합 소매업,CS300010,반찬가게,0.0,
G204,소매업,종합 소매업,CS300011,일반의류,0.0,
G204,소매업,종합 소매업,CS300012,한복점,0.0,
G204,소매업,종합 소매업,CS300013,유아의류,0.0,
G204,소매업,종합 소매업,CS300014,신발,0.0,
G204,소매업,종합 소매업,CS300015,가방,0.0,
G204,소매업,종합 소매업,CS300016,안경,0.0,
G204,소매업,종합 소매업,CS300017,시계및귀금속,0.0,
G204,소매업,종합 소매업,CS300018,의약품,0.0,
G204,소매업,종합 소매업,CS300019,의료기기,0.0,
G204,소매업,종합 소매업,CS300020,서적,0.0,
G204,소매업,종합 소매업,CS300021,문구,0.0,
G204,소매업,종합 소매업,CS300022,화장품,0.0,
G204,소매업,종합 소매업,CS300023,미용재료,0.0,
G204,소매업,종합 소매업,CS300024,운동/경기용품,0.0,
G204,소매업,종합 소매업,CS300025,자전거 및 기타운송장비,0.0,
G204,소매업,종합 소매업,CS300026,완구,0.0,
G204,소매업,종합 소매업,CS300027,섬유제품,0.0,
G204,소매업,종합 소매업,CS300028,화초,0.0,
G204,소매업,종합 소매업,CS300029,애완동물,0.0,
G204,소매업,종합 소매업,CS300030,중고가구,0.0,
G204,소매업,종합 소매업,CS300031,가구,0.0,
G204,소매업,종합 소매업,CS300032,가전제품,0.0,
G204,소매업,종합 소매업,CS300033,철물점,0.0,
G204,소매업,종합 소매업,CS300034,악기,0.0,
G204,소매업,종합 소매업,CS300035,인테리어,0.0,
G204,소매업,종합 소매업,CS300036,조명용품,0.0,
G204,소매업,종합 소매업,CS300038,자동차부품,0.0,
G204,소매업,종합 소매업,CS300039,모터사이클및부품,0.0,
G204,소매업,종합 소매업,CS300041,예술품,0.0,
G204,소매업,종합 소매업,CS300043,전자상거래업,0.0,
G205,소매업,식료품 소매업,CS100005,제과점,0.0,
G205,소매업,식료품 소매업,CS100006,패스트푸드점,0.0,
G205,소매업,식료품 소매업,CS100007,치킨전문점,0.0,
G205,소매업,식료품 소매업,CS100009,호프-간이주점,0.0,
G205,소매업,식료품 소매업,CS200001,일반교습학원,0.0,
G205,소매업,식료품 소매업,CS200002,외국어학원,0.0,
G205,소매업,식료품 소매업,CS200003,예술학원,0.0,
G205,소매업,식료품 소매업,CS200004,컴퓨터학원,0.0,
G205,소매업,식료품 소매업,CS200005,스포츠 강습,0.0,
G205,소매업,식료품 소매업,CS200006,일반의원,0.0,
G205,소매업,식료품 소매업,CS200007,치과의원,0.0,
G205,소매업,식료품 소매업,CS200008,한의원,0.0,
G205,소매업,식료품 소매업,CS200009,동물병원,0.0,
G205,소매업,식료품 소매업,CS200013,기타법무서비스,0.0,
G205,소매업,식료품 소매업,CS200016,당구장,0.0,
G205,소매업,식료품 소매업,CS200017,골프연습장,0.0,
G205,소매업,식료품 소매업,CS200018,볼링장,0.0,
G205,소매업,식료품 소매업,CS200019,PC방,0.0,
G205,소매업,식료품 소매업,CS200020,전자게임장,0.0,
G205,소매업,식료품 소매업,CS200021,기타오락장,0.0,
G205,소매업,식료품 소매업,CS200022,복권방,0.0,
G205,소매업,식료품 소매업,CS200023,통신기기수리,0.0,
G205,소매업,식료품 소매업,CS200024,스포츠클럽,0.0,
G205,소매업,식료품 소매업,CS200025,자동차수리,0.0,
G205,소매업,식료품 소매업,CS200026,자동차미용,0.0,
G205,소매업,식료품 소매업,CS200027,모터사이클수리,0.0,
G205,소매업,식료품 소매업,CS200028,미용실,0.0,
G205,소매업,식료품 소매업,CS200029,네일숍,0.0,
G205,소매업,식료품 소매업,CS200030,피부관리실,0.0,
G205,소매업,식료품 소매업,CS200033,부동산중개업,0.0,
G205,소매업,식료품 소매업,CS200034,여관,0.0,
G205,소매업,식료품 소매업,CS200035,게스트하우스,0.0,
G205,소매업,식료품 소매업,CS200036,고시원,0.0,
G205,소매업,식료품 소매업,CS200037,노래방,0.0,
G205,소매업,식료품 소매업,CS200038,독서실,0.0,
G205,소매업,식료품 소매업,CS200039,DVD방,0.0,
G205,소매업,식료품 소매업,CS200040,녹음실,0.0,
G205,소매업,식료품 소매업,CS200041,사진관,0.0,
G205,소매업,식료품 소매업,CS200042,통번역서비스,0.0,
G205,소매업,식료품 소매업,CS200044,여행사,0.0,
G205,소매업,식료품 소매업,CS200045,비디오/서적임대,0.0,
G205,소매업,식료품 소매업,CS200046,의류임대,0.0,
G205,소매업,식료품 소매업,CS300001,슈퍼마켓,0.0,
G205,소매업,식료품 소매업,CS300002,편의점,0.0,
G205,소매업,식료품 소매업,CS300004,핸드폰,0.0,
G205,소매업,식료품 소매업,CS300009,청과상,0.0,
G205,소매업,식료품 소매업,CS300010,반찬가게,0.0,
G205,소매업,식료품 소매업,CS300011,일반의류,0.0,
G205,소매업,식료품 소매업,CS300012,한복점,0.0,
G205,소매업,식료품 소매업,CS300013,유아의류,0.0,
G205,소매업,식료품 소매업,CS300014,신발,0.0,
G205,소매업,식료품 소매업,CS300015,가방,0.0,
G205,소매업,식료품 소매업,CS300016,안경,0.0,
G205,소매업,식료품 소매업,CS300017,시계및귀금속,0.0,
G205,소매업,식료품 소매업,CS300020,서적,0.0,
G205,소매업,식료품 소매업,CS300021,문구,0.0,
G205,소매업,식료품 소매업,CS300025,자전거 및 기타운송장비,0.0,
G205,소매업,식료품 소매업,CS300026,완구,0.0,
G205,소매업,식료품 소매업,CS300028,화초,0.0,
G205,소매업,식료품 소매업,CS300029,애완동물,0.0,
G205,소매업,식료품 소매업,CS300030,중고가구,0.0,
G205,소매업,식료품 소매업,CS300031,가구,0.0,
G205,소매업,식료품 소매업,CS300033,철물점,0.0,
G205,소매업,식료품 소매업,CS300034,악기,0.0,
G205,소매업,식료품 소매업,CS300035,인테리어,0.0,
G205,소매업,식료품 소매업,CS300043,전자상거래업,0.0,
G206,소매업,음료 소매업,CS100005,제과점,0.0,
G206,소매업,음료 소매업,CS100006,패스트푸드점,0.0,
G206,소매업,음료 소매업,CS100007,치킨전문점,0.0,
G206,소매업,음료 소매업,CS100008,분식전문점,0.0,
G206,소매업,음료 소매업,CS100009,호프-간이주점,0.0,
G206,소매업,음료 소매업,CS200001,일반교습학원,0.0,
G206,소매업,음료 소매업,CS200002,외국어학원,0.0,
G206,소매업,음료 소매업,CS200003,예술학원,0.0,
G206,소매업,음료 소매업,CS200004,컴퓨터학원,0.0,
G206,소매업,음료 소매업,CS200005,스포츠 강습,0.0,
G206,소매업,음료 소매업,CS200006,일반의원,0.0,
G206,소매업,음료 소매업,CS200007,치과의원,0.0,
G206,소매업,음료 소매업,CS200008,한의원,0.0,
G206,소매업,음료 소매업,CS200009,동물병원,0.0,
G206,소매업,음료 소매업,CS200013,기타법무서비스,0.0,
G206,소매업,음료 소매업,CS200016,당구장,0.0,
G206,소매업,음료 소매업,CS200017,골프연습장,0.0,
G206,소매업,음료 소매업,CS200018,볼링장,0.0,
G206,소매업,음료 소매업,CS200019,PC방,0.0,
G206,소매업,음료 소매업,CS200020,전자게임장,0.0,
G206,소매업,음료 소매업,CS200021,기타오락장,0.0,
G206,소매업,음료 소매업,CS200022,복권방,0.0,
G206,소매업,음료 소매업,CS200023,통신기기수리,0.0,
G206,소매업,음료 소매업,CS200024,스포츠클럽,0.0,
G206,소매업,음료 소매업,CS200025,자동차수리,0.0,
G206,소매업,음료 소매업,CS200026,자동차미용,0.0,
G206,소매업,음료 소매업,CS200027,모터사이클수리,0.0,
G206,소매업,음료 소매업,CS200028,미용실,0.0,
G206,소매업,음료 소매업,CS200029,네일숍,0.0,
G206,소매업,음료 소매업,CS200030,피부관리실,0.0,
G206,소매업,음료 소매업,CS200032,가전제품수리,0.0,
G206,소매업,음료 소매업,CS200033,부동산중개업,0.0,
G206,소매업,음료 소매업,CS200034,여관,0.0,
G206,소매업,음료 소매업,CS200035,게스트하우스,0.0,
G206,소매업,음료 소매업,CS200036,고시원,0.0,
G206,소매업,음료 소매업,CS200037,노래방,0.0,
G206,소매업,음료 소매업,CS200038,독서실,0.0,
G206,소매업,음료 소매업,CS200039,DVD방,0.0,
G206,소매업,음료 소매업,CS200041,사진관,0.0,
G206,소매업,음료 소매업,CS200042,통번역서비스,0.0,
G206,소매업,음료 소매업,CS200044,여행사,0.0,
G206,소매업,음료 소매업,CS200045,비디오/서적임대,0.0,
G206,소매업,음료 소매업,CS200046,의류임대,0.0,
G206,소매업,음료 소매업,CS200047,가정용품임대,0.0,
G206,소매업,음료 소매업,CS300001,슈퍼마켓,0.0,
G206,소매업,음료 소매업,CS300002,편의점,0.0,
G206,소매업,음료 소매업,CS300004,핸드폰,0.0,
G206,소매업,음료 소매업,CS300009,청과상,0.0,
G206,소매업,음료 소매업,CS300010,반찬가게,0.0,
G206,소매업,음료 소매업,CS300011,일반의류,0.0,
G206,소매업,음료 소매업,CS300012,한복점,0.0,
G206,소매업,음료 소매업,CS300013,유아의류,0.0,
G206,소매업,음료 소매업,CS300014,신발,0.0,
G206,소매업,음료 소매업,CS300015,가방,0.0,
G206,소매업,음료 소매업,CS300016,안경,0.0,
G206,소매업,음료 소매업,CS300017,시계및귀금속,0.0,
G206,소매업,음료 소매업,CS300018,의약품,0.0,
G206,소매업,음료 소매업,CS300020,서적,0.0,
G206,소매업,음료 소매업,CS300021,문구,0.0,
G206,소매업,음료 소매업,CS300022,화장품,0.0,
G206,소매업,음료 소매업,CS300024,운동/경기용품,0.0,
G206,소매업,음료 소매업,CS300025,자전거 및 기타운송장비,0.0,
G206,소매업,음료 소매업,CS300026,완구,0.0,
G206,소매업,음료 소매업,CS300027,섬유제품,0.0,
G206,소매업,음료 소매업,CS300028,화초,0.0,
G206,소매업,음료 소매업,CS300029,애완동물,0.0,
G206,소매업,음료 소매업,CS300030,중고가구,0.0,
G206,소매업,음료 소매업,CS300031,가구,0.0,
G206,소매업,음료 소매업,CS300032,가전제품,0.0,
G206,소매업,음료 소매업,CS300033,철물점,0.0,
G206,소매업,음료 소매업,CS300034,악기,0.0,
G206,소매업,음료 소매업,CS300035,인테리어,0.0,
G206,소매업,음료 소매업,CS300036,조명용품,0.0,
G206,소매업,음료 소매업,CS300038,자동차부품,0.0,
G206,소매업,음료 소매업,CS300039,모터사이클및부품,0.0,
G206,소매업,음료 소매업,CS300041,예술품,0.0,
G206,소매업,음료 소매업,CS300043,전자상거래업,0.0,
G207,소매업,담배 소매업,CS100001,한식음식점,0.0,
G207,소매업,담배 소매업,CS100002,중식음식점,0.0,
G207,소매업,담배 소매업,CS100003,일식음식점,0.0,
G207,소매업,담배 소매업,CS100004,양식음식점,0.0,
G207,소매업,담배 소매업,CS100005,제과점,0.0,
G207,소매업,담배 소매업,CS100006,패스트푸드점,0.0,
G207,소매업,담배 소매업,CS100007,치킨전문점,0.0,
G207,소매업,담배 소매업,CS100008,분식전문점,0.0,
G207,소매업,담배 소매업,CS100009,호프-간이주점,0.0,
G207,소매업,담배 소매업,CS100010,커피-음료,0.0,
G207,소매업,담배 소매업,CS200001,일반교습학원,0.0,
G207,소매업,담배 소매업,CS200002,외국어학원,0.0,
G207,소매업,담배 소매업,CS200003,예술학원,0.0,
G207,소매업,담배 소매업,CS200004,컴퓨터학원,0.0,
G207,소매업,담배 소매업,CS200005,스포츠 강습,0.0,
G207,소매업,담배 소매업,CS200006,일반의원,0.0,
G207,소매업,담배 소매업,CS200007,치과의원,0.0,
G207,소매업,담배 소매업,CS200008,한의원,0.0,
G207,소매업,담배 소매업,CS200009,동물병원,0.0,
G207,소매업,담배 소매업,CS200013,기타법무서비스,0.0,
G207,소매업,담배 소매업,CS200016,당구장,0.0,
G207,소매업,담배 소매업,CS200017,골프연습장,0.0,
G207,소매업,담배 소매업,CS200018,볼링장,0.0,
G207,소매업,담배 소매업,CS200019,PC방,0.0,
G207,소매업,담배 소매업,CS200020,전자게임장,0.0,
G207,소매업,담배 소매업,CS200021,기타오락장,0.0,
G207,소매업,담배 소매업,CS200022,복권방,0.0,
G207,소매업,담배 소매업,CS200023,통신기기수리,0.0,
G207,소매업,담배 소매업,CS200024,스포츠클럽,0.0,
G207,소매업,담배 소매업,CS200025,자동차수리,0.0,
G207,소매업,담배 소매업,CS200026,자동차미용,0.0,
G207,소매업,담배 소매업,CS200027,모터사이클수리,0.0,
G207,소매업,담배 소매업,CS200028,미용실,0.0,
G207,소매업,담배 소매업,CS200029,네일숍,0.0,
G207,소매업,담배 소매업,CS200030,피부관리실,0.0,
G207,소매업,담배 소매업,CS200032,가전제품수리,0.0,
G207,소매업,담배 소매업,CS200033,부동산중개업,0.0,
G207,소매업,담배 소매업,CS200034,여관,0.0,
G207,소매업,담배 소매업,CS200035,게스트하우스,0.0,
G207,소매업,담배 소매업,CS200036,고시원,0.0,
G207,소매업,담배 소매업,CS200037,노래방,0.0,
G207,소매업,담배 소매업,CS200038,독서실,0.0,
G207,소매업,담배 소매업,CS200039,DVD방,0.0,
G207,소매업,담배 소매업,CS200040,녹음실,0.0,
G207,소매업,담배 소매업,CS200041,사진관,0.0,
G207,소매업,담배 소매업,CS200042,통번역서비스,0.0,
G207,소매업,담배 소매업,CS200044,여행사,0.0,
G207,소매업,담배 소매업,CS200045,비디오/서적임대,0.0,
G207,소매업,담배 소매업,CS200046,의류임대,0.0,
G207,소매업,담배 소매업,CS200047,가정용품임대,0.0,
G207,소매업,담배 소매업,CS300001,슈퍼마켓,0.0,
G207,소매업,담배 소매업,CS300002,편의점,0.0,
G207,소매업,담배 소매업,CS300004,핸드폰,0.0,
G207,소매업,담배 소매업,CS300009,청과상,0.0,
G207,소매업,담배 소매업,CS300010,반찬가게,0.0,
G207,소매업,담배 소매업,CS300011,일반의류,0.0,
G207,소매업,담배 소매업,CS300012,한복점,0.0,
G207,소매업,담배 소매업,CS300013,유아의류,0.0,
G207,소매업,담배 소매업,CS300014,신발,0.0,
G207,소매업,담배 소매업,CS300015,가방,0.0,
G207,소매업,담배 소매업,CS300016,안경,0.0,
G207,소매업,담배 소매업,CS300017,시계및귀금속,0.0,
G207,소매업,담배 소매업,CS300018,의약품,0.0,
G207,소매업,담배 소매업,CS300019,의료기기,0.0,
G207,소매업,담배 소매업,CS300020,서적,0.0,
G207,소매업,담배 소매업,CS300021,문구,0.0,
G207,소매업,담배 소매업,CS300022,화장품,0.0,
G207,소매업,담배 소매업,CS300023,미용재료,0.0,
G207,소매업,담배 소매업,CS300024,운동/경기용품,0.0,
G207,소매업,담배 소매업,CS300025,자전거 및 기타운송장비,0.0,
G207,소매업,담배 소매업,CS300026,완구,0.0,
G207,소매업,담배 소매업,CS300027,섬유제품,0.0,
G207,소매업,담배 소매업,CS300028,화초,0.0,
G207,소매업,담배 소매업,CS300029,애완동물,0.0,
G207,소매업,담배 소매업,CS300030,중고가구,0.0,
G207,소매업,담배 소매업,CS300031,가구,0.0,
G207,소매업,담배 소매업,CS300032,가전제품,0.0,
G207,소매업,담배 소매업,CS300033,철물점,0.0,
G207,소매업,담배 소매업,CS300034,악기,0.0,
G207,소매업,담배 소매업,CS300035,인테리어,0.0,
G207,소매업,담배 소매업,CS300036,조명용품,0.0,
G207,소매업,담배 소매업,CS300038,자동차부품,0.0,
G207,소매업,담배 소매업,CS300039,모터사이클및부품,0.0,
G207,소매업,담배 소매업,CS300041,예술품,0.0,
G207,소매업,담배 소매업,CS300043,전자상거래업,0.0,
G208,소매업,가전제품 및 정보 통신장비 소매업,CS100001,한식음식점,0.0,
G208,소매업,가전제품 및 정보 통신장비 소매업,CS100002,중식음식점,0.0,
G208,소매업,가전제품 및 정보 통신장비 소매업,CS100003,일식음식점,0.0,
G208,소매업,가전제품 및 정보 통신장비 소매업,CS100004,양식음식점,0.0,
G208,소매업,가전제품 및 정보 통신장비 소매업,CS100006,패스트푸드점,0.0,
G208,소매업,가전제품 및 정보 통신장비 소매업,CS100009,호프-간이주점,0.0,
G208,소매업,가전제품 및 정보 통신장비 소매업,CS100010,커피-음료,0.0,
G208,소매업,가전제품 및 정보 통신장비 소매업,CS200001,일반교습학원,0.0,
G208,소매업,가전제품 및 정보 통신장비 소매업,CS200002,외국어학원,0.0,
G208,소매업,가전제품 및 정보 통신장비 소매업,CS200003,예술학원,0.0,
G208,소매업,가전제품 및 정보 통신장비 소매업,CS200004,컴퓨터학원,0.0,
G208,소매업,가전제품 및 정보 통신장비 소매업,CS200005,스포츠 강습,0.0,
G208,소매업,가전제품 및 정보 통신장비 소매업,CS200006,일반의원,0.0,
G208,소매업,가전제품 및 정보 통신장비 소매업,CS200007,치과의원,0.0,
G208,소매업,가전제품 및 정보 통신장비 소매업,CS200008,한의원,0.0,
G208,소매업,가전제품 및 정보 통신장비 소매업,CS200009,동물병원,0.0,
G208,소매업,가전제품 및 정보 통신장비 소매업,CS200019,PC방,0.0,
G208,소매업,가전제품 및 정보 통신장비 소매업,CS200022,복권방,0.0,
G208,소매업,가전제품 및 정보 통신장비 소매업,CS200024,스포츠클럽,0.0,
G208,소매업,가전제품 및 정보 통신장비 소매업,CS200025,자동차수리,0.0,
G208,소매업,가전제품 및 정보 통신장비 소매업,CS200026,자동차미용,0.0,
G208,소매업,가전제품 및 정보 통신장비 소매업,CS200027,모터사이클수리,0.0,
G208,소매업,가전제품 및 정보 통신장비 소매업,CS200028,미용실,0.0,
G208,소매업,가전제품 및 정보 통신장비 소매업,CS200029,네일숍,0.0,
G208,소매업,가전제품 및 정보 통신장비 소매업,CS200030,피부관리실,0.0,
G208,소매업,가전제품 및 정보 통신장비 소매업,CS200033,부동산중개업,0.0,
G208,소매업,가전제품 및 정보 통신장비 소매업,CS200034,여관,0.0,
G208,소매업,가전제품 및 정보 통신장비 소매업,CS200035,게스트하우스,0.0,
G208,소매업,가전제품 및 정보 통신장비 소매업,CS200036,고시원,0.0,
G208,소매업,가전제품 및 정보 통신장비 소매업,CS200037,노래방,0.0,
G208,소매업,가전제품 및 정보 통신장비 소매업,CS200038,독서실,0.0,
G208,소매업,가전제품 및 정보 통신장비 소매업,CS200039,DVD방,0.0,
G208,소매업,가전제품 및 정보 통신장비 소매업,CS200040,녹음실,0.0,
G208,소매업,가전제품 및 정보 통신장비 소매업,CS200041,사진관,0.0,
G208,소매업,가전제품 및 정보 통신장비 소매업,CS200044,여행사,0.0,
G208,소매업,가전제품 및 정보 통신장비 소매업,CS200046,의류임대,0.0,
G208,소매업,가전제품 및 정보 통신장비 소매업,CS300001,슈퍼마켓,0.0,
G208,소매업,가전제품 및 정보 통신장비 소매업,CS300002,편의점,0.0,
G208,소매업,가전제품 및 정보 통신장비 소매업,CS300004,핸드폰,0.0,
G208,소매업,가전제품 및 정보 통신장비 소매업,CS300009,청과상,0.0,
G208,소매업,가전제품 및 정보 통신장비 소매업,CS300011,일반의류,0.0,
G208,소매업,가전제품 및 정보 통신장비 소매업,CS300012,한복점,0.0,
G208,소매업,가전제품 및 정보 통신장비 소매업,CS300013,유아의류,0.0,
G208,소매업,가전제품 및 정보 통신장비 소매업,CS300016,안경,0.0,
G208,소매업,가전제품 및 정보 통신장비 소매업,CS300017,시계및귀금속,0.0,
G208,소매업,가전제품 및 정보 통신장비 소매업,CS300019,의료기기,0.0,
G208,소매업,가전제품 및 정보 통신장비 소매업,CS300020,서적,0.0,
G208,소매업,가전제품 및 정보 통신장비 소매업,CS300021,문구,0.0,
G208,소매업,가전제품 및 정보 통신장비 소매업,CS300023,미용재료,0.0,
G208,소매업,가전제품 및 정보 통신장비 소매업,CS300026,완구,0.0,
G208,소매업,가전제품 및 정보 통신장비 소매업,CS300028,화초,0.0,
G208,소매업,가전제품 및 정보 통신장비 소매업,CS300029,애완동물,0.0,
G208,소매업,가전제품 및 정보 통신장비 소매업,CS300033,철물점,0.0,
G208,소매업,가전제품 및 정보 통신장비 소매업,CS300034,악기,0.0,
G208,소매업,가전제품 및 정보 통신장비 소매업,CS300035,인테리어,0.0,
G209,소매업,"섬유, 의복, 신발 및 가죽제품 소매업",CS100001,한식음식점,0.0,
G209,소매업,"섬유, 의복, 신발 및 가죽제품 소매업",CS100002,중식음식점,0.0,
G209,소매업,"섬유, 의복, 신발 및 가죽제품 소매업",CS100003,일식음식점,0.0,
G209,소매업,"섬유, 의복, 신발 및 가죽제품 소매업",CS100004,양식음식점,0.0,
G209,소매업,"섬유, 의복, 신발 및 가죽제품 소매업",CS100006,패스트푸드점,0.0,
G209,소매업,"섬유, 의복, 신발 및 가죽제품 소매업",CS100007,치킨전문점,0.0,
G209,소매업,"섬유, 의복, 신발 및 가죽제품 소매업",CS100008,분식전문점,0.0,
G209,소매업,"섬유, 의복, 신발 및 가죽제품 소매업",CS100009,호프-간이주점,0.0,
G209,소매업,"섬유, 의복, 신발 및 가죽제품 소매업",CS100010,커피-음료,0.0,
G209,소매업,"섬유, 의복, 신발 및 가죽제품 소매업",CS200001,일반교습학원,0.0,
G209,소매업,"섬유, 의복, 신발 및 가죽제품 소매업",CS200002,외국어학원,0.0,
G209,소매업,"섬유, 의복, 신발 및 가죽제품 소매업",CS200003,예술학원,0.0,
G209,소매업,"섬유, 의복, 신발 및 가죽제품 소매업",CS200004,컴퓨터학원,0.0,
G209,소매업,"섬유, 의복, 신발 및 가죽제품 소매업",CS200005,스포츠 강습,0.0,
G209,소매업,"섬유, 의복, 신발 및 가죽제품 소매업",CS200009,동물병원,0.0,
G209,소매업,"섬유, 의복, 신발 및 가죽제품 소매업",CS200013,기타법무서비스,0.0,
G209,소매업,"섬유, 의복, 신발 및 가죽제품 소매업",CS200016,당구장,0.0,
G209,소매업,"섬유, 의복, 신발 및 가죽제품 소매업",CS200017,골프연습장,0.0,
G209,소매업,"섬유, 의복, 신발 및 가죽제품 소매업",CS200018,볼링장,0.0,
G209,소매업,"섬유, 의복, 신발 및 가죽제품 소매업",CS200019,PC방,0.0,
G209,소매업,"섬유, 의복, 신발 및 가죽제품 소매업",CS200020,전자게임장,0.0,
G209,소매업,"섬유, 의복, 신발 및 가죽제품 소매업",CS200021,기타오락장,0.0,
G209,소매업,"섬유, 의복, 신발 및 가죽제품 소매업",CS200024,스포츠클럽,0.0,
G209,소매업,"섬유, 의복, 신발 및 가죽제품 소매업",CS200025,자동차수리,0.0,
G209,소매업,"섬유, 의복, 신발 및 가죽제품 소매업",CS200026,자동차미용,0.0,
G209,소매업,"섬유, 의복, 신발 및 가죽제품 소매업",CS200027,모터사이클수리,0.0,
G209,소매업,"섬유, 의복, 신발 및 가죽제품 소매업",CS200028,미용실,0.0,
G209,소매업,"섬유, 의복, 신발 및 가죽제품 소매업",CS200029,네일숍,0.0,
G209,소매업,"섬유, 의복, 신발 및 가죽제품 소매업",CS200030,피부관리실,0.0,
G209,소매업,"섬유, 의복, 신발 및 가죽제품 소매업",CS200033,부동산중개업,0.0,
G209,소매업,"섬유, 의복, 신발 및 가죽제품 소매업",CS200034,여관,0.0,
G209,소매업,"섬유, 의복, 신발 및 가죽제품 소매업",CS200035,게스트하우스,0.0,
G209,소매업,"섬유, 의복, 신발 및 가죽제품 소매업",CS200036,고시원,0.0,
G209,소매업,"섬유, 의복, 신발 및 가죽제품 소매업",CS200037,노래방,0.0,
G209,소매업,"섬유, 의복, 신발 및 가죽제품 소매업",CS200038,독서실,0.0,
G209,소매업,"섬유, 의복, 신발 및 가죽제품 소매업",CS200039,DVD방,0.0,
G209,소매업,"섬유, 의복, 신발 및 가죽제품 소매업",CS200040,녹음실,0.0,
G209,소매업,"섬유, 의복, 신발 및 가죽제품 소매업",CS200041,사진관,0.0,
G209,소매업,"섬유, 의복, 신발 및 가죽제품 소매업",CS200042,통번역서비스,0.0,
G209,소매업,"섬유, 의복, 신발 및 가죽제품 소매업",CS200044,여행사,0.0,
G209,소매업,"섬유, 의복, 신발 및 가죽제품 소매업",CS200045,비디오/서적임대,0.0,
G209,소매업,"섬유, 의복, 신발 및 가죽제품 소매업",CS300001,슈퍼마켓,0.0,
G209,소매업,"섬유, 의복, 신발 및 가죽제품 소매업",CS300004,핸드폰,0.0,
G209,소매업,"섬유, 의복, 신발 및 가죽제품 소매업",CS300009,청과상,0.0,
G209,소매업,"섬유, 의복, 신발 및 가죽제품 소매업",CS300016,안경,0.0,
G209,소매업,"섬유, 의복, 신발 및 가죽제품 소매업",CS300017,시계및귀금속,0.0,
G209,소매업,"섬유, 의복, 신발 및 가죽제품 소매업",CS300020,서적,0.0,
G209,소매업,"섬유, 의복, 신발 및 가죽제품 소매업",CS300021,문구,0.0,
G209,소매업,"섬유, 의복, 신발 및 가죽제품 소매업",CS300023,미용재료,0.0,
G209,소매업,"섬유, 의복, 신발 및 가죽제품 소매업",CS300025,자전거 및 기타운송장비,0.0,
G209,소매업,"섬유, 의복, 신발 및 가죽제품 소매업",CS300026,완구,0.0,
G209,소매업,"섬유, 의복, 신발 및 가죽제품 소매업",CS300028,화초,0.0,
G209,소매업,"섬유, 의복, 신발 및 가죽제품 소매업",CS300029,애완동물,0.0,
G209,소매업,"섬유, 의복, 신발 및 가죽제품 소매업",CS300033,철물점,0.0,
G209,소매업,"섬유, 의복, 신발 및 가죽제품 소매업",CS300034,악기,0.0,
G209,소매업,"섬유, 의복, 신발 및 가죽제품 소매업",CS300035,인테리어,0.0,
G209,소매업,"섬유, 의복, 신발 및 가죽제품 소매업",CS300043,전자상거래업,0.0,
G210,소매업,"철물, 공구, 창호 및 건설자재 소매업",CS100001,한식음식점,0.0,
G210,소매업,"철물, 공구, 창호 및 건설자재 소매업",CS100002,중식음식점,0.0,
G210,소매업,"철물, 공구, 창호 및 건설자재 소매업",CS100003,일식음식점,0.0,
G210,소매업,"철물, 공구, 창호 및 건설자재 소매업",CS100004,양식음식점,0.0,
G210,소매업,"철물, 공구, 창호 및 건설자재 소매업",CS100005,제과점,0.0,
G210,소매업,"철물, 공구, 창호 및 건설자재 소매업",CS100006,패스트푸드점,0.0,
G210,소매업,"철물, 공구, 창호 및 건설자재 소매업",CS100007,치킨전문점,0.0,
G210,소매업,"철물, 공구, 창호 및 건설자재 소매업",CS100008,분식전문점,0.0,
G210,소매업,"철물, 공구, 창호 및 건설자재 소매업",CS100010,커피-음료,0.0,
G210,소매업,"철물, 공구, 창호 및 건설자재 소매업",CS200001,일반교습학원,0.0,
G210,소매업,"철물, 공구, 창호 및 건설자재 소매업",CS200002,외국어학원,0.0,
G210,소매업,"철물, 공구, 창호 및 건설자재 소매업",CS200003,예술학원,0.0,
G210,소매업,"철물, 공구, 창호 및 건설자재 소매업",CS200004,컴퓨터학원,0.0,
G210,소매업,"철물, 공구, 창호 및 건설자재 소매업",CS200005,스포츠 강습,0.0,
G210,소매업,"철물, 공구, 창호 및 건설자재 소매업",CS200006,일반의원,0.0,
G210,소매업,"철물, 공구, 창호 및 건설자재 소매업",CS200007,치과의원,0.0,
G210,소매업,"철물, 공구, 창호 및 건설자재 소매업",CS200008,한의원,0.0,
G210,소매업,"철물, 공구, 창호 및 건설자재 소매업",CS200013,기타법무서비스,0.0,
G210,소매업,"철물, 공구, 창호 및 건설자재 소매업",CS200017,골프연습장,0.0,
G210,소매업,"철물, 공구, 창호 및 건설자재 소매업",CS200018,볼링장,0.0,
G210,소매업,"철물, 공구, 창호 및 건설자재 소매업",CS200019,PC방,0.0,
G210,소매업,"철물, 공구, 창호 및 건설자재 소매업",CS200021,기타오락장,0.0,
G210,소매업,"철물, 공구, 창호 및 건설자재 소매업",CS200022,복권방,0.0,
G210,소매업,"철물, 공구, 창호 및 건설자재 소매업",CS200023,통신기기수리,0.0,
G210,소매업,"철물, 공구, 창호 및 건설자재 소매업",CS200024,스포츠클럽,0.0,
G210,소매업,"철물, 공구, 창호 및 건설자재 소매업",CS200027,모터사이클수리,0.0,
G210,소매업,"철물, 공구, 창호 및 건설자재 소매업",CS200028,미용실,0.0,
G210,소매업,"철물, 공구, 창호 및 건설자재 소매업",CS200029,네일숍,0.0,
G210,소매업,"철물, 공구, 창호 및 건설자재 소매업",CS200030,피부관리실,0.0,
G210,소매업,"철물, 공구, 창호 및 건설자재 소매업",CS200032,가전제품수리,0.0,
G210,소매업,"철물, 공구, 창호 및 건설자재 소매업",CS200033,부동산중개업,0.0,
G210,소매업,"철물, 공구, 창호 및 건설자재 소매업",CS200034,여관,0.0,
G210,소매업,"철물, 공구, 창호 및 건설자재 소매업",CS200035,게스트하우스,0.0,
G210,소매업,"철물, 공구, 창호 및 건설자재 소매업",CS200036,고시원,0.0,
G210,소매업,"철물, 공구, 창호 및 건설자재 소매업",CS200037,노래방,0.0,
G210,소매업,"철물, 공구, 창호 및 건설자재 소매업",CS200038,독서실,0.0,
G210,소매업,"철물, 공구, 창호 및 건설자재 소매업",CS200039,DVD방,0.0,
G210,소매업,"철물, 공구, 창호 및 건설자재 소매업",CS200040,녹음실,0.0,
G210,소매업,"철물, 공구, 창호 및 건설자재 소매업",CS200041,사진관,0.0,
G210,소매업,"철물, 공구, 창호 및 건설자재 소매업",CS200042,통번역서비스,0.0,
G210,소매업,"철물, 공구, 창호 및 건설자재 소매업",CS200044,여행사,0.0,
G210,소매업,"철물, 공구, 창호 및 건설자재 소매업",CS200045,비디오/서적임대,0.0,
G210,소매업,"철물, 공구, 창호 및 건설자재 소매업",CS200046,의류임대,0.0,
G210,소매업,"철물, 공구, 창호 및 건설자재 소매업",CS200047,가정용품임대,0.0,
G210,소매업,"철물, 공구, 창호 및 건설자재 소매업",CS300001,슈퍼마켓,0.0,
G210,소매업,"철물, 공구, 창호 및 건설자재 소매업",CS300002,편의점,0.0,
G210,소매업,"철물, 공구, 창호 및 건설자재 소매업",CS300004,핸드폰,0.0,
G210,소매업,"철물, 공구, 창호 및 건설자재 소매업",CS300009,청과상,0.0,
G210,소매업,"철물, 공구, 창호 및 건설자재 소매업",CS300010,반찬가게,0.0,
G210,소매업,"철물, 공구, 창호 및 건설자재 소매업",CS300011,일반의류,0.0,
G210,소매업,"철물, 공구, 창호 및 건설자재 소매업",CS300012,한복점,0.0,
G210,소매업,"철물, 공구, 창호 및 건설자재 소매업",CS300013,유아의류,0.0,
G210,소매업,"철물, 공구, 창호 및 건설자재 소매업",CS300014,신발,0.0,
G210,소매업,"철물, 공구, 창호 및 건설자재 소매업",CS300015,가방,0.0,
G210,소매업,"철물, 공구, 창호 및 건설자재 소매업",CS300016,안경,0.0,
G210,소매업,"철물, 공구, 창호 및 건설자재 소매업",CS300017,시계및귀금속,0.0,
G210,소매업,"철물, 공구, 창호 및 건설자재 소매업",CS300018,의약품,0.0,
G210,소매업,"철물, 공구, 창호 및 건설자재 소매업",CS300019,의료기기,0.0,
G210,소매업,"철물, 공구, 창호 및 건설자재 소매업",CS300020,서적,0.0,
G210,소매업,"철물, 공구, 창호 및 건설자재 소매업",CS300022,화장품,0.0,
G210,소매업,"철물, 공구, 창호 및 건설자재 소매업",CS300024,운동/경기용품,0.0,
G210,소매업,"철물, 공구, 창호 및 건설자재 소매업",CS300027,섬유제품,0.0,
G210,소매업,"철물, 공구, 창호 및 건설자재 소매업",CS300028,화초,0.0,
G210,소매업,"철물, 공구, 창호 및 건설자재 소매업",CS300032,가전제품,0.0,
G210,소매업,"철물, 공구, 창호 및 건설자재 소매업",CS300034,악기,0.0,
G210,소매업,"철물, 공구, 창호 및 건설자재 소매업",CS300035,인테리어,0.0,
G210,소매업,"철물, 공구, 창호 및 건설자재 소매업",CS300036,조명용품,0.0,
G210,소매업,"철물, 공구, 창호 및 건설자재 소매업",CS300039,모터사이클및부품,0.0,
G210,소매업,"철물, 공구, 창호 및 건설자재 소매업",CS300041,예술품,0.0,
G211,소매업,가구 소매업,CS100001,한식음식점,0.0,
G211,소매업,가구 소매업,CS100002,중식음식점,0.0,
G211,소매업,가구 소매업,CS100003,일식음식점,0.0,
G211,소매업,가구 소매업,CS100004,양식음식점,0.0,
G211,소매업,가구 소매업,CS100005,제과점,0.0,
G211,소매업,가구 소매업,CS100006,패스트푸드점,0.0,
G211,소매업,가구 소매업,CS100007,치킨전문점,0.0,
G211,소매업,가구 소매업,CS100008,분식전문점,0.0,
G211,소매업,가구 소매업,CS100009,호프-간이주점,0.0,
G211,소매업,가구 소매업,CS100010,커피-음료,0.0,
G211,소매업,가구 소매업,CS200001,일반교습학원,0.0,
G211,소매업,가구 소매업,CS200002,외국어학원,0.0,
G211,소매업,가구 소매업,CS200003,예술학원,0.0,
G211,소매업,가구 소매업,CS200004,컴퓨터학원,0.0,
G211,소매업,가구 소매업,CS200005,스포츠 강습,0.0,
G211,소매업,가구 소매업,CS200006,일반의원,0.0,
G211,소매업,가구 소매업,CS200007,치과의원,0.0,
G211,소매업,가구 소매업,CS200008,한의원,0.0,
G211,소매업,가구 소매업,CS200009,동물병원,0.0,
G211,소매업,가구 소매업,CS200013,기타법무서비스,0.0,
G211,소매업,가구 소매업,CS200017,골프연습장,0.0,
G211,소매업,가구 소매업,CS200018,볼링장,0.0,
G211,소매업,가구 소매업,CS200019,PC방,0.0,
G211,소매업,가구 소매업,CS200020,전자게임장,0.0,
G211,소매업,가구 소매업,CS200021,기타오락장,0.0,
G211,소매업,가구 소매업,CS200022,복권방,0.0,
G211,소매업,가구 소매업,CS200023,통신기기수리,0.0,
G211,소매업,가구 소매업,CS200024,스포츠클럽,0.0,
G211,소매업,가구 소매업,CS200025,자동차수리,0.0,
G211,소매업,가구 소매업,CS200026,자동차미용,0.0,
G211,소매업,가구 소매업,CS200027,모터사이클수리,0.0,
G211,소매업,가구 소매업,CS200028,미용실,0.0,
G211,소매업,가구 소매업,CS200029,네일숍,0.0,
G211,소매업,가구 소매업,CS200030,피부관리실,0.0,
G211,소매업,가구 소매업,CS200033,부동산중개업,0.0,
G211,소매업,가구 소매업,CS200034,여관,0.0,
G211,소매업,가구 소매업,CS200035,게스트하우스,0.0,
G211,소매업,가구 소매업,CS200036,고시원,0.0,
G211,소매업,가구 소매업,CS200037,노래방,0.0,
G211,소매업,가구 소매업,CS200038,독서실,0.0,
G211,소매업,가구 소매업,CS200039,DVD방,0.0,
G211,소매업,가구 소매업,CS200040,녹음실,0.0,
G211,소매업,가구 소매업,CS200041,사진관,0.0,
G211,소매업,가구 소매업,CS200042,통번역서비스,0.0,
G211,소매업,가구 소매업,CS200044,여행사,0.0,
G211,소매업,가구 소매업,CS200045,비디오/서적임대,0.0,
G211,소매업,가구 소매업,CS200046,의류임대,0.0,
G211,소매업,가구 소매업,CS300001,슈퍼마켓,0.0,
G211,소매업,가구 소매업,CS300002,편의점,0.0,
G211,소매업,가구 소매업,CS300004,핸드폰,0.0,
G211,소매업,가구 소매업,CS300009,청과상,0.0,
G211,소매업,가구 소매업,CS300011,일반의류,0.0,
G211,소매업,가구 소매업,CS300012,한복점,0.0,
G211,소매업,가구 소매업,CS300013,유아의류,0.0,
G211,소매업,가구 소매업,CS300014,신발,0.0,
G211,소매업,가구 소매업,CS300016,안경,0.0,
G211,소매업,가구 소매업,CS300017,시계및귀금속,0.0,
G211,소매업,가구 소매업,CS300018,의약품,0.0,
G211,소매업,가구 소매업,CS300019,의료기기,0.0,
G211,소매업,가구 소매업,CS300020,서적,0.0,
G211,소매업,가구 소매업,CS300022,화장품,0.0,
G211,소매업,가구 소매업,CS300023,미용재료,0.0,
G211,소매업,가구 소매업,CS300024,운동/경기용품,0.0,
G211,소매업,가구 소매업,CS300025,자전거 및 기타운송장비,0.0,
G211,소매업,가구 소매업,CS300027,섬유제품,0.0,
G211,소매업,가구 소매업,CS300028,화초,0.0,
G211,소매업,가구 소매업,CS300029,애완동물,0.0,
G211,소매업,가구 소매업,CS300033,철물점,0.0,
G211,소매업,가구 소매업,CS300034,악기,0.0,
G211,소매업,가구 소매업,CS300035,인테리어,0.0,
G211,소매업,가구 소매업,CS300036,조명용품,0.0,
G211,소매업,가구 소매업,CS300038,자동차부품,0.0,
G211,소매업,가구 소매업,CS300039,모터사이클및부품,0.0,
G211,소매업,가구 소매업,CS300041,예술품,0.0,
G211,소매업,가구 소매업,CS300043,전자상거래업,0.0,
G212,소매업,기타 생활용품 소매업,CS100001,한식음식점,0.0,
G212,소매업,기타 생활용품 소매업,CS100002,중식음식점,0.0,
G212,소매업,기타 생활용품 소매업,CS100003,일식음식점,0.0,
G212,소매업,기타 생활용품 소매업,CS100004,양식음식점,0.0,
G212,소매업,기타 생활용품 소매업,CS100005,제과점,0.0,
G212,소매업,기타 생활용품 소매업,CS100006,패스트푸드점,0.0,
G212,소매업,기타 생활용품 소매업,CS100007,치킨전문점,0.0,
G212,소매업,기타 생활용품 소매업,CS100008,분식전문점,0.0,
G212,소매업,기타 생활용품 소매업,CS100009,호프-간이주점,0.0,
G212,소매업,기타 생활용품 소매업,CS100010,커피-음료,0.0,
G212,소매업,기타 생활용품 소매업,CS200001,일반교습학원,0.0,
G212,소매업,기타 생활용품 소매업,CS200002,외국어학원,0.0,
G212,소매업,기타 생활용품 소매업,CS200003,예술학원,0.0,
G212,소매업,기타 생활용품 소매업,CS200004,컴퓨터학원,0.0,
G212,소매업,기타 생활용품 소매업,CS200005,스포츠 강습,0.0,
G212,소매업,기타 생활용품 소매업,CS200006,일반의원,0.0,
G212,소매업,기타 생활용품 소매업,CS200007,치과의원,0.0,
G212,소매업,기타 생활용품 소매업,CS200008,한의원,0.0,
G212,소매업,기타 생활용품 소매업,CS200009,동물병원,0.0,
G212,소매업,기타 생활용품 소매업,CS200013,기타법무서비스,0.0,
G212,소매업,기타 생활용품 소매업,CS200016,당구장,0.0,
G212,소매업,기타 생활용품 소매업,CS200017,골프연습장,0.0,
G212,소매업,기타 생활용품 소매업,CS200018,볼링장,0.0,
G212,소매업,기타 생활용품 소매업,CS200019,PC방,0.0,
G212,소매업,기타 생활용품 소매업,CS200020,전자게임장,0.0,
G212,소매업,기타 생활용품 소매업,CS200021,기타오락장,0.0,
G212,소매업,기타 생활용품 소매업,CS200022,복권방,0.0,
G212,소매업,기타 생활용품 소매업,CS200023,통신기기수리,0.0,
G212,소매업,기타 생활용품 소매업,CS200024,스포츠클럽,0.0,
G212,소매업,기타 생활용품 소매업,CS200025,자동차수리,0.0,
G212,소매업,기타 생활용품 소매업,CS200027,모터사이클수리,0.0,
G212,소매업,기타 생활용품 소매업,CS200029,네일숍,0.0,
G212,소매업,기타 생활용품 소매업,CS200030,피부관리실,0.0,
G212,소매업,기타 생활용품 소매업,CS200033,부동산중개업,0.0,
G212,소매업,기타 생활용품 소매업,CS200034,여관,0.0,
G212,소매업,기타 생활용품 소매업,CS200035,게스트하우스,0.0,
G212,소매업,기타 생활용품 소매업,CS200036,고시원,0.0,
G212,소매업,기타 생활용품 소매업,CS200037,노래방,0.0,
G212,소매업,기타 생활용품 소매업,CS200038,독서실,0.0,
G212,소매업,기타 생활용품 소매업,CS200039,DVD방,0.0,
G212,소매업,기타 생활용품 소매업,CS200040,녹음실,0.0,
G212,소매업,기타 생활용품 소매업,CS200041,사진관,0.0,
G212,소매업,기타 생활용품 소매업,CS200042,통번역서비스,0.0,
G212,소매업,기타 생활용품 소매업,CS200044,여행사,0.0,
G212,소매업,기타 생활용품 소매업,CS200045,비디오/서적임대,0.0,
G212,소매업,기타 생활용품 소매업,CS200046,의류임대,0.0,
G212,소매업,기타 생활용품 소매업,CS300001,슈퍼마켓,0.0,
G212,소매업,기타 생활용품 소매업,CS300002,편의점,0.0,
G212,소매업,기타 생활용품 소매업,CS300004,핸드폰,0.0,
G212,소매업,기타 생활용품 소매업,CS300009,청과상,0.0,
G212,소매업,기타 생활용품 소매업,CS300010,반찬가게,0.0,
G212,소매업,기타 생활용품 소매업,CS300011,일반의류,0.0,
G212,소매업,기타 생활용품 소매업,CS300012,한복점,0.0,
G212,소매업,기타 생활용품 소매업,CS300013,유아의류,0.0,
G212,소매업,기타 생활용품 소매업,CS300014,신발,0.0,
G212,소매업,기타 생활용품 소매업,CS300015,가방,0.0,
G212,소매업,기타 생활용품 소매업,CS300016,안경,0.0,
G212,소매업,기타 생활용품 소매업,CS300017,시계및귀금속,0.0,
G212,소매업,기타 생활용품 소매업,CS300019,의료기기,0.0,
G212,소매업,기타 생활용품 소매업,CS300020,서적,0.0,
G212,소매업,기타 생활용품 소매업,CS300021,문구,0.0,
G212,소매업,기타 생활용품 소매업,CS300025,자전거 및 기타운송장비,0.0,
G212,소매업,기타 생활용품 소매업,CS300026,완구,0.0,
G212,소매업,기타 생활용품 소매업,CS300028,화초,0.0,
G212,소매업,기타 생활용품 소매업,CS300029,애완동물,0.0,
G212,소매업,기타 생활용품 소매업,CS300030,중고가구,0.0,
G212,소매업,기타 생활용품 소매업,CS300031,가구,0.0,
G212,소매업,기타 생활용품 소매업,CS300033,철물점,0.0,
G212,소매업,기타 생활용품 소매업,CS300034,악기,0.0,
G212,소매업,기타 생활용품 소매업,CS300035,인테리어,0.0,
G212,소매업,기타 생활용품 소매업,CS300043,전자상거래업,0.0,
G213,소매업,"문화, 오락 및 여가 용품 소매업",CS100001,한식음식점,0.0,
G213,소매업,"문화, 오락 및 여가 용품 소매업",CS100002,중식음식점,0.0,
G213,소매업,"문화, 오락 및 여가 용품 소매업",CS100003,일식음식점,0.0,
G213,소매업,"문화, 오락 및 여가 용품 소매업",CS100004,양식음식점,0.0,
G213,소매업,"문화, 오락 및 여가 용품 소매업",CS100005,제과점,0.0,
G213,소매업,"문화, 오락 및 여가 용품 소매업",CS100006,패스트푸드점,0.0,
G213,소매업,"문화, 오락 및 여가 용품 소매업",CS100009,호프-간이주점,0.0,
G213,소매업,"문화, 오락 및 여가 용품 소매업",CS100010,커피-음료,0.0,
G213,소매업,"문화, 오락 및 여가 용품 소매업",CS200001,일반교습학원,0.0,
G213,소매업,"문화, 오락 및 여가 용품 소매업",CS200002,외국어학원,0.0,
G213,소매업,"문화, 오락 및 여가 용품 소매업",CS200003,예술학원,0.0,
G213,소매업,"문화, 오락 및 여가 용품 소매업",CS200004,컴퓨터학원,0.0,
G213,소매업,"문화, 오락 및 여가 용품 소매업",CS200005,스포츠 강습,0.0,
G213,소매업,"문화, 오락 및 여가 용품 소매업",CS200006,일반의원,0.0,
G213,소매업,"문화, 오락 및 여가 용품 소매업",CS200007,치과의원,0.0,
G213,소매업,"문화, 오락 및 여가 용품 소매업",CS200008,한의원,0.0,
G213,소매업,"문화, 오락 및 여가 용품 소매업",CS200009,동물병원,0.0,
G213,소매업,"문화, 오락 및 여가 용품 소매업",CS200013,기타법무서비스,0.0,
G213,소매업,"문화, 오락 및 여가 용품 소매업",CS200016,당구장,0.0,
G213,소매업,"문화, 오락 및 여가 용품 소매업",CS200017,골프연습장,0.0,
G213,소매업,"문화, 오락 및 여가 용품 소매업",CS200018,볼링장,0.0,
G213,소매업,"문화, 오락 및 여가 용품 소매업",CS200019,PC방,0.0,
G213,소매업,"문화, 오락 및 여가 용품 소매업",CS200020,전자게임장,0.0,
G213,소매업,"문화, 오락 및 여가 용품 소매업",CS200022,복권방,0.0,
G213,소매업,"문화, 오락 및 여가 용품 소매업",CS200023,통신기기수리,0.0,
G213,소매업,"문화, 오락 및 여가 용품 소매업",CS200024,스포츠클럽,0.0,
G213,소매업,"문화, 오락 및 여가 용품 소매업",CS200025,자동차수리,0.0,
G213,소매업,"문화, 오락 및 여가 용품 소매업",CS200027,모터사이클수리,0.0,
G213,소매업,"문화, 오락 및 여가 용품 소매업",CS200029,네일숍,0.0,
G213,소매업,"문화, 오락 및 여가 용품 소매업",CS200030,피부관리실,0.0,
G213,소매업,"문화, 오락 및 여가 용품 소매업",CS200033,부동산중개업,0.0,
G213,소매업,"문화, 오락 및 여가 용품 소매업",CS200035,게스트하우스,0.0,
G213,소매업,"문화, 오락 및 여가 용품 소매업",CS200036,고시원,0.0,
G213,소매업,"문화, 오락 및 여가 용품 소매업",CS200037,노래방,0.0,
G213,소매업,"문화, 오락 및 여가 용품 소매업",CS200038,독서실,0.0,
G213,소매업,"문화, 오락 및 여가 용품 소매업",CS200039,DVD방,0.0,
G213,소매업,"문화, 오락 및 여가 용품 소매업",CS200040,녹음실,0.0,
G213,소매업,"문화, 오락 및 여가 용품 소매업",CS200041,사진관,0.0,
G213,소매업,"문화, 오락 및 여가 용품 소매업",CS200042,통번역서비스,0.0,
G213,소매업,"문화, 오락 및 여가 용품 소매업",CS200046,의류임대,0.0,
G213,소매업,"문화, 오락 및 여가 용품 소매업",CS300001,슈퍼마켓,0.0,
G213,소매업,"문화, 오락 및 여가 용품 소매업",CS300002,편의점,0.0,
G213,소매업,"문화, 오락 및 여가 용품 소매업",CS300004,핸드폰,0.0,
G213,소매업,"문화, 오락 및 여가 용품 소매업",CS300009,청과상,0.0,
G213,소매업,"문화, 오락 및 여가 용품 소매업",CS300011,일반의류,0.0,
G213,소매업,"문화, 오락 및 여가 용품 소매업",CS300012,한복점,0.0,
G213,소매업,"문화, 오락 및 여가 용품 소매업",CS300013,유아의류,0.0,
G213,소매업,"문화, 오락 및 여가 용품 소매업",CS300014,신발,0.0,
G213,소매업,"문화, 오락 및 여가 용품 소매업",CS300016,안경,0.0,
G213,소매업,"문화, 오락 및 여가 용품 소매업",CS300017,시계및귀금속,0.0,
G213,소매업,"문화, 오락 및 여가 용품 소매업",CS300019,의료기기,0.0,
G213,소매업,"문화, 오락 및 여가 용품 소매업",CS300020,서적,0.0,
G213,소매업,"문화, 오락 및 여가 용품 소매업",CS300025,자전거 및 기타운송장비,0.0,
G213,소매업,"문화, 오락 및 여가 용품 소매업",CS300026,완구,0.0,
G213,소매업,"문화, 오락 및 여가 용품 소매업",CS300029,애완동물,0.0,
G213,소매업,"문화, 오락 및 여가 용품 소매업",CS300033,철물점,0.0,
G213,소매업,"문화, 오락 및 여가 용품 소매업",CS300034,악기,0.0,
G213,소매업,"문화, 오락 및 여가 용품 소매업",CS300035,인테리어,0.0,
G213,소매업,"문화, 오락 및 여가 용품 소매업",CS300043,전자상거래업,0.0,
G214,소매업,연료소매업,CS100001,한식음식점,0.0,
G214,소매업,연료소매업,CS100002,중식음식점,0.0,
G214,소매업,연료소매업,CS100003,일식음식점,0.0,
G214,소매업,연료소매업,CS100004,양식음식점,0.0,
G214,소매업,연료소매업,CS100005,제과점,0.0,
G214,소매업,연료소매업,CS100006,패스트푸드점,0.0,
G214,소매업,연료소매업,CS100007,치킨전문점,0.0,
G214,소매업,연료소매업,CS100008,분식전문점,0.0,
G214,소매업,연료소매업,CS100009,호프-간이주점,0.0,
G214,소매업,연료소매업,CS200001,일반교습학원,0.0,
G214,소매업,연료소매업,CS200002,외국어학원,0.0,
G214,소매업,연료소매업,CS200003,예술학원,0.0,
G214,소매업,연료소매업,CS200004,컴퓨터학원,0.0,
G214,소매업,연료소매업,CS200005,스포츠 강습,0.0,
G214,소매업,연료소매업,CS200006,일반의원,0.0,
G214,소매업,연료소매업,CS200007,치과의원,0.0,
G214,소매업,연료소매업,CS200008,한의원,0.0,
G214,소매업,연료소매업,CS200009,동물병원,0.0,
G214,소매업,연료소매업,CS200013,기타법무서비스,0.0,
G214,소매업,연료소매업,CS200016,당구장,0.0,
G214,소매업,연료소매업,CS200018,볼링장,0.0,
G214,소매업,연료소매업,CS200019,PC방,0.0,
G214,소매업,연료소매업,CS200020,전자게임장,0.0,
G214,소매업,연료소매업,CS200021,기타오락장,0.0,
G214,소매업,연료소매업,CS200022,복권방,0.0,
G214,소매업,연료소매업,CS200023,통신기기수리,0.0,
G214,소매업,연료소매업,CS200024,스포츠클럽,0.0,
G214,소매업,연료소매업,CS200025,자동차수리,0.0,
G214,소매업,연료소매업,CS200026,자동차미용,0.0,
G214,소매업,연료소매업,CS200027,모터사이클수리,0.0,
G214,소매업,연료소매업,CS200028,미용실,0.0,
G214,소매업,연료소매업,CS200029,네일숍,0.0,
G214,소매업,연료소매업,CS200030,피부관리실,0.0,
G214,소매업,연료소매업,CS200032,가전제품수리,0.0,
G214,소매업,연료소매업,CS200033,부동산중개업,0.0,
G214,소매업,연료소매업,CS200034,여관,0.0,
G214,소매업,연료소매업,CS200035,게스트하우스,0.0,
G214,소매업,연료소매업,CS200036,고시원,0.0,
G214,소매업,연료소매업,CS200037,노래방,0.0,
G214,소매업,연료소매업,CS200038,독서실,0.0,
G214,소매업,연료소매업,CS200039,DVD방,0.0,
G214,소매업,연료소매업,CS200040,녹음실,0.0,
G214,소매업,연료소매업,CS200041,사진관,0.0,
G214,소매업,연료소매업,CS200042,통번역서비스,0.0,
G214,소매업,연료소매업,CS200044,여행사,0.0,
G214,소매업,연료소매업,CS200045,비디오/서적임대,0.0,
G214,소매업,연료소매업,CS200046,의류임대,0.0,
G214,소매업,연료소매업,CS200047,가정용품임대,0.0,
G214,소매업,연료소매업,CS300001,슈퍼마켓,0.0,
G214,소매업,연료소매업,CS300002,편의점,0.0,
G214,소매업,연료소매업,CS300004,핸드폰,0.0,
G214,소매업,연료소매업,CS300009,청과상,0.0,
G214,소매업,연료소매업,CS300010,반찬가게,0.0,
G214,소매업,연료소매업,CS300011,일반의류,0.0,
G214,소매업,연료소매업,CS300012,한복점,0.0,
G214,소매업,연료소매업,CS300013,유아의류,0.0,
G214,소매업,연료소매업,CS300014,신발,0.0,
G214,소매업,연료소매업,CS300015,가방,0.0,
G214,소매업,연료소매업,CS300016,안경,0.0,
G214,소매업,연료소매업,CS300017,시계및귀금속,0.0,
G214,소매업,연료소매업,CS300018,의약품,0.0,
G214,소매업,연료소매업,CS300020,서적,0.0,
G214,소매업,연료소매업,CS300021,문구,0.0,
G214,소매업,연료소매업,CS300022,화장품,0.0,
G214,소매업,연료소매업,CS300024,운동/경기용품,0.0,
G214,소매업,연료소매업,CS300025,자전거 및 기타운송장비,0.0,
G214,소매업,연료소매업,CS300026,완구,0.0,
G214,소매업,연료소매업,CS300027,섬유제품,0.0,
G214,소매업,연료소매업,CS300028,화초,0.0,
G214,소매업,연료소매업,CS300029,애완동물,0.0,
G214,소매업,연료소매업,CS300030,중고가구,0.0,
G214,소매업,연료소매업,CS300031,가구,0.0,
G214,소매업,연료소매업,CS300032,가전제품,0.0,
G214,소매업,연료소매업,CS300033,철물점,0.0,
G214,소매업,연료소매업,CS300034,악기,0.0,
G214,소매업,연료소매업,CS300035,인테리어,0.0,
G214,소매업,연료소매업,CS300036,조명용품,0.0,
G214,소매업,연료소매업,CS300038,자동차부품,0.0,
G214,소매업,연료소매업,CS300039,모터사이클및부품,0.0,
G214,소매업,연료소매업,CS300041,예술품,0.0,
G214,소매업,연료소매업,CS300043,전자상거래업,0.0,
G215,소매업,"의약품, 의료용 기구, 화장품 및 방향제 소매업",CS100001,한식음식점,0.0,
G215,소매업,"의약품, 의료용 기구, 화장품 및 방향제 소매업",CS100002,중식음식점,0.0,
G215,소매업,"의약품, 의료용 기구, 화장품 및 방향제 소매업",CS100003,일식음식점,0.0,
G215,소매업,"의약품, 의료용 기구, 화장품 및 방향제 소매업",CS100004,양식음식점,0.0,
G215,소매업,"의약품, 의료용 기구, 화장품 및 방향제 소매업",CS100006,패스트푸드점,0.0,
G215,소매업,"의약품, 의료용 기구, 화장품 및 방향제 소매업",CS100007,치킨전문점,0.0,
G215,소매업,"의약품, 의료용 기구, 화장품 및 방향제 소매업",CS100008,분식전문점,0.0,
G215,소매업,"의약품, 의료용 기구, 화장품 및 방향제 소매업",CS100009,호프-간이주점,0.0,
G215,소매업,"의약품, 의료용 기구, 화장품 및 방향제 소매업",CS200001,일반교습학원,0.0,
G215,소매업,"의약품, 의료용 기구, 화장품 및 방향제 소매업",CS200002,외국어학원,0.0,
G215,소매업,"의약품, 의료용 기구, 화장품 및 방향제 소매업",CS200003,예술학원,0.0,
G215,소매업,"의약품, 의료용 기구, 화장품 및 방향제 소매업",CS200004,컴퓨터학원,0.0,
G215,소매업,"의약품, 의료용 기구, 화장품 및 방향제 소매업",CS200005,스포츠 강습,0.0,
G215,소매업,"의약품, 의료용 기구, 화장품 및 방향제 소매업",CS200009,동물병원,0.0,
G215,소매업,"의약품, 의료용 기구, 화장품 및 방향제 소매업",CS200013,기타법무서비스,0.0,
G215,소매업,"의약품, 의료용 기구, 화장품 및 방향제 소매업",CS200024,스포츠클럽,0.0,
G215,소매업,"의약품, 의료용 기구, 화장품 및 방향제 소매업",CS200025,자동차수리,0.0,
G215,소매업,"의약품, 의료용 기구, 화장품 및 방향제 소매업",CS200027,모터사이클수리,0.0,
G215,소매업,"의약품, 의료용 기구, 화장품 및 방향제 소매업",CS200029,네일숍,0.0,
G215,소매업,"의약품, 의료용 기구, 화장품 및 방향제 소매업",CS200030,피부관리실,0.0,
G215,소매업,"의약품, 의료용 기구, 화장품 및 방향제 소매업",CS200033,부동산중개업,0.0,
G215,소매업,"의약품, 의료용 기구, 화장품 및 방향제 소매업",CS200034,여관,0.0,
G215,소매업,"의약품, 의료용 기구, 화장품 및 방향제 소매업",CS200035,게스트하우스,0.0,
G215,소매업,"의약품, 의료용 기구, 화장품 및 방향제 소매업",CS200036,고시원,0.0,
G215,소매업,"의약품, 의료용 기구, 화장품 및 방향제 소매업",CS200038,독서실,0.0,
G215,소매업,"의약품, 의료용 기구, 화장품 및 방향제 소매업",CS200040,녹음실,0.0,
G215,소매업,"의약품, 의료용 기구, 화장품 및 방향제 소매업",CS200041,사진관,0.0,
G215,소매업,"의약품, 의료용 기구, 화장품 및 방향제 소매업",CS200042,통번역서비스,0.0,
G215,소매업,"의약품, 의료용 기구, 화장품 및 방향제 소매업",CS200044,여행사,0.0,
G215,소매업,"의약품, 의료용 기구, 화장품 및 방향제 소매업",CS200045,비디오/서적임대,0.0,
G215,소매업,"의약품, 의료용 기구, 화장품 및 방향제 소매업",CS300001,슈퍼마켓,0.0,
G215,소매업,"의약품, 의료용 기구, 화장품 및 방향제 소매업",CS300004,핸드폰,0.0,
G215,소매업,"의약품, 의료용 기구, 화장품 및 방향제 소매업",CS300009,청과상,0.0,
G215,소매업,"의약품, 의료용 기구, 화장품 및 방향제 소매업",CS300010,반찬가게,0.0,
G215,소매업,"의약품, 의료용 기구, 화장품 및 방향제 소매업",CS300012,한복점,0.0,
G215,소매업,"의약품, 의료용 기구, 화장품 및 방향제 소매업",CS300014,신발,0.0,
G215,소매업,"의약품, 의료용 기구, 화장품 및 방향제 소매업",CS300016,안경,0.0,
G215,소매업,"의약품, 의료용 기구, 화장품 및 방향제 소매업",CS300017,시계및귀금속,0.0,
G215,소매업,"의약품, 의료용 기구, 화장품 및 방향제 소매업",CS300020,서적,0.0,
G215,소매업,"의약품, 의료용 기구, 화장품 및 방향제 소매업",CS300029,애완동물,0.0,
G215,소매업,"의약품, 의료용 기구, 화장품 및 방향제 소매업",CS300033,철물점,0.0,
G215,소매업,"의약품, 의료용 기구, 화장품 및 방향제 소매업",CS300035,인테리어,0.0,
G215,소매업,"의약품, 의료용 기구, 화장품 및 방향제 소매업",CS300043,전자상거래업,0.0,
G216,소매업,"사무용 기기, 안경, 사진장비 및 정밀기기 소매업",CS100001,한식음식점,0.0,
G216,소매업,"사무용 기기, 안경, 사진장비 및 정밀기기 소매업",CS100002,중식음식점,0.0,
G216,소매업,"사무용 기기, 안경, 사진장비 및 정밀기기 소매업",CS100003,일식음식점,0.0,
G216,소매업,"사무용 기기, 안경, 사진장비 및 정밀기기 소매업",CS100004,양식음식점,0.0,
G216,소매업,"사무용 기기, 안경, 사진장비 및 정밀기기 소매업",CS100005,제과점,0.0,
G216,소매업,"사무용 기기, 안경, 사진장비 및 정밀기기 소매업",CS100006,패스트푸드점,0.0,
G216,소매업,"사무용 기기, 안경, 사진장비 및 정밀기기 소매업",CS100007,치킨전문점,0.0,
G216,소매업,"사무용 기기, 안경, 사진장비 및 정밀기기 소매업",CS100008,분식전문점,0.0,
G216,소매업,"사무용 기기, 안경, 사진장비 및 정밀기기 소매업",CS100009,호프-간이주점,0.0,
G216,소매업,"사무용 기기, 안경, 사진장비 및 정밀기기 소매업",CS100010,커피-음료,0.0,
G216,소매업,"사무용 기기, 안경, 사진장비 및 정밀기기 소매업",CS200001,일반교습학원,0.0,
G216,소매업,"사무용 기기, 안경, 사진장비 및 정밀기기 소매업",CS200002,외국어학원,0.0,
G216,소매업,"사무용 기기, 안경, 사진장비 및 정밀기기 소매업",CS200003,예술학원,0.0,
G216,소매업,"사무용 기기, 안경, 사진장비 및 정밀기기 소매업",CS200004,컴퓨터학원,0.0,
G216,소매업,"사무용 기기, 안경, 사진장비 및 정밀기기 소매업",CS200005,스포츠 강습,0.0,
G216,소매업,"사무용 기기, 안경, 사진장비 및 정밀기기 소매업",CS200006,일반의원,0.0,
G216,소매업,"사무용 기기, 안경, 사진장비 및 정밀기기 소매업",CS200007,치과의원,0.0,
G216,소매업,"사무용 기기, 안경, 사진장비 및 정밀기기 소매업",CS200008,한의원,0.0,
G216,소매업,"사무용 기기, 안경, 사진장비 및 정밀기기 소매업",CS200009,동물병원,0.0,
G216,소매업,"사무용 기기, 안경, 사진장비 및 정밀기기 소매업",CS200019,PC방,0.0,
G216,소매업,"사무용 기기, 안경, 사진장비 및 정밀기기 소매업",CS200022,복권방,0.0,
G216,소매업,"사무용 기기, 안경, 사진장비 및 정밀기기 소매업",CS200024,스포츠클럽,0.0,
G216,소매업,"사무용 기기, 안경, 사진장비 및 정밀기기 소매업",CS200025,자동차수리,0.0,
G216,소매업,"사무용 기기, 안경, 사진장비 및 정밀기기 소매업",CS200029,네일숍,0.0,
G216,소매업,"사무용 기기, 안경, 사진장비 및 정밀기기 소매업",CS200030,피부관리실,0.0,
G216,소매업,"사무용 기기, 안경, 사진장비 및 정밀기기 소매업",CS200032,가전제품수리,0.0,
G216,소매업,"사무용 기기, 안경, 사진장비 및 정밀기기 소매업",CS200033,부동산중개업,0.0,
G216,소매업,"사무용 기기, 안경, 사진장비 및 정밀기기 소매업",CS200034,여관,0.0,
G216,소매업,"사무용 기기, 안경, 사진장비 및 정밀기기 소매업",CS200035,게스트하우스,0.0,
G216,소매업,"사무용 기기, 안경, 사진장비 및 정밀기기 소매업",CS200036,고시원,0.0,
G216,소매업,"사무용 기기, 안경, 사진장비 및 정밀기기 소매업",CS200037,노래방,0.0,
G216,소매업,"사무용 기기, 안경, 사진장비 및 정밀기기 소매업",CS200038,독서실,0.0,
G216,소매업,"사무용 기기, 안경, 사진장비 및 정밀기기 소매업",CS200039,DVD방,0.0,
G216,소매업,"사무용 기기, 안경, 사진장비 및 정밀기기 소매업",CS200040,녹음실,0.0,
G216,소매업,"사무용 기기, 안경, 사진장비 및 정밀기기 소매업",CS200046,의류임대,0.0,
G216,소매업,"사무용 기기, 안경, 사진장비 및 정밀기기 소매업",CS300001,슈퍼마켓,0.0,
G216,소매업,"사무용 기기, 안경, 사진장비 및 정밀기기 소매업",CS300002,편의점,0.0,
G216,소매업,"사무용 기기, 안경, 사진장비 및 정밀기기 소매업",CS300004,핸드폰,0.0,
G216,소매업,"사무용 기기, 안경, 사진장비 및 정밀기기 소매업",CS300009,청과상,0.0,
G216,소매업,"사무용 기기, 안경, 사진장비 및 정밀기기 소매업",CS300010,반찬가게,0.0,
G216,소매업,"사무용 기기, 안경, 사진장비 및 정밀기기 소매업",CS300011,일반의류,0.0,
G216,소매업,"사무용 기기, 안경, 사진장비 및 정밀기기 소매업",CS300012,한복점,0.0,
G216,소매업,"사무용 기기, 안경, 사진장비 및 정밀기기 소매업",CS300013,유아의류,0.0,
G216,소매업,"사무용 기기, 안경, 사진장비 및 정밀기기 소매업",CS300014,신발,0.0,
G216,소매업,"사무용 기기, 안경, 사진장비 및 정밀기기 소매업",CS300015,가방,0.0,
G216,소매업,"사무용 기기, 안경, 사진장비 및 정밀기기 소매업",CS300017,시계및귀금속,0.0,
G216,소매업,"사무용 기기, 안경, 사진장비 및 정밀기기 소매업",CS300018,의약품,0.0,
G216,소매업,"사무용 기기, 안경, 사진장비 및 정밀기기 소매업",CS300020,서적,0.0,
G216,소매업,"사무용 기기, 안경, 사진장비 및 정밀기기 소매업",CS300021,문구,0.0,
G216,소매업,"사무용 기기, 안경, 사진장비 및 정밀기기 소매업",CS300026,완구,0.0,
G216,소매업,"사무용 기기, 안경, 사진장비 및 정밀기기 소매업",CS300027,섬유제품,0.0,
G216,소매업,"사무용 기기, 안경, 사진장비 및 정밀기기 소매업",CS300028,화초,0.0,
G216,소매업,"사무용 기기, 안경, 사진장비 및 정밀기기 소매업",CS300029,애완동물,0.0,
G216,소매업,"사무용 기기, 안경, 사진장비 및 정밀기기 소매업",CS300030,중고가구,0.0,
G216,소매업,"사무용 기기, 안경, 사진장비 및 정밀기기 소매업",CS300031,가구,0.0,
G216,소매업,"사무용 기기, 안경, 사진장비 및 정밀기기 소매업",CS300032,가전제품,0.0,
G216,소매업,"사무용 기기, 안경, 사진장비 및 정밀기기 소매업",CS300033,철물점,0.0,
G216,소매업,"사무용 기기, 안경, 사진장비 및 정밀기기 소매업",CS300035,인테리어,0.0,
G216,소매업,"사무용 기기, 안경, 사진장비 및 정밀기기 소매업",CS300038,자동차부품,0.0,
G216,소매업,"사무용 기기, 안경, 사진장비 및 정밀기기 소매업",CS300041,예술품,0.0,
G216,소매업,"사무용 기기, 안경, 사진장비 및 정밀기기 소매업",CS300043,전자상거래업,0.0,
G217,소매업,시계 및 귀금속 소매업,CS100001,한식음식점,0.0,
G217,소매업,시계 및 귀금속 소매업,CS100002,중식음식점,0.0,
G217,소매업,시계 및 귀금속 소매업,CS100003,일식음식점,0.0,
G217,소매업,시계 및 귀금속 소매업,CS100004,양식음식점,0.0,
G217,소매업,시계 및 귀금속 소매업,CS100005,제과점,0.0,
G217,소매업,시계 및 귀금속 소매업,CS100006,패스트푸드점,0.0,
G217,소매업,시계 및 귀금속 소매업,CS100007,치킨전문점,0.0,
G217,소매업,시계 및 귀금속 소매업,CS100008,분식전문점,0.0,
G217,소매업,시계 및 귀금속 소매업,CS100009,호프-간이주점,0.0,
G217,소매업,시계 및 귀금속 소매업,CS100010,커피-음료,0.0,
G217,소매업,시계 및 귀금속 소매업,CS200001,일반교습학원,0.0,
G217,소매업,시계 및 귀금속 소매업,CS200002,외국어학원,0.0,
G217,소매업,시계 및 귀금속 소매업,CS200003,예술학원,0.0,
G217,소매업,시계 및 귀금속 소매업,CS200004,컴퓨터학원,0.0,
G217,소매업,시계 및 귀금속 소매업,CS200005,스포츠 강습,0.0,
G217,소매업,시계 및 귀금속 소매업,CS200006,일반의원,0.0,
G217,소매업,시계 및 귀금속 소매업,CS200007,치과의원,0.0,
G217,소매업,시계 및 귀금속 소매업,CS200008,한의원,0.0,
G217,소매업,시계 및 귀금속 소매업,CS200009,동물병원,0.0,
G217,소매업,시계 및 귀금속 소매업,CS200013,기타법무서비스,0.0,
G217,소매업,시계 및 귀금속 소매업,CS200016,당구장,0.0,
G217,소매업,시계 및 귀금속 소매업,CS200017,골프연습장,0.0,
G217,소매업,시계 및 귀금속 소매업,CS200018,볼링장,0.0,
G217,소매업,시계 및 귀금속 소매업,CS200019,PC방,0.0,
G217,소매업,시계 및 귀금속 소매업,CS200020,전자게임장,0.0,
G217,소매업,시계 및 귀금속 소매업,CS200021,기타오락장,0.0,
G217,소매업,시계 및 귀금속 소매업,CS200022,복권방,0.0,
G217,소매업,시계 및 귀금속 소매업,CS200023,통신기기수리,0.0,
G217,소매업,시계 및 귀금속 소매업,CS200024,스포츠클럽,0.0,
G217,소매업,시계 및 귀금속 소매업,CS200025,자동차수리,0.0,
G217,소매업,시계 및 귀금속 소매업,CS200026,자동차미용,0.0,
G217,소매업,시계 및 귀금속 소매업,CS200027,모터사이클수리,0.0,
G217,소매업,시계 및 귀금속 소매업,CS200028,미용실,0.0,
G217,소매업,시계 및 귀금속 소매업,CS200029,네일숍,0.0,
G217,소매업,시계 및 귀금속 소매업,CS200030,피부관리실,0.0,
G217,소매업,시계 및 귀금속 소매업,CS200032,가전제품수리,0.0,
G217,소매업,시계 및 귀금속 소매업,CS200033,부동산중개업,0.0,
G217,소매업,시계 및 귀금속 소매업,CS200034,여관,0.0,
G217,소매업,시계 및 귀금속 소매업,CS200035,게스트하우스,0.0,
G217,소매업,시계 및 귀금속 소매업,CS200037,노래방,0.0,
G217,소매업,시계 및 귀금속 소매업,CS200038,독서실,0.0,
G217,소매업,시계 및 귀금속 소매업,CS200039,DVD방,0.0,
G217,소매업,시계 및 귀금속 소매업,CS200040,녹음실,0.0,
G217,소매업,시계 및 귀금속 소매업,CS200041,사진관,0.0,
G217,소매업,시계 및 귀금속 소매업,CS200042,통번역서비스,0.0,
G217,소매업,시계 및 귀금속 소매업,CS200044,여행사,0.0,
G217,소매업,시계 및 귀금속 소매업,CS200045,비디오/서적임대,0.0,
G217,소매업,시계 및 귀금속 소매업,CS200046,의류임대,0.0,
G217,소매업,시계 및 귀금속 소매업,CS200047,가정용품임대,0.0,
G217,소매업,시계 및 귀금속 소매업,CS300001,슈퍼마켓,0.0,
G217,소매업,시계 및 귀금속 소매업,CS300002,편의점,0.0,
G217,소매업,시계 및 귀금속 소매업,CS300004,핸드폰,0.0,
G217,소매업,시계 및 귀금속 소매업,CS300009,청과상,0.0,
G217,소매업,시계 및 귀금속 소매업,CS300010,반찬가게,0.0,
G217,소매업,시계 및 귀금속 소매업,CS300011,일반의류,0.0,
G217,소매업,시계 및 귀금속 소매업,CS300012,한복점,0.0,
G217,소매업,시계 및 귀금속 소매업,CS300013,유아의류,0.0,
G217,소매업,시계 및 귀금속 소매업,CS300014,신발,0.0,
G217,소매업,시계 및 귀금속 소매업,CS300015,가방,0.0,
G217,소매업,시계 및 귀금속 소매업,CS300016,안경,0.0,
G217,소매업,시계 및 귀금속 소매업,CS300018,의약품,0.0,
G217,소매업,시계 및 귀금속 소매업,CS300019,의료기기,0.0,
G217,소매업,시계 및 귀금속 소매업,CS300020,서적,0.0,
G217,소매업,시계 및 귀금속 소매업,CS300021,문구,0.0,
G217,소매업,시계 및 귀금속 소매업,CS300022,화장품,0.0,
G217,소매업,시계 및 귀금속 소매업,CS300023,미용재료,0.0,
G217,소매업,시계 및 귀금속 소매업,CS300024,운동/경기용품,0.0,
G217,소매업,시계 및 귀금속 소매업,CS300025,자전거 및 기타운송장비,0.0,
G217,소매업,시계 및 귀금속 소매업,CS300026,완구,0.0,
G217,소매업,시계 및 귀금속 소매업,CS300027,섬유제품,0.0,
G217,소매업,시계 및 귀금속 소매업,CS300028,화초,0.0,
G217,소매업,시계 및 귀금속 소매업,CS300029,애완동물,0.0,
G217,소매업,시계 및 귀금속 소매업,CS300030,중고가구,0.0,
G217,소매업,시계 및 귀금속 소매업,CS300031,가구,0.0,
G217,소매업,시계 및 귀금속 소매업,CS300032,가전제품,0.0,
G217,소매업,시계 및 귀금속 소매업,CS300033,철물점,0.0,
G217,소매업,시계 및 귀금속 소매업,CS300034,악기,0.0,
G217,소매업,시계 및 귀금속 소매업,CS300035,인테리어,0.0,
G217,소매업,시계 및 귀금속 소매업,CS300036,조명용품,0.0,
G217,소매업,시계 및 귀금속 소매업,CS300038,자동차부품,0.0,
G217,소매업,시계 및 귀금속 소매업,CS300039,모터사이클및부품,0.0,
G217,소매업,시계 및 귀금속 소매업,CS300041,예술품,0.0,
G217,소매업,시계 및 귀금속 소매업,CS300043,전자상거래업,0.0,
G218,소매업,"예술품, 기념품 및 장식용품 소매업",CS100005,제과점,0.0,
G218,소매업,"예술품, 기념품 및 장식용품 소매업",CS100006,패스트푸드점,0.0,
G218,소매업,"예술품, 기념품 및 장식용품 소매업",CS100007,치킨전문점,0.0,
G218,소매업,"예술품, 기념품 및 장식용품 소매업",CS100009,호프-간이주점,0.0,
G218,소매업,"예술품, 기념품 및 장식용품 소매업",CS100010,커피-음료,0.0,
G218,소매업,"예술품, 기념품 및 장식용품 소매업",CS200001,일반교습학원,0.0,
G218,소매업,"예술품, 기념품 및 장식용품 소매업",CS200002,외국어학원,0.0,
G218,소매업,"예술품, 기념품 및 장식용품 소매업",CS200004,컴퓨터학원,0.0,
G218,소매업,"예술품, 기념품 및 장식용품 소매업",CS200005,스포츠 강습,0.0,
G218,소매업,"예술품, 기념품 및 장식용품 소매업",CS200006,일반의원,0.0,
G218,소매업,"예술품, 기념품 및 장식용품 소매업",CS200007,치과의원,0.0,
G218,소매업,"예술품, 기념품 및 장식용품 소매업",CS200008,한의원,0.0,
G218,소매업,"예술품, 기념품 및 장식용품 소매업",CS200009,동물병원,0.0,
G218,소매업,"예술품, 기념품 및 장식용품 소매업",CS200013,기타법무서비스,0.0,
G218,소매업,"예술품, 기념품 및 장식용품 소매업",CS200019,PC방,0.0,
G218,소매업,"예술품, 기념품 및 장식용품 소매업",CS200022,복권방,0.0,
G218,소매업,"예술품, 기념품 및 장식용품 소매업",CS200024,스포츠클럽,0.0,
G218,소매업,"예술품, 기념품 및 장식용품 소매업",CS200025,자동차수리,0.0,
G218,소매업,"예술품, 기념품 및 장식용품 소매업",CS200027,모터사이클수리,0.0,
G218,소매업,"예술품, 기념품 및 장식용품 소매업",CS200029,네일숍,0.0,
G218,소매업,"예술품, 기념품 및 장식용품 소매업",CS200030,피부관리실,0.0,
G218,소매업,"예술품, 기념품 및 장식용품 소매업",CS200033,부동산중개업,0.0,
G218,소매업,"예술품, 기념품 및 장식용품 소매업",CS200034,여관,0.0,
G218,소매업,"예술품, 기념품 및 장식용품 소매업",CS200035,게스트하우스,0.0,
G218,소매업,"예술품, 기념품 및 장식용품 소매업",CS200036,고시원,0.0,
G218,소매업,"예술품, 기념품 및 장식용품 소매업",CS200037,노래방,0.0,
G218,소매업,"예술품, 기념품 및 장식용품 소매업",CS200038,독서실,0.0,
G218,소매업,"예술품, 기념품 및 장식용품 소매업",CS200039,DVD방,0.0,
G218,소매업,"예술품, 기념품 및 장식용품 소매업",CS200040,녹음실,0.0,
G218,소매업,"예술품, 기념품 및 장식용품 소매업",CS200041,사진관,0.0,
G218,소매업,"예술품, 기념품 및 장식용품 소매업",CS200042,통번역서비스,0.0,
G218,소매업,"예술품, 기념품 및 장식용품 소매업",CS200044,여행사,0.0,
G218,소매업,"예술품, 기념품 및 장식용품 소매업",CS200045,비디오/서적임대,0.0,
G218,소매업,"예술품, 기념품 및 장식용품 소매업",CS200046,의류임대,0.0,
G218,소매업,"예술품, 기념품 및 장식용품 소매업",CS300001,슈퍼마켓,0.0,
G218,소매업,"예술품, 기념품 및 장식용품 소매업",CS300002,편의점,0.0,
G218,소매업,"예술품, 기념품 및 장식용품 소매업",CS300004,핸드폰,0.0,
G218,소매업,"예술품, 기념품 및 장식용품 소매업",CS300009,청과상,0.0,
G218,소매업,"예술품, 기념품 및 장식용품 소매업",CS300010,반찬가게,0.0,
G218,소매업,"예술품, 기념품 및 장식용품 소매업",CS300011,일반의류,0.0,
G218,소매업,"예술품, 기념품 및 장식용품 소매업",CS300012,한복점,0.0,
G218,소매업,"예술품, 기념품 및 장식용품 소매업",CS300013,유아의류,0.0,
G218,소매업,"예술품, 기념품 및 장식용품 소매업",CS300014,신발,0.0,
G218,소매업,"예술품, 기념품 및 장식용품 소매업",CS300015,가방,0.0,
G218,소매업,"예술품, 기념품 및 장식용품 소매업",CS300016,안경,0.0,
G218,소매업,"예술품, 기념품 및 장식용품 소매업",CS300017,시계및귀금속,0.0,
G218,소매업,"예술품, 기념품 및 장식용품 소매업",CS300020,서적,0.0,
G218,소매업,"예술품, 기념품 및 장식용품 소매업",CS300021,문구,0.0,
G218,소매업,"예술품, 기념품 및 장식용품 소매업",CS300026,완구,0.0,
G218,소매업,"예술품, 기념품 및 장식용품 소매업",CS300028,화초,0.0,
G218,소매업,"예술품, 기념품 및 장식용품 소매업",CS300029,애완동물,0.0,
G218,소매업,"예술품, 기념품 및 장식용품 소매업",CS300030,중고가구,0.0,
G218,소매업,"예술품, 기념품 및 장식용품 소매업",CS300031,가구,0.0,
G218,소매업,"예술품, 기념품 및 장식용품 소매업",CS300033,철물점,0.0,
G218,소매업,"예술품, 기념품 및 장식용품 소매업",CS300035,인테리어,0.0,
G218,소매업,"예술품, 기념품 및 장식용품 소매업",CS300043,전자상거래업,0.0,
G219,소매업,화초 및 식물 소매업,CS100005,제과점,0.0,
G219,소매업,화초 및 식물 소매업,CS100006,패스트푸드점,0.0,
G219,소매업,화초 및 식물 소매업,CS100007,치킨전문점,0.0,
G219,소매업,화초 및 식물 소매업,CS100009,호프-간이주점,0.0,
G219,소매업,화초 및 식물 소매업,CS100010,커피-음료,0.0,
G219,소매업,화초 및 식물 소매업,CS200001,일반교습학원,0.0,
G219,소매업,화초 및 식물 소매업,CS200002,외국어학원,0.0,
G219,소매업,화초 및 식물 소매업,CS200003,예술학원,0.0,
G219,소매업,화초 및 식물 소매업,CS200004,컴퓨터학원,0.0,
G219,소매업,화초 및 식물 소매업,CS200005,스포츠 강습,0.0,
G219,소매업,화초 및 식물 소매업,CS200006,일반의원,0.0,
G219,소매업,화초 및 식물 소매업,CS200007,치과의원,0.0,
G219,소매업,화초 및 식물 소매업,CS200008,한의원,0.0,
G219,소매업,화초 및 식물 소매업,CS200013,기타법무서비스,0.0,
G219,소매업,화초 및 식물 소매업,CS200016,당구장,0.0,
G219,소매업,화초 및 식물 소매업,CS200017,골프연습장,0.0,
G219,소매업,화초 및 식물 소매업,CS200018,볼링장,0.0,
G219,소매업,화초 및 식물 소매업,CS200019,PC방,0.0,
G219,소매업,화초 및 식물 소매업,CS200020,전자게임장,0.0,
G219,소매업,화초 및 식물 소매업,CS200021,기타오락장,0.0,
G219,소매업,화초 및 식물 소매업,CS200022,복권방,0.0,
G219,소매업,화초 및 식물 소매업,CS200023,통신기기수리,0.0,
G219,소매업,화초 및 식물 소매업,CS200024,스포츠클럽,0.0,
G219,소매업,화초 및 식물 소매업,CS200025,자동차수리,0.0,
G219,소매업,화초 및 식물 소매업,CS200026,자동차미용,0.0,
G219,소매업,화초 및 식물 소매업,CS200027,모터사이클수리,0.0,
G219,소매업,화초 및 식물 소매업,CS200028,미용실,0.0,
G219,소매업,화초 및 식물 소매업,CS200029,네일숍,0.0,
G219,소매업,화초 및 식물 소매업,CS200030,피부관리실,0.0,
G219,소매업,화초 및 식물 소매업,CS200032,가전제품수리,0.0,
G219,소매업,화초 및 식물 소매업,CS200033,부동산중개업,0.0,
G219,소매업,화초 및 식물 소매업,CS200034,여관,0.0,
G219,소매업,화초 및 식물 소매업,CS200035,게스트하우스,0.0,
G219,소매업,화초 및 식물 소매업,CS200036,고시원,0.0,
G219,소매업,화초 및 식물 소매업,CS200037,노래방,0.0,
G219,소매업,화초 및 식물 소매업,CS200038,독서실,0.0,
G219,소매업,화초 및 식물 소매업,CS200039,DVD방,0.0,
G219,소매업,화초 및 식물 소매업,CS200040,녹음실,0.0,
G219,소매업,화초 및 식물 소매업,CS200041,사진관,0.0,
G219,소매업,화초 및 식물 소매업,CS200042,통번역서비스,0.0,
G219,소매업,화초 및 식물 소매업,CS200044,여행사,0.0,
G219,소매업,화초 및 식물 소매업,CS200045,비디오/서적임대,0.0,
G219,소매업,화초 및 식물 소매업,CS200046,의류임대,0.0,
G219,소매업,화초 및 식물 소매업,CS200047,가정용품임대,0.0,
G219,소매업,화초 및 식물 소매업,CS300001,슈퍼마켓,0.0,
G219,소매업,화초 및 식물 소매업,CS300002,편의점,0.0,
G219,소매업,화초 및 식물 소매업,CS300004,핸드폰,0.0,
G219,소매업,화초 및 식물 소매업,CS300009,청과상,0.0,
G219,소매업,화초 및 식물 소매업,CS300010,반찬가게,0.0,
G219,소매업,화초 및 식물 소매업,CS300011,일반의류,0.0,
G219,소매업,화초 및 식물 소매업,CS300012,한복점,0.0,
G219,소매업,화초 및 식물 소매업,CS300013,유아의류,0.0,
G219,소매업,화초 및 식물 소매업,CS300014,신발,0.0,
G219,소매업,화초 및 식물 소매업,CS300015,가방,0.0,
G219,소매업,화초 및 식물 소매업,CS300016,안경,0.0,
G219,소매업,화초 및 식물 소매업,CS300017,시계및귀금속,0.0,
G219,소매업,화초 및 식물 소매업,CS300018,의약품,0.0,
G219,소매업,화초 및 식물 소매업,CS300019,의료기기,0.0,
G219,소매업,화초 및 식물 소매업,CS300020,서적,0.0,
G219,소매업,화초 및 식물 소매업,CS300021,문구,0.0,
G219,소매업,화초 및 식물 소매업,CS300023,미용재료,0.0,
G219,소매업,화초 및 식물 소매업,CS300024,운동/경기용품,0.0,
G219,소매업,화초 및 식물 소매업,CS300025,자전거 및 기타운송장비,0.0,
G219,소매업,화초 및 식물 소매업,CS300026,완구,0.0,
G219,소매업,화초 및 식물 소매업,CS300027,섬유제품,0.0,
G219,소매업,화초 및 식물 소매업,CS300030,중고가구,0.0,
G219,소매업,화초 및 식물 소매업,CS300031,가구,0.0,
G219,소매업,화초 및 식물 소매업,CS300032,가전제품,0.0,
G219,소매업,화초 및 식물 소매업,CS300034,악기,0.0,
G219,소매업,화초 및 식물 소매업,CS300035,인테리어,0.0,
G219,소매업,화초 및 식물 소매업,CS300036,조명용품,0.0,
G219,소매업,화초 및 식물 소매업,CS300038,자동차부품,0.0,
G219,소매업,화초 및 식물 소매업,CS300039,모터사이클및부품,0.0,
G219,소매업,화초 및 식물 소매업,CS300041,예술품,0.0,
G219,소매업,화초 및 식물 소매업,CS300043,전자상거래업,0.0,
G220,소매업,애완용 동물 및 관련용품 소매업,CS100001,한식음식점,0.0,
G220,소매업,애완용 동물 및 관련용품 소매업,CS100002,중식음식점,0.0,
G220,소매업,애완용 동물 및 관련용품 소매업,CS100003,일식음식점,0.0,
G220,소매업,애완용 동물 및 관련용품 소매업,CS100004,양식음식점,0.0,
G220,소매업,애완용 동물 및 관련용품 소매업,CS100005,제과점,0.0,
G220,소매업,애완용 동물 및 관련용품 소매업,CS100006,패스트푸드점,0.0,
G220,소매업,애완용 동물 및 관련용품 소매업,CS100007,치킨전문점,0.0,
G220,소매업,애완용 동물 및 관련용품 소매업,CS100008,분식전문점,0.0,
G220,소매업,애완용 동물 및 관련용품 소매업,CS100009,호프-간이주점,0.0,
G220,소매업,애완용 동물 및 관련용품 소매업,CS100010,커피-음료,0.0,
G220,소매업,애완용 동물 및 관련용품 소매업,CS200001,일반교습학원,0.0,
G220,소매업,애완용 동물 및 관련용품 소매업,CS200002,외국어학원,0.0,
G220,소매업,애완용 동물 및 관련용품 소매업,CS200003,예술학원,0.0,
G220,소매업,애완용 동물 및 관련용품 소매업,CS200004,컴퓨터학원,0.0,
G220,소매업,애완용 동물 및 관련용품 소매업,CS200005,스포츠 강습,0.0,
G220,소매업,애완용 동물 및 관련용품 소매업,CS200006,일반의원,0.0,
G220,소매업,애완용 동물 및 관련용품 소매업,CS200007,치과의원,0.0,
G220,소매업,애완용 동물 및 관련용품 소매업,CS200008,한의원,0.0,
G220,소매업,애완용 동물 및 관련용품 소매업,CS200013,기타법무서비스,0.0,
G220,소매업,애완용 동물 및 관련용품 소매업,CS200016,당구장,0.0,
G220,소매업,애완용 동물 및 관련용품 소매업,CS200017,골프연습장,0.0,
G220,소매업,애완용 동물 및 관련용품 소매업,CS200018,볼링장,0.0,
G220,소매업,애완용 동물 및 관련용품 소매업,CS200019,PC방,0.0,
G220,소매업,애완용 동물 및 관련용품 소매업,CS200020,전자게임장,0.0,
G220,소매업,애완용 동물 및 관련용품 소매업,CS200021,기타오락장,0.0,
G220,소매업,애완용 동물 및 관련용품 소매업,CS200022,복권방,0.0,
G220,소매업,애완용 동물 및 관련용품 소매업,CS200023,통신기기수리,0.0,
G220,소매업,애완용 동물 및 관련용품 소매업,CS200024,스포츠클럽,0.0,
G220,소매업,애완용 동물 및 관련용품 소매업,CS200027,모터사이클수리,0.0,
G220,소매업,애완용 동물 및 관련용품 소매업,CS200029,네일숍,0.0,
G220,소매업,애완용 동물 및 관련용품 소매업,CS200035,게스트하우스,0.0,
G220,소매업,애완용 동물 및 관련용품 소매업,CS200036,고시원,0.0,
G220,소매업,애완용 동물 및 관련용품 소매업,CS200037,노래방,0.0,
G220,소매업,애완용 동물 및 관련용품 소매업,CS200038,독서실,0.0,
G220,소매업,애완용 동물 및 관련용품 소매업,CS200039,DVD방,0.0,
G220,소매업,애완용 동물 및 관련용품 소매업,CS200040,녹음실,0.0,
G220,소매업,애완용 동물 및 관련용품 소매업,CS200042,통번역서비스,0.0,
G220,소매업,애완용 동물 및 관련용품 소매업,CS200044,여행사,0.0,
G220,소매업,애완용 동물 및 관련용품 소매업,CS200045,비디오/서적임대,0.0,
G220,소매업,애완용 동물 및 관련용품 소매업,CS200046,의류임대,0.0,
G220,소매업,애완용 동물 및 관련용품 소매업,CS300001,슈퍼마켓,0.0,
G220,소매업,애완용 동물 및 관련용품 소매업,CS300002,편의점,0.0,
G220,소매업,애완용 동물 및 관련용품 소매업,CS300004,핸드폰,0.0,
G220,소매업,애완용 동물 및 관련용품 소매업,CS300009,청과상,0.0,
G220,소매업,애완용 동물 및 관련용품 소매업,CS300010,반찬가게,0.0,
G220,소매업,애완용 동물 및 관련용품 소매업,CS300011,일반의류,0.0,
G220,소매업,애완용 동물 및 관련용품 소매업,CS300012,한복점,0.0,
G220,소매업,애완용 동물 및 관련용품 소매업,CS300013,유아의류,0.0,
G220,소매업,애완용 동물 및 관련용품 소매업,CS300014,신발,0.0,
G220,소매업,애완용 동물 및 관련용품 소매업,CS300015,가방,0.0,
G220,소매업,애완용 동물 및 관련용품 소매업,CS300016,안경,0.0,
G220,소매업,애완용 동물 및 관련용품 소매업,CS300017,시계및귀금속,0.0,
G220,소매업,애완용 동물 및 관련용품 소매업,CS300019,의료기기,0.0,
G220,소매업,애완용 동물 및 관련용품 소매업,CS300020,서적,0.0,
G220,소매업,애완용 동물 및 관련용품 소매업,CS300021,문구,0.0,
G220,소매업,애완용 동물 및 관련용품 소매업,CS300025,자전거 및 기타운송장비,0.0,
G220,소매업,애완용 동물 및 관련용품 소매업,CS300028,화초,0.0,
G220,소매업,애완용 동물 및 관련용품 소매업,CS300030,중고가구,0.0,
G220,소매업,애완용 동물 및 관련용품 소매업,CS300031,가구,0.0,
G220,소매업,애완용 동물 및 관련용품 소매업,CS300034,악기,0.0,
G220,소매업,애완용 동물 및 관련용품 소매업,CS300035,인테리어,0.0,
G220,소매업,애완용 동물 및 관련용품 소매업,CS300043,전자상거래업,0.0,
G221,소매업,기타 상품 전문 소매업,CS100001,한식음식점,0.0,
G221,소매업,기타 상품 전문 소매업,CS100002,중식음식점,0.0,
G221,소매업,기타 상품 전문 소매업,CS100003,일식음식점,0.0,
G221,소매업,기타 상품 전문 소매업,CS100004,양식음식점,0.0,
G221,소매업,기타 상품 전문 소매업,CS100005,제과점,0.0,
G221,소매업,기타 상품 전문 소매업,CS100006,패스트푸드점,0.0,
G221,소매업,기타 상품 전문 소매업,CS100009,호프-간이주점,0.0,
G221,소매업,기타 상품 전문 소매업,CS100010,커피-음료,0.0,
G221,소매업,기타 상품 전문 소매업,CS200001,일반교습학원,0.0,
G221,소매업,기타 상품 전문 소매업,CS200002,외국어학원,0.0,
G221,소매업,기타 상품 전문 소매업,CS200003,예술학원,0.0,
G221,소매업,기타 상품 전문 소매업,CS200004,컴퓨터학원,0.0,
G221,소매업,기타 상품 전문 소매업,CS200005,스포츠 강습,0.0,
G221,소매업,기타 상품 전문 소매업,CS200006,일반의원,0.0,
G221,소매업,기타 상품 전문 소매업,CS200007,치과의원,0.0,
G221,소매업,기타 상품 전문 소매업,CS200008,한의원,0.0,
G221,소매업,기타 상품 전문 소매업,CS200009,동물병원,0.0,
G221,소매업,기타 상품 전문 소매업,CS200013,기타법무서비스,0.0,
G221,소매업,기타 상품 전문 소매업,CS200016,당구장,0.0,
G221,소매업,기타 상품 전문 소매업,CS200017,골프연습장,0.0,
G221,소매업,기타 상품 전문 소매업,CS200018,볼링장,0.0,
G221,소매업,기타 상품 전문 소매업,CS200019,PC방,0.0,
G221,소매업,기타 상품 전문 소매업,CS200021,기타오락장,0.0,
G221,소매업,기타 상품 전문 소매업,CS200022,복권방,0.0,
G221,소매업,기타 상품 전문 소매업,CS200023,통신기기수리,0.0,
G221,소매업,기타 상품 전문 소매업,CS200024,스포츠클럽,0.0,
G221,소매업,기타 상품 전문 소매업,CS200025,자동차수리,0.0,
G221,소매업,기타 상품 전문 소매업,CS200026,자동차미용,0.0,
G221,소매업,기타 상품 전문 소매업,CS200027,모터사이클수리,0.0,
G221,소매업,기타 상품 전문 소매업,CS200028,미용실,0.0,
G221,소매업,기타 상품 전문 소매업,CS200029,네일숍,0.0,
G221,소매업,기타 상품 전문 소매업,CS200030,피부관리실,0.0,
G221,소매업,기타 상품 전문 소매업,CS200033,부동산중개업,0.0,
G221,소매업,기타 상품 전문 소매업,CS200034,여관,0.0,
G221,소매업,기타 상품 전문 소매업,CS200035,게스트하우스,0.0,
G221,소매업,기타 상품 전문 소매업,CS200036,고시원,0.0,
G221,소매업,기타 상품 전문 소매업,CS200037,노래방,0.0,
G221,소매업,기타 상품 전문 소매업,CS200038,독서실,0.0,
G221,소매업,기타 상품 전문 소매업,CS200039,DVD방,0.0,
G221,소매업,기타 상품 전문 소매업,CS200040,녹음실,0.0,
G221,소매업,기타 상품 전문 소매업,CS200041,사진관,0.0,
G221,소매업,기타 상품 전문 소매업,CS200042,통번역서비스,0.0,
G221,소매업,기타 상품 전문 소매업,CS200044,여행사,0.0,
G221,소매업,기타 상품 전문 소매업,CS200045,비디오/서적임대,0.0,
G221,소매업,기타 상품 전문 소매업,CS200046,의류임대,0.0,
G221,소매업,기타 상품 전문 소매업,CS300001,슈퍼마켓,0.0,
G221,소매업,기타 상품 전문 소매업,CS300002,편의점,0.0,
G221,소매업,기타 상품 전문 소매업,CS300004,핸드폰,0.0,
G221,소매업,기타 상품 전문 소매업,CS300010,반찬가게,0.0,
G221,소매업,기타 상품 전문 소매업,CS300011,일반의류,0.0,
G221,소매업,기타 상품 전문 소매업,CS300012,한복점,0.0,
G221,소매업,기타 상품 전문 소매업,CS300013,유아의류,0.0,
G221,소매업,기타 상품 전문 소매업,CS300014,신발,0.0,
G221,소매업,기타 상품 전문 소매업,CS300015,가방,0.0,
G221,소매업,기타 상품 전문 소매업,CS300016,안경,0.0,
G221,소매업,기타 상품 전문 소매업,CS300017,시계및귀금속,0.0,
G221,소매업,기타 상품 전문 소매업,CS300019,의료기기,0.0,
G221,소매업,기타 상품 전문 소매업,CS300020,서적,0.0,
G221,소매업,기타 상품 전문 소매업,CS300023,미용재료,0.0,
G221,소매업,기타 상품 전문 소매업,CS300026,완구,0.0,
G221,소매업,기타 상품 전문 소매업,CS300028,화초,0.0,
G221,소매업,기타 상품 전문 소매업,CS300029,애완동물,0.0,
G221,소매업,기타 상품 전문 소매업,CS300030,중고가구,0.0,
G221,소매업,기타 상품 전문 소매업,CS300031,가구,0.0,
G221,소매업,기타 상품 전문 소매업,CS300033,철물점,0.0,
G221,소매업,기타 상품 전문 소매업,CS300034,악기,0.0,
G221,소매업,기타 상품 전문 소매업,CS300035,인테리어,0.0,
G222,소매업,중고 상품 소매업,CS100001,한식음식점,0.0,
G222,소매업,중고 상품 소매업,CS100003,일식음식점,0.0,
G222,소매업,중고 상품 소매업,CS100004,양식음식점,0.0,
G222,소매업,중고 상품 소매업,CS100005,제과점,0.0,
G222,소매업,중고 상품 소매업,CS100006,패스트푸드점,0.0,
G222,소매업,중고 상품 소매업,CS100007,치킨전문점,0.0,
G222,소매업,중고 상품 소매업,CS100008,분식전문점,0.0,
G222,소매업,중고 상품 소매업,CS100009,호프-간이주점,0.0,
G222,소매업,중고 상품 소매업,CS100010,커피-음료,0.0,
G222,소매업,중고 상품 소매업,CS200001,일반교습학원,0.0,
G222,소매업,중고 상품 소매업,CS200002,외국어학원,0.0,
G222,소매업,중고 상품 소매업,CS200003,예술학원,0.0,
G222,소매업,중고 상품 소매업,CS200004,컴퓨터학원,0.0,
G222,소매업,중고 상품 소매업,CS200005,스포츠 강습,0.0,
G222,소매업,중고 상품 소매업,CS200006,일반의원,0.0,
G222,소매업,중고 상품 소매업,CS200007,치과의원,0.0,
G222,소매업,중고 상품 소매업,CS200008,한의원,0.0,
G222,소매업,중고 상품 소매업,CS200009,동물병원,0.0,
G222,소매업,중고 상품 소매업,CS200013,기타법무서비스,0.0,
G222,소매업,중고 상품 소매업,CS200016,당구장,0.0,
G222,소매업,중고 상품 소매업,CS200017,골프연습장,0.0,
G222,소매업,중고 상품 소매업,CS200018,볼링장,0.0,
G222,소매업,중고 상품 소매업,CS200019,PC방,0.0,
G222,소매업,중고 상품 소매업,CS200020,전자게임장,0.0,
G222,소매업,중고 상품 소매업,CS200021,기타오락장,0.0,
G222,소매업,중고 상품 소매업,CS200022,복권방,0.0,
G222,소매업,중고 상품 소매업,CS200023,통신기기수리,0.0,
G222,소매업,중고 상품 소매업,CS200024,스포츠클럽,0.0,
G222,소매업,중고 상품 소매업,CS200025,자동차수리,0.0,
G222,소매업,중고 상품 소매업,CS200026,자동차미용,0.0,
G222,소매업,중고 상품 소매업,CS200027,모터사이클수리,0.0,
G222,소매업,중고 상품 소매업,CS200028,미용실,0.0,
G222,소매업,중고 상품 소매업,CS200029,네일숍,0.0,
G222,소매업,중고 상품 소매업,CS200030,피부관리실,0.0,
G222,소매업,중고 상품 소매업,CS200034,여관,0.0,
G222,소매업,중고 상품 소매업,CS200035,게스트하우스,0.0,
G222,소매업,중고 상품 소매업,CS200037,노래방,0.0,
G222,소매업,중고 상품 소매업,CS200038,독서실,0.0,
G222,소매업,중고 상품 소매업,CS200039,DVD방,0.0,
G222,소매업,중고 상품 소매업,CS200040,녹음실,0.0,
G222,소매업,중고 상품 소매업,CS200041,사진관,0.0,
G222,소매업,중고 상품 소매업,CS200042,통번역서비스,0.0,
G222,소매업,중고 상품 소매업,CS200044,여행사,0.0,
G222,소매업,중고 상품 소매업,CS200045,비디오/서적임대,0.0,
G222,소매업,중고 상품 소매업,CS200046,의류임대,0.0,
G222,소매업,중고 상품 소매업,CS300001,슈퍼마켓,0.0,
G222,소매업,중고 상품 소매업,CS300002,편의점,0.0,
G222,소매업,중고 상품 소매업,CS300004,핸드폰,0.0,
G222,소매업,중고 상품 소매업,CS300010,반찬가게,0.0,
G222,소매업,중고 상품 소매업,CS300011,일반의류,0.0,
G222,소매업,중고 상품 소매업,CS300012,한복점,0.0,
G222,소매업,중고 상품 소매업,CS300013,유아의류,0.0,
G222,소매업,중고 상품 소매업,CS300014,신발,0.0,
G222,소매업,중고 상품 소매업,CS300015,가방,0.0,
G222,소매업,중고 상품 소매업,CS300016,안경,0.0,
G222,소매업,중고 상품 소매업,CS300017,시계및귀금속,0.0,
G222,소매업,중고 상품 소매업,CS300019,의료기기,0.0,
G222,소매업,중고 상품 소매업,CS300020,서적,0.0,
G222,소매업,중고 상품 소매업,CS300021,문구,0.0,
G222,소매업,중고 상품 소매업,CS300023,미용재료,0.0,
G222,소매업,중고 상품 소매업,CS300025,자전거 및 기타운송장비,0.0,
G222,소매업,중고 상품 소매업,CS300026,완구,0.0,
G222,소매업,중고 상품 소매업,CS300028,화초,0.0,
G222,소매업,중고 상품 소매업,CS300029,애완동물,0.0,
G222,소매업,중고 상품 소매업,CS300031,가구,0.0,
G222,소매업,중고 상품 소매업,CS300033,철물점,0.0,
G222,소매업,중고 상품 소매업,CS300034,악기,0.0,
G222,소매업,중고 상품 소매업,CS300035,인테리어,0.0,
I101,숙박업,일반 및 생활 숙박시설 운영업,CS100001,한식음식점,0.0,
I101,숙박업,일반 및 생활 숙박시설 운영업,CS100002,중식음식점,0.0,
I101,숙박업,일반 및 생활 숙박시설 운영업,CS100004,양식음식점,0.0,
I101,숙박업,일반 및 생활 숙박시설 운영업,CS100005,제과점,0.0,
I101,숙박업,일반 및 생활 숙박시설 운영업,CS100006,패스트푸드점,0.0,
I101,숙박업,일반 및 생활 숙박시설 운영업,CS100007,치킨전문점,0.0,
I101,숙박업,일반 및 생활 숙박시설 운영업,CS100008,분식전문점,0.0,
I101,숙박업,일반 및 생활 숙박시설 운영업,CS100009,호프-간이주점,0.0,
I101,숙박업,일반 및 생활 숙박시설 운영업,CS100010,커피-음료,0.0,
I101,숙박업,일반 및 생활 숙박시설 운영업,CS200002,외국어학원,0.0,
I101,숙박업,일반 및 생활 숙박시설 운영업,CS200003,예술학원,0.0,
I101,숙박업,일반 및 생활 숙박시설 운영업,CS200004,컴퓨터학원,0.0,
I101,숙박업,일반 및 생활 숙박시설 운영업,CS200005,스포츠 강습,0.0,
I101,숙박업,일반 및 생활 숙박시설 운영업,CS200007,치과의원,0.0,
I101,숙박업,일반 및 생활 숙박시설 운영업,CS200008,한의원,0.0,
I101,숙박업,일반 및 생활 숙박시설 운영업,CS200009,동물병원,0.0,
I101,숙박업,일반 및 생활 숙박시설 운영업,CS200010,변호사사무소,0.0,
I101,숙박업,일반 및 생활 숙박시설 운영업,CS200011,변리사사무소,0.0,
I101,숙박업,일반 및 생활 숙박시설 운영업,CS200012,법무사사무소,0.0,
I101,숙박업,일반 및 생활 숙박시설 운영업,CS200013,기타법무서비스,0.0,
I101,숙박업,일반 및 생활 숙박시설 운영업,CS200014,회계사사무소,0.0,
I101,숙박업,일반 및 생활 숙박시설 운영업,CS200015,세무사사무소,0.0,
I101,숙박업,일반 및 생활 숙박시설 운영업,CS200016,당구장,0.0,
I101,숙박업,일반 및 생활 숙박시설 운영업,CS200017,골프연습장,0.0,
I101,숙박업,일반 및 생활 숙박시설 운영업,CS200018,볼링장,0.0,
I101,숙박업,일반 및 생활 숙박시설 운영업,CS200019,PC방,0.0,
I101,숙박업,일반 및 생활 숙박시설 운영업,CS200020,전자게임장,0.0,
I101,숙박업,일반 및 생활 숙박시설 운영업,CS200021,기타오락장,0.0,
I101,숙박업,일반 및 생활 숙박시설 운영업,CS200022,복권방,0.0,
I101,숙박업,일반 및 생활 숙박시설 운영업,CS200023,통신기기수리,0.0,
I101,숙박업,일반 및 생활 숙박시설 운영업,CS200024,스포츠클럽,0.0,
I101,숙박업,일반 및 생활 숙박시설 운영업,CS200025,자동차수리,0.0,
I101,숙박업,일반 및 생활 숙박시설 운영업,CS200026,자동차미용,0.0,
I101,숙박업,일반 및 생활 숙박시설 운영업,CS200027,모터사이클수리,0.0,
I101,숙박업,일반 및 생활 숙박시설 운영업,CS200028,미용실,0.0,
I101,숙박업,일반 및 생활 숙박시설 운영업,CS200030,피부관리실,0.0,
I101,숙박업,일반 및 생활 숙박시설 운영업,CS200031,세탁소,0.0,
I101,숙박업,일반 및 생활 숙박시설 운영업,CS200032,가전제품수리,0.0,
I101,숙박업,일반 및 생활 숙박시설 운영업,CS200033,부동산중개업,0.0,
I101,숙박업,일반 및 생활 숙박시설 운영업,CS200034,여관,0.0,
I101,숙박업,일반 및 생활 숙박시설 운영업,CS200035,게스트하우스,0.0,
I101,숙박업,일반 및 생활 숙박시설 운영업,CS200037,노래방,0.0,
I101,숙박업,일반 및 생활 숙박시설 운영업,CS200038,독서실,0.0,
I101,숙박업,일반 및 생활 숙박시설 운영업,CS200039,DVD방,0.0,
I101,숙박업,일반 및 생활 숙박시설 운영업,CS200040,녹음실,0.0,
I101,숙박업,일반 및 생활 숙박시설 운영업,CS200041,사진관,0.0,
I101,숙박업,일반 및 생활 숙박시설 운영업,CS200042,통번역서비스,0.0,
I101,숙박업,일반 및 생활 숙박시설 운영업,CS200043,건축물청소,0.0,
I101,숙박업,일반 및 생활 숙박시설 운영업,CS200044,여행사,0.0,
I101,숙박업,일반 및 생활 숙박시설 운영업,CS200045,비디오/서적임대,0.0,
I101,숙박업,일반 및 생활 숙박시설 운영업,CS200046,의류임대,0.0,
I101,숙박업,일반 및 생활 숙박시설 운영업,CS200047,가정용품임대,0.0,
I101,숙박업,일반 및 생활 숙박시설 운영업,CS300001,슈퍼마켓,0.0,
I101,숙박업,일반 및 생활 숙박시설 운영업,CS300002,편의점,0.0,
I101,숙박업,일반 및 생활 숙박시설 운영업,CS300003,컴퓨터및주변장치판매,0.0,
I101,숙박업,일반 및 생활 숙박시설 운영업,CS300004,핸드폰,0.0,
I101,숙박업,일반 및 생활 숙박시설 운영업,CS300005,주류도매,0.0,
I101,숙박업,일반 및 생활 숙박시설 운영업,CS300006,미곡판매,0.0,
I101,숙박업,일반 및 생활 숙박시설 운영업,CS300007,육류판매,0.0,
I101,숙박업,일반 및 생활 숙박시설 운영업,CS300008,수산물판매,0.0,
I101,숙박업,일반 및 생활 숙박시설 운영업,CS300009,청과상,0.0,
I101,숙박업,일반 및 생활 숙박시설 운영업,CS300012,한복점,0.0,
I101,숙박업,일반 및 생활 숙박시설 운영업,CS300013,유아의류,0.0,
I101,숙박업,일반 및 생활 숙박시설 운영업,CS300014,신발,0.0,
I101,숙박업,일반 및 생활 숙박시설 운영업,CS300015,가방,0.0,
I101,숙박업,일반 및 생활 숙박시설 운영업,CS300016,안경,0.0,
I101,숙박업,일반 및 생활 숙박시설 운영업,CS300018,의약품,0.0,
I101,숙박업,일반 및 생활 숙박시설 운영업,CS300019,의료기기,0.0,
I101,숙박업,일반 및 생활 숙박시설 운영업,CS300020,서적,0.0,
I101,숙박업,일반 및 생활 숙박시설 운영업,CS300021,문구,0.0,
I101,숙박업,일반 및 생활 숙박시설 운영업,CS300022,화장품,0.0,
I101,숙박업,일반 및 생활 숙박시설 운영업,CS300023,미용재료,0.0,
I101,숙박업,일반 및 생활 숙박시설 운영업,CS300024,운동/경기용품,0.0,
I101,숙박업,일반 및 생활 숙박시설 운영업,CS300025,자전거 및 기타운송장비,0.0,
I101,숙박업,일반 및 생활 숙박시설 운영업,CS300026,완구,0.0,
I101,숙박업,일반 및 생활 숙박시설 운영업,CS300027,섬유제품,0.0,
I101,숙박업,일반 및 생활 숙박시설 운영업,CS300028,화초,0.0,
I101,숙박업,일반 및 생활 숙박시설 운영업,CS300029,애완동물,0.0,
I101,숙박업,일반 및 생활 숙박시설 운영업,CS300030,중고가구,0.0,
I101,숙박업,일반 및 생활 숙박시설 운영업,CS300031,가구,0.0,
I101,숙박업,일반 및 생활 숙박시설 운영업,CS300032,가전제품,0.0,
I101,숙박업,일반 및 생활 숙박시설 운영업,CS300033,철물점,0.0,
I101,숙박업,일반 및 생활 숙박시설 운영업,CS300034,악기,0.0,
I101,숙박업,일반 및 생활 숙박시설 운영업,CS300035,인테리어,0.0,
I101,숙박업,일반 및 생활 숙박시설 운영업,CS300036,조명용품,0.0,
I101,숙박업,일반 및 생활 숙박시설 운영업,CS300037,중고차판매,0.0,
I101,숙박업,일반 및 생활 숙박시설 운영업,CS300038,자동차부품,0.0,
I101,숙박업,일반 및 생활 숙박시설 운영업,CS300039,모터사이클및부품,0.0,
I101,숙박업,일반 및 생활 숙박시설 운영업,CS300041,예술품,0.0,
I101,숙박업,일반 및 생활 숙박시설 운영업,CS300042,주유소,0.0,
I101,숙박업,일반 및 생활 숙박시설 운영업,CS300043,전자상거래업,0.0,
I102,숙박업,기타 숙박업,CS100001,한식음식점,0.0,
I102,숙박업,기타 숙박업,CS100002,중식음식점,0.0,
I102,숙박업,기타 숙박업,CS100003,일식음식점,0.0,
I102,숙박업,기타 숙박업,CS100004,양식음식점,0.0,
I102,숙박업,기타 숙박업,CS100005,제과점,0.0,
I102,숙박업,기타 숙박업,CS100006,패스트푸드점,0.0,
I102,숙박업,기타 숙박업,CS100007,치킨전문점,0.0,
I102,숙박업,기타 숙박업,CS100008,분식전문점,0.0,
I102,숙박업,기타 숙박업,CS100009,호프-간이주점,0.0,
I102,숙박업,기타 숙박업,CS100010,커피-음료,0.0,
I102,숙박업,기타 숙박업,CS200001,일반교습학원,0.0,
I102,숙박업,기타 숙박업,CS200002,외국어학원,0.0,
I102,숙박업,기타 숙박업,CS200003,예술학원,0.0,
I102,숙박업,기타 숙박업,CS200004,컴퓨터학원,0.0,
I102,숙박업,기타 숙박업,CS200005,스포츠 강습,0.0,
I102,숙박업,기타 숙박업,CS200006,일반의원,0.0,
I102,숙박업,기타 숙박업,CS200007,치과의원,0.0,
I102,숙박업,기타 숙박업,CS200008,한의원,0.0,
I102,숙박업,기타 숙박업,CS200009,동물병원,0.0,
I102,숙박업,기타 숙박업,CS200010,변호사사무소,0.0,
I102,숙박업,기타 숙박업,CS200011,변리사사무소,0.0,
I102,숙박업,기타 숙박업,CS200012,법무사사무소,0.0,
I102,숙박업,기타 숙박업,CS200013,기타법무서비스,0.0,
I102,숙박업,기타 숙박업,CS200014,회계사사무소,0.0,
I102,숙박업,기타 숙박업,CS200015,세무사사무소,0.0,
I102,숙박업,기타 숙박업,CS200016,당구장,0.0,
I102,숙박업,기타 숙박업,CS200017,골프연습장,0.0,
I102,숙박업,기타 숙박업,CS200018,볼링장,0.0,
I102,숙박업,기타 숙박업,CS200019,PC방,0.0,
I102,숙박업,기타 숙박업,CS200020,전자게임장,0.0,
I102,숙박업,기타 숙박업,CS200021,기타오락장,0.0,
I102,숙박업,기타 숙박업,CS200022,복권방,0.0,
I102,숙박업,기타 숙박업,CS200023,통신기기수리,0.0,
I102,숙박업,기타 숙박업,CS200024,스포츠클럽,0.0,
I102,숙박업,기타 숙박업,CS200025,자동차수리,0.0,
I102,숙박업,기타 숙박업,CS200026,자동차미용,0.0,
I102,숙박업,기타 숙박업,CS200027,모터사이클수리,0.0,
I102,숙박업,기타 숙박업,CS200028,미용실,0.0,
I102,숙박업,기타 숙박업,CS200029,네일숍,0.0,
I102,숙박업,기타 숙박업,CS200030,피부관리실,0.0,
I102,숙박업,기타 숙박업,CS200031,세탁소,0.0,
I102,숙박업,기타 숙박업,CS200032,가전제품수리,0.0,
I102,숙박업,기타 숙박업,CS200033,부동산중개업,0.0,
I102,숙박업,기타 숙박업,CS200034,여관,0.0,
I102,숙박업,기타 숙박업,CS200035,게스트하우스,0.0,
I102,숙박업,기타 숙박업,CS200036,고시원,0.0,
I102,숙박업,기타 숙박업,CS200037,노래방,0.0,
I102,숙박업,기타 숙박업,CS200038,독서실,0.0,
I102,숙박업,기타 숙박업,CS200039,DVD방,0.0,
I102,숙박업,기타 숙박업,CS200040,녹음실,0.0,
I102,숙박업,기타 숙박업,CS200041,사진관,0.0,
I102,숙박업,기타 숙박업,CS200042,통번역서비스,0.0,
I102,숙박업,기타 숙박업,CS200043,건축물청소,0.0,
I102,숙박업,기타 숙박업,CS200044,여행사,0.0,
I102,숙박업,기타 숙박업,CS200045,비디오/서적임대,0.0,
I102,숙박업,기타 숙박업,CS200046,의류임대,0.0,
I102,숙박업,기타 숙박업,CS200047,가정용품임대,0.0,
I102,숙박업,기타 숙박업,CS300001,슈퍼마켓,0.0,
I102,숙박업,기타 숙박업,CS300002,편의점,0.0,
I102,숙박업,기타 숙박업,CS300003,컴퓨터및주변장치판매,0.0,
I102,숙박업,기타 숙박업,CS300004,핸드폰,0.0,
I102,숙박업,기타 숙박업,CS300005,주류도매,0.0,
I102,숙박업,기타 숙박업,CS300006,미곡판매,0.0,
I102,숙박업,기타 숙박업,CS300007,육류판매,0.0,
I102,숙박업,기타 숙박업,CS300008,수산물판매,0.0,
I102,숙박업,기타 숙박업,CS300009,청과상,0.0,
I102,숙박업,기타 숙박업,CS300010,반찬가게,0.0,
I102,숙박업,기타 숙박업,CS300011,일반의류,0.0,
I102,숙박업,기타 숙박업,CS300012,한복점,0.0,
I102,숙박업,기타 숙박업,CS300013,유아의류,0.0,
I102,숙박업,기타 숙박업,CS300014,신발,0.0,
I102,숙박업,기타 숙박업,CS300015,가방,0.0,
I102,숙박업,기타 숙박업,CS300016,안경,0.0,
I102,숙박업,기타 숙박업,CS300017,시계및귀금속,0.0,
I102,숙박업,기타 숙박업,CS300018,의약품,0.0,
I102,숙박업,기타 숙박업,CS300019,의료기기,0.0,
I102,숙박업,기타 숙박업,CS300020,서적,0.0,
I102,숙박업,기타 숙박업,CS300021,문구,0.0,
I102,숙박업,기타 숙박업,CS300022,화장품,0.0,
I102,숙박업,기타 숙박업,CS300023,미용재료,0.0,
I102,숙박업,기타 숙박업,CS300024,운동/경기용품,0.0,
I102,숙박업,기타 숙박업,CS300025,자전거 및 기타운송장비,0.0,
I102,숙박업,기타 숙박업,CS300026,완구,0.0,
I102,숙박업,기타 숙박업,CS300027,섬유제품,0.0,
I102,숙박업,기타 숙박업,CS300028,화초,0.0,
I102,숙박업,기타 숙박업,CS300029,애완동물,0.0,
I102,숙박업,기타 숙박업,CS300030,중고가구,0.0,
I102,숙박업,기타 숙박업,CS300031,가구,0.0,
I102,숙박업,기타 숙박업,CS300032,가전제품,0.0,
I102,숙박업,기타 숙박업,CS300033,철물점,0.0,
I102,숙박업,기타 숙박업,CS300034,악기,0.0,
I102,숙박업,기타 숙박업,CS300035,인테리어,0.0,
I102,숙박업,기타 숙박업,CS300036,조명용품,0.0,
I102,숙박업,기타 숙박업,CS300037,중고차판매,0.0,
I102,숙박업,기타 숙박업,CS300038,자동차부품,0.0,
I102,숙박업,기타 숙박업,CS300039,모터사이클및부품,0.0,
I102,숙박업,기타 숙박업,CS300040,재생용품 판매점,0.0,
I102,숙박업,기타 숙박업,CS300041,예술품,0.0,
I102,숙박업,기타 숙박업,CS300042,주유소,0.0,
I102,숙박업,기타 숙박업,CS300043,전자상거래업,0.0,
I201,음식점업,한식 음식점업,CS100005,제과점,0.0,
I201,음식점업,한식 음식점업,CS100006,패스트푸드점,0.0,
I201,음식점업,한식 음식점업,CS100007,치킨전문점,0.0,
I201,음식점업,한식 음식점업,CS100009,호프-간이주점,0.0,
I201,음식점업,한식 음식점업,CS200001,일반교습학원,0.0,
I201,음식점업,한식 음식점업,CS200002,외국어학원,0.0,
I201,음식점업,한식 음식점업,CS200003,예술학원,0.0,
I201,음식점업,한식 음식점업,CS200004,컴퓨터학원,0.0,
I201,음식점업,한식 음식점업,CS200005,스포츠 강습,0.0,
I201,음식점업,한식 음식점업,CS200006,일반의원,0.0,
I201,음식점업,한식 음식점업,CS200007,치과의원,0.0,
I201,음식점업,한식 음식점업,CS200009,동물병원,0.0,
I201,음식점업,한식 음식점업,CS200010,변호사사무소,0.0,
I201,음식점업,한식 음식점업,CS200011,변리사사무소,0.0,
I201,음식점업,한식 음식점업,CS200012,법무사사무소,0.0,
I201,음식점업,한식 음식점업,CS200013,기타법무서비스,0.0,
I201,음식점업,한식 음식점업,CS200014,회계사사무소,0.0,
I201,음식점업,한식 음식점업,CS200015,세무사사무소,0.0,
I201,음식점업,한식 음식점업,CS200016,당구장,0.0,
I201,음식점업,한식 음식점업,CS200017,골프연습장,0.0,
I201,음식점업,한식 음식점업,CS200018,볼링장,0.0,
I201,음식점업,한식 음식점업,CS200019,PC방,0.0,
I201,음식점업,한식 음식점업,CS200020,전자게임장,0.0,
I201,음식점업,한식 음식점업,CS200021,기타오락장,0.0,
I201,음식점업,한식 음식점업,CS200022,복권방,0.0,
I201,음식점업,한식 음식점업,CS200023,통신기기수리,0.0,
I201,음식점업,한식 음식점업,CS200024,스포츠클럽,0.0,
I201,음식점업,한식 음식점업,CS200025,자동차수리,0.0,
I201,음식점업,한식 음식점업,CS200026,자동차미용,0.0,
I201,음식점업,한식 음식점업,CS200027,모터사이클수리,0.0,
I201,음식점업,한식 음식점업,CS200028,미용실,0.0,
I201,음식점업,한식 음식점업,CS200029,네일숍,0.0,
I201,음식점업,한식 음식점업,CS200030,피부관리실,0.0,
I201,음식점업,한식 음식점업,CS200031,세탁소,0.0,
I201,음식점업,한식 음식점업,CS200032,가전제품수리,0.0,
I201,음식점업,한식 음식점업,CS200033,부동산중개업,0.0,
I201,음식점업,한식 음식점업,CS200034,여관,0.0,
I201,음식점업,한식 음식점업,CS200035,게스트하우스,0.0,
I201,음식점업,한식 음식점업,CS200036,고시원,0.0,
I201,음식점업,한식 음식점업,CS200037,노래방,0.0,
I201,음식점업,한식 음식점업,CS200038,독서실,0.0,
I201,음식점업,한식 음식점업,CS200039,DVD방,0.0,
I201,음식점업,한식 음식점업,CS200041,사진관,0.0,
I201,음식점업,한식 음식점업,CS200042,통번역서비스,0.0,
I201,음식점업,한식 음식점업,CS200043,건축물청소,0.0,
I201,음식점업,한식 음식점업,CS200044,여행사,0.0,
I201,음식점업,한식 음식점업,CS200045,비디오/서적임대,0.0,
I201,음식점업,한식 음식점업,CS200046,의류임대,0.0,
I201,음식점업,한식 음식점업,CS200047,가정용품임대,0.0,
I201,음식점업,한식 음식점업,CS300001,슈퍼마켓,0.0,
I201,음식점업,한식 음식점업,CS300002,편의점,0.0,
I201,음식점업,한식 음식점업,CS300003,컴퓨터및주변장치판매,0.0,
I201,음식점업,한식 음식점업,CS300004,핸드폰,0.0,
I201,음식점업,한식 음식점업,CS300005,주류도매,0.0,
I201,음식점업,한식 음식점업,CS300006,미곡판매,0.0,
I201,음식점업,한식 음식점업,CS300007,육류판매,0.0,
I201,음식점업,한식 음식점업,CS300008,수산물판매,0.0,
I201,음식점업,한식 음식점업,CS300009,청과상,0.0,
I201,음식점업,한식 음식점업,CS300010,반찬가게,0.0,
I201,음식점업,한식 음식점업,CS300011,일반의류,0.0,
I201,음식점업,한식 음식점업,CS300013,유아의류,0.0,
I201,음식점업,한식 음식점업,CS300014,신발,0.0,
I201,음식점업,한식 음식점업,CS300015,가방,0.0,
I201,음식점업,한식 음식점업,CS300016,안경,0.0,
I201,음식점업,한식 음식점업,CS300017,시계및귀금속,0.0,
I201,음식점업,한식 음식점업,CS300018,의약품,0.0,
I201,음식점업,한식 음식점업,CS300019,의료기기,0.0,
I201,음식점업,한식 음식점업,CS300020,서적,0.0,
I201,음식점업,한식 음식점업,CS300021,문구,0.0,
I201,음식점업,한식 음식점업,CS300022,화장품,0.0,
I201,음식점업,한식 음식점업,CS300023,미용재료,0.0,
I201,음식점업,한식 음식점업,CS300024,운동/경기용품,0.0,
I201,음식점업,한식 음식점업,CS300025,자전거 및 기타운송장비,0.0,
I201,음식점업,한식 음식점업,CS300026,완구,0.0,
I201,음식점업,한식 음식점업,CS300027,섬유제품,0.0,
I201,음식점업,한식 음식점업,CS300028,화초,0.0,
I201,음식점업,한식 음식점업,CS300029,애완동물,0.0,
I201,음식점업,한식 음식점업,CS300030,중고가구,0.0,
I201,음식점업,한식 음식점업,CS300031,가구,0.0,
I201,음식점업,한식 음식점업,CS300032,가전제품,0.0,
I201,음식점업,한식 음식점업,CS300033,철물점,0.0,
I201,음식점업,한식 음식점업,CS300034,악기,0.0,
I201,음식점업,한식 음식점업,CS300035,인테리어,0.0,
I201,음식점업,한식 음식점업,CS300036,조명용품,0.0,
I201,음식점업,한식 음식점업,CS300037,중고차판매,0.0,
I201,음식점업,한식 음식점업,CS300038,자동차부품,0.0,
I201,음식점업,한식 음식점업,CS300039,모터사이클및부품,0.0,
I201,음식점업,한식 음식점업,CS300040,재생용품 판매점,0.0,
I201,음식점업,한식 음식점업,CS300041,예술품,0.0,
I201,음식점업,한식 음식점업,CS300042,주유소,0.0,
I201,음식점업,한식 음식점업,CS300043,전자상거래업,0.0,
I202,음식점업,중식 음식점업,CS100005,제과점,0.0,
I202,음식점업,중식 음식점업,CS100006,패스트푸드점,0.0,
I202,음식점업,중식 음식점업,CS100007,치킨전문점,0.0,
I202,음식점업,중식 음식점업,CS100009,호프-간이주점,0.0,
I202,음식점업,중식 음식점업,CS200001,일반교습학원,0.0,
I202,음식점업,중식 음식점업,CS200002,외국어학원,0.0,
I202,음식점업,중식 음식점업,CS200003,예술학원,0.0,
I202,음식점업,중식 음식점업,CS200004,컴퓨터학원,0.0,
I202,음식점업,중식 음식점업,CS200005,스포츠 강습,0.0,
I202,음식점업,중식 음식점업,CS200006,일반의원,0.0,
I202,음식점업,중식 음식점업,CS200007,치과의원,0.0,
I202,음식점업,중식 음식점업,CS200008,한의원,0.0,
I202,음식점업,중식 음식점업,CS200009,동물병원,0.0,
I202,음식점업,중식 음식점업,CS200010,변호사사무소,0.0,
I202,음식점업,중식 음식점업,CS200011,변리사사무소,0.0,
I202,음식점업,중식 음식점업,CS200012,법무사사무소,0.0,
I202,음식점업,중식 음식점업,CS200013,기타법무서비스,0.0,
I202,음식점업,중식 음식점업,CS200014,회계사사무소,0.0,
I202,음식점업,중식 음식점업,CS200015,세무사사무소,0.0,
I202,음식점업,중식 음식점업,CS200016,당구장,0.0,
I202,음식점업,중식 음식점업,CS200017,골프연습장,0.0,
I202,음식점업,중식 음식점업,CS200018,볼링장,0.0,
I202,음식점업,중식 음식점업,CS200019,PC방,0.0,
I202,음식점업,중식 음식점업,CS200020,전자게임장,0.0,
I202,음식점업,중식 음식점업,CS200021,기타오락장,0.0,
I202,음식점업,중식 음식점업,CS200022,복권방,0.0,
I202,음식점업,중식 음식점업,CS200023,통신기기수리,0.0,
I202,음식점업,중식 음식점업,CS200024,스포츠클럽,0.0,
I202,음식점업,중식 음식점업,CS200025,자동차수리,0.0,
I202,음식점업,중식 음식점업,CS200026,자동차미용,0.0,
I202,음식점업,중식 음식점업,CS200027,모터사이클수리,0.0,
I202,음식점업,중식 음식점업,CS200028,미용실,0.0,
I202,음식점업,중식 음식점업,CS200029,네일숍,0.0,
I202,음식점업,중식 음식점업,CS200030,피부관리실,0.0,
I202,음식점업,중식 음식점업,CS200031,세탁소,0.0,
I202,음식점업,중식 음식점업,CS200032,가전제품수리,0.0,
I202,음식점업,중식 음식점업,CS200034,여관,0.0,
I202,음식점업,중식 음식점업,CS200035,게스트하우스,0.0,
I202,음식점업,중식 음식점업,CS200036,고시원,0.0,
I202,음식점업,중식 음식점업,CS200037,노래방,0.0,
I202,음식점업,중식 음식점업,CS200038,독서실,0.0,
I202,음식점업,중식 음식점업,CS200039,DVD방,0.0,
I202,음식점업,중식 음식점업,CS200041,사진관,0.0,
I202,음식점업,중식 음식점업,CS200042,통번역서비스,0.0,
I202,음식점업,중식 음식점업,CS200043,건축물청소,0.0,
I202,음식점업,중식 음식점업,CS200044,여행사,0.0,
I202,음식점업,중식 음식점업,CS200045,비디오/서적임대,0.0,
I202,음식점업,중식 음식점업,CS200046,의류임대,0.0,
I202,음식점업,중식 음식점업,CS200047,가정용품임대,0.0,
I202,음식점업,중식 음식점업,CS300001,슈퍼마켓,0.0,
I202,음식점업,중식 음식점업,CS300002,편의점,0.0,
I202,음식점업,중식 음식점업,CS300003,컴퓨터및주변장치판매,0.0,
I202,음식점업,중식 음식점업,CS300004,핸드폰,0.0,
I202,음식점업,중식 음식점업,CS300005,주류도매,0.0,
I202,음식점업,중식 음식점업,CS300006,미곡판매,0.0,
I202,음식점업,중식 음식점업,CS300007,육류판매,0.0,
I202,음식점업,중식 음식점업,CS300008,수산물판매,0.0,
I202,음식점업,중식 음식점업,CS300009,청과상,0.0,
I202,음식점업,중식 음식점업,CS300010,반찬가게,0.0,
I202,음식점업,중식 음식점업,CS300011,일반의류,0.0,
I202,음식점업,중식 음식점업,CS300012,한복점,0.0,
I202,음식점업,중식 음식점업,CS300013,유아의류,0.0,
I202,음식점업,중식 음식점업,CS300014,신발,0.0,
I202,음식점업,중식 음식점업,CS300015,가방,0.0,
I202,음식점업,중식 음식점업,CS300016,안경,0.0,
I202,음식점업,중식 음식점업,CS300017,시계및귀금속,0.0,
I202,음식점업,중식 음식점업,CS300018,의약품,0.0,
I202,음식점업,중식 음식점업,CS300019,의료기기,0.0,
I202,음식점업,중식 음식점업,CS300020,서적,0.0,
I202,음식점업,중식 음식점업,CS300021,문구,0.0,
I202,음식점업,중식 음식점업,CS300022,화장품,0.0,
I202,음식점업,중식 음식점업,CS300023,미용재료,0.0,
I202,음식점업,중식 음식점업,CS300024,운동/경기용품,0.0,
I202,음식점업,중식 음식점업,CS300025,자전거 및 기타운송장비,0.0,
I202,음식점업,중식 음식점업,CS300026,완구,0.0,
I202,음식점업,중식 음식점업,CS300027,섬유제품,0.0,
I202,음식점업,중식 음식점업,CS300028,화초,0.0,
I202,음식점업,중식 음식점업,CS300029,애완동물,0.0,
I202,음식점업,중식 음식점업,CS300031,가구,0.0,
I202,음식점업,중식 음식점업,CS300032,가전제품,0.0,
I202,음식점업,중식 음식점업,CS300033,철물점,0.0,
I202,음식점업,중식 음식점업,CS300034,악기,0.0,
I202,음식점업,중식 음식점업,CS300035,인테리어,0.0,
I202,음식점업,중식 음식점업,CS300036,조명용품,0.0,
I202,음식점업,중식 음식점업,CS300038,자동차부품,0.0,
I202,음식점업,중식 음식점업,CS300039,모터사이클및부품,0.0,
I202,음식점업,중식 음식점업,CS300040,재생용품 판매점,0.0,
I202,음식점업,중식 음식점업,CS300041,예술품,0.0,
I202,음식점업,중식 음식점업,CS300042,주유소,0.0,
I202,음식점업,중식 음식점업,CS300043,전자상거래업,0.0,
I203,음식점업,일식 음식점업,CS100005,제과점,0.0,
I203,음식점업,일식 음식점업,CS100006,패스트푸드점,0.0,
I203,음식점업,일식 음식점업,CS100007,치킨전문점,0.0,
I203,음식점업,일식 음식점업,CS100009,호프-간이주점,0.0,
I203,음식점업,일식 음식점업,CS200002,외국어학원,0.0,
I203,음식점업,일식 음식점업,CS200003,예술학원,0.0,
I203,음식점업,일식 음식점업,CS200004,컴퓨터학원,0.0,
I203,음식점업,일식 음식점업,CS200005,스포츠 강습,0.0,
I203,음식점업,일식 음식점업,CS200007,치과의원,0.0,
I203,음식점업,일식 음식점업,CS200008,한의원,0.0,
I203,음식점업,일식 음식점업,CS200009,동물병원,0.0,
I203,음식점업,일식 음식점업,CS200010,변호사사무소,0.0,
I203,음식점업,일식 음식점업,CS200011,변리사사무소,0.0,
I203,음식점업,일식 음식점업,CS200012,법무사사무소,0.0,
I203,음식점업,일식 음식점업,CS200013,기타법무서비스,0.0,
I203,음식점업,일식 음식점업,CS200014,회계사사무소,0.0,
I203,음식점업,일식 음식점업,CS200015,세무사사무소,0.0,
I203,음식점업,일식 음식점업,CS200016,당구장,0.0,
I203,음식점업,일식 음식점업,CS200017,골프연습장,0.0,
I203,음식점업,일식 음식점업,CS200018,볼링장,0.0,
I203,음식점업,일식 음식점업,CS200019,PC방,0.0,
I203,음식점업,일식 음식점업,CS200020,전자게임장,0.0,
I203,음식점업,일식 음식점업,CS200021,기타오락장,0.0,
I203,음식점업,일식 음식점업,CS200022,복권방,0.0,
I203,음식점업,일식 음식점업,CS200023,통신기기수리,0.0,
I203,음식점업,일식 음식점업,CS200024,스포츠클럽,0.0,
I203,음식점업,일식 음식점업,CS200025,자동차수리,0.0,
I203,음식점업,일식 음식점업,CS200026,자동차미용,0.0,
I203,음식점업,일식 음식점업,CS200027,모터사이클수리,0.0,
I203,음식점업,일식 음식점업,CS200028,미용실,0.0,
I203,음식점업,일식 음식점업,CS200030,피부관리실,0.0,
I203,음식점업,일식 음식점업,CS200031,세탁소,0.0,
I203,음식점업,일식 음식점업,CS200032,가전제품수리,0.0,
I203,음식점업,일식 음식점업,CS200033,부동산중개업,0.0,
I203,음식점업,일식 음식점업,CS200034,여관,0.0,
I203,음식점업,일식 음식점업,CS200035,게스트하우스,0.0,
I203,음식점업,일식 음식점업,CS200036,고시원,0.0,
I203,음식점업,일식 음식점업,CS200037,노래방,0.0,
I203,음식점업,일식 음식점업,CS200038,독서실,0.0,
I203,음식점업,일식 음식점업,CS200039,DVD방,0.0,
I203,음식점업,일식 음식점업,CS200041,사진관,0.0,
I203,음식점업,일식 음식점업,CS200042,통번역서비스,0.0,
I203,음식점업,일식 음식점업,CS200043,건축물청소,0.0,
I203,음식점업,일식 음식점업,CS200044,여행사,0.0,
I203,음식점업,일식 음식점업,CS200045,비디오/서적임대,0.0,
I203,음식점업,일식 음식점업,CS200046,의류임대,0.0,
I203,음식점업,일식 음식점업,CS200047,가정용품임대,0.0,
I203,음식점업,일식 음식점업,CS300001,슈퍼마켓,0.0,
I203,음식점업,일식 음식점업,CS300002,편의점,0.0,
I203,음식점업,일식 음식점업,CS300003,컴퓨터및주변장치판매,0.0,
I203,음식점업,일식 음식점업,CS300004,핸드폰,0.0,
I203,음식점업,일식 음식점업,CS300005,주류도매,0.0,
I203,음식점업,일식 음식점업,CS300006,미곡판매,0.0,
I203,음식점업,일식 음식점업,CS300007,육류판매,0.0,
I203,음식점업,일식 음식점업,CS300008,수산물판매,0.0,
I203,음식점업,일식 음식점업,CS300009,청과상,0.0,
I203,음식점업,일식 음식점업,CS300010,반찬가게,0.0,
I203,음식점업,일식 음식점업,CS300012,한복점,0.0,
I203,음식점업,일식 음식점업,CS300013,유아의류,0.0,
I203,음식점업,일식 음식점업,CS300014,신발,0.0,
I203,음식점업,일식 음식점업,CS300015,가방,0.0,
I203,음식점업,일식 음식점업,CS300016,안경,0.0,
I203,음식점업,일식 음식점업,CS300017,시계및귀금속,0.0,
I203,음식점업,일식 음식점업,CS300018,의약품,0.0,
I203,음식점업,일식 음식점업,CS300019,의료기기,0.0,
I203,음식점업,일식 음식점업,CS300020,서적,0.0,
I203,음식점업,일식 음식점업,CS300021,문구,0.0,
I203,음식점업,일식 음식점업,CS300022,화장품,0.0,
I203,음식점업,일식 음식점업,CS300023,미용재료,0.0,
I203,음식점업,일식 음식점업,CS300024,운동/경기용품,0.0,
I203,음식점업,일식 음식점업,CS300025,자전거 및 기타운송장비,0.0,
I203,음식점업,일식 음식점업,CS300026,완구,0.0,
I203,음식점업,일식 음식점업,CS300027,섬유제품,0.0,
I203,음식점업,일식 음식점업,CS300028,화초,0.0,
I203,음식점업,일식 음식점업,CS300029,애완동물,0.0,
I203,음식점업,일식 음식점업,CS300030,중고가구,0.0,
I203,음식점업,일식 음식점업,CS300031,가구,0.0,
I203,음식점업,일식 음식점업,CS300032,가전제품,0.0,
I203,음식점업,일식 음식점업,CS300033,철물점,0.0,
I203,음식점업,일식 음식점업,CS300034,악기,0.0,
I203,음식점업,일식 음식점업,CS300035,인테리어,0.0,
I203,음식점업,일식 음식점업,CS300036,조명용품,0.0,
I203,음식점업,일식 음식점업,CS300037,중고차판매,0.0,
I203,음식점업,일식 음식점업,CS300038,자동차부품,0.0,
I203,음식점업,일식 음식점업,CS300039,모터사이클및부품,0.0,
I203,음식점업,일식 음식점업,CS300040,재생용품 판매점,0.0,
I203,음식점업,일식 음식점업,CS300041,예술품,0.0,
I203,음식점업,일식 음식점업,CS300042,주유소,0.0,
I203,음식점업,일식 음식점업,CS300043,전자상거래업,0.0,
I204,음식점업,서양식 음식점업,CS100005,제과점,0.0,
I204,음식점업,서양식 음식점업,CS100006,패스트푸드점,0.0,
I204,음식점업,서양식 음식점업,CS100007,치킨전문점,0.0,
I204,음식점업,서양식 음식점업,CS100009,호프-간이주점,0.0,
I204,음식점업,서양식 음식점업,CS200001,일반교습학원,0.0,
I204,음식점업,서양식 음식점업,CS200002,외국어학원,0.0,
I204,음식점업,서양식 음식점업,CS200003,예술학원,0.0,
I204,음식점업,서양식 음식점업,CS200004,컴퓨터학원,0.0,
I204,음식점업,서양식 음식점업,CS200005,스포츠 강습,0.0,
I204,음식점업,서양식 음식점업,CS200006,일반의원,0.0,
I204,음식점업,서양식 음식점업,CS200007,치과의원,0.0,
I204,음식점업,서양식 음식점업,CS200008,한의원,0.0,
I204,음식점업,서양식 음식점업,CS200009,동물병원,0.0,
I204,음식점업,서양식 음식점업,CS200010,변호사사무소,0.0,
I204,음식점업,서양식 음식점업,CS200011,변리사사무소,0.0,
I204,음식점업,서양식 음식점업,CS200012,법무사사무소,0.0,
I204,음식점업,서양식 음식점업,CS200014,회계사사무소,0.0,
I204,음식점업,서양식 음식점업,CS200015,세무사사무소,0.0,
I204,음식점업,서양식 음식점업,CS200016,당구장,0.0,
I204,음식점업,서양식 음식점업,CS200017,골프연습장,0.0,
I204,음식점업,서양식 음식점업,CS200018,볼링장,0.0,
I204,음식점업,서양식 음식점업,CS200019,PC방,0.0,
I204,음식점업,서양식 음식점업,CS200020,전자게임장,0.0,
I204,음식점업,서양식 음식점업,CS200021,기타오락장,0.0,
I204,음식점업,서양식 음식점업,CS200022,복권방,0.0,
I204,음식점업,서양식 음식점업,CS200023,통신기기수리,0.0,
I204,음식점업,서양식 음식점업,CS200024,스포츠클럽,0.0,
I204,음식점업,서양식 음식점업,CS200025,자동차수리,0.0,
I204,음식점업,서양식 음식점업,CS200026,자동차미용,0.0,
I204,음식점업,서양식 음식점업,CS200027,모터사이클수리,0.0,
I204,음식점업,서양식 음식점업,CS200028,미용실,0.0,
I204,음식점업,서양식 음식점업,CS200029,네일숍,0.0,
I204,음식점업,서양식 음식점업,CS200030,피부관리실,0.0,
I204,음식점업,서양식 음식점업,CS200031,세탁소,0.0,
I204,음식점업,서양식 음식점업,CS200032,가전제품수리,0.0,
I204,음식점업,서양식 음식점업,CS200033,부동산중개업,0.0,
I204,음식점업,서양식 음식점업,CS200034,여관,0.0,
I204,음식점업,서양식 음식점업,CS200035,게스트하우스,0.0,
I204,음식점업,서양식 음식점업,CS200036,고시원,0.0,
I204,음식점업,서양식 음식점업,CS200037,노래방,0.0,
I204,음식점업,서양식 음식점업,CS200039,DVD방,0.0,
I204,음식점업,서양식 음식점업,CS200041,사진관,0.0,
I204,음식점업,서양식 음식점업,CS200043,건축물청소,0.0,
I204,음식점업,서양식 음식점업,CS200044,여행사,0.0,
I204,음식점업,서양식 음식점업,CS200046,의류임대,0.0,
I204,음식점업,서양식 음식점업,CS200047,가정용품임대,0.0,
I204,음식점업,서양식 음식점업,CS300001,슈퍼마켓,0.0,
I204,음식점업,서양식 음식점업,CS300002,편의점,0.0,
I204,음식점업,서양식 음식점업,CS300003,컴퓨터및주변장치판매,0.0,
I204,음식점업,서양식 음식점업,CS300004,핸드폰,0.0,
I204,음식점업,서양식 음식점업,CS300005,주류도매,0.0,
I204,음식점업,서양식 음식점업,CS300006,미곡판매,0.0,
I204,음식점업,서양식 음식점업,CS300007,육류판매,0.0,
I204,음식점업,서양식 음식점업,CS300008,수산물판매,0.0,
I204,음식점업,서양식 음식점업,CS300009,청과상,0.0,
I204,음식점업,서양식 음식점업,CS300010,반찬가게,0.0,
I204,음식점업,서양식 음식점업,CS300011,일반의류,0.0,
I204,음식점업,서양식 음식점업,CS300012,한복점,0.0,
I204,음식점업,서양식 음식점업,CS300013,유아의류,0.0,
I204,음식점업,서양식 음식점업,CS300014,신발,0.0,
I204,음식점업,서양식 음식점업,CS300015,가방,0.0,
I204,음식점업,서양식 음식점업,CS300016,안경,0.0,
I204,음식점업,서양식 음식점업,CS300017,시계및귀금속,0.0,
I204,음식점업,서양식 음식점업,CS300018,의약품,0.0,
I204,음식점업,서양식 음식점업,CS300019,의료기기,0.0,
I204,음식점업,서양식 음식점업,CS300021,문구,0.0,
I204,음식점업,서양식 음식점업,CS300022,화장품,0.0,
I204,음식점업,서양식 음식점업,CS300023,미용재료,0.0,
I204,음식점업,서양식 음식점업,CS300024,운동/경기용품,0.0,
I204,음식점업,서양식 음식점업,CS300025,자전거 및 기타운송장비,0.0,
I204,음식점업,서양식 음식점업,CS300026,완구,0.0,
I204,음식점업,서양식 음식점업,CS300027,섬유제품,0.0,
I204,음식점업,서양식 음식점업,CS300028,화초,0.0,
I204,음식점업,서양식 음식점업,CS300029,애완동물,0.0,
I204,음식점업,서양식 음식점업,CS300030,중고가구,0.0,
I204,음식점업,서양식 음식점업,CS300031,가구,0.0,
I204,음식점업,서양식 음식점업,CS300032,가전제품,0.0,
I204,음식점업,서양식 음식점업,CS300033,철물점,0.0,
I204,음식점업,서양식 음식점업,CS300034,악기,0.0,
I204,음식점업,서양식 음식점업,CS300035,인테리어,0.0,
I204,음식점업,서양식 음식점업,CS300036,조명용품,0.0,
I204,음식점업,서양식 음식점업,CS300037,중고차판매,0.0,
I204,음식점업,서양식 음식점업,CS300038,자동차부품,0.0,
I204,음식점업,서양식 음식점업,CS300039,모터사이클및부품,0.0,
I204,음식점업,서양식 음식점업,CS300040,재생용품 판매점,0.0,
I204,음식점업,서양식 음식점업,CS300041,예술품,0.0,
I204,음식점업,서양식 음식점업,CS300042,주유소,0.0,
I204,음식점업,서양식 음식점업,CS300043,전자상거래업,0.0,
I205,음식점업,동남아시아 음식점업,CS100005,제과점,0.0,
I205,음식점업,동남아시아 음식점업,CS100006,패스트푸드점,0.0,
I205,음식점업,동남아시아 음식점업,CS100007,치킨전문점,0.0,
I205,음식점업,동남아시아 음식점업,CS100009,호프-간이주점,0.0,
I205,음식점업,동남아시아 음식점업,CS200001,일반교습학원,0.0,
I205,음식점업,동남아시아 음식점업,CS200002,외국어학원,0.0,
I205,음식점업,동남아시아 음식점업,CS200003,예술학원,0.0,
I205,음식점업,동남아시아 음식점업,CS200004,컴퓨터학원,0.0,
I205,음식점업,동남아시아 음식점업,CS200005,스포츠 강습,0.0,
I205,음식점업,동남아시아 음식점업,CS200006,일반의원,0.0,
I205,음식점업,동남아시아 음식점업,CS200007,치과의원,0.0,
I205,음식점업,동남아시아 음식점업,CS200008,한의원,0.0,
I205,음식점업,동남아시아 음식점업,CS200010,변호사사무소,0.0,
I205,음식점업,동남아시아 음식점업,CS200011,변리사사무소,0.0,
I205,음식점업,동남아시아 음식점업,CS200012,법무사사무소,0.0,
I205,음식점업,동남아시아 음식점업,CS200013,기타법무서비스,0.0,
I205,음식점업,동남아시아 음식점업,CS200014,회계사사무소,0.0,
I205,음식점업,동남아시아 음식점업,CS200015,세무사사무소,0.0,
I205,음식점업,동남아시아 음식점업,CS200016,당구장,0.0,
I205,음식점업,동남아시아 음식점업,CS200017,골프연습장,0.0,
I205,음식점업,동남아시아 음식점업,CS200018,볼링장,0.0,
I205,음식점업,동남아시아 음식점업,CS200019,PC방,0.0,
I205,음식점업,동남아시아 음식점업,CS200020,전자게임장,0.0,
I205,음식점업,동남아시아 음식점업,CS200021,기타오락장,0.0,
I205,음식점업,동남아시아 음식점업,CS200022,복권방,0.0,
I205,음식점업,동남아시아 음식점업,CS200023,통신기기수리,0.0,
I205,음식점업,동남아시아 음식점업,CS200024,스포츠클럽,0.0,
I205,음식점업,동남아시아 음식점업,CS200027,모터사이클수리,0.0,
I205,음식점업,동남아시아 음식점업,CS200028,미용실,0.0,
I205,음식점업,동남아시아 음식점업,CS200029,네일숍,0.0,
I205,음식점업,동남아시아 음식점업,CS200030,피부관리실,0.0,
I205,음식점업,동남아시아 음식점업,CS200031,세탁소,0.0,
I205,음식점업,동남아시아 음식점업,CS200032,가전제품수리,0.0,
I205,음식점업,동남아시아 음식점업,CS200034,여관,0.0,
I205,음식점업,동남아시아 음식점업,CS200035,게스트하우스,0.0,
I205,음식점업,동남아시아 음식점업,CS200037,노래방,0.0,
I205,음식점업,동남아시아 음식점업,CS200038,독서실,0.0,
I205,음식점업,동남아시아 음식점업,CS200039,DVD방,0.0,
I205,음식점업,동남아시아 음식점업,CS200041,사진관,0.0,
I205,음식점업,동남아시아 음식점업,CS200042,통번역서비스,0.0,
I205,음식점업,동남아시아 음식점업,CS200043,건축물청소,0.0,
I205,음식점업,동남아시아 음식점업,CS200044,여행사,0.0,
I205,음식점업,동남아시아 음식점업,CS200045,비디오/서적임대,0.0,
I205,음식점업,동남아시아 음식점업,CS200046,의류임대,0.0,
I205,음식점업,동남아시아 음식점업,CS200047,가정용품임대,0.0,
I205,음식점업,동남아시아 음식점업,CS300001,슈퍼마켓,0.0,
I205,음식점업,동남아시아 음식점업,CS300002,편의점,0.0,
I205,음식점업,동남아시아 음식점업,CS300003,컴퓨터및주변장치판매,0.0,
I205,음식점업,동남아시아 음식점업,CS300004,핸드폰,0.0,
I205,음식점업,동남아시아 음식점업,CS300005,주류도매,0.0,
I205,음식점업,동남아시아 음식점업,CS300006,미곡판매,0.0,
I205,음식점업,동남아시아 음식점업,CS300007,육류판매,0.0,
I205,음식점업,동남아시아 음식점업,CS300008,수산물판매,0.0,
I205,음식점업,동남아시아 음식점업,CS300009,청과상,0.0,
I205,음식점업,동남아시아 음식점업,CS300010,반찬가게,0.0,
I205,음식점업,동남아시아 음식점업,CS300011,일반의류,0.0,
I205,음식점업,동남아시아 음식점업,CS300012,한복점,0.0,
I205,음식점업,동남아시아 음식점업,CS300014,신발,0.0,
I205,음식점업,동남아시아 음식점업,CS300015,가방,0.0,
I205,음식점업,동남아시아 음식점업,CS300016,안경,0.0,
I205,음식점업,동남아시아 음식점업,CS300018,의약품,0.0,
I205,음식점업,동남아시아 음식점업,CS300019,의료기기,0.0,
I205,음식점업,동남아시아 음식점업,CS300020,서적,0.0,
I205,음식점업,동남아시아 음식점업,CS300021,문구,0.0,
I205,음식점업,동남아시아 음식점업,CS300022,화장품,0.0,
I205,음식점업,동남아시아 음식점업,CS300023,미용재료,0.0,
I205,음식점업,동남아시아 음식점업,CS300025,자전거 및 기타운송장비,0.0,
I205,음식점업,동남아시아 음식점업,CS300026,완구,0.0,
I205,음식점업,동남아시아 음식점업,CS300027,섬유제품,0.0,
I205,음식점업,동남아시아 음식점업,CS300028,화초,0.0,
I205,음식점업,동남아시아 음식점업,CS300030,중고가구,0.0,
I205,음식점업,동남아시아 음식점업,CS300031,가구,0.0,
I205,음식점업,동남아시아 음식점업,CS300032,가전제품,0.0,
I205,음식점업,동남아시아 음식점업,CS300033,철물점,0.0,
I205,음식점업,동남아시아 음식점업,CS300034,악기,0.0,
I205,음식점업,동남아시아 음식점업,CS300035,인테리어,0.0,
I205,음식점업,동남아시아 음식점업,CS300036,조명용품,0.0,
I205,음식점업,동남아시아 음식점업,CS300037,중고차판매,0.0,
I205,음식점업,동남아시아 음식점업,CS300039,모터사이클및부품,0.0,
I205,음식점업,동남아시아 음식점업,CS300040,재생용품 판매점,0.0,
I205,음식점업,동남아시아 음식점업,CS300041,예술품,0.0,
I205,음식점업,동남아시아 음식점업,CS300042,주유소,0.0,
I205,음식점업,동남아시아 음식점업,CS300043,전자상거래업,0.0,
I206,음식점업,기타 외국식 음식점업,CS100005,제과점,0.0,
I206,음식점업,기타 외국식 음식점업,CS100006,패스트푸드점,0.0,
I206,음식점업,기타 외국식 음식점업,CS100007,치킨전문점,0.0,
I206,음식점업,기타 외국식 음식점업,CS100009,호프-간이주점,0.0,
I206,음식점업,기타 외국식 음식점업,CS200001,일반교습학원,0.0,
I206,음식점업,기타 외국식 음식점업,CS200003,예술학원,0.0,
I206,음식점업,기타 외국식 음식점업,CS200004,컴퓨터학원,0.0,
I206,음식점업,기타 외국식 음식점업,CS200005,스포츠 강습,0.0,
I206,음식점업,기타 외국식 음식점업,CS200006,일반의원,0.0,
I206,음식점업,기타 외국식 음식점업,CS200007,치과의원,0.0,
I206,음식점업,기타 외국식 음식점업,CS200008,한의원,0.0,
I206,음식점업,기타 외국식 음식점업,CS200009,동물병원,0.0,
I206,음식점업,기타 외국식 음식점업,CS200010,변호사사무소,0.0,
I206,음식점업,기타 외국식 음식점업,CS200011,변리사사무소,0.0,
I206,음식점업,기타 외국식 음식점업,CS200012,법무사사무소,0.0,
I206,음식점업,기타 외국식 음식점업,CS200013,기타법무서비스,0.0,
I206,음식점업,기타 외국식 음식점업,CS200014,회계사사무소,0.0,
I206,음식점업,기타 외국식 음식점업,CS200015,세무사사무소,0.0,
I206,음식점업,기타 외국식 음식점업,CS200016,당구장,0.0,
I206,음식점업,기타 외국식 음식점업,CS200017,골프연습장,0.0,
I206,음식점업,기타 외국식 음식점업,CS200018,볼링장,0.0,
I206,음식점업,기타 외국식 음식점업,CS200019,PC방,0.0,
I206,음식점업,기타 외국식 음식점업,CS200020,전자게임장,0.0,
I206,음식점업,기타 외국식 음식점업,CS200021,기타오락장,0.0,
I206,음식점업,기타 외국식 음식점업,CS200022,복권방,0.0,
I206,음식점업,기타 외국식 음식점업,CS200023,통신기기수리,0.0,
I206,음식점업,기타 외국식 음식점업,CS200024,스포츠클럽,0.0,
I206,음식점업,기타 외국식 음식점업,CS200025,자동차수리,0.0,
I206,음식점업,기타 외국식 음식점업,CS200026,자동차미용,0.0,
I206,음식점업,기타 외국식 음식점업,CS200027,모터사이클수리,0.0,
I206,음식점업,기타 외국식 음식점업,CS200028,미용실,0.0,
I206,음식점업,기타 외국식 음식점업,CS200029,네일숍,0.0,
I206,음식점업,기타 외국식 음식점업,CS200030,피부관리실,0.0,
I206,음식점업,기타 외국식 음식점업,CS200031,세탁소,0.0,
I206,음식점업,기타 외국식 음식점업,CS200032,가전제품수리,0.0,
I206,음식점업,기타 외국식 음식점업,CS200033,부동산중개업,0.0,
I206,음식점업,기타 외국식 음식점업,CS200034,여관,0.0,
I206,음식점업,기타 외국식 음식점업,CS200035,게스트하우스,0.0,
I206,음식점업,기타 외국식 음식점업,CS200036,고시원,0.0,
I206,음식점업,기타 외국식 음식점업,CS200037,노래방,0.0,
I206,음식점업,기타 외국식 음식점업,CS200038,독서실,0.0,
I206,음식점업,기타 외국식 음식점업,CS200039,DVD방,0.0,
I206,음식점업,기타 외국식 음식점업,CS200041,사진관,0.0,
I206,음식점업,기타 외국식 음식점업,CS200042,통번역서비스,0.0,
I206,음식점업,기타 외국식 음식점업,CS200043,건축물청소,0.0,
I206,음식점업,기타 외국식 음식점업,CS200044,여행사,0.0,
I206,음식점업,기타 외국식 음식점업,CS200045,비디오/서적임대,0.0,
I206,음식점업,기타 외국식 음식점업,CS200046,의류임대,0.0,
I206,음식점업,기타 외국식 음식점업,CS200047,가정용품임대,0.0,
I206,음식점업,기타 외국식 음식점업,CS300001,슈퍼마켓,0.0,
I206,음식점업,기타 외국식 음식점업,CS300002,편의점,0.0,
I206,음식점업,기타 외국식 음식점업,CS300003,컴퓨터및주변장치판매,0.0,
I206,음식점업,기타 외국식 음식점업,CS300004,핸드폰,0.0,
I206,음식점업,기타 외국식 음식점업,CS300005,주류도매,0.0,
I206,음식점업,기타 외국식 음식점업,CS300006,미곡판매,0.0,
I206,음식점업,기타 외국식 음식점업,CS300007,육류판매,0.0,
I206,음식점업,기타 외국식 음식점업,CS300008,수산물판매,0.0,
I206,음식점업,기타 외국식 음식점업,CS300009,청과상,0.0,
I206,음식점업,기타 외국식 음식점업,CS300010,반찬가게,0.0,
I206,음식점업,기타 외국식 음식점업,CS300011,일반의류,0.0,
I206,음식점업,기타 외국식 음식점업,CS300012,한복점,0.0,
I206,음식점업,기타 외국식 음식점업,CS300013,유아의류,0.0,
I206,음식점업,기타 외국식 음식점업,CS300014,신발,0.0,
I206,음식점업,기타 외국식 음식점업,CS300015,가방,0.0,
I206,음식점업,기타 외국식 음식점업,CS300016,안경,0.0,
I206,음식점업,기타 외국식 음식점업,CS300017,시계및귀금속,0.0,
I206,음식점업,기타 외국식 음식점업,CS300018,의약품,0.0,
I206,음식점업,기타 외국식 음식점업,CS300019,의료기기,0.0,
I206,음식점업,기타 외국식 음식점업,CS300020,서적,0.0,
I206,음식점업,기타 외국식 음식점업,CS300021,문구,0.0,
I206,음식점업,기타 외국식 음식점업,CS300022,화장품,0.0,
I206,음식점업,기타 외국식 음식점업,CS300023,미용재료,0.0,
I206,음식점업,기타 외국식 음식점업,CS300024,운동/경기용품,0.0,
I206,음식점업,기타 외국식 음식점업,CS300025,자전거 및 기타운송장비,0.0,
I206,음식점업,기타 외국식 음식점업,CS300026,완구,0.0,
I206,음식점업,기타 외국식 음식점업,CS300027,섬유제품,0.0,
I206,음식점업,기타 외국식 음식점업,CS300028,화초,0.0,
I206,음식점업,기타 외국식 음식점업,CS300029,애완동물,0.0,
I206,음식점업,기타 외국식 음식점업,CS300030,중고가구,0.0,
I206,음식점업,기타 외국식 음식점업,CS300031,가구,0.0,
I206,음식점업,기타 외국식 음식점업,CS300032,가전제품,0.0,
I206,음식점업,기타 외국식 음식점업,CS300033,철물점,0.0,
I206,음식점업,기타 외국식 음식점업,CS300034,악기,0.0,
I206,음식점업,기타 외국식 음식점업,CS300035,인테리어,0.0,
I206,음식점업,기타 외국식 음식점업,CS300036,조명용품,0.0,
I206,음식점업,기타 외국식 음식점업,CS300037,중고차판매,0.0,
I206,음식점업,기타 외국식 음식점업,CS300038,자동차부품,0.0,
I206,음식점업,기타 외국식 음식점업,CS300039,모터사이클및부품,0.0,
I206,음식점업,기타 외국식 음식점업,CS300040,재생용품 판매점,0.0,
I206,음식점업,기타 외국식 음식점업,CS300041,예술품,0.0,
I206,음식점업,기타 외국식 음식점업,CS300042,주유소,0.0,
I206,음식점업,기타 외국식 음식점업,CS300043,전자상거래업,0.0,
I207,음식점업,구내식당 및 뷔페,CS100005,제과점,0.0,
I207,음식점업,구내식당 및 뷔페,CS100006,패스트푸드점,0.0,
I207,음식점업,구내식당 및 뷔페,CS100007,치킨전문점,0.0,
I207,음식점업,구내식당 및 뷔페,CS100009,호프-간이주점,0.0,
I207,음식점업,구내식당 및 뷔페,CS100010,커피-음료,0.0,
I207,음식점업,구내식당 및 뷔페,CS200001,일반교습학원,0.0,
I207,음식점업,구내식당 및 뷔페,CS200002,외국어학원,0.0,
I207,음식점업,구내식당 및 뷔페,CS200003,예술학원,0.0,
I207,음식점업,구내식당 및 뷔페,CS200004,컴퓨터학원,0.0,
I207,음식점업,구내식당 및 뷔페,CS200005,스포츠 강습,0.0,
I207,음식점업,구내식당 및 뷔페,CS200006,일반의원,0.0,
I207,음식점업,구내식당 및 뷔페,CS200007,치과의원,0.0,
I207,음식점업,구내식당 및 뷔페,CS200008,한의원,0.0,
I207,음식점업,구내식당 및 뷔페,CS200009,동물병원,0.0,
I207,음식점업,구내식당 및 뷔페,CS200010,변호사사무소,0.0,
I207,음식점업,구내식당 및 뷔페,CS200011,변리사사무소,0.0,
I207,음식점업,구내식당 및 뷔페,CS200012,법무사사무소,0.0,
I207,음식점업,구내식당 및 뷔페,CS200013,기타법무서비스,0.0,
I207,음식점업,구내식당 및 뷔페,CS200014,회계사사무소,0.0,
I207,음식점업,구내식당 및 뷔페,CS200015,세무사사무소,0.0,
I207,음식점업,구내식당 및 뷔페,CS200017,골프연습장,0.0,
I207,음식점업,구내식당 및 뷔페,CS200018,볼링장,0.0,
I207,음식점업,구내식당 및 뷔페,CS200019,PC방,0.0,
I207,음식점업,구내식당 및 뷔페,CS200020,전자게임장,0.0,
I207,음식점업,구내식당 및 뷔페,CS200021,기타오락장,0.0,
I207,음식점업,구내식당 및 뷔페,CS200022,복권방,0.0,
I207,음식점업,구내식당 및 뷔페,CS200023,통신기기수리,0.0,
I207,음식점업,구내식당 및 뷔페,CS200024,스포츠클럽,0.0,
I207,음식점업,구내식당 및 뷔페,CS200025,자동차수리,0.0,
I207,음식점업,구내식당 및 뷔페,CS200026,자동차미용,0.0,
I207,음식점업,구내식당 및 뷔페,CS200027,모터사이클수리,0.0,
I207,음식점업,구내식당 및 뷔페,CS200028,미용실,0.0,
I207,음식점업,구내식당 및 뷔페,CS200029,네일숍,0.0,
I207,음식점업,구내식당 및 뷔페,CS200030,피부관리실,0.0,
I207,음식점업,구내식당 및 뷔페,CS200031,세탁소,0.0,
I207,음식점업,구내식당 및 뷔페,CS200032,가전제품수리,0.0,
I207,음식점업,구내식당 및 뷔페,CS200033,부동산중개업,0.0,
I207,음식점업,구내식당 및 뷔페,CS200034,여관,0.0,
I207,음식점업,구내식당 및 뷔페,CS200035,게스트하우스,0.0,
I207,음식점업,구내식당 및 뷔페,CS200036,고시원,0.0,
I207,음식점업,구내식당 및 뷔페,CS200037,노래방,0.0,
I207,음식점업,구내식당 및 뷔페,CS200038,독서실,0.0,
I207,음식점업,구내식당 및 뷔페,CS200039,DVD방,0.0,
I207,음식점업,구내식당 및 뷔페,CS200040,녹음실,0.0,
I207,음식점업,구내식당 및 뷔페,CS200041,사진관,0.0,
I207,음식점업,구내식당 및 뷔페,CS200042,통번역서비스,0.0,
I207,음식점업,구내식당 및 뷔페,CS200043,건축물청소,0.0,
I207,음식점업,구내식당 및 뷔페,CS200044,여행사,0.0,
I207,음식점업,구내식당 및 뷔페,CS200045,비디오/서적임대,0.0,
I207,음식점업,구내식당 및 뷔페,CS200046,의류임대,0.0,
I207,음식점업,구내식당 및 뷔페,CS200047,가정용품임대,0.0,
I207,음식점업,구내식당 및 뷔페,CS300001,슈퍼마켓,0.0,
I207,음식점업,구내식당 및 뷔페,CS300002,편의점,0.0,
I207,음식점업,구내식당 및 뷔페,CS300003,컴퓨터및주변장치판매,0.0,
I207,음식점업,구내식당 및 뷔페,CS300004,핸드폰,0.0,
I207,음식점업,구내식당 및 뷔페,CS300005,주류도매,0.0,
I207,음식점업,구내식당 및 뷔페,CS300006,미곡판매,0.0,
I207,음식점업,구내식당 및 뷔페,CS300007,육류판매,0.0,
I207,음식점업,구내식당 및 뷔페,CS300008,수산물판매,0.0,
I207,음식점업,구내식당 및 뷔페,CS300009,청과상,0.0,
I207,음식점업,구내식당 및 뷔페,CS300010,반찬가게,0.0,
I207,음식점업,구내식당 및 뷔페,CS300011,일반의류,0.0,
I207,음식점업,구내식당 및 뷔페,CS300012,한복점,0.0,
I207,음식점업,구내식당 및 뷔페,CS300013,유아의류,0.0,
I207,음식점업,구내식당 및 뷔페,CS300014,신발,0.0,
I207,음식점업,구내식당 및 뷔페,CS300015,가방,0.0,
I207,음식점업,구내식당 및 뷔페,CS300016,안경,0.0,
I207,음식점업,구내식당 및 뷔페,CS300017,시계및귀금속,0.0,
I207,음식점업,구내식당 및 뷔페,CS300018,의약품,0.0,
I207,음식점업,구내식당 및 뷔페,CS300019,의료기기,0.0,
I207,음식점업,구내식당 및 뷔페,CS300020,서적,0.0,
I207,음식점업,구내식당 및 뷔페,CS300022,화장품,0.0,
I207,음식점업,구내식당 및 뷔페,CS300023,미용재료,0.0,
I207,음식점업,구내식당 및 뷔페,CS300024,운동/경기용품,0.0,
I207,음식점업,구내식당 및 뷔페,CS300025,자전거 및 기타운송장비,0.0,
I207,음식점업,구내식당 및 뷔페,CS300027,섬유제품,0.0,
I207,음식점업,구내식당 및 뷔페,CS300028,화초,0.0,
I207,음식점업,구내식당 및 뷔페,CS300029,애완동물,0.0,
I207,음식점업,구내식당 및 뷔페,CS300032,가전제품,0.0,
I207,음식점업,구내식당 및 뷔페,CS300033,철물점,0.0,
I207,음식점업,구내식당 및 뷔페,CS300034,악기,0.0,
I207,음식점업,구내식당 및 뷔페,CS300035,인테리어,0.0,
I207,음식점업,구내식당 및 뷔페,CS300036,조명용품,0.0,
I207,음식점업,구내식당 및 뷔페,CS300037,중고차판매,0.0,
I207,음식점업,구내식당 및 뷔페,CS300038,자동차부품,0.0,
I207,음식점업,구내식당 및 뷔페,CS300039,모터사이클및부품,0.0,
I207,음식점업,구내식당 및 뷔페,CS300040,재생용품 판매점,0.0,
I207,음식점업,구내식당 및 뷔페,CS300041,예술품,0.0,
I207,음식점업,구내식당 및 뷔페,CS300042,주유소,0.0,
I207,음식점업,구내식당 및 뷔페,CS300043,전자상거래업,0.0,
I210,음식점업,기타 간이 음식점업,CS100005,제과점,0.0,
I210,음식점업,기타 간이 음식점업,CS100006,패스트푸드점,0.0,
I210,음식점업,기타 간이 음식점업,CS100007,치킨전문점,0.0,
I210,음식점업,기타 간이 음식점업,CS200001,일반교습학원,0.0,
I210,음식점업,기타 간이 음식점업,CS200002,외국어학원,0.0,
I210,음식점업,기타 간이 음식점업,CS200003,예술학원,0.0,
I210,음식점업,기타 간이 음식점업,CS200004,컴퓨터학원,0.0,
I210,음식점업,기타 간이 음식점업,CS200005,스포츠 강습,0.0,
I210,음식점업,기타 간이 음식점업,CS200006,일반의원,0.0,
I210,음식점업,기타 간이 음식점업,CS200007,치과의원,0.0,
I210,음식점업,기타 간이 음식점업,CS200008,한의원,0.0,
I210,음식점업,기타 간이 음식점업,CS200009,동물병원,0.0,
I210,음식점업,기타 간이 음식점업,CS200010,변호사사무소,0.0,
I210,음식점업,기타 간이 음식점업,CS200011,변리사사무소,0.0,
I210,음식점업,기타 간이 음식점업,CS200012,법무사사무소,0.0,
I210,음식점업,기타 간이 음식점업,CS200013,기타법무서비스,0.0,
I210,음식점업,기타 간이 음식점업,CS200014,회계사사무소,0.0,
I210,음식점업,기타 간이 음식점업,CS200015,세무사사무소,0.0,
I210,음식점업,기타 간이 음식점업,CS200016,당구장,0.0,
I210,음식점업,기타 간이 음식점업,CS200017,골프연습장,0.0,
I210,음식점업,기타 간이 음식점업,CS200018,볼링장,0.0,
I210,음식점업,기타 간이 음식점업,CS200019,PC방,0.0,
I210,음식점업,기타 간이 음식점업,CS200020,전자게임장,0.0,
I210,음식점업,기타 간이 음식점업,CS200021,기타오락장,0.0,
I210,음식점업,기타 간이 음식점업,CS200022,복권방,0.0,
I210,음식점업,기타 간이 음식점업,CS200023,통신기기수리,0.0,
I210,음식점업,기타 간이 음식점업,CS200024,스포츠클럽,0.0,
I210,음식점업,기타 간이 음식점업,CS200025,자동차수리,0.0,
I210,음식점업,기타 간이 음식점업,CS200026,자동차미용,0.0,
I210,음식점업,기타 간이 음식점업,CS200028,미용실,0.0,
I210,음식점업,기타 간이 음식점업,CS200029,네일숍,0.0,
I210,음식점업,기타 간이 음식점업,CS200030,피부관리실,0.0,
I210,음식점업,기타 간이 음식점업,CS200031,세탁소,0.0,
I210,음식점업,기타 간이 음식점업,CS200032,가전제품수리,0.0,
I210,음식점업,기타 간이 음식점업,CS200033,부동산중개업,0.0,
I210,음식점업,기타 간이 음식점업,CS200034,여관,0.0,
I210,음식점업,기타 간이 음식점업,CS200035,게스트하우스,0.0,
I210,음식점업,기타 간이 음식점업,CS200036,고시원,0.0,
I210,음식점업,기타 간이 음식점업,CS200037,노래방,0.0,
I210,음식점업,기타 간이 음식점업,CS200038,독서실,0.0,
I210,음식점업,기타 간이 음식점업,CS200039,DVD방,0.0,
I210,음식점업,기타 간이 음식점업,CS200041,사진관,0.0,
I210,음식점업,기타 간이 음식점업,CS200042,통번역서비스,0.0,
I210,음식점업,기타 간이 음식점업,CS200043,건축물청소,0.0,
I210,음식점업,기타 간이 음식점업,CS200044,여행사,0.0,
I210,음식점업,기타 간이 음식점업,CS200045,비디오/서적임대,0.0,
I210,음식점업,기타 간이 음식점업,CS200046,의류임대,0.0,
I210,음식점업,기타 간이 음식점업,CS200047,가정용품임대,0.0,
I210,음식점업,기타 간이 음식점업,CS300001,슈퍼마켓,0.0,
I210,음식점업,기타 간이 음식점업,CS300002,편의점,0.0,
I210,음식점업,기타 간이 음식점업,CS300003,컴퓨터및주변장치판매,0.0,
I210,음식점업,기타 간이 음식점업,CS300004,핸드폰,0.0,
I210,음식점업,기타 간이 음식점업,CS300005,주류도매,0.0,
I210,음식점업,기타 간이 음식점업,CS300006,미곡판매,0.0,
I210,음식점업,기타 간이 음식점업,CS300007,육류판매,0.0,
I210,음식점업,기타 간이 음식점업,CS300008,수산물판매,0.0,
I210,음식점업,기타 간이 음식점업,CS300009,청과상,0.0,
I210,음식점업,기타 간이 음식점업,CS300010,반찬가게,0.0,
I210,음식점업,기타 간이 음식점업,CS300011,일반의류,0.0,
I210,음식점업,기타 간이 음식점업,CS300012,한복점,0.0,
I210,음식점업,기타 간이 음식점업,CS300013,유아의류,0.0,
I210,음식점업,기타 간이 음식점업,CS300014,신발,0.0,
I210,음식점업,기타 간이 음식점업,CS300015,가방,0.0,
I210,음식점업,기타 간이 음식점업,CS300016,안경,0.0,
I210,음식점업,기타 간이 음식점업,CS300017,시계및귀금속,0.0,
I210,음식점업,기타 간이 음식점업,CS300018,의약품,0.0,
I210,음식점업,기타 간이 음식점업,CS300019,의료기기,0.0,
I210,음식점업,기타 간이 음식점업,CS300020,서적,0.0,
I210,음식점업,기타 간이 음식점업,CS300021,문구,0.0,
I210,음식점업,기타 간이 음식점업,CS300022,화장품,0.0,
I210,음식점업,기타 간이 음식점업,CS300023,미용재료,0.0,
I210,음식점업,기타 간이 음식점업,CS300024,운동/경기용품,0.0,
I210,음식점업,기타 간이 음식점업,CS300025,자전거 및 기타운송장비,0.0,
I210,음식점업,기타 간이 음식점업,CS300026,완구,0.0,
I210,음식점업,기타 간이 음식점업,CS300027,섬유제품,0.0,
I210,음식점업,기타 간이 음식점업,CS300028,화초,0.0,
I210,음식점업,기타 간이 음식점업,CS300029,애완동물,0.0,
I210,음식점업,기타 간이 음식점업,CS300030,중고가구,0.0,
I210,음식점업,기타 간이 음식점업,CS300031,가구,0.0,
I210,음식점업,기타 간이 음식점업,CS300032,가전제품,0.0,
I210,음식점업,기타 간이 음식점업,CS300033,철물점,0.0,
I210,음식점업,기타 간이 음식점업,CS300034,악기,0.0,
I210,음식점업,기타 간이 음식점업,CS300035,인테리어,0.0,
I210,음식점업,기타 간이 음식점업,CS300036,조명용품,0.0,
I210,음식점업,기타 간이 음식점업,CS300037,중고차판매,0.0,
I210,음식점업,기타 간이 음식점업,CS300038,자동차부품,0.0,
I210,음식점업,기타 간이 음식점업,CS300040,재생용품 판매점,0.0,
I210,음식점업,기타 간이 음식점업,CS300041,예술품,0.0,
I210,음식점업,기타 간이 음식점업,CS300042,주유소,0.0,
I210,음식점업,기타 간이 음식점업,CS300043,전자상거래업,0.0,
I211,음식점업,주점업,CS100001,한식음식점,0.0,
I211,음식점업,주점업,CS100002,중식음식점,0.0,
I211,음식점업,주점업,CS100003,일식음식점,0.0,
I211,음식점업,주점업,CS100004,양식음식점,0.0,
I211,음식점업,주점업,CS100005,제과점,0.0,
I211,음식점업,주점업,CS100006,패스트푸드점,0.0,
I211,음식점업,주점업,CS100007,치킨전문점,0.0,
I211,음식점업,주점업,CS100008,분식전문점,0.0,
I211,음식점업,주점업,CS100010,커피-음료,0.0,
I211,음식점업,주점업,CS200001,일반교습학원,0.0,
I211,음식점업,주점업,CS200002,외국어학원,0.0,
I211,음식점업,주점업,CS200003,예술학원,0.0,
I211,음식점업,주점업,CS200004,컴퓨터학원,0.0,
I211,음식점업,주점업,CS200005,스포츠 강습,0.0,
I211,음식점업,주점업,CS200006,일반의원,0.0,
I211,음식점업,주점업,CS200007,치과의원,0.0,
I211,음식점업,주점업,CS200008,한의원,0.0,
I211,음식점업,주점업,CS200009,동물병원,0.0,
I211,음식점업,주점업,CS200010,변호사사무소,0.0,
I211,음식점업,주점업,CS200011,변리사사무소,0.0,
I211,음식점업,주점업,CS200012,법무사사무소,0.0,
I211,음식점업,주점업,CS200013,기타법무서비스,0.0,
I211,음식점업,주점업,CS200014,회계사사무소,0.0,
I211,음식점업,주점업,CS200015,세무사사무소,0.0,
I211,음식점업,주점업,CS200016,당구장,0.0,
I211,음식점업,주점업,CS200017,골프연습장,0.0,
I211,음식점업,주점업,CS200018,볼링장,0.0,
I211,음식점업,주점업,CS200019,PC방,0.0,
I211,음식점업,주점업,CS200020,전자게임장,0.0,
I211,음식점업,주점업,CS200021,기타오락장,0.0,
I211,음식점업,주점업,CS200022,복권방,0.0,
I211,음식점업,주점업,CS200023,통신기기수리,0.0,
I211,음식점업,주점업,CS200024,스포츠클럽,0.0,
I211,음식점업,주점업,CS200025,자동차수리,0.0,
I211,음식점업,주점업,CS200026,자동차미용,0.0,
I211,음식점업,주점업,CS200027,모터사이클수리,0.0,
I211,음식점업,주점업,CS200028,미용실,0.0,
I211,음식점업,주점업,CS200029,네일숍,0.0,
I211,음식점업,주점업,CS200030,피부관리실,0.0,
I211,음식점업,주점업,CS200031,세탁소,0.0,
I211,음식점업,주점업,CS200032,가전제품수리,0.0,
I211,음식점업,주점업,CS200033,부동산중개업,0.0,
I211,음식점업,주점업,CS200034,여관,0.0,
I211,음식점업,주점업,CS200035,게스트하우스,0.0,
I211,음식점업,주점업,CS200036,고시원,0.0,
I211,음식점업,주점업,CS200037,노래방,0.0,
I211,음식점업,주점업,CS200038,독서실,0.0,
I211,음식점업,주점업,CS200039,DVD방,0.0,
I211,음식점업,주점업,CS200040,녹음실,0.0,
I211,음식점업,주점업,CS200041,사진관,0.0,
I211,음식점업,주점업,CS200042,통번역서비스,0.0,
I211,음식점업,주점업,CS200043,건축물청소,0.0,
I211,음식점업,주점업,CS200044,여행사,0.0,
I211,음식점업,주점업,CS200045,비디오/서적임대,0.0,
I211,음식점업,주점업,CS200046,의류임대,0.0,
I211,음식점업,주점업,CS200047,가정용품임대,0.0,
I211,음식점업,주점업,CS300001,슈퍼마켓,0.0,
I211,음식점업,주점업,CS300002,편의점,0.0,
I211,음식점업,주점업,CS300004,핸드폰,0.0,
I211,음식점업,주점업,CS300006,미곡판매,0.0,
I211,음식점업,주점업,CS300007,육류판매,0.0,
I211,음식점업,주점업,CS300008,수산물판매,0.0,
I211,음식점업,주점업,CS300009,청과상,0.0,
I211,음식점업,주점업,CS300010,반찬가게,0.0,
I211,음식점업,주점업,CS300011,일반의류,0.0,
I211,음식점업,주점업,CS300012,한복점,0.0,
I211,음식점업,주점업,CS300013,유아의류,0.0,
I211,음식점업,주점업,CS300014,신발,0.0,
I211,음식점업,주점업,CS300015,가방,0.0,
I211,음식점업,주점업,CS300016,안경,0.0,
I211,음식점업,주점업,CS300017,시계및귀금속,0.0,
I211,음식점업,주점업,CS300018,의약품,0.0,
I211,음식점업,주점업,CS300019,의료기기,0.0,
I211,음식점업,주점업,CS300020,서적,0.0,
I211,음식점업,주점업,CS300021,문구,0.0,
I211,음식점업,주점업,CS300022,화장품,0.0,
I211,음식점업,주점업,CS300023,미용재료,0.0,
I211,음식점업,주점업,CS300024,운동/경기용품,0.0,
I211,음식점업,주점업,CS300025,자전거 및 기타운송장비,0.0,
I211,음식점업,주점업,CS300026,완구,0.0,
I211,음식점업,주점업,CS300027,섬유제품,0.0,
I211,음식점업,주점업,CS300028,화초,0.0,
I211,음식점업,주점업,CS300029,애완동물,0.0,
I211,음식점업,주점업,CS300030,중고가구,0.0,
I211,음식점업,주점업,CS300031,가구,0.0,
I211,음식점업,주점업,CS300032,가전제품,0.0,
I211,음식점업,주점업,CS300033,철물점,0.0,
I211,음식점업,주점업,CS300034,악기,0.0,
I211,음식점업,주점업,CS300035,인테리어,0.0,
I211,음식점업,주점업,CS300036,조명용품,0.0,
I211,음식점업,주점업,CS300037,중고차판매,0.0,
I211,음식점업,주점업,CS300038,자동차부품,0.0,
I211,음식점업,주점업,CS300039,모터사이클및부품,0.0,
I211,음식점업,주점업,CS300040,재생용품 판매점,0.0,
I211,음식점업,주점업,CS300041,예술품,0.0,
I211,음식점업,주점업,CS300043,전자상거래업,0.0,
I212,음식점업,비알코올 음료점업,CS100005,제과점,0.0,
I212,음식점업,비알코올 음료점업,CS100006,패스트푸드점,0.0,
I212,음식점업,비알코올 음료점업,CS100007,치킨전문점,0.0,
I212,음식점업,비알코올 음료점업,CS100008,분식전문점,0.0,
I212,음식점업,비알코올 음료점업,CS100009,호프-간이주점,0.0,
I212,음식점업,비알코올 음료점업,CS200001,일반교습학원,0.0,
I212,음식점업,비알코올 음료점업,CS200002,외국어학원,0.0,
I212,음식점업,비알코올 음료점업,CS200003,예술학원,0.0,
I212,음식점업,비알코올 음료점업,CS200004,컴퓨터학원,0.0,
I212,음식점업,비알코올 음료점업,CS200005,스포츠 강습,0.0,
I212,음식점업,비알코올 음료점업,CS200006,일반의원,0.0,
I212,음식점업,비알코올 음료점업,CS200007,치과의원,0.0,
I212,음식점업,비알코올 음료점업,CS200008,한의원,0.0,
I212,음식점업,비알코올 음료점업,CS200009,동물병원,0.0,
I212,음식점업,비알코올 음료점업,CS200010,변호사사무소,0.0,
I212,음식점업,비알코올 음료점업,CS200011,변리사사무소,0.0,
I212,음식점업,비알코올 음료점업,CS200012,법무사사무소,0.0,
I212,음식점업,비알코올 음료점업,CS200014,회계사사무소,0.0,
I212,음식점업,비알코올 음료점업,CS200015,세무사사무소,0.0,
I212,음식점업,비알코올 음료점업,CS200016,당구장,0.0,
I212,음식점업,비알코올 음료점업,CS200017,골프연습장,0.0,
I212,음식점업,비알코올 음료점업,CS200018,볼링장,0.0,
I212,음식점업,비알코올 음료점업,CS200019,PC방,0.0,
I212,음식점업,비알코올 음료점업,CS200020,전자게임장,0.0,
I212,음식점업,비알코올 음료점업,CS200021,기타오락장,0.0,
I212,음식점업,비알코올 음료점업,CS200022,복권방,0.0,
I212,음식점업,비알코올 음료점업,CS200023,통신기기수리,0.0,
I212,음식점업,비알코올 음료점업,CS200024,스포츠클럽,0.0,
I212,음식점업,비알코올 음료점업,CS200025,자동차수리,0.0,
I212,음식점업,비알코올 음료점업,CS200026,자동차미용,0.0,
I212,음식점업,비알코올 음료점업,CS200027,모터사이클수리,0.0,
I212,음식점업,비알코올 음료점업,CS200028,미용실,0.0,
I212,음식점업,비알코올 음료점업,CS200029,네일숍,0.0,
I212,음식점업,비알코올 음료점업,CS200030,피부관리실,0.0,
I212,음식점업,비알코올 음료점업,CS200031,세탁소,0.0,
I212,음식점업,비알코올 음료점업,CS200032,가전제품수리,0.0,
I212,음식점업,비알코올 음료점업,CS200033,부동산중개업,0.0,
I212,음식점업,비알코올 음료점업,CS200034,여관,0.0,
I212,음식점업,비알코올 음료점업,CS200035,게스트하우스,0.0,
I212,음식점업,비알코올 음료점업,CS200036,고시원,0.0,
I212,음식점업,비알코올 음료점업,CS200037,노래방,0.0,
I212,음식점업,비알코올 음료점업,CS200038,독서실,0.0,
I212,음식점업,비알코올 음료점업,CS200039,DVD방,0.0,
I212,음식점업,비알코올 음료점업,CS200041,사진관,0.0,
I212,음식점업,비알코올 음료점업,CS200043,건축물청소,0.0,
I212,음식점업,비알코올 음료점업,CS200044,여행사,0.0,
I212,음식점업,비알코올 음료점업,CS200046,의류임대,0.0,
I212,음식점업,비알코올 음료점업,CS200047,가정용품임대,0.0,
I212,음식점업,비알코올 음료점업,CS300001,슈퍼마켓,0.0,
I212,음식점업,비알코올 음료점업,CS300002,편의점,0.0,
I212,음식점업,비알코올 음료점업,CS300003,컴퓨터및주변장치판매,0.0,
I212,음식점업,비알코올 음료점업,CS300004,핸드폰,0.0,
I212,음식점업,비알코올 음료점업,CS300005,주류도매,0.0,
I212,음식점업,비알코올 음료점업,CS300006,미곡판매,0.0,
I212,음식점업,비알코올 음료점업,CS300007,육류판매,0.0,
I212,음식점업,비알코올 음료점업,CS300008,수산물판매,0.0,
I212,음식점업,비알코올 음료점업,CS300009,청과상,0.0,
I212,음식점업,비알코올 음료점업,CS300010,반찬가게,0.0,
I212,음식점업,비알코올 음료점업,CS300011,일반의류,0.0,
I212,음식점업,비알코올 음료점업,CS300012,한복점,0.0,
I212,음식점업,비알코올 음료점업,CS300013,유아의류,0.0,
I212,음식점업,비알코올 음료점업,CS300014,신발,0.0,
I212,음식점업,비알코올 음료점업,CS300015,가방,0.0,
I212,음식점업,비알코올 음료점업,CS300016,안경,0.0,
I212,음식점업,비알코올 음료점업,CS300017,시계및귀금속,0.0,
I212,음식점업,비알코올 음료점업,CS300018,의약품,0.0,
I212,음식점업,비알코올 음료점업,CS300020,서적,0.0,
I212,음식점업,비알코올 음료점업,CS300021,문구,0.0,
I212,음식점업,비알코올 음료점업,CS300022,화장품,0.0,
I212,음식점업,비알코올 음료점업,CS300024,운동/경기용품,0.0,
I212,음식점업,비알코올 음료점업,CS300026,완구,0.0,
I212,음식점업,비알코올 음료점업,CS300027,섬유제품,0.0,
I212,음식점업,비알코올 음료점업,CS300028,화초,0.0,
I212,음식점업,비알코올 음료점업,CS300029,애완동물,0.0,
I212,음식점업,비알코올 음료점업,CS300030,중고가구,0.0,
I212,음식점업,비알코올 음료점업,CS300031,가구,0.0,
I212,음식점업,비알코올 음료점업,CS300032,가전제품,0.0,
I212,음식점업,비알코올 음료점업,CS300033,철물점,0.0,
I212,음식점업,비알코올 음료점업,CS300034,악기,0.0,
I212,음식점업,비알코올 음료점업,CS300035,인테리어,0.0,
I212,음식점업,비알코올 음료점업,CS300036,조명용품,0.0,
I212,음식점업,비알코올 음료점업,CS300037,중고차판매,0.0,
I212,음식점업,비알코올 음료점업,CS300038,자동차부품,0.0,
I212,음식점업,비알코올 음료점업,CS300039,모터사이클및부품,0.0,
I212,음식점업,비알코올 음료점업,CS300040,재생용품 판매점,0.0,
I212,음식점업,비알코올 음료점업,CS300041,예술품,0.0,
I212,음식점업,비알코올 음료점업,CS300042,주유소,0.0,
I212,음식점업,비알코올 음료점업,CS300043,전자상거래업,0.0,
L102,부동산업,부동산관련 서비스업,CS100001,한식음식점,0.0,
L102,부동산업,부동산관련 서비스업,CS100002,중식음식점,0.0,
L102,부동산업,부동산관련 서비스업,CS100003,일식음식점,0.0,
L102,부동산업,부동산관련 서비스업,CS100004,양식음식점,0.0,
L102,부동산업,부동산관련 서비스업,CS100005,제과점,0.0,
L102,부동산업,부동산관련 서비스업,CS100006,패스트푸드점,0.0,
L102,부동산업,부동산관련 서비스업,CS100007,치킨전문점,0.0,
L102,부동산업,부동산관련 서비스업,CS100008,분식전문점,0.0,
L102,부동산업,부동산관련 서비스업,CS100009,호프-간이주점,0.0,
L102,부동산업,부동산관련 서비스업,CS100010,커피-음료,0.0,
L102,부동산업,부동산관련 서비스업,CS200001,일반교습학원,0.0,
L102,부동산업,부동산관련 서비스업,CS200002,외국어학원,0.0,
L102,부동산업,부동산관련 서비스업,CS200003,예술학원,0.0,
L102,부동산업,부동산관련 서비스업,CS200004,컴퓨터학원,0.0,
L102,부동산업,부동산관련 서비스업,CS200005,스포츠 강습,0.0,
L102,부동산업,부동산관련 서비스업,CS200006,일반의원,0.0,
L102,부동산업,부동산관련 서비스업,CS200007,치과의원,0.0,
L102,부동산업,부동산관련 서비스업,CS200008,한의원,0.0,
L102,부동산업,부동산관련 서비스업,CS200010,변호사사무소,0.0,
L102,부동산업,부동산관련 서비스업,CS200011,변리사사무소,0.0,
L102,부동산업,부동산관련 서비스업,CS200012,법무사사무소,0.0,
L102,부동산업,부동산관련 서비스업,CS200013,기타법무서비스,0.0,
L102,부동산업,부동산관련 서비스업,CS200014,회계사사무소,0.0,
L102,부동산업,부동산관련 서비스업,CS200015,세무사사무소,0.0,
L102,부동산업,부동산관련 서비스업,CS200016,당구장,0.0,
L102,부동산업,부동산관련 서비스업,CS200017,골프연습장,0.0,
L102,부동산업,부동산관련 서비스업,CS200018,볼링장,0.0,
L102,부동산업,부동산관련 서비스업,CS200019,PC방,0.0,
L102,부동산업,부동산관련 서비스업,CS200020,전자게임장,0.0,
L102,부동산업,부동산관련 서비스업,CS200021,기타오락장,0.0,
L102,부동산업,부동산관련 서비스업,CS200022,복권방,0.0,
L102,부동산업,부동산관련 서비스업,CS200023,통신기기수리,0.0,
L102,부동산업,부동산관련 서비스업,CS200024,스포츠클럽,0.0,
L102,부동산업,부동산관련 서비스업,CS200027,모터사이클수리,0.0,
L102,부동산업,부동산관련 서비스업,CS200028,미용실,0.0,
L102,부동산업,부동산관련 서비스업,CS200029,네일숍,0.0,
L102,부동산업,부동산관련 서비스업,CS200031,세탁소,0.0,
L102,부동산업,부동산관련 서비스업,CS200032,가전제품수리,0.0,
L102,부동산업,부동산관련 서비스업,CS200035,게스트하우스,0.0,
L102,부동산업,부동산관련 서비스업,CS200036,고시원,0.0,
L102,부동산업,부동산관련 서비스업,CS200037,노래방,0.0,
L102,부동산업,부동산관련 서비스업,CS200038,독서실,0.0,
L102,부동산업,부동산관련 서비스업,CS200039,DVD방,0.0,
L102,부동산업,부동산관련 서비스업,CS200040,녹음실,0.0,
L102,부동산업,부동산관련 서비스업,CS200042,통번역서비스,0.0,
L102,부동산업,부동산관련 서비스업,CS200043,건축물청소,0.0,
L102,부동산업,부동산관련 서비스업,CS200044,여행사,0.0,
L102,부동산업,부동산관련 서비스업,CS200045,비디오/서적임대,0.0,
L102,부동산업,부동산관련 서비스업,CS200046,의류임대,0.0,
L102,부동산업,부동산관련 서비스업,CS200047,가정용품임대,0.0,
L102,부동산업,부동산관련 서비스업,CS300001,슈퍼마켓,0.0,
L102,부동산업,부동산관련 서비스업,CS300002,편의점,0.0,
L102,부동산업,부동산관련 서비스업,CS300003,컴퓨터및주변장치판매,0.0,
L102,부동산업,부동산관련 서비스업,CS300004,핸드폰,0.0,
L102,부동산업,부동산관련 서비스업,CS300005,주류도매,0.0,
L102,부동산업,부동산관련 서비스업,CS300006,미곡판매,0.0,
L102,부동산업,부동산관련 서비스업,CS300007,육류판매,0.0,
L102,부동산업,부동산관련 서비스업,CS300009,청과상,0.0,
L102,부동산업,부동산관련 서비스업,CS300010,반찬가게,0.0,
L102,부동산업,부동산관련 서비스업,CS300011,일반의류,0.0,
L102,부동산업,부동산관련 서비스업,CS300012,한복점,0.0,
L102,부동산업,부동산관련 서비스업,CS300013,유아의류,0.0,
L102,부동산업,부동산관련 서비스업,CS300014,신발,0.0,
L102,부동산업,부동산관련 서비스업,CS300015,가방,0.0,
L102,부동산업,부동산관련 서비스업,CS300016,안경,0.0,
L102,부동산업,부동산관련 서비스업,CS300017,시계및귀금속,0.0,
L102,부동산업,부동산관련 서비스업,CS300018,의약품,0.0,
L102,부동산업,부동산관련 서비스업,CS300019,의료기기,0.0,
L102,부동산업,부동산관련 서비스업,CS300020,서적,0.0,
L102,부동산업,부동산관련 서비스업,CS300021,문구,0.0,
L102,부동산업,부동산관련 서비스업,CS300022,화장품,0.0,
L102,부동산업,부동산관련 서비스업,CS300023,미용재료,0.0,
L102,부동산업,부동산관련 서비스업,CS300025,자전거 및 기타운송장비,0.0,
L102,부동산업,부동산관련 서비스업,CS300026,완구,0.0,
L102,부동산업,부동산관련 서비스업,CS300027,섬유제품,0.0,
L102,부동산업,부동산관련 서비스업,CS300028,화초,0.0,
L102,부동산업,부동산관련 서비스업,CS300030,중고가구,0.0,
L102,부동산업,부동산관련 서비스업,CS300031,가구,0.0,
L102,부동산업,부동산관련 서비스업,CS300032,가전제품,0.0,
L102,부동산업,부동산관련 서비스업,CS300033,철물점,0.0,
L102,부동산업,부동산관련 서비스업,CS300034,악기,0.0,
L102,부동산업,부동산관련 서비스업,CS300035,인테리어,0.0,
L102,부동산업,부동산관련 서비스업,CS300036,조명용품,0.0,
L102,부동산업,부동산관련 서비스업,CS300037,중고차판매,0.0,
L102,부동산업,부동산관련 서비스업,CS300040,재생용품 판매점,0.0,
L102,부동산업,부동산관련 서비스업,CS300041,예술품,0.0,
L102,부동산업,부동산관련 서비스업,CS300042,주유소,0.0,
L102,부동산업,부동산관련 서비스업,CS300043,전자상거래업,0.0,
M103,"전문, 과학 및 기술 서비스업",법무관련 서비스업,CS100001,한식음식점,0.0,
M103,"전문, 과학 및 기술 서비스업",법무관련 서비스업,CS100002,중식음식점,0.0,
M103,"전문, 과학 및 기술 서비스업",법무관련 서비스업,CS100003,일식음식점,0.0,
M103,"전문, 과학 및 기술 서비스업",법무관련 서비스업,CS100004,양식음식점,0.0,
M103,"전문, 과학 및 기술 서비스업",법무관련 서비스업,CS100005,제과점,0.0,
M103,"전문, 과학 및 기술 서비스업",법무관련 서비스업,CS100006,패스트푸드점,0.0,
M103,"전문, 과학 및 기술 서비스업",법무관련 서비스업,CS100007,치킨전문점,0.0,
M103,"전문, 과학 및 기술 서비스업",법무관련 서비스업,CS100008,분식전문점,0.0,
M103,"전문, 과학 및 기술 서비스업",법무관련 서비스업,CS100009,호프-간이주점,0.0,
M103,"전문, 과학 및 기술 서비스업",법무관련 서비스업,CS100010,커피-음료,0.0,
M103,"전문, 과학 및 기술 서비스업",법무관련 서비스업,CS200001,일반교습학원,0.0,
M103,"전문, 과학 및 기술 서비스업",법무관련 서비스업,CS200002,외국어학원,0.0,
M103,"전문, 과학 및 기술 서비스업",법무관련 서비스업,CS200003,예술학원,0.0,
M103,"전문, 과학 및 기술 서비스업",법무관련 서비스업,CS200004,컴퓨터학원,0.0,
M103,"전문, 과학 및 기술 서비스업",법무관련 서비스업,CS200005,스포츠 강습,0.0,
M103,"전문, 과학 및 기술 서비스업",법무관련 서비스업,CS200006,일반의원,0.0,
M103,"전문, 과학 및 기술 서비스업",법무관련 서비스업,CS200007,치과의원,0.0,
M103,"전문, 과학 및 기술 서비스업",법무관련 서비스업,CS200008,한의원,0.0,
M103,"전문, 과학 및 기술 서비스업",법무관련 서비스업,CS200009,동물병원,0.0,
M103,"전문, 과학 및 기술 서비스업",법무관련 서비스업,CS200016,당구장,0.0,
M103,"전문, 과학 및 기술 서비스업",법무관련 서비스업,CS200017,골프연습장,0.0,
M103,"전문, 과학 및 기술 서비스업",법무관련 서비스업,CS200018,볼링장,0.0,
M103,"전문, 과학 및 기술 서비스업",법무관련 서비스업,CS200019,PC방,0.0,
M103,"전문, 과학 및 기술 서비스업",법무관련 서비스업,CS200020,전자게임장,0.0,
M103,"전문, 과학 및 기술 서비스업",법무관련 서비스업,CS200021,기타오락장,0.0,
M103,"전문, 과학 및 기술 서비스업",법무관련 서비스업,CS200022,복권방,0.0,
M103,"전문, 과학 및 기술 서비스업",법무관련 서비스업,CS200023,통신기기수리,0.0,
M103,"전문, 과학 및 기술 서비스업",법무관련 서비스업,CS200024,스포츠클럽,0.0,
M103,"전문, 과학 및 기술 서비스업",법무관련 서비스업,CS200025,자동차수리,0.0,
M103,"전문, 과학 및 기술 서비스업",법무관련 서비스업,CS200026,자동차미용,0.0,
M103,"전문, 과학 및 기술 서비스업",법무관련 서비스업,CS200027,모터사이클수리,0.0,
M103,"전문, 과학 및 기술 서비스업",법무관련 서비스업,CS200028,미용실,0.0,
M103,"전문, 과학 및 기술 서비스업",법무관련 서비스업,CS200029,네일숍,0.0,
M103,"전문, 과학 및 기술 서비스업",법무관련 서비스업,CS200031,세탁소,0.0,
M103,"전문, 과학 및 기술 서비스업",법무관련 서비스업,CS200032,가전제품수리,0.0,
M103,"전문, 과학 및 기술 서비스업",법무관련 서비스업,CS200033,부동산중개업,0.0,
M103,"전문, 과학 및 기술 서비스업",법무관련 서비스업,CS200035,게스트하우스,0.0,
M103,"전문, 과학 및 기술 서비스업",법무관련 서비스업,CS200036,고시원,0.0,
M103,"전문, 과학 및 기술 서비스업",법무관련 서비스업,CS200037,노래방,0.0,
M103,"전문, 과학 및 기술 서비스업",법무관련 서비스업,CS200038,독서실,0.0,
M103,"전문, 과학 및 기술 서비스업",법무관련 서비스업,CS200039,DVD방,0.0,
M103,"전문, 과학 및 기술 서비스업",법무관련 서비스업,CS200040,녹음실,0.0,
M103,"전문, 과학 및 기술 서비스업",법무관련 서비스업,CS200042,통번역서비스,0.0,
M103,"전문, 과학 및 기술 서비스업",법무관련 서비스업,CS200043,건축물청소,0.0,
M103,"전문, 과학 및 기술 서비스업",법무관련 서비스업,CS200044,여행사,0.0,
M103,"전문, 과학 및 기술 서비스업",법무관련 서비스업,CS200045,비디오/서적임대,0.0,
M103,"전문, 과학 및 기술 서비스업",법무관련 서비스업,CS200046,의류임대,0.0,
M103,"전문, 과학 및 기술 서비스업",법무관련 서비스업,CS200047,가정용품임대,0.0,
M103,"전문, 과학 및 기술 서비스업",법무관련 서비스업,CS300001,슈퍼마켓,0.0,
M103,"전문, 과학 및 기술 서비스업",법무관련 서비스업,CS300002,편의점,0.0,
M103,"전문, 과학 및 기술 서비스업",법무관련 서비스업,CS300003,컴퓨터및주변장치판매,0.0,
M103,"전문, 과학 및 기술 서비스업",법무관련 서비스업,CS300004,핸드폰,0.0,
M103,"전문, 과학 및 기술 서비스업",법무관련 서비스업,CS300005,주류도매,0.0,
M103,"전문, 과학 및 기술 서비스업",법무관련 서비스업,CS300006,미곡판매,0.0,
M103,"전문, 과학 및 기술 서비스업",법무관련 서비스업,CS300007,육류판매,0.0,
M103,"전문, 과학 및 기술 서비스업",법무관련 서비스업,CS300008,수산물판매,0.0,
M103,"전문, 과학 및 기술 서비스업",법무관련 서비스업,CS300009,청과상,0.0,
M103,"전문, 과학 및 기술 서비스업",법무관련 서비스업,CS300010,반찬가게,0.0,
M103,"전문, 과학 및 기술 서비스업",법무관련 서비스업,CS300011,일반의류,0.0,
M103,"전문, 과학 및 기술 서비스업",법무관련 서비스업,CS300012,한복점,0.0,
M103,"전문, 과학 및 기술 서비스업",법무관련 서비스업,CS300013,유아의류,0.0,
M103,"전문, 과학 및 기술 서비스업",법무관련 서비스업,CS300014,신발,0.0,
M103,"전문, 과학 및 기술 서비스업",법무관련 서비스업,CS300015,가방,0.0,
M103,"전문, 과학 및 기술 서비스업",법무관련 서비스업,CS300016,안경,0.0,
M103,"전문, 과학 및 기술 서비스업",법무관련 서비스업,CS300017,시계및귀금속,0.0,
M103,"전문, 과학 및 기술 서비스업",법무관련 서비스업,CS300018,의약품,0.0,
M103,"전문, 과학 및 기술 서비스업",법무관련 서비스업,CS300019,의료기기,0.0,
M103,"전문, 과학 및 기술 서비스업",법무관련 서비스업,CS300020,서적,0.0,
M103,"전문, 과학 및 기술 서비스업",법무관련 서비스업,CS300021,문구,0.0,
M103,"전문, 과학 및 기술 서비스업",법무관련 서비스업,CS300022,화장품,0.0,
M103,"전문, 과학 및 기술 서비스업",법무관련 서비스업,CS300023,미용재료,0.0,
M103,"전문, 과학 및 기술 서비스업",법무관련 서비스업,CS300024,운동/경기용품,0.0,
M103,"전문, 과학 및 기술 서비스업",법무관련 서비스업,CS300025,자전거 및 기타운송장비,0.0,
M103,"전문, 과학 및 기술 서비스업",법무관련 서비스업,CS300026,완구,0.0,
M103,"전문, 과학 및 기술 서비스업",법무관련 서비스업,CS300027,섬유제품,0.0,
M103,"전문, 과학 및 기술 서비스업",법무관련 서비스업,CS300028,화초,0.0,
M103,"전문, 과학 및 기술 서비스업",법무관련 서비스업,CS300029,애완동물,0.0,
M103,"전문, 과학 및 기술 서비스업",법무관련 서비스업,CS300030,중고가구,0.0,
M103,"전문, 과학 및 기술 서비스업",법무관련 서비스업,CS300031,가구,0.0,
M103,"전문, 과학 및 기술 서비스업",법무관련 서비스업,CS300032,가전제품,0.0,
M103,"전문, 과학 및 기술 서비스업",법무관련 서비스업,CS300033,철물점,0.0,
M103,"전문, 과학 및 기술 서비스업",법무관련 서비스업,CS300034,악기,0.0,
M103,"전문, 과학 및 기술 서비스업",법무관련 서비스업,CS300035,인테리어,0.0,
M103,"전문, 과학 및 기술 서비스업",법무관련 서비스업,CS300036,조명용품,0.0,
M103,"전문, 과학 및 기술 서비스업",법무관련 서비스업,CS300037,중고차판매,0.0,
M103,"전문, 과학 및 기술 서비스업",법무관련 서비스업,CS300038,자동차부품,0.0,
M103,"전문, 과학 및 기술 서비스업",법무관련 서비스업,CS300039,모터사이클및부품,0.0,
M103,"전문, 과학 및 기술 서비스업",법무관련 서비스업,CS300040,재생용품 판매점,0.0,
M103,"전문, 과학 및 기술 서비스업",법무관련 서비스업,CS300041,예술품,0.0,
M103,"전문, 과학 및 기술 서비스업",법무관련 서비스업,CS300042,주유소,0.0,
M103,"전문, 과학 및 기술 서비스업",법무관련 서비스업,CS300043,전자상거래업,0.0,
M104,"전문, 과학 및 기술 서비스업",회계 및 세무관련 서비스업,CS100001,한식음식점,0.0,
M104,"전문, 과학 및 기술 서비스업",회계 및 세무관련 서비스업,CS100002,중식음식점,0.0,
M104,"전문, 과학 및 기술 서비스업",회계 및 세무관련 서비스업,CS100003,일식음식점,0.0,
M104,"전문, 과학 및 기술 서비스업",회계 및 세무관련 서비스업,CS100004,양식음식점,0.0,
M104,"전문, 과학 및 기술 서비스업",회계 및 세무관련 서비스업,CS100005,제과점,0.0,
M104,"전문, 과학 및 기술 서비스업",회계 및 세무관련 서비스업,CS100006,패스트푸드점,0.0,
M104,"전문, 과학 및 기술 서비스업",회계 및 세무관련 서비스업,CS100007,치킨전문점,0.0,
M104,"전문, 과학 및 기술 서비스업",회계 및 세무관련 서비스업,CS100008,분식전문점,0.0,
M104,"전문, 과학 및 기술 서비스업",회계 및 세무관련 서비스업,CS100009,호프-간이주점,0.0,
M104,"전문, 과학 및 기술 서비스업",회계 및 세무관련 서비스업,CS100010,커피-음료,0.0,
M104,"전문, 과학 및 기술 서비스업",회계 및 세무관련 서비스업,CS200001,일반교습학원,0.0,
M104,"전문, 과학 및 기술 서비스업",회계 및 세무관련 서비스업,CS200002,외국어학원,0.0,
M104,"전문, 과학 및 기술 서비스업",회계 및 세무관련 서비스업,CS200003,예술학원,0.0,
M104,"전문, 과학 및 기술 서비스업",회계 및 세무관련 서비스업,CS200004,컴퓨터학원,0.0,
M104,"전문, 과학 및 기술 서비스업",회계 및 세무관련 서비스업,CS200005,스포츠 강습,0.0,
M104,"전문, 과학 및 기술 서비스업",회계 및 세무관련 서비스업,CS200006,일반의원,0.0,
M104,"전문, 과학 및 기술 서비스업",회계 및 세무관련 서비스업,CS200007,치과의원,0.0,
M104,"전문, 과학 및 기술 서비스업",회계 및 세무관련 서비스업,CS200008,한의원,0.0,
M104,"전문, 과학 및 기술 서비스업",회계 및 세무관련 서비스업,CS200009,동물병원,0.0,
M104,"전문, 과학 및 기술 서비스업",회계 및 세무관련 서비스업,CS200016,당구장,0.0,
M104,"전문, 과학 및 기술 서비스업",회계 및 세무관련 서비스업,CS200017,골프연습장,0.0,
M104,"전문, 과학 및 기술 서비스업",회계 및 세무관련 서비스업,CS200018,볼링장,0.0,
M104,"전문, 과학 및 기술 서비스업",회계 및 세무관련 서비스업,CS200019,PC방,0.0,
M104,"전문, 과학 및 기술 서비스업",회계 및 세무관련 서비스업,CS200020,전자게임장,0.0,
M104,"전문, 과학 및 기술 서비스업",회계 및 세무관련 서비스업,CS200021,기타오락장,0.0,
M104,"전문, 과학 및 기술 서비스업",회계 및 세무관련 서비스업,CS200022,복권방,0.0,
M104,"전문, 과학 및 기술 서비스업",회계 및 세무관련 서비스업,CS200023,통신기기수리,0.0,
M104,"전문, 과학 및 기술 서비스업",회계 및 세무관련 서비스업,CS200024,스포츠클럽,0.0,
M104,"전문, 과학 및 기술 서비스업",회계 및 세무관련 서비스업,CS200025,자동차수리,0.0,
M104,"전문, 과학 및 기술 서비스업",회계 및 세무관련 서비스업,CS200026,자동차미용,0.0,
M104,"전문, 과학 및 기술 서비스업",회계 및 세무관련 서비스업,CS200027,모터사이클수리,0.0,
M104,"전문, 과학 및 기술 서비스업",회계 및 세무관련 서비스업,CS200028,미용실,0.0,
M104,"전문, 과학 및 기술 서비스업",회계 및 세무관련 서비스업,CS200029,네일숍,0.0,
M104,"전문, 과학 및 기술 서비스업",회계 및 세무관련 서비스업,CS200032,가전제품수리,0.0,
M104,"전문, 과학 및 기술 서비스업",회계 및 세무관련 서비스업,CS200033,부동산중개업,0.0,
M104,"전문, 과학 및 기술 서비스업",회계 및 세무관련 서비스업,CS200035,게스트하우스,0.0,
M104,"전문, 과학 및 기술 서비스업",회계 및 세무관련 서비스업,CS200036,고시원,0.0,
M104,"전문, 과학 및 기술 서비스업",회계 및 세무관련 서비스업,CS200037,노래방,0.0,
M104,"전문, 과학 및 기술 서비스업",회계 및 세무관련 서비스업,CS200038,독서실,0.0,
M104,"전문, 과학 및 기술 서비스업",회계 및 세무관련 서비스업,CS200039,DVD방,0.0,
M104,"전문, 과학 및 기술 서비스업",회계 및 세무관련 서비스업,CS200040,녹음실,0.0,
M104,"전문, 과학 및 기술 서비스업",회계 및 세무관련 서비스업,CS200042,통번역서비스,0.0,
M104,"전문, 과학 및 기술 서비스업",회계 및 세무관련 서비스업,CS200043,건축물청소,0.0,
M104,"전문, 과학 및 기술 서비스업",회계 및 세무관련 서비스업,CS200044,여행사,0.0,
M104,"전문, 과학 및 기술 서비스업",회계 및 세무관련 서비스업,CS200045,비디오/서적임대,0.0,
M104,"전문, 과학 및 기술 서비스업",회계 및 세무관련 서비스업,CS200046,의류임대,0.0,
M104,"전문, 과학 및 기술 서비스업",회계 및 세무관련 서비스업,CS200047,가정용품임대,0.0,
M104,"전문, 과학 및 기술 서비스업",회계 및 세무관련 서비스업,CS300001,슈퍼마켓,0.0,
M104,"전문, 과학 및 기술 서비스업",회계 및 세무관련 서비스업,CS300002,편의점,0.0,
M104,"전문, 과학 및 기술 서비스업",회계 및 세무관련 서비스업,CS300003,컴퓨터및주변장치판매,0.0,
M104,"전문, 과학 및 기술 서비스업",회계 및 세무관련 서비스업,CS300004,핸드폰,0.0,
M104,"전문, 과학 및 기술 서비스업",회계 및 세무관련 서비스업,CS300005,주류도매,0.0,
M104,"전문, 과학 및 기술 서비스업",회계 및 세무관련 서비스업,CS300006,미곡판매,0.0,
M104,"전문, 과학 및 기술 서비스업",회계 및 세무관련 서비스업,CS300007,육류판매,0.0,
M104,"전문, 과학 및 기술 서비스업",회계 및 세무관련 서비스업,CS300008,수산물판매,0.0,
M104,"전문, 과학 및 기술 서비스업",회계 및 세무관련 서비스업,CS300009,청과상,0.0,
M104,"전문, 과학 및 기술 서비스업",회계 및 세무관련 서비스업,CS300010,반찬가게,0.0,
M104,"전문, 과학 및 기술 서비스업",회계 및 세무관련 서비스업,CS300011,일반의류,0.0,
M104,"전문, 과학 및 기술 서비스업",회계 및 세무관련 서비스업,CS300012,한복점,0.0,
M104,"전문, 과학 및 기술 서비스업",회계 및 세무관련 서비스업,CS300013,유아의류,0.0,
M104,"전문, 과학 및 기술 서비스업",회계 및 세무관련 서비스업,CS300014,신발,0.0,
M104,"전문, 과학 및 기술 서비스업",회계 및 세무관련 서비스업,CS300015,가방,0.0,
M104,"전문, 과학 및 기술 서비스업",회계 및 세무관련 서비스업,CS300016,안경,0.0,
M104,"전문, 과학 및 기술 서비스업",회계 및 세무관련 서비스업,CS300018,의약품,0.0,
M104,"전문, 과학 및 기술 서비스업",회계 및 세무관련 서비스업,CS300019,의료기기,0.0,
M104,"전문, 과학 및 기술 서비스업",회계 및 세무관련 서비스업,CS300020,서적,0.0,
M104,"전문, 과학 및 기술 서비스업",회계 및 세무관련 서비스업,CS300021,문구,0.0,
M104,"전문, 과학 및 기술 서비스업",회계 및 세무관련 서비스업,CS300022,화장품,0.0,
M104,"전문, 과학 및 기술 서비스업",회계 및 세무관련 서비스업,CS300023,미용재료,0.0,
M104,"전문, 과학 및 기술 서비스업",회계 및 세무관련 서비스업,CS300024,운동/경기용품,0.0,
M104,"전문, 과학 및 기술 서비스업",회계 및 세무관련 서비스업,CS300025,자전거 및 기타운송장비,0.0,
M104,"전문, 과학 및 기술 서비스업",회계 및 세무관련 서비스업,CS300026,완구,0.0,
M104,"전문, 과학 및 기술 서비스업",회계 및 세무관련 서비스업,CS300027,섬유제품,0.0,
M104,"전문, 과학 및 기술 서비스업",회계 및 세무관련 서비스업,CS300028,화초,0.0,
M104,"전문, 과학 및 기술 서비스업",회계 및 세무관련 서비스업,CS300029,애완동물,0.0,
M104,"전문, 과학 및 기술 서비스업",회계 및 세무관련 서비스업,CS300030,중고가구,0.0,
M104,"전문, 과학 및 기술 서비스업",회계 및 세무관련 서비스업,CS300031,가구,0.0,
M104,"전문, 과학 및 기술 서비스업",회계 및 세무관련 서비스업,CS300032,가전제품,0.0,
M104,"전문, 과학 및 기술 서비스업",회계 및 세무관련 서비스업,CS300033,철물점,0.0,
M104,"전문, 과학 및 기술 서비스업",회계 및 세무관련 서비스업,CS300034,악기,0.0,
M104,"전문, 과학 및 기술 서비스업",회계 및 세무관련 서비스업,CS300035,인테리어,0.0,
M104,"전문, 과학 및 기술 서비스업",회계 및 세무관련 서비스업,CS300036,조명용품,0.0,
M104,"전문, 과학 및 기술 서비스업",회계 및 세무관련 서비스업,CS300037,중고차판매,0.0,
M104,"전문, 과학 및 기술 서비스업",회계 및 세무관련 서비스업,CS300038,자동차부품,0.0,
M104,"전문, 과학 및 기술 서비스업",회계 및 세무관련 서비스업,CS300039,모터사이클및부품,0.0,
M104,"전문, 과학 및 기술 서비스업",회계 및 세무관련 서비스업,CS300040,재생용품 판매점,0.0,
M104,"전문, 과학 및 기술 서비스업",회계 및 세무관련 서비스업,CS300041,예술품,0.0,
M104,"전문, 과학 및 기술 서비스업",회계 및 세무관련 서비스업,CS300042,주유소,0.0,
M104,"전문, 과학 및 기술 서비스업",회계 및 세무관련 서비스업,CS300043,전자상거래업,0.0,
M105,"전문, 과학 및 기술 서비스업",광고업,CS100001,한식음식점,0.0,
M105,"전문, 과학 및 기술 서비스업",광고업,CS100002,중식음식점,0.0,
M105,"전문, 과학 및 기술 서비스업",광고업,CS100003,일식음식점,0.0,
M105,"전문, 과학 및 기술 서비스업",광고업,CS100004,양식음식점,0.0,
M105,"전문, 과학 및 기술 서비스업",광고업,CS100005,제과점,0.0,
M105,"전문, 과학 및 기술 서비스업",광고업,CS100006,패스트푸드점,0.0,
M105,"전문, 과학 및 기술 서비스업",광고업,CS100007,치킨전문점,0.0,
M105,"전문, 과학 및 기술 서비스업",광고업,CS100008,분식전문점,0.0,
M105,"전문, 과학 및 기술 서비스업",광고업,CS100009,호프-간이주점,0.0,
M105,"전문, 과학 및 기술 서비스업",광고업,CS100010,커피-음료,0.0,
M105,"전문, 과학 및 기술 서비스업",광고업,CS200001,일반교습학원,0.0,
M105,"전문, 과학 및 기술 서비스업",광고업,CS200002,외국어학원,0.0,
M105,"전문, 과학 및 기술 서비스업",광고업,CS200003,예술학원,0.0,
M105,"전문, 과학 및 기술 서비스업",광고업,CS200004,컴퓨터학원,0.0,
M105,"전문, 과학 및 기술 서비스업",광고업,CS200005,스포츠 강습,0.0,
M105,"전문, 과학 및 기술 서비스업",광고업,CS200006,일반의원,0.0,
M105,"전문, 과학 및 기술 서비스업",광고업,CS200007,치과의원,0.0,
M105,"전문, 과학 및 기술 서비스업",광고업,CS200008,한의원,0.0,
M105,"전문, 과학 및 기술 서비스업",광고업,CS200009,동물병원,0.0,
M105,"전문, 과학 및 기술 서비스업",광고업,CS200010,변호사사무소,0.0,
M105,"전문, 과학 및 기술 서비스업",광고업,CS200011,변리사사무소,0.0,
M105,"전문, 과학 및 기술 서비스업",광고업,CS200012,법무사사무소,0.0,
M105,"전문, 과학 및 기술 서비스업",광고업,CS200013,기타법무서비스,0.0,
M105,"전문, 과학 및 기술 서비스업",광고업,CS200014,회계사사무소,0.0,
M105,"전문, 과학 및 기술 서비스업",광고업,CS200015,세무사사무소,0.0,
M105,"전문, 과학 및 기술 서비스업",광고업,CS200016,당구장,0.0,
M105,"전문, 과학 및 기술 서비스업",광고업,CS200017,골프연습장,0.0,
M105,"전문, 과학 및 기술 서비스업",광고업,CS200018,볼링장,0.0,
M105,"전문, 과학 및 기술 서비스업",광고업,CS200019,PC방,0.0,
M105,"전문, 과학 및 기술 서비스업",광고업,CS200020,전자게임장,0.0,
M105,"전문, 과학 및 기술 서비스업",광고업,CS200021,기타오락장,0.0,
M105,"전문, 과학 및 기술 서비스업",광고업,CS200022,복권방,0.0,
M105,"전문, 과학 및 기술 서비스업",광고업,CS200023,통신기기수리,0.0,
M105,"전문, 과학 및 기술 서비스업",광고업,CS200024,스포츠클럽,0.0,
M105,"전문, 과학 및 기술 서비스업",광고업,CS200025,자동차수리,0.0,
M105,"전문, 과학 및 기술 서비스업",광고업,CS200026,자동차미용,0.0,
M105,"전문, 과학 및 기술 서비스업",광고업,CS200027,모터사이클수리,0.0,
M105,"전문, 과학 및 기술 서비스업",광고업,CS200028,미용실,0.0,
M105,"전문, 과학 및 기술 서비스업",광고업,CS200029,네일숍,0.0,
M105,"전문, 과학 및 기술 서비스업",광고업,CS200030,피부관리실,0.0,
M105,"전문, 과학 및 기술 서비스업",광고업,CS200031,세탁소,0.0,
M105,"전문, 과학 및 기술 서비스업",광고업,CS200032,가전제품수리,0.0,
M105,"전문, 과학 및 기술 서비스업",광고업,CS200033,부동산중개업,0.0,
M105,"전문, 과학 및 기술 서비스업",광고업,CS200034,여관,0.0,
M105,"전문, 과학 및 기술 서비스업",광고업,CS200035,게스트하우스,0.0,
M105,"전문, 과학 및 기술 서비스업",광고업,CS200037,노래방,0.0,
M105,"전문, 과학 및 기술 서비스업",광고업,CS200038,독서실,0.0,
M105,"전문, 과학 및 기술 서비스업",광고업,CS200039,DVD방,0.0,
M105,"전문, 과학 및 기술 서비스업",광고업,CS200040,녹음실,0.0,
M105,"전문, 과학 및 기술 서비스업",광고업,CS200041,사진관,0.0,
M105,"전문, 과학 및 기술 서비스업",광고업,CS200042,통번역서비스,0.0,
M105,"전문, 과학 및 기술 서비스업",광고업,CS200043,건축물청소,0.0,
M105,"전문, 과학 및 기술 서비스업",광고업,CS200044,여행사,0.0,
M105,"전문, 과학 및 기술 서비스업",광고업,CS200045,비디오/서적임대,0.0,
M105,"전문, 과학 및 기술 서비스업",광고업,CS200046,의류임대,0.0,
M105,"전문, 과학 및 기술 서비스업",광고업,CS200047,가정용품임대,0.0,
M105,"전문, 과학 및 기술 서비스업",광고업,CS300001,슈퍼마켓,0.0,
M105,"전문, 과학 및 기술 서비스업",광고업,CS300002,편의점,0.0,
M105,"전문, 과학 및 기술 서비스업",광고업,CS300003,컴퓨터및주변장치판매,0.0,
M105,"전문, 과학 및 기술 서비스업",광고업,CS300004,핸드폰,0.0,
M105,"전문, 과학 및 기술 서비스업",광고업,CS300005,주류도매,0.0,
M105,"전문, 과학 및 기술 서비스업",광고업,CS300006,미곡판매,0.0,
M105,"전문, 과학 및 기술 서비스업",광고업,CS300007,육류판매,0.0,
M105,"전문, 과학 및 기술 서비스업",광고업,CS300008,수산물판매,0.0,
M105,"전문, 과학 및 기술 서비스업",광고업,CS300009,청과상,0.0,
M105,"전문, 과학 및 기술 서비스업",광고업,CS300010,반찬가게,0.0,
M105,"전문, 과학 및 기술 서비스업",광고업,CS300011,일반의류,0.0,
M105,"전문, 과학 및 기술 서비스업",광고업,CS300012,한복점,0.0,
M105,"전문, 과학 및 기술 서비스업",광고업,CS300013,유아의류,0.0,
M105,"전문, 과학 및 기술 서비스업",광고업,CS300014,신발,0.0,
M105,"전문, 과학 및 기술 서비스업",광고업,CS300015,가방,0.0,
M105,"전문, 과학 및 기술 서비스업",광고업,CS300016,안경,0.0,
M105,"전문, 과학 및 기술 서비스업",광고업,CS300017,시계및귀금속,0.0,
M105,"전문, 과학 및 기술 서비스업",광고업,CS300018,의약품,0.0,
M105,"전문, 과학 및 기술 서비스업",광고업,CS300019,의료기기,0.0,
M105,"전문, 과학 및 기술 서비스업",광고업,CS300020,서적,0.0,
M105,"전문, 과학 및 기술 서비스업",광고업,CS300021,문구,0.0,
M105,"전문, 과학 및 기술 서비스업",광고업,CS300022,화장품,0.0,
M105,"전문, 과학 및 기술 서비스업",광고업,CS300023,미용재료,0.0,
M105,"전문, 과학 및 기술 서비스업",광고업,CS300024,운동/경기용품,0.0,
M105,"전문, 과학 및 기술 서비스업",광고업,CS300025,자전거 및 기타운송장비,0.0,
M105,"전문, 과학 및 기술 서비스업",광고업,CS300026,완구,0.0,
M105,"전문, 과학 및 기술 서비스업",광고업,CS300027,섬유제품,0.0,
M105,"전문, 과학 및 기술 서비스업",광고업,CS300028,화초,0.0,
M105,"전문, 과학 및 기술 서비스업",광고업,CS300029,애완동물,0.0,
M105,"전문, 과학 및 기술 서비스업",광고업,CS300031,가구,0.0,
M105,"전문, 과학 및 기술 서비스업",광고업,CS300032,가전제품,0.0,
M105,"전문, 과학 및 기술 서비스업",광고업,CS300033,철물점,0.0,
M105,"전문, 과학 및 기술 서비스업",광고업,CS300034,악기,0.0,
M105,"전문, 과학 및 기술 서비스업",광고업,CS300035,인테리어,0.0,
M105,"전문, 과학 및 기술 서비스업",광고업,CS300036,조명용품,0.0,
M105,"전문, 과학 및 기술 서비스업",광고업,CS300038,자동차부품,0.0,
M105,"전문, 과학 및 기술 서비스업",광고업,CS300039,모터사이클및부품,0.0,
M105,"전문, 과학 및 기술 서비스업",광고업,CS300040,재생용품 판매점,0.0,
M105,"전문, 과학 및 기술 서비스업",광고업,CS300041,예술품,0.0,
M105,"전문, 과학 및 기술 서비스업",광고업,CS300042,주유소,0.0,
M105,"전문, 과학 및 기술 서비스업",광고업,CS300043,전자상거래업,0.0,
M106,"전문, 과학 및 기술 서비스업",시장 조사 및 여론 조사업,CS100001,한식음식점,0.0,
M106,"전문, 과학 및 기술 서비스업",시장 조사 및 여론 조사업,CS100002,중식음식점,0.0,
M106,"전문, 과학 및 기술 서비스업",시장 조사 및 여론 조사업,CS100003,일식음식점,0.0,
M106,"전문, 과학 및 기술 서비스업",시장 조사 및 여론 조사업,CS100004,양식음식점,0.0,
M106,"전문, 과학 및 기술 서비스업",시장 조사 및 여론 조사업,CS100005,제과점,0.0,
M106,"전문, 과학 및 기술 서비스업",시장 조사 및 여론 조사업,CS100006,패스트푸드점,0.0,
M106,"전문, 과학 및 기술 서비스업",시장 조사 및 여론 조사업,CS100007,치킨전문점,0.0,
M106,"전문, 과학 및 기술 서비스업",시장 조사 및 여론 조사업,CS100008,분식전문점,0.0,
M106,"전문, 과학 및 기술 서비스업",시장 조사 및 여론 조사업,CS100009,호프-간이주점,0.0,
M106,"전문, 과학 및 기술 서비스업",시장 조사 및 여론 조사업,CS100010,커피-음료,0.0,
M106,"전문, 과학 및 기술 서비스업",시장 조사 및 여론 조사업,CS200001,일반교습학원,0.0,
M106,"전문, 과학 및 기술 서비스업",시장 조사 및 여론 조사업,CS200002,외국어학원,0.0,
M106,"전문, 과학 및 기술 서비스업",시장 조사 및 여론 조사업,CS200003,예술학원,0.0,
M106,"전문, 과학 및 기술 서비스업",시장 조사 및 여론 조사업,CS200004,컴퓨터학원,0.0,
M106,"전문, 과학 및 기술 서비스업",시장 조사 및 여론 조사업,CS200005,스포츠 강습,0.0,
M106,"전문, 과학 및 기술 서비스업",시장 조사 및 여론 조사업,CS200006,일반의원,0.0,
M106,"전문, 과학 및 기술 서비스업",시장 조사 및 여론 조사업,CS200007,치과의원,0.0,
M106,"전문, 과학 및 기술 서비스업",시장 조사 및 여론 조사업,CS200008,한의원,0.0,
M106,"전문, 과학 및 기술 서비스업",시장 조사 및 여론 조사업,CS200009,동물병원,0.0,
M106,"전문, 과학 및 기술 서비스업",시장 조사 및 여론 조사업,CS200013,기타법무서비스,0.0,
M106,"전문, 과학 및 기술 서비스업",시장 조사 및 여론 조사업,CS200019,PC방,0.0,
M106,"전문, 과학 및 기술 서비스업",시장 조사 및 여론 조사업,CS200022,복권방,0.0,
M106,"전문, 과학 및 기술 서비스업",시장 조사 및 여론 조사업,CS200023,통신기기수리,0.0,
M106,"전문, 과학 및 기술 서비스업",시장 조사 및 여론 조사업,CS200024,스포츠클럽,0.0,
M106,"전문, 과학 및 기술 서비스업",시장 조사 및 여론 조사업,CS200025,자동차수리,0.0,
M106,"전문, 과학 및 기술 서비스업",시장 조사 및 여론 조사업,CS200026,자동차미용,0.0,
M106,"전문, 과학 및 기술 서비스업",시장 조사 및 여론 조사업,CS200028,미용실,0.0,
M106,"전문, 과학 및 기술 서비스업",시장 조사 및 여론 조사업,CS200029,네일숍,0.0,
M106,"전문, 과학 및 기술 서비스업",시장 조사 및 여론 조사업,CS200030,피부관리실,0.0,
M106,"전문, 과학 및 기술 서비스업",시장 조사 및 여론 조사업,CS200031,세탁소,0.0,
M106,"전문, 과학 및 기술 서비스업",시장 조사 및 여론 조사업,CS200032,가전제품수리,0.0,
M106,"전문, 과학 및 기술 서비스업",시장 조사 및 여론 조사업,CS200033,부동산중개업,0.0,
M106,"전문, 과학 및 기술 서비스업",시장 조사 및 여론 조사업,CS200035,게스트하우스,0.0,
M106,"전문, 과학 및 기술 서비스업",시장 조사 및 여론 조사업,CS200037,노래방,0.0,
M106,"전문, 과학 및 기술 서비스업",시장 조사 및 여론 조사업,CS200038,독서실,0.0,
M106,"전문, 과학 및 기술 서비스업",시장 조사 및 여론 조사업,CS200039,DVD방,0.0,
M106,"전문, 과학 및 기술 서비스업",시장 조사 및 여론 조사업,CS200040,녹음실,0.0,
M106,"전문, 과학 및 기술 서비스업",시장 조사 및 여론 조사업,CS200042,통번역서비스,0.0,
M106,"전문, 과학 및 기술 서비스업",시장 조사 및 여론 조사업,CS200043,건축물청소,0.0,
M106,"전문, 과학 및 기술 서비스업",시장 조사 및 여론 조사업,CS200045,비디오/서적임대,0.0,
M106,"전문, 과학 및 기술 서비스업",시장 조사 및 여론 조사업,CS200046,의류임대,0.0,
M106,"전문, 과학 및 기술 서비스업",시장 조사 및 여론 조사업,CS200047,가정용품임대,0.0,
M106,"전문, 과학 및 기술 서비스업",시장 조사 및 여론 조사업,CS300001,슈퍼마켓,0.0,
M106,"전문, 과학 및 기술 서비스업",시장 조사 및 여론 조사업,CS300002,편의점,0.0,
M106,"전문, 과학 및 기술 서비스업",시장 조사 및 여론 조사업,CS300004,핸드폰,0.0,
M106,"전문, 과학 및 기술 서비스업",시장 조사 및 여론 조사업,CS300005,주류도매,0.0,
M106,"전문, 과학 및 기술 서비스업",시장 조사 및 여론 조사업,CS300006,미곡판매,0.0,
M106,"전문, 과학 및 기술 서비스업",시장 조사 및 여론 조사업,CS300007,육류판매,0.0,
M106,"전문, 과학 및 기술 서비스업",시장 조사 및 여론 조사업,CS300008,수산물판매,0.0,
M106,"전문, 과학 및 기술 서비스업",시장 조사 및 여론 조사업,CS300009,청과상,0.0,
M106,"전문, 과학 및 기술 서비스업",시장 조사 및 여론 조사업,CS300010,반찬가게,0.0,
M106,"전문, 과학 및 기술 서비스업",시장 조사 및 여론 조사업,CS300011,일반의류,0.0,
M106,"전문, 과학 및 기술 서비스업",시장 조사 및 여론 조사업,CS300012,한복점,0.0,
M106,"전문, 과학 및 기술 서비스업",시장 조사 및 여론 조사업,CS300013,유아의류,0.0,
M106,"전문, 과학 및 기술 서비스업",시장 조사 및 여론 조사업,CS300014,신발,0.0,
M106,"전문, 과학 및 기술 서비스업",시장 조사 및 여론 조사업,CS300015,가방,0.0,
M106,"전문, 과학 및 기술 서비스업",시장 조사 및 여론 조사업,CS300016,안경,0.0,
M106,"전문, 과학 및 기술 서비스업",시장 조사 및 여론 조사업,CS300018,의약품,0.0,
M106,"전문, 과학 및 기술 서비스업",시장 조사 및 여론 조사업,CS300019,의료기기,0.0,
M106,"전문, 과학 및 기술 서비스업",시장 조사 및 여론 조사업,CS300020,서적,0.0,
M106,"전문, 과학 및 기술 서비스업",시장 조사 및 여론 조사업,CS300021,문구,0.0,
M106,"전문, 과학 및 기술 서비스업",시장 조사 및 여론 조사업,CS300023,미용재료,0.0,
M106,"전문, 과학 및 기술 서비스업",시장 조사 및 여론 조사업,CS300024,운동/경기용품,0.0,
M106,"전문, 과학 및 기술 서비스업",시장 조사 및 여론 조사업,CS300026,완구,0.0,
M106,"전문, 과학 및 기술 서비스업",시장 조사 및 여론 조사업,CS300027,섬유제품,0.0,
M106,"전문, 과학 및 기술 서비스업",시장 조사 및 여론 조사업,CS300028,화초,0.0,
M106,"전문, 과학 및 기술 서비스업",시장 조사 및 여론 조사업,CS300029,애완동물,0.0,
M106,"전문, 과학 및 기술 서비스업",시장 조사 및 여론 조사업,CS300030,중고가구,0.0,
M106,"전문, 과학 및 기술 서비스업",시장 조사 및 여론 조사업,CS300031,가구,0.0,
M106,"전문, 과학 및 기술 서비스업",시장 조사 및 여론 조사업,CS300032,가전제품,0.0,
M106,"전문, 과학 및 기술 서비스업",시장 조사 및 여론 조사업,CS300033,철물점,0.0,
M106,"전문, 과학 및 기술 서비스업",시장 조사 및 여론 조사업,CS300034,악기,0.0,
M106,"전문, 과학 및 기술 서비스업",시장 조사 및 여론 조사업,CS300035,인테리어,0.0,
M106,"전문, 과학 및 기술 서비스업",시장 조사 및 여론 조사업,CS300037,중고차판매,0.0,
M106,"전문, 과학 및 기술 서비스업",시장 조사 및 여론 조사업,CS300038,자동차부품,0.0,
M106,"전문, 과학 및 기술 서비스업",시장 조사 및 여론 조사업,CS300040,재생용품 판매점,0.0,
M106,"전문, 과학 및 기술 서비스업",시장 조사 및 여론 조사업,CS300041,예술품,0.0,
M106,"전문, 과학 및 기술 서비스업",시장 조사 및 여론 조사업,CS300042,주유소,0.0,
M106,"전문, 과학 및 기술 서비스업",시장 조사 및 여론 조사업,CS300043,전자상거래업,0.0,
M107,"전문, 과학 및 기술 서비스업",회사 본부 및 경영 컨설팅 서비스업,CS100001,한식음식점,0.0,
M107,"전문, 과학 및 기술 서비스업",회사 본부 및 경영 컨설팅 서비스업,CS100002,중식음식점,0.0,
M107,"전문, 과학 및 기술 서비스업",회사 본부 및 경영 컨설팅 서비스업,CS100003,일식음식점,0.0,
M107,"전문, 과학 및 기술 서비스업",회사 본부 및 경영 컨설팅 서비스업,CS100004,양식음식점,0.0,
M107,"전문, 과학 및 기술 서비스업",회사 본부 및 경영 컨설팅 서비스업,CS100005,제과점,0.0,
M107,"전문, 과학 및 기술 서비스업",회사 본부 및 경영 컨설팅 서비스업,CS100006,패스트푸드점,0.0,
M107,"전문, 과학 및 기술 서비스업",회사 본부 및 경영 컨설팅 서비스업,CS100007,치킨전문점,0.0,
M107,"전문, 과학 및 기술 서비스업",회사 본부 및 경영 컨설팅 서비스업,CS100008,분식전문점,0.0,
M107,"전문, 과학 및 기술 서비스업",회사 본부 및 경영 컨설팅 서비스업,CS100009,호프-간이주점,0.0,
M107,"전문, 과학 및 기술 서비스업",회사 본부 및 경영 컨설팅 서비스업,CS100010,커피-음료,0.0,
M107,"전문, 과학 및 기술 서비스업",회사 본부 및 경영 컨설팅 서비스업,CS200001,일반교습학원,0.0,
M107,"전문, 과학 및 기술 서비스업",회사 본부 및 경영 컨설팅 서비스업,CS200002,외국어학원,0.0,
M107,"전문, 과학 및 기술 서비스업",회사 본부 및 경영 컨설팅 서비스업,CS200003,예술학원,0.0,
M107,"전문, 과학 및 기술 서비스업",회사 본부 및 경영 컨설팅 서비스업,CS200004,컴퓨터학원,0.0,
M107,"전문, 과학 및 기술 서비스업",회사 본부 및 경영 컨설팅 서비스업,CS200005,스포츠 강습,0.0,
M107,"전문, 과학 및 기술 서비스업",회사 본부 및 경영 컨설팅 서비스업,CS200006,일반의원,0.0,
M107,"전문, 과학 및 기술 서비스업",회사 본부 및 경영 컨설팅 서비스업,CS200007,치과의원,0.0,
M107,"전문, 과학 및 기술 서비스업",회사 본부 및 경영 컨설팅 서비스업,CS200008,한의원,0.0,
M107,"전문, 과학 및 기술 서비스업",회사 본부 및 경영 컨설팅 서비스업,CS200009,동물병원,0.0,
M107,"전문, 과학 및 기술 서비스업",회사 본부 및 경영 컨설팅 서비스업,CS200013,기타법무서비스,0.0,
M107,"전문, 과학 및 기술 서비스업",회사 본부 및 경영 컨설팅 서비스업,CS200016,당구장,0.0,
M107,"전문, 과학 및 기술 서비스업",회사 본부 및 경영 컨설팅 서비스업,CS200017,골프연습장,0.0,
M107,"전문, 과학 및 기술 서비스업",회사 본부 및 경영 컨설팅 서비스업,CS200018,볼링장,0.0,
M107,"전문, 과학 및 기술 서비스업",회사 본부 및 경영 컨설팅 서비스업,CS200019,PC방,0.0,
M107,"전문, 과학 및 기술 서비스업",회사 본부 및 경영 컨설팅 서비스업,CS200020,전자게임장,0.0,
M107,"전문, 과학 및 기술 서비스업",회사 본부 및 경영 컨설팅 서비스업,CS200021,기타오락장,0.0,
M107,"전문, 과학 및 기술 서비스업",회사 본부 및 경영 컨설팅 서비스업,CS200022,복권방,0.0,
M107,"전문, 과학 및 기술 서비스업",회사 본부 및 경영 컨설팅 서비스업,CS200023,통신기기수리,0.0,
M107,"전문, 과학 및 기술 서비스업",회사 본부 및 경영 컨설팅 서비스업,CS200024,스포츠클럽,0.0,
M107,"전문, 과학 및 기술 서비스업",회사 본부 및 경영 컨설팅 서비스업,CS200025,자동차수리,0.0,
M107,"전문, 과학 및 기술 서비스업",회사 본부 및 경영 컨설팅 서비스업,CS200026,자동차미용,0.0,
M107,"전문, 과학 및 기술 서비스업",회사 본부 및 경영 컨설팅 서비스업,CS200028,미용실,0.0,
M107,"전문, 과학 및 기술 서비스업",회사 본부 및 경영 컨설팅 서비스업,CS200029,네일숍,0.0,
M107,"전문, 과학 및 기술 서비스업",회사 본부 및 경영 컨설팅 서비스업,CS200031,세탁소,0.0,
M107,"전문, 과학 및 기술 서비스업",회사 본부 및 경영 컨설팅 서비스업,CS200032,가전제품수리,0.0,
M107,"전문, 과학 및 기술 서비스업",회사 본부 및 경영 컨설팅 서비스업,CS200034,여관,0.0,
M107,"전문, 과학 및 기술 서비스업",회사 본부 및 경영 컨설팅 서비스업,CS200035,게스트하우스,0.0,
M107,"전문, 과학 및 기술 서비스업",회사 본부 및 경영 컨설팅 서비스업,CS200036,고시원,0.0,
M107,"전문, 과학 및 기술 서비스업",회사 본부 및 경영 컨설팅 서비스업,CS200037,노래방,0.0,
M107,"전문, 과학 및 기술 서비스업",회사 본부 및 경영 컨설팅 서비스업,CS200038,독서실,0.0,
M107,"전문, 과학 및 기술 서비스업",회사 본부 및 경영 컨설팅 서비스업,CS200039,DVD방,0.0,
M107,"전문, 과학 및 기술 서비스업",회사 본부 및 경영 컨설팅 서비스업,CS200040,녹음실,0.0,
M107,"전문, 과학 및 기술 서비스업",회사 본부 및 경영 컨설팅 서비스업,CS200042,통번역서비스,0.0,
M107,"전문, 과학 및 기술 서비스업",회사 본부 및 경영 컨설팅 서비스업,CS200043,건축물청소,0.0,
M107,"전문, 과학 및 기술 서비스업",회사 본부 및 경영 컨설팅 서비스업,CS200045,비디오/서적임대,0.0,
M107,"전문, 과학 및 기술 서비스업",회사 본부 및 경영 컨설팅 서비스업,CS200046,의류임대,0.0,
M107,"전문, 과학 및 기술 서비스업",회사 본부 및 경영 컨설팅 서비스업,CS200047,가정용품임대,0.0,
M107,"전문, 과학 및 기술 서비스업",회사 본부 및 경영 컨설팅 서비스업,CS300001,슈퍼마켓,0.0,
M107,"전문, 과학 및 기술 서비스업",회사 본부 및 경영 컨설팅 서비스업,CS300002,편의점,0.0,
M107,"전문, 과학 및 기술 서비스업",회사 본부 및 경영 컨설팅 서비스업,CS300003,컴퓨터및주변장치판매,0.0,
M107,"전문, 과학 및 기술 서비스업",회사 본부 및 경영 컨설팅 서비스업,CS300004,핸드폰,0.0,
M107,"전문, 과학 및 기술 서비스업",회사 본부 및 경영 컨설팅 서비스업,CS300005,주류도매,0.0,
M107,"전문, 과학 및 기술 서비스업",회사 본부 및 경영 컨설팅 서비스업,CS300006,미곡판매,0.0,
M107,"전문, 과학 및 기술 서비스업",회사 본부 및 경영 컨설팅 서비스업,CS300007,육류판매,0.0,
M107,"전문, 과학 및 기술 서비스업",회사 본부 및 경영 컨설팅 서비스업,CS300008,수산물판매,0.0,
M107,"전문, 과학 및 기술 서비스업",회사 본부 및 경영 컨설팅 서비스업,CS300009,청과상,0.0,
M107,"전문, 과학 및 기술 서비스업",회사 본부 및 경영 컨설팅 서비스업,CS300010,반찬가게,0.0,
M107,"전문, 과학 및 기술 서비스업",회사 본부 및 경영 컨설팅 서비스업,CS300011,일반의류,0.0,
M107,"전문, 과학 및 기술 서비스업",회사 본부 및 경영 컨설팅 서비스업,CS300012,한복점,0.0,
M107,"전문, 과학 및 기술 서비스업",회사 본부 및 경영 컨설팅 서비스업,CS300013,유아의류,0.0,
M107,"전문, 과학 및 기술 서비스업",회사 본부 및 경영 컨설팅 서비스업,CS300014,신발,0.0,
M107,"전문, 과학 및 기술 서비스업",회사 본부 및 경영 컨설팅 서비스업,CS300015,가방,0.0,
M107,"전문, 과학 및 기술 서비스업",회사 본부 및 경영 컨설팅 서비스업,CS300017,시계및귀금속,0.0,
M107,"전문, 과학 및 기술 서비스업",회사 본부 및 경영 컨설팅 서비스업,CS300018,의약품,0.0,
M107,"전문, 과학 및 기술 서비스업",회사 본부 및 경영 컨설팅 서비스업,CS300019,의료기기,0.0,
M107,"전문, 과학 및 기술 서비스업",회사 본부 및 경영 컨설팅 서비스업,CS300020,서적,0.0,
M107,"전문, 과학 및 기술 서비스업",회사 본부 및 경영 컨설팅 서비스업,CS300021,문구,0.0,
M107,"전문, 과학 및 기술 서비스업",회사 본부 및 경영 컨설팅 서비스업,CS300022,화장품,0.0,
M107,"전문, 과학 및 기술 서비스업",회사 본부 및 경영 컨설팅 서비스업,CS300023,미용재료,0.0,
M107,"전문, 과학 및 기술 서비스업",회사 본부 및 경영 컨설팅 서비스업,CS300025,자전거 및 기타운송장비,0.0,
M107,"전문, 과학 및 기술 서비스업",회사 본부 및 경영 컨설팅 서비스업,CS300026,완구,0.0,
M107,"전문, 과학 및 기술 서비스업",회사 본부 및 경영 컨설팅 서비스업,CS300027,섬유제품,0.0,
M107,"전문, 과학 및 기술 서비스업",회사 본부 및 경영 컨설팅 서비스업,CS300028,화초,0.0,
M107,"전문, 과학 및 기술 서비스업",회사 본부 및 경영 컨설팅 서비스업,CS300029,애완동물,0.0,
M107,"전문, 과학 및 기술 서비스업",회사 본부 및 경영 컨설팅 서비스업,CS300030,중고가구,0.0,
M107,"전문, 과학 및 기술 서비스업",회사 본부 및 경영 컨설팅 서비스업,CS300031,가구,0.0,
M107,"전문, 과학 및 기술 서비스업",회사 본부 및 경영 컨설팅 서비스업,CS300032,가전제품,0.0,
M107,"전문, 과학 및 기술 서비스업",회사 본부 및 경영 컨설팅 서비스업,CS300033,철물점,0.0,
M107,"전문, 과학 및 기술 서비스업",회사 본부 및 경영 컨설팅 서비스업,CS300034,악기,0.0,
M107,"전문, 과학 및 기술 서비스업",회사 본부 및 경영 컨설팅 서비스업,CS300035,인테리어,0.0,
M107,"전문, 과학 및 기술 서비스업",회사 본부 및 경영 컨설팅 서비스업,CS300036,조명용품,0.0,
M107,"전문, 과학 및 기술 서비스업",회사 본부 및 경영 컨설팅 서비스업,CS300037,중고차판매,0.0,
M107,"전문, 과학 및 기술 서비스업",회사 본부 및 경영 컨설팅 서비스업,CS300040,재생용품 판매점,0.0,
M107,"전문, 과학 및 기술 서비스업",회사 본부 및 경영 컨설팅 서비스업,CS300041,예술품,0.0,
M107,"전문, 과학 및 기술 서비스업",회사 본부 및 경영 컨설팅 서비스업,CS300042,주유소,0.0,
M107,"전문, 과학 및 기술 서비스업",회사 본부 및 경영 컨설팅 서비스업,CS300043,전자상거래업,0.0,
M109,"전문, 과학 및 기술 서비스업","건축 기술, 엔지니어링 및 관련 기술 서비스업",CS100001,한식음식점,0.0,
M109,"전문, 과학 및 기술 서비스업","건축 기술, 엔지니어링 및 관련 기술 서비스업",CS100002,중식음식점,0.0,
M109,"전문, 과학 및 기술 서비스업","건축 기술, 엔지니어링 및 관련 기술 서비스업",CS100003,일식음식점,0.0,
M109,"전문, 과학 및 기술 서비스업","건축 기술, 엔지니어링 및 관련 기술 서비스업",CS100004,양식음식점,0.0,
M109,"전문, 과학 및 기술 서비스업","건축 기술, 엔지니어링 및 관련 기술 서비스업",CS100005,제과점,0.0,
M109,"전문, 과학 및 기술 서비스업","건축 기술, 엔지니어링 및 관련 기술 서비스업",CS100006,패스트푸드점,0.0,
M109,"전문, 과학 및 기술 서비스업","건축 기술, 엔지니어링 및 관련 기술 서비스업",CS100007,치킨전문점,0.0,
M109,"전문, 과학 및 기술 서비스업","건축 기술, 엔지니어링 및 관련 기술 서비스업",CS100008,분식전문점,0.0,
M109,"전문, 과학 및 기술 서비스업","건축 기술, 엔지니어링 및 관련 기술 서비스업",CS100009,호프-간이주점,0.0,
M109,"전문, 과학 및 기술 서비스업","건축 기술, 엔지니어링 및 관련 기술 서비스업",CS100010,커피-음료,0.0,
M109,"전문, 과학 및 기술 서비스업","건축 기술, 엔지니어링 및 관련 기술 서비스업",CS200001,일반교습학원,0.0,
M109,"전문, 과학 및 기술 서비스업","건축 기술, 엔지니어링 및 관련 기술 서비스업",CS200004,컴퓨터학원,0.0,
M109,"전문, 과학 및 기술 서비스업","건축 기술, 엔지니어링 및 관련 기술 서비스업",CS200005,스포츠 강습,0.0,
M109,"전문, 과학 및 기술 서비스업","건축 기술, 엔지니어링 및 관련 기술 서비스업",CS200006,일반의원,0.0,
M109,"전문, 과학 및 기술 서비스업","건축 기술, 엔지니어링 및 관련 기술 서비스업",CS200007,치과의원,0.0,
M109,"전문, 과학 및 기술 서비스업","건축 기술, 엔지니어링 및 관련 기술 서비스업",CS200008,한의원,0.0,
M109,"전문, 과학 및 기술 서비스업","건축 기술, 엔지니어링 및 관련 기술 서비스업",CS200009,동물병원,0.0,
M109,"전문, 과학 및 기술 서비스업","건축 기술, 엔지니어링 및 관련 기술 서비스업",CS200010,변호사사무소,0.0,
M109,"전문, 과학 및 기술 서비스업","건축 기술, 엔지니어링 및 관련 기술 서비스업",CS200011,변리사사무소,0.0,
M109,"전문, 과학 및 기술 서비스업","건축 기술, 엔지니어링 및 관련 기술 서비스업",CS200012,법무사사무소,0.0,
M109,"전문, 과학 및 기술 서비스업","건축 기술, 엔지니어링 및 관련 기술 서비스업",CS200013,기타법무서비스,0.0,
M109,"전문, 과학 및 기술 서비스업","건축 기술, 엔지니어링 및 관련 기술 서비스업",CS200014,회계사사무소,0.0,
M109,"전문, 과학 및 기술 서비스업","건축 기술, 엔지니어링 및 관련 기술 서비스업",CS200015,세무사사무소,0.0,
M109,"전문, 과학 및 기술 서비스업","건축 기술, 엔지니어링 및 관련 기술 서비스업",CS200016,당구장,0.0,
M109,"전문, 과학 및 기술 서비스업","건축 기술, 엔지니어링 및 관련 기술 서비스업",CS200017,골프연습장,0.0,
M109,"전문, 과학 및 기술 서비스업","건축 기술, 엔지니어링 및 관련 기술 서비스업",CS200019,PC방,0.0,
M109,"전문, 과학 및 기술 서비스업","건축 기술, 엔지니어링 및 관련 기술 서비스업",CS200020,전자게임장,0.0,
M109,"전문, 과학 및 기술 서비스업","건축 기술, 엔지니어링 및 관련 기술 서비스업",CS200021,기타오락장,0.0,
M109,"전문, 과학 및 기술 서비스업","건축 기술, 엔지니어링 및 관련 기술 서비스업",CS200022,복권방,0.0,
M109,"전문, 과학 및 기술 서비스업","건축 기술, 엔지니어링 및 관련 기술 서비스업",CS200024,스포츠클럽,0.0,
M109,"전문, 과학 및 기술 서비스업","건축 기술, 엔지니어링 및 관련 기술 서비스업",CS200025,자동차수리,0.0,
M109,"전문, 과학 및 기술 서비스업","건축 기술, 엔지니어링 및 관련 기술 서비스업",CS200026,자동차미용,0.0,
M109,"전문, 과학 및 기술 서비스업","건축 기술, 엔지니어링 및 관련 기술 서비스업",CS200027,모터사이클수리,0.0,
M109,"전문, 과학 및 기술 서비스업","건축 기술, 엔지니어링 및 관련 기술 서비스업",CS200028,미용실,0.0,
M109,"전문, 과학 및 기술 서비스업","건축 기술, 엔지니어링 및 관련 기술 서비스업",CS200029,네일숍,0.0,
M109,"전문, 과학 및 기술 서비스업","건축 기술, 엔지니어링 및 관련 기술 서비스업",CS200031,세탁소,0.0,
M109,"전문, 과학 및 기술 서비스업","건축 기술, 엔지니어링 및 관련 기술 서비스업",CS200032,가전제품수리,0.0,
M109,"전문, 과학 및 기술 서비스업","건축 기술, 엔지니어링 및 관련 기술 서비스업",CS200033,부동산중개업,0.0,
M109,"전문, 과학 및 기술 서비스업","건축 기술, 엔지니어링 및 관련 기술 서비스업",CS200035,게스트하우스,0.0,
M109,"전문, 과학 및 기술 서비스업","건축 기술, 엔지니어링 및 관련 기술 서비스업",CS200036,고시원,0.0,
M109,"전문, 과학 및 기술 서비스업","건축 기술, 엔지니어링 및 관련 기술 서비스업",CS200037,노래방,0.0,
M109,"전문, 과학 및 기술 서비스업","건축 기술, 엔지니어링 및 관련 기술 서비스업",CS200038,독서실,0.0,
M109,"전문, 과학 및 기술 서비스업","건축 기술, 엔지니어링 및 관련 기술 서비스업",CS200039,DVD방,0.0,
M109,"전문, 과학 및 기술 서비스업","건축 기술, 엔지니어링 및 관련 기술 서비스업",CS200040,녹음실,0.0,
M109,"전문, 과학 및 기술 서비스업","건축 기술, 엔지니어링 및 관련 기술 서비스업",CS200042,통번역서비스,0.0,
M109,"전문, 과학 및 기술 서비스업","건축 기술, 엔지니어링 및 관련 기술 서비스업",CS200044,여행사,0.0,
M109,"전문, 과학 및 기술 서비스업","건축 기술, 엔지니어링 및 관련 기술 서비스업",CS200045,비디오/서적임대,0.0,
M109,"전문, 과학 및 기술 서비스업","건축 기술, 엔지니어링 및 관련 기술 서비스업",CS200046,의류임대,0.0,
M109,"전문, 과학 및 기술 서비스업","건축 기술, 엔지니어링 및 관련 기술 서비스업",CS200047,가정용품임대,0.0,
M109,"전문, 과학 및 기술 서비스업","건축 기술, 엔지니어링 및 관련 기술 서비스업",CS300001,슈퍼마켓,0.0,
M109,"전문, 과학 및 기술 서비스업","건축 기술, 엔지니어링 및 관련 기술 서비스업",CS300002,편의점,0.0,
M109,"전문, 과학 및 기술 서비스업","건축 기술, 엔지니어링 및 관련 기술 서비스업",CS300003,컴퓨터및주변장치판매,0.0,
M109,"전문, 과학 및 기술 서비스업","건축 기술, 엔지니어링 및 관련 기술 서비스업",CS300004,핸드폰,0.0,
M109,"전문, 과학 및 기술 서비스업","건축 기술, 엔지니어링 및 관련 기술 서비스업",CS300005,주류도매,0.0,
M109,"전문, 과학 및 기술 서비스업","건축 기술, 엔지니어링 및 관련 기술 서비스업",CS300006,미곡판매,0.0,
M109,"전문, 과학 및 기술 서비스업","건축 기술, 엔지니어링 및 관련 기술 서비스업",CS300007,육류판매,0.0,
M109,"전문, 과학 및 기술 서비스업","건축 기술, 엔지니어링 및 관련 기술 서비스업",CS300008,수산물판매,0.0,
M109,"전문, 과학 및 기술 서비스업","건축 기술, 엔지니어링 및 관련 기술 서비스업",CS300009,청과상,0.0,
M109,"전문, 과학 및 기술 서비스업","건축 기술, 엔지니어링 및 관련 기술 서비스업",CS300010,반찬가게,0.0,
M109,"전문, 과학 및 기술 서비스업","건축 기술, 엔지니어링 및 관련 기술 서비스업",CS300011,일반의류,0.0,
M109,"전문, 과학 및 기술 서비스업","건축 기술, 엔지니어링 및 관련 기술 서비스업",CS300012,한복점,0.0,
M109,"전문, 과학 및 기술 서비스업","건축 기술, 엔지니어링 및 관련 기술 서비스업",CS300013,유아의류,0.0,
M109,"전문, 과학 및 기술 서비스업","건축 기술, 엔지니어링 및 관련 기술 서비스업",CS300014,신발,0.0,
M109,"전문, 과학 및 기술 서비스업","건축 기술, 엔지니어링 및 관련 기술 서비스업",CS300015,가방,0.0,
M109,"전문, 과학 및 기술 서비스업","건축 기술, 엔지니어링 및 관련 기술 서비스업",CS300016,안경,0.0,
M109,"전문, 과학 및 기술 서비스업","건축 기술, 엔지니어링 및 관련 기술 서비스업",CS300017,시계및귀금속,0.0,
M109,"전문, 과학 및 기술 서비스업","건축 기술, 엔지니어링 및 관련 기술 서비스업",CS300018,의약품,0.0,
M109,"전문, 과학 및 기술 서비스업","건축 기술, 엔지니어링 및 관련 기술 서비스업",CS300020,서적,0.0,
M109,"전문, 과학 및 기술 서비스업","건축 기술, 엔지니어링 및 관련 기술 서비스업",CS300021,문구,0.0,
M109,"전문, 과학 및 기술 서비스업","건축 기술, 엔지니어링 및 관련 기술 서비스업",CS300022,화장품,0.0,
M109,"전문, 과학 및 기술 서비스업","건축 기술, 엔지니어링 및 관련 기술 서비스업",CS300023,미용재료,0.0,
M109,"전문, 과학 및 기술 서비스업","건축 기술, 엔지니어링 및 관련 기술 서비스업",CS300025,자전거 및 기타운송장비,0.0,
M109,"전문, 과학 및 기술 서비스업","건축 기술, 엔지니어링 및 관련 기술 서비스업",CS300026,완구,0.0,
M109,"전문, 과학 및 기술 서비스업","건축 기술, 엔지니어링 및 관련 기술 서비스업",CS300027,섬유제품,0.0,
M109,"전문, 과학 및 기술 서비스업","건축 기술, 엔지니어링 및 관련 기술 서비스업",CS300028,화초,0.0,
M109,"전문, 과학 및 기술 서비스업","건축 기술, 엔지니어링 및 관련 기술 서비스업",CS300029,애완동물,0.0,
M109,"전문, 과학 및 기술 서비스업","건축 기술, 엔지니어링 및 관련 기술 서비스업",CS300030,중고가구,0.0,
M109,"전문, 과학 및 기술 서비스업","건축 기술, 엔지니어링 및 관련 기술 서비스업",CS300031,가구,0.0,
M109,"전문, 과학 및 기술 서비스업","건축 기술, 엔지니어링 및 관련 기술 서비스업",CS300032,가전제품,0.0,
M109,"전문, 과학 및 기술 서비스업","건축 기술, 엔지니어링 및 관련 기술 서비스업",CS300033,철물점,0.0,
M109,"전문, 과학 및 기술 서비스업","건축 기술, 엔지니어링 및 관련 기술 서비스업",CS300036,조명용품,0.0,
M109,"전문, 과학 및 기술 서비스업","건축 기술, 엔지니어링 및 관련 기술 서비스업",CS300037,중고차판매,0.0,
M109,"전문, 과학 및 기술 서비스업","건축 기술, 엔지니어링 및 관련 기술 서비스업",CS300038,자동차부품,0.0,
M109,"전문, 과학 및 기술 서비스업","건축 기술, 엔지니어링 및 관련 기술 서비스업",CS300039,모터사이클및부품,0.0,
M109,"전문, 과학 및 기술 서비스업","건축 기술, 엔지니어링 및 관련 기술 서비스업",CS300040,재생용품 판매점,0.0,
M109,"전문, 과학 및 기술 서비스업","건축 기술, 엔지니어링 및 관련 기술 서비스업",CS300042,주유소,0.0,
M109,"전문, 과학 및 기술 서비스업","건축 기술, 엔지니어링 및 관련 기술 서비스업",CS300043,전자상거래업,0.0,
M111,"전문, 과학 및 기술 서비스업",수의업,CS100001,한식음식점,0.0,
M111,"전문, 과학 및 기술 서비스업",수의업,CS100002,중식음식점,0.0,
M111,"전문, 과학 및 기술 서비스업",수의업,CS100003,일식음식점,0.0,
M111,"전문, 과학 및 기술 서비스업",수의업,CS100004,양식음식점,0.0,
M111,"전문, 과학 및 기술 서비스업",수의업,CS100005,제과점,0.0,
M111,"전문, 과학 및 기술 서비스업",수의업,CS100006,패스트푸드점,0.0,
M111,"전문, 과학 및 기술 서비스업",수의업,CS100007,치킨전문점,0.0,
M111,"전문, 과학 및 기술 서비스업",수의업,CS100008,분식전문점,0.0,
M111,"전문, 과학 및 기술 서비스업",수의업,CS100009,호프-간이주점,0.0,
M111,"전문, 과학 및 기술 서비스업",수의업,CS100010,커피-음료,0.0,
M111,"전문, 과학 및 기술 서비스업",수의업,CS200001,일반교습학원,0.0,
M111,"전문, 과학 및 기술 서비스업",수의업,CS200002,외국어학원,0.0,
M111,"전문, 과학 및 기술 서비스업",수의업,CS200003,예술학원,0.0,
M111,"전문, 과학 및 기술 서비스업",수의업,CS200004,컴퓨터학원,0.0,
M111,"전문, 과학 및 기술 서비스업",수의업,CS200005,스포츠 강습,0.0,
M111,"전문, 과학 및 기술 서비스업",수의업,CS200009,동물병원,0.0,
M111,"전문, 과학 및 기술 서비스업",수의업,CS200010,변호사사무소,0.0,
M111,"전문, 과학 및 기술 서비스업",수의업,CS200011,변리사사무소,0.0,
M111,"전문, 과학 및 기술 서비스업",수의업,CS200012,법무사사무소,0.0,
M111,"전문, 과학 및 기술 서비스업",수의업,CS200013,기타법무서비스,0.0,
M111,"전문, 과학 및 기술 서비스업",수의업,CS200014,회계사사무소,0.0,
M111,"전문, 과학 및 기술 서비스업",수의업,CS200015,세무사사무소,0.0,
M111,"전문, 과학 및 기술 서비스업",수의업,CS200016,당구장,0.0,
M111,"전문, 과학 및 기술 서비스업",수의업,CS200017,골프연습장,0.0,
M111,"전문, 과학 및 기술 서비스업",수의업,CS200018,볼링장,0.0,
M111,"전문, 과학 및 기술 서비스업",수의업,CS200019,PC방,0.0,
M111,"전문, 과학 및 기술 서비스업",수의업,CS200020,전자게임장,0.0,
M111,"전문, 과학 및 기술 서비스업",수의업,CS200021,기타오락장,0.0,
M111,"전문, 과학 및 기술 서비스업",수의업,CS200022,복권방,0.0,
M111,"전문, 과학 및 기술 서비스업",수의업,CS200024,스포츠클럽,0.0,
M111,"전문, 과학 및 기술 서비스업",수의업,CS200026,자동차미용,0.0,
M111,"전문, 과학 및 기술 서비스업",수의업,CS200028,미용실,0.0,
M111,"전문, 과학 및 기술 서비스업",수의업,CS200029,네일숍,0.0,
M111,"전문, 과학 및 기술 서비스업",수의업,CS200030,피부관리실,0.0,
M111,"전문, 과학 및 기술 서비스업",수의업,CS200031,세탁소,0.0,
M111,"전문, 과학 및 기술 서비스업",수의업,CS200033,부동산중개업,0.0,
M111,"전문, 과학 및 기술 서비스업",수의업,CS200034,여관,0.0,
M111,"전문, 과학 및 기술 서비스업",수의업,CS200035,게스트하우스,0.0,
M111,"전문, 과학 및 기술 서비스업",수의업,CS200036,고시원,0.0,
M111,"전문, 과학 및 기술 서비스업",수의업,CS200037,노래방,0.0,
M111,"전문, 과학 및 기술 서비스업",수의업,CS200038,독서실,0.0,
M111,"전문, 과학 및 기술 서비스업",수의업,CS200039,DVD방,0.0,
M111,"전문, 과학 및 기술 서비스업",수의업,CS200040,녹음실,0.0,
M111,"전문, 과학 및 기술 서비스업",수의업,CS200041,사진관,0.0,
M111,"전문, 과학 및 기술 서비스업",수의업,CS200042,통번역서비스,0.0,
M111,"전문, 과학 및 기술 서비스업",수의업,CS200043,건축물청소,0.0,
M111,"전문, 과학 및 기술 서비스업",수의업,CS200044,여행사,0.0,
M111,"전문, 과학 및 기술 서비스업",수의업,CS200045,비디오/서적임대,0.0,
M111,"전문, 과학 및 기술 서비스업",수의업,CS200047,가정용품임대,0.0,
M111,"전문, 과학 및 기술 서비스업",수의업,CS300001,슈퍼마켓,0.0,
M111,"전문, 과학 및 기술 서비스업",수의업,CS300003,컴퓨터및주변장치판매,0.0,
M111,"전문, 과학 및 기술 서비스업",수의업,CS300004,핸드폰,0.0,
M111,"전문, 과학 및 기술 서비스업",수의업,CS300005,주류도매,0.0,
M111,"전문, 과학 및 기술 서비스업",수의업,CS300006,미곡판매,0.0,
M111,"전문, 과학 및 기술 서비스업",수의업,CS300007,육류판매,0.0,
M111,"전문, 과학 및 기술 서비스업",수의업,CS300009,청과상,0.0,
M111,"전문, 과학 및 기술 서비스업",수의업,CS300010,반찬가게,0.0,
M111,"전문, 과학 및 기술 서비스업",수의업,CS300012,한복점,0.0,
M111,"전문, 과학 및 기술 서비스업",수의업,CS300014,신발,0.0,
M111,"전문, 과학 및 기술 서비스업",수의업,CS300015,가방,0.0,
M111,"전문, 과학 및 기술 서비스업",수의업,CS300016,안경,0.0,
M111,"전문, 과학 및 기술 서비스업",수의업,CS300017,시계및귀금속,0.0,
M111,"전문, 과학 및 기술 서비스업",수의업,CS300020,서적,0.0,
M111,"전문, 과학 및 기술 서비스업",수의업,CS300021,문구,0.0,
M111,"전문, 과학 및 기술 서비스업",수의업,CS300022,화장품,0.0,
M111,"전문, 과학 및 기술 서비스업",수의업,CS300023,미용재료,0.0,
M111,"전문, 과학 및 기술 서비스업",수의업,CS300024,운동/경기용품,0.0,
M111,"전문, 과학 및 기술 서비스업",수의업,CS300025,자전거 및 기타운송장비,0.0,
M111,"전문, 과학 및 기술 서비스업",수의업,CS300026,완구,0.0,
M111,"전문, 과학 및 기술 서비스업",수의업,CS300027,섬유제품,0.0,
M111,"전문, 과학 및 기술 서비스업",수의업,CS300028,화초,0.0,
M111,"전문, 과학 및 기술 서비스업",수의업,CS300029,애완동물,0.0,
M111,"전문, 과학 및 기술 서비스업",수의업,CS300030,중고가구,0.0,
M111,"전문, 과학 및 기술 서비스업",수의업,CS300031,가구,0.0,
M111,"전문, 과학 및 기술 서비스업",수의업,CS300032,가전제품,0.0,
M111,"전문, 과학 및 기술 서비스업",수의업,CS300033,철물점,0.0,
M111,"전문, 과학 및 기술 서비스업",수의업,CS300034,악기,0.0,
M111,"전문, 과학 및 기술 서비스업",수의업,CS300035,인테리어,0.0,
M111,"전문, 과학 및 기술 서비스업",수의업,CS300036,조명용품,0.0,
M111,"전문, 과학 및 기술 서비스업",수의업,CS300037,중고차판매,0.0,
M111,"전문, 과학 및 기술 서비스업",수의업,CS300038,자동차부품,0.0,
M111,"전문, 과학 및 기술 서비스업",수의업,CS300039,모터사이클및부품,0.0,
M111,"전문, 과학 및 기술 서비스업",수의업,CS300040,재생용품 판매점,0.0,
M111,"전문, 과학 및 기술 서비스업",수의업,CS300041,예술품,0.0,
M111,"전문, 과학 및 기술 서비스업",수의업,CS300042,주유소,0.0,
M111,"전문, 과학 및 기술 서비스업",수의업,CS300043,전자상거래업,0.0,
M112,"전문, 과학 및 기술 서비스업",전문 디자인업,CS100001,한식음식점,0.0,
M112,"전문, 과학 및 기술 서비스업",전문 디자인업,CS100002,중식음식점,0.0,
M112,"전문, 과학 및 기술 서비스업",전문 디자인업,CS100003,일식음식점,0.0,
M112,"전문, 과학 및 기술 서비스업",전문 디자인업,CS100004,양식음식점,0.0,
M112,"전문, 과학 및 기술 서비스업",전문 디자인업,CS100005,제과점,0.0,
M112,"전문, 과학 및 기술 서비스업",전문 디자인업,CS100006,패스트푸드점,0.0,
M112,"전문, 과학 및 기술 서비스업",전문 디자인업,CS100009,호프-간이주점,0.0,
M112,"전문, 과학 및 기술 서비스업",전문 디자인업,CS100010,커피-음료,0.0,
M112,"전문, 과학 및 기술 서비스업",전문 디자인업,CS200001,일반교습학원,0.0,
M112,"전문, 과학 및 기술 서비스업",전문 디자인업,CS200002,외국어학원,0.0,
M112,"전문, 과학 및 기술 서비스업",전문 디자인업,CS200003,예술학원,0.0,
M112,"전문, 과학 및 기술 서비스업",전문 디자인업,CS200004,컴퓨터학원,0.0,
M112,"전문, 과학 및 기술 서비스업",전문 디자인업,CS200005,스포츠 강습,0.0,
M112,"전문, 과학 및 기술 서비스업",전문 디자인업,CS200006,일반의원,0.0,
M112,"전문, 과학 및 기술 서비스업",전문 디자인업,CS200007,치과의원,0.0,
M112,"전문, 과학 및 기술 서비스업",전문 디자인업,CS200008,한의원,0.0,
M112,"전문, 과학 및 기술 서비스업",전문 디자인업,CS200009,동물병원,0.0,
M112,"전문, 과학 및 기술 서비스업",전문 디자인업,CS200010,변호사사무소,0.0,
M112,"전문, 과학 및 기술 서비스업",전문 디자인업,CS200011,변리사사무소,0.0,
M112,"전문, 과학 및 기술 서비스업",전문 디자인업,CS200012,법무사사무소,0.0,
M112,"전문, 과학 및 기술 서비스업",전문 디자인업,CS200013,기타법무서비스,0.0,
M112,"전문, 과학 및 기술 서비스업",전문 디자인업,CS200014,회계사사무소,0.0,
M112,"전문, 과학 및 기술 서비스업",전문 디자인업,CS200015,세무사사무소,0.0,
M112,"전문, 과학 및 기술 서비스업",전문 디자인업,CS200016,당구장,0.0,
M112,"전문, 과학 및 기술 서비스업",전문 디자인업,CS200017,골프연습장,0.0,
M112,"전문, 과학 및 기술 서비스업",전문 디자인업,CS200018,볼링장,0.0,
M112,"전문, 과학 및 기술 서비스업",전문 디자인업,CS200019,PC방,0.0,
M112,"전문, 과학 및 기술 서비스업",전문 디자인업,CS200021,기타오락장,0.0,
M112,"전문, 과학 및 기술 서비스업",전문 디자인업,CS200022,복권방,0.0,
M112,"전문, 과학 및 기술 서비스업",전문 디자인업,CS200023,통신기기수리,0.0,
M112,"전문, 과학 및 기술 서비스업",전문 디자인업,CS200024,스포츠클럽,0.0,
M112,"전문, 과학 및 기술 서비스업",전문 디자인업,CS200027,모터사이클수리,0.0,
M112,"전문, 과학 및 기술 서비스업",전문 디자인업,CS200028,미용실,0.0,
M112,"전문, 과학 및 기술 서비스업",전문 디자인업,CS200029,네일숍,0.0,
M112,"전문, 과학 및 기술 서비스업",전문 디자인업,CS200030,피부관리실,0.0,
M112,"전문, 과학 및 기술 서비스업",전문 디자인업,CS200031,세탁소,0.0,
M112,"전문, 과학 및 기술 서비스업",전문 디자인업,CS200033,부동산중개업,0.0,
M112,"전문, 과학 및 기술 서비스업",전문 디자인업,CS200034,여관,0.0,
M112,"전문, 과학 및 기술 서비스업",전문 디자인업,CS200035,게스트하우스,0.0,
M112,"전문, 과학 및 기술 서비스업",전문 디자인업,CS200036,고시원,0.0,
M112,"전문, 과학 및 기술 서비스업",전문 디자인업,CS200037,노래방,0.0,
M112,"전문, 과학 및 기술 서비스업",전문 디자인업,CS200038,독서실,0.0,
M112,"전문, 과학 및 기술 서비스업",전문 디자인업,CS200039,DVD방,0.0,
M112,"전문, 과학 및 기술 서비스업",전문 디자인업,CS200040,녹음실,0.0,
M112,"전문, 과학 및 기술 서비스업",전문 디자인업,CS200041,사진관,0.0,
M112,"전문, 과학 및 기술 서비스업",전문 디자인업,CS200042,통번역서비스,0.0,
M112,"전문, 과학 및 기술 서비스업",전문 디자인업,CS200043,건축물청소,0.0,
M112,"전문, 과학 및 기술 서비스업",전문 디자인업,CS200044,여행사,0.0,
M112,"전문, 과학 및 기술 서비스업",전문 디자인업,CS200046,의류임대,0.0,
M112,"전문, 과학 및 기술 서비스업",전문 디자인업,CS200047,가정용품임대,0.0,
M112,"전문, 과학 및 기술 서비스업",전문 디자인업,CS300001,슈퍼마켓,0.0,
M112,"전문, 과학 및 기술 서비스업",전문 디자인업,CS300002,편의점,0.0,
M112,"전문, 과학 및 기술 서비스업",전문 디자인업,CS300003,컴퓨터및주변장치판매,0.0,
M112,"전문, 과학 및 기술 서비스업",전문 디자인업,CS300004,핸드폰,0.0,
M112,"전문, 과학 및 기술 서비스업",전문 디자인업,CS300005,주류도매,0.0,
M112,"전문, 과학 및 기술 서비스업",전문 디자인업,CS300006,미곡판매,0.0,
M112,"전문, 과학 및 기술 서비스업",전문 디자인업,CS300007,육류판매,0.0,
M112,"전문, 과학 및 기술 서비스업",전문 디자인업,CS300008,수산물판매,0.0,
M112,"전문, 과학 및 기술 서비스업",전문 디자인업,CS300009,청과상,0.0,
M112,"전문, 과학 및 기술 서비스업",전문 디자인업,CS300010,반찬가게,0.0,
M112,"전문, 과학 및 기술 서비스업",전문 디자인업,CS300011,일반의류,0.0,
M112,"전문, 과학 및 기술 서비스업",전문 디자인업,CS300012,한복점,0.0,
M112,"전문, 과학 및 기술 서비스업",전문 디자인업,CS300013,유아의류,0.0,
M112,"전문, 과학 및 기술 서비스업",전문 디자인업,CS300014,신발,0.0,
M112,"전문, 과학 및 기술 서비스업",전문 디자인업,CS300015,가방,0.0,
M112,"전문, 과학 및 기술 서비스업",전문 디자인업,CS300016,안경,0.0,
M112,"전문, 과학 및 기술 서비스업",전문 디자인업,CS300017,시계및귀금속,0.0,
M112,"전문, 과학 및 기술 서비스업",전문 디자인업,CS300018,의약품,0.0,
M112,"전문, 과학 및 기술 서비스업",전문 디자인업,CS300019,의료기기,0.0,
M112,"전문, 과학 및 기술 서비스업",전문 디자인업,CS300020,서적,0.0,
M112,"전문, 과학 및 기술 서비스업",전문 디자인업,CS300022,화장품,0.0,
M112,"전문, 과학 및 기술 서비스업",전문 디자인업,CS300023,미용재료,0.0,
M112,"전문, 과학 및 기술 서비스업",전문 디자인업,CS300024,운동/경기용품,0.0,
M112,"전문, 과학 및 기술 서비스업",전문 디자인업,CS300026,완구,0.0,
M112,"전문, 과학 및 기술 서비스업",전문 디자인업,CS300027,섬유제품,0.0,
M112,"전문, 과학 및 기술 서비스업",전문 디자인업,CS300028,화초,0.0,
M112,"전문, 과학 및 기술 서비스업",전문 디자인업,CS300029,애완동물,0.0,
M112,"전문, 과학 및 기술 서비스업",전문 디자인업,CS300030,중고가구,0.0,
M112,"전문, 과학 및 기술 서비스업",전문 디자인업,CS300031,가구,0.0,
M112,"전문, 과학 및 기술 서비스업",전문 디자인업,CS300033,철물점,0.0,
M112,"전문, 과학 및 기술 서비스업",전문 디자인업,CS300034,악기,0.0,
M112,"전문, 과학 및 기술 서비스업",전문 디자인업,CS300036,조명용품,0.0,
M112,"전문, 과학 및 기술 서비스업",전문 디자인업,CS300037,중고차판매,0.0,
M112,"전문, 과학 및 기술 서비스업",전문 디자인업,CS300039,모터사이클및부품,0.0,
M112,"전문, 과학 및 기술 서비스업",전문 디자인업,CS300040,재생용품 판매점,0.0,
M112,"전문, 과학 및 기술 서비스업",전문 디자인업,CS300041,예술품,0.0,
M112,"전문, 과학 및 기술 서비스업",전문 디자인업,CS300042,주유소,0.0,
M113,"전문, 과학 및 기술 서비스업",사진 촬영 및 처리업,CS100001,한식음식점,0.0,
M113,"전문, 과학 및 기술 서비스업",사진 촬영 및 처리업,CS100002,중식음식점,0.0,
M113,"전문, 과학 및 기술 서비스업",사진 촬영 및 처리업,CS100003,일식음식점,0.0,
M113,"전문, 과학 및 기술 서비스업",사진 촬영 및 처리업,CS100004,양식음식점,0.0,
M113,"전문, 과학 및 기술 서비스업",사진 촬영 및 처리업,CS100005,제과점,0.0,
M113,"전문, 과학 및 기술 서비스업",사진 촬영 및 처리업,CS100006,패스트푸드점,0.0,
M113,"전문, 과학 및 기술 서비스업",사진 촬영 및 처리업,CS100007,치킨전문점,0.0,
M113,"전문, 과학 및 기술 서비스업",사진 촬영 및 처리업,CS100008,분식전문점,0.0,
M113,"전문, 과학 및 기술 서비스업",사진 촬영 및 처리업,CS100009,호프-간이주점,0.0,
M113,"전문, 과학 및 기술 서비스업",사진 촬영 및 처리업,CS100010,커피-음료,0.0,
M113,"전문, 과학 및 기술 서비스업",사진 촬영 및 처리업,CS200001,일반교습학원,0.0,
M113,"전문, 과학 및 기술 서비스업",사진 촬영 및 처리업,CS200002,외국어학원,0.0,
M113,"전문, 과학 및 기술 서비스업",사진 촬영 및 처리업,CS200003,예술학원,0.0,
M113,"전문, 과학 및 기술 서비스업",사진 촬영 및 처리업,CS200004,컴퓨터학원,0.0,
M113,"전문, 과학 및 기술 서비스업",사진 촬영 및 처리업,CS200005,스포츠 강습,0.0,
M113,"전문, 과학 및 기술 서비스업",사진 촬영 및 처리업,CS200006,일반의원,0.0,
M113,"전문, 과학 및 기술 서비스업",사진 촬영 및 처리업,CS200007,치과의원,0.0,
M113,"전문, 과학 및 기술 서비스업",사진 촬영 및 처리업,CS200008,한의원,0.0,
M113,"전문, 과학 및 기술 서비스업",사진 촬영 및 처리업,CS200009,동물병원,0.0,
M113,"전문, 과학 및 기술 서비스업",사진 촬영 및 처리업,CS200013,기타법무서비스,0.0,
M113,"전문, 과학 및 기술 서비스업",사진 촬영 및 처리업,CS200016,당구장,0.0,
M113,"전문, 과학 및 기술 서비스업",사진 촬영 및 처리업,CS200017,골프연습장,0.0,
M113,"전문, 과학 및 기술 서비스업",사진 촬영 및 처리업,CS200018,볼링장,0.0,
M113,"전문, 과학 및 기술 서비스업",사진 촬영 및 처리업,CS200019,PC방,0.0,
M113,"전문, 과학 및 기술 서비스업",사진 촬영 및 처리업,CS200020,전자게임장,0.0,
M113,"전문, 과학 및 기술 서비스업",사진 촬영 및 처리업,CS200021,기타오락장,0.0,
M113,"전문, 과학 및 기술 서비스업",사진 촬영 및 처리업,CS200022,복권방,0.0,
M113,"전문, 과학 및 기술 서비스업",사진 촬영 및 처리업,CS200024,스포츠클럽,0.0,
M113,"전문, 과학 및 기술 서비스업",사진 촬영 및 처리업,CS200026,자동차미용,0.0,
M113,"전문, 과학 및 기술 서비스업",사진 촬영 및 처리업,CS200028,미용실,0.0,
M113,"전문, 과학 및 기술 서비스업",사진 촬영 및 처리업,CS200029,네일숍,0.0,
M113,"전문, 과학 및 기술 서비스업",사진 촬영 및 처리업,CS200031,세탁소,0.0,
M113,"전문, 과학 및 기술 서비스업",사진 촬영 및 처리업,CS200033,부동산중개업,0.0,
M113,"전문, 과학 및 기술 서비스업",사진 촬영 및 처리업,CS200034,여관,0.0,
M113,"전문, 과학 및 기술 서비스업",사진 촬영 및 처리업,CS200035,게스트하우스,0.0,
M113,"전문, 과학 및 기술 서비스업",사진 촬영 및 처리업,CS200036,고시원,0.0,
M113,"전문, 과학 및 기술 서비스업",사진 촬영 및 처리업,CS200037,노래방,0.0,
M113,"전문, 과학 및 기술 서비스업",사진 촬영 및 처리업,CS200038,독서실,0.0,
M113,"전문, 과학 및 기술 서비스업",사진 촬영 및 처리업,CS200039,DVD방,0.0,
M113,"전문, 과학 및 기술 서비스업",사진 촬영 및 처리업,CS200040,녹음실,0.0,
M113,"전문, 과학 및 기술 서비스업",사진 촬영 및 처리업,CS200042,통번역서비스,0.0,
M113,"전문, 과학 및 기술 서비스업",사진 촬영 및 처리업,CS200043,건축물청소,0.0,
M113,"전문, 과학 및 기술 서비스업",사진 촬영 및 처리업,CS200045,비디오/서적임대,0.0,
M113,"전문, 과학 및 기술 서비스업",사진 촬영 및 처리업,CS200046,의류임대,0.0,
M113,"전문, 과학 및 기술 서비스업",사진 촬영 및 처리업,CS200047,가정용품임대,0.0,
M113,"전문, 과학 및 기술 서비스업",사진 촬영 및 처리업,CS300001,슈퍼마켓,0.0,
M113,"전문, 과학 및 기술 서비스업",사진 촬영 및 처리업,CS300002,편의점,0.0,
M113,"전문, 과학 및 기술 서비스업",사진 촬영 및 처리업,CS300003,컴퓨터및주변장치판매,0.0,
M113,"전문, 과학 및 기술 서비스업",사진 촬영 및 처리업,CS300004,핸드폰,0.0,
M113,"전문, 과학 및 기술 서비스업",사진 촬영 및 처리업,CS300005,주류도매,0.0,
M113,"전문, 과학 및 기술 서비스업",사진 촬영 및 처리업,CS300006,미곡판매,0.0,
M113,"전문, 과학 및 기술 서비스업",사진 촬영 및 처리업,CS300007,육류판매,0.0,
M113,"전문, 과학 및 기술 서비스업",사진 촬영 및 처리업,CS300008,수산물판매,0.0,
M113,"전문, 과학 및 기술 서비스업",사진 촬영 및 처리업,CS300009,청과상,0.0,
M113,"전문, 과학 및 기술 서비스업",사진 촬영 및 처리업,CS300010,반찬가게,0.0,
M113,"전문, 과학 및 기술 서비스업",사진 촬영 및 처리업,CS300011,일반의류,0.0,
M113,"전문, 과학 및 기술 서비스업",사진 촬영 및 처리업,CS300012,한복점,0.0,
M113,"전문, 과학 및 기술 서비스업",사진 촬영 및 처리업,CS300013,유아의류,0.0,
M113,"전문, 과학 및 기술 서비스업",사진 촬영 및 처리업,CS300014,신발,0.0,
M113,"전문, 과학 및 기술 서비스업",사진 촬영 및 처리업,CS300015,가방,0.0,
M113,"전문, 과학 및 기술 서비스업",사진 촬영 및 처리업,CS300016,안경,0.0,
M113,"전문, 과학 및 기술 서비스업",사진 촬영 및 처리업,CS300017,시계및귀금속,0.0,
M113,"전문, 과학 및 기술 서비스업",사진 촬영 및 처리업,CS300018,의약품,0.0,
M113,"전문, 과학 및 기술 서비스업",사진 촬영 및 처리업,CS300019,의료기기,0.0,
M113,"전문, 과학 및 기술 서비스업",사진 촬영 및 처리업,CS300020,서적,0.0,
M113,"전문, 과학 및 기술 서비스업",사진 촬영 및 처리업,CS300021,문구,0.0,
M113,"전문, 과학 및 기술 서비스업",사진 촬영 및 처리업,CS300022,화장품,0.0,
M113,"전문, 과학 및 기술 서비스업",사진 촬영 및 처리업,CS300023,미용재료,0.0,
M113,"전문, 과학 및 기술 서비스업",사진 촬영 및 처리업,CS300024,운동/경기용품,0.0,
M113,"전문, 과학 및 기술 서비스업",사진 촬영 및 처리업,CS300025,자전거 및 기타운송장비,0.0,
M113,"전문, 과학 및 기술 서비스업",사진 촬영 및 처리업,CS300026,완구,0.0,
M113,"전문, 과학 및 기술 서비스업",사진 촬영 및 처리업,CS300027,섬유제품,0.0,
M113,"전문, 과학 및 기술 서비스업",사진 촬영 및 처리업,CS300028,화초,0.0,
M113,"전문, 과학 및 기술 서비스업",사진 촬영 및 처리업,CS300029,애완동물,0.0,
M113,"전문, 과학 및 기술 서비스업",사진 촬영 및 처리업,CS300030,중고가구,0.0,
M113,"전문, 과학 및 기술 서비스업",사진 촬영 및 처리업,CS300031,가구,0.0,
M113,"전문, 과학 및 기술 서비스업",사진 촬영 및 처리업,CS300032,가전제품,0.0,
M113,"전문, 과학 및 기술 서비스업",사진 촬영 및 처리업,CS300033,철물점,0.0,
M113,"전문, 과학 및 기술 서비스업",사진 촬영 및 처리업,CS300034,악기,0.0,
M113,"전문, 과학 및 기술 서비스업",사진 촬영 및 처리업,CS300036,조명용품,0.0,
M113,"전문, 과학 및 기술 서비스업",사진 촬영 및 처리업,CS300037,중고차판매,0.0,
M113,"전문, 과학 및 기술 서비스업",사진 촬영 및 처리업,CS300038,자동차부품,0.0,
M113,"전문, 과학 및 기술 서비스업",사진 촬영 및 처리업,CS300040,재생용품 판매점,0.0,
M113,"전문, 과학 및 기술 서비스업",사진 촬영 및 처리업,CS300041,예술품,0.0,
M113,"전문, 과학 및 기술 서비스업",사진 촬영 및 처리업,CS300042,주유소,0.0,
M113,"전문, 과학 및 기술 서비스업",사진 촬영 및 처리업,CS300043,전자상거래업,0.0,
M114,"전문, 과학 및 기술 서비스업",인쇄 및 제품 제작업,CS100001,한식음식점,0.0,
M114,"전문, 과학 및 기술 서비스업",인쇄 및 제품 제작업,CS100002,중식음식점,0.0,
M114,"전문, 과학 및 기술 서비스업",인쇄 및 제품 제작업,CS100003,일식음식점,0.0,
M114,"전문, 과학 및 기술 서비스업",인쇄 및 제품 제작업,CS100004,양식음식점,0.0,
M114,"전문, 과학 및 기술 서비스업",인쇄 및 제품 제작업,CS100006,패스트푸드점,0.0,
M114,"전문, 과학 및 기술 서비스업",인쇄 및 제품 제작업,CS100007,치킨전문점,0.0,
M114,"전문, 과학 및 기술 서비스업",인쇄 및 제품 제작업,CS100008,분식전문점,0.0,
M114,"전문, 과학 및 기술 서비스업",인쇄 및 제품 제작업,CS100009,호프-간이주점,0.0,
M114,"전문, 과학 및 기술 서비스업",인쇄 및 제품 제작업,CS100010,커피-음료,0.0,
M114,"전문, 과학 및 기술 서비스업",인쇄 및 제품 제작업,CS200001,일반교습학원,0.0,
M114,"전문, 과학 및 기술 서비스업",인쇄 및 제품 제작업,CS200002,외국어학원,0.0,
M114,"전문, 과학 및 기술 서비스업",인쇄 및 제품 제작업,CS200003,예술학원,0.0,
M114,"전문, 과학 및 기술 서비스업",인쇄 및 제품 제작업,CS200004,컴퓨터학원,0.0,
M114,"전문, 과학 및 기술 서비스업",인쇄 및 제품 제작업,CS200005,스포츠 강습,0.0,
M114,"전문, 과학 및 기술 서비스업",인쇄 및 제품 제작업,CS200006,일반의원,0.0,
M114,"전문, 과학 및 기술 서비스업",인쇄 및 제품 제작업,CS200007,치과의원,0.0,
M114,"전문, 과학 및 기술 서비스업",인쇄 및 제품 제작업,CS200008,한의원,0.0,
M114,"전문, 과학 및 기술 서비스업",인쇄 및 제품 제작업,CS200009,동물병원,0.0,
M114,"전문, 과학 및 기술 서비스업",인쇄 및 제품 제작업,CS200010,변호사사무소,0.0,
M114,"전문, 과학 및 기술 서비스업",인쇄 및 제품 제작업,CS200011,변리사사무소,0.0,
M114,"전문, 과학 및 기술 서비스업",인쇄 및 제품 제작업,CS200012,법무사사무소,0.0,
M114,"전문, 과학 및 기술 서비스업",인쇄 및 제품 제작업,CS200013,기타법무서비스,0.0,
M114,"전문, 과학 및 기술 서비스업",인쇄 및 제품 제작업,CS200014,회계사사무소,0.0,
M114,"전문, 과학 및 기술 서비스업",인쇄 및 제품 제작업,CS200015,세무사사무소,0.0,
M114,"전문, 과학 및 기술 서비스업",인쇄 및 제품 제작업,CS200016,당구장,0.0,
M114,"전문, 과학 및 기술 서비스업",인쇄 및 제품 제작업,CS200017,골프연습장,0.0,
M114,"전문, 과학 및 기술 서비스업",인쇄 및 제품 제작업,CS200018,볼링장,0.0,
M114,"전문, 과학 및 기술 서비스업",인쇄 및 제품 제작업,CS200019,PC방,0.0,
M114,"전문, 과학 및 기술 서비스업",인쇄 및 제품 제작업,CS200020,전자게임장,0.0,
M114,"전문, 과학 및 기술 서비스업",인쇄 및 제품 제작업,CS200021,기타오락장,0.0,
M114,"전문, 과학 및 기술 서비스업",인쇄 및 제품 제작업,CS200022,복권방,0.0,
M114,"전문, 과학 및 기술 서비스업",인쇄 및 제품 제작업,CS200023,통신기기수리,0.0,
M114,"전문, 과학 및 기술 서비스업",인쇄 및 제품 제작업,CS200024,스포츠클럽,0.0,
M114,"전문, 과학 및 기술 서비스업",인쇄 및 제품 제작업,CS200025,자동차수리,0.0,
M114,"전문, 과학 및 기술 서비스업",인쇄 및 제품 제작업,CS200026,자동차미용,0.0,
M114,"전문, 과학 및 기술 서비스업",인쇄 및 제품 제작업,CS200027,모터사이클수리,0.0,
M114,"전문, 과학 및 기술 서비스업",인쇄 및 제품 제작업,CS200028,미용실,0.0,
M114,"전문, 과학 및 기술 서비스업",인쇄 및 제품 제작업,CS200029,네일숍,0.0,
M114,"전문, 과학 및 기술 서비스업",인쇄 및 제품 제작업,CS200030,피부관리실,0.0,
M114,"전문, 과학 및 기술 서비스업",인쇄 및 제품 제작업,CS200031,세탁소,0.0,
M114,"전문, 과학 및 기술 서비스업",인쇄 및 제품 제작업,CS200033,부동산중개업,0.0,
M114,"전문, 과학 및 기술 서비스업",인쇄 및 제품 제작업,CS200034,여관,0.0,
M114,"전문, 과학 및 기술 서비스업",인쇄 및 제품 제작업,CS200035,게스트하우스,0.0,
M114,"전문, 과학 및 기술 서비스업",인쇄 및 제품 제작업,CS200036,고시원,0.0,
M114,"전문, 과학 및 기술 서비스업",인쇄 및 제품 제작업,CS200037,노래방,0.0,
M114,"전문, 과학 및 기술 서비스업",인쇄 및 제품 제작업,CS200038,독서실,0.0,
M114,"전문, 과학 및 기술 서비스업",인쇄 및 제품 제작업,CS200039,DVD방,0.0,
M114,"전문, 과학 및 기술 서비스업",인쇄 및 제품 제작업,CS200040,녹음실,0.0,
M114,"전문, 과학 및 기술 서비스업",인쇄 및 제품 제작업,CS200041,사진관,0.0,
M114,"전문, 과학 및 기술 서비스업",인쇄 및 제품 제작업,CS200042,통번역서비스,0.0,
M114,"전문, 과학 및 기술 서비스업",인쇄 및 제품 제작업,CS200043,건축물청소,0.0,
M114,"전문, 과학 및 기술 서비스업",인쇄 및 제품 제작업,CS200044,여행사,0.0,
M114,"전문, 과학 및 기술 서비스업",인쇄 및 제품 제작업,CS200045,비디오/서적임대,0.0,
M114,"전문, 과학 및 기술 서비스업",인쇄 및 제품 제작업,CS200046,의류임대,0.0,
M114,"전문, 과학 및 기술 서비스업",인쇄 및 제품 제작업,CS300001,슈퍼마켓,0.0,
M114,"전문, 과학 및 기술 서비스업",인쇄 및 제품 제작업,CS300002,편의점,0.0,
M114,"전문, 과학 및 기술 서비스업",인쇄 및 제품 제작업,CS300003,컴퓨터및주변장치판매,0.0,
M114,"전문, 과학 및 기술 서비스업",인쇄 및 제품 제작업,CS300004,핸드폰,0.0,
M114,"전문, 과학 및 기술 서비스업",인쇄 및 제품 제작업,CS300005,주류도매,0.0,
M114,"전문, 과학 및 기술 서비스업",인쇄 및 제품 제작업,CS300006,미곡판매,0.0,
M114,"전문, 과학 및 기술 서비스업",인쇄 및 제품 제작업,CS300007,육류판매,0.0,
M114,"전문, 과학 및 기술 서비스업",인쇄 및 제품 제작업,CS300008,수산물판매,0.0,
M114,"전문, 과학 및 기술 서비스업",인쇄 및 제품 제작업,CS300009,청과상,0.0,
M114,"전문, 과학 및 기술 서비스업",인쇄 및 제품 제작업,CS300010,반찬가게,0.0,
M114,"전문, 과학 및 기술 서비스업",인쇄 및 제품 제작업,CS300011,일반의류,0.0,
M114,"전문, 과학 및 기술 서비스업",인쇄 및 제품 제작업,CS300012,한복점,0.0,
M114,"전문, 과학 및 기술 서비스업",인쇄 및 제품 제작업,CS300013,유아의류,0.0,
M114,"전문, 과학 및 기술 서비스업",인쇄 및 제품 제작업,CS300014,신발,0.0,
M114,"전문, 과학 및 기술 서비스업",인쇄 및 제품 제작업,CS300015,가방,0.0,
M114,"전문, 과학 및 기술 서비스업",인쇄 및 제품 제작업,CS300016,안경,0.0,
M114,"전문, 과학 및 기술 서비스업",인쇄 및 제품 제작업,CS300017,시계및귀금속,0.0,
M114,"전문, 과학 및 기술 서비스업",인쇄 및 제품 제작업,CS300019,의료기기,0.0,
M114,"전문, 과학 및 기술 서비스업",인쇄 및 제품 제작업,CS300020,서적,0.0,
M114,"전문, 과학 및 기술 서비스업",인쇄 및 제품 제작업,CS300021,문구,0.0,
M114,"전문, 과학 및 기술 서비스업",인쇄 및 제품 제작업,CS300023,미용재료,0.0,
M114,"전문, 과학 및 기술 서비스업",인쇄 및 제품 제작업,CS300025,자전거 및 기타운송장비,0.0,
M114,"전문, 과학 및 기술 서비스업",인쇄 및 제품 제작업,CS300026,완구,0.0,
M114,"전문, 과학 및 기술 서비스업",인쇄 및 제품 제작업,CS300028,화초,0.0,
M114,"전문, 과학 및 기술 서비스업",인쇄 및 제품 제작업,CS300029,애완동물,0.0,
M114,"전문, 과학 및 기술 서비스업",인쇄 및 제품 제작업,CS300030,중고가구,0.0,
M114,"전문, 과학 및 기술 서비스업",인쇄 및 제품 제작업,CS300031,가구,0.0,
M114,"전문, 과학 및 기술 서비스업",인쇄 및 제품 제작업,CS300033,철물점,0.0,
M114,"전문, 과학 및 기술 서비스업",인쇄 및 제품 제작업,CS300034,악기,0.0,
M114,"전문, 과학 및 기술 서비스업",인쇄 및 제품 제작업,CS300037,중고차판매,0.0,
M114,"전문, 과학 및 기술 서비스업",인쇄 및 제품 제작업,CS300042,주유소,0.0,
M114,"전문, 과학 및 기술 서비스업",인쇄 및 제품 제작업,CS300043,전자상거래업,0.0,
M115,"전문, 과학 및 기술 서비스업","그 외 기타 전문, 과학 및 기술 서비스업",CS100001,한식음식점,0.0,
M115,"전문, 과학 및 기술 서비스업","그 외 기타 전문, 과학 및 기술 서비스업",CS100002,중식음식점,0.0,
M115,"전문, 과학 및 기술 서비스업","그 외 기타 전문, 과학 및 기술 서비스업",CS100003,일식음식점,0.0,
M115,"전문, 과학 및 기술 서비스업","그 외 기타 전문, 과학 및 기술 서비스업",CS100004,양식음식점,0.0,
M115,"전문, 과학 및 기술 서비스업","그 외 기타 전문, 과학 및 기술 서비스업",CS100006,패스트푸드점,0.0,
M115,"전문, 과학 및 기술 서비스업","그 외 기타 전문, 과학 및 기술 서비스업",CS100009,호프-간이주점,0.0,
M115,"전문, 과학 및 기술 서비스업","그 외 기타 전문, 과학 및 기술 서비스업",CS100010,커피-음료,0.0,
M115,"전문, 과학 및 기술 서비스업","그 외 기타 전문, 과학 및 기술 서비스업",CS200005,스포츠 강습,0.0,
M115,"전문, 과학 및 기술 서비스업","그 외 기타 전문, 과학 및 기술 서비스업",CS200006,일반의원,0.0,
M115,"전문, 과학 및 기술 서비스업","그 외 기타 전문, 과학 및 기술 서비스업",CS200008,한의원,0.0,
M115,"전문, 과학 및 기술 서비스업","그 외 기타 전문, 과학 및 기술 서비스업",CS200009,동물병원,0.0,
M115,"전문, 과학 및 기술 서비스업","그 외 기타 전문, 과학 및 기술 서비스업",CS200010,변호사사무소,0.0,
M115,"전문, 과학 및 기술 서비스업","그 외 기타 전문, 과학 및 기술 서비스업",CS200011,변리사사무소,0.0,
M115,"전문, 과학 및 기술 서비스업","그 외 기타 전문, 과학 및 기술 서비스업",CS200012,법무사사무소,0.0,
M115,"전문, 과학 및 기술 서비스업","그 외 기타 전문, 과학 및 기술 서비스업",CS200013,기타법무서비스,0.0,
M115,"전문, 과학 및 기술 서비스업","그 외 기타 전문, 과학 및 기술 서비스업",CS200014,회계사사무소,0.0,
M115,"전문, 과학 및 기술 서비스업","그 외 기타 전문, 과학 및 기술 서비스업",CS200015,세무사사무소,0.0,
M115,"전문, 과학 및 기술 서비스업","그 외 기타 전문, 과학 및 기술 서비스업",CS200016,당구장,0.0,
M115,"전문, 과학 및 기술 서비스업","그 외 기타 전문, 과학 및 기술 서비스업",CS200017,골프연습장,0.0,
M115,"전문, 과학 및 기술 서비스업","그 외 기타 전문, 과학 및 기술 서비스업",CS200018,볼링장,0.0,
M115,"전문, 과학 및 기술 서비스업","그 외 기타 전문, 과학 및 기술 서비스업",CS200019,PC방,0.0,
M115,"전문, 과학 및 기술 서비스업","그 외 기타 전문, 과학 및 기술 서비스업",CS200021,기타오락장,0.0,
M115,"전문, 과학 및 기술 서비스업","그 외 기타 전문, 과학 및 기술 서비스업",CS200022,복권방,0.0,
M115,"전문, 과학 및 기술 서비스업","그 외 기타 전문, 과학 및 기술 서비스업",CS200024,스포츠클럽,0.0,
M115,"전문, 과학 및 기술 서비스업","그 외 기타 전문, 과학 및 기술 서비스업",CS200025,자동차수리,0.0,
M115,"전문, 과학 및 기술 서비스업","그 외 기타 전문, 과학 및 기술 서비스업",CS200026,자동차미용,0.0,
M115,"전문, 과학 및 기술 서비스업","그 외 기타 전문, 과학 및 기술 서비스업",CS200027,모터사이클수리,0.0,
M115,"전문, 과학 및 기술 서비스업","그 외 기타 전문, 과학 및 기술 서비스업",CS200028,미용실,0.0,
M115,"전문, 과학 및 기술 서비스업","그 외 기타 전문, 과학 및 기술 서비스업",CS200029,네일숍,0.0,
M115,"전문, 과학 및 기술 서비스업","그 외 기타 전문, 과학 및 기술 서비스업",CS200030,피부관리실,0.0,
M115,"전문, 과학 및 기술 서비스업","그 외 기타 전문, 과학 및 기술 서비스업",CS200031,세탁소,0.0,
M115,"전문, 과학 및 기술 서비스업","그 외 기타 전문, 과학 및 기술 서비스업",CS200033,부동산중개업,0.0,
M115,"전문, 과학 및 기술 서비스업","그 외 기타 전문, 과학 및 기술 서비스업",CS200034,여관,0.0,
M115,"전문, 과학 및 기술 서비스업","그 외 기타 전문, 과학 및 기술 서비스업",CS200035,게스트하우스,0.0,
M115,"전문, 과학 및 기술 서비스업","그 외 기타 전문, 과학 및 기술 서비스업",CS200036,고시원,0.0,
M115,"전문, 과학 및 기술 서비스업","그 외 기타 전문, 과학 및 기술 서비스업",CS200037,노래방,0.0,
M115,"전문, 과학 및 기술 서비스업","그 외 기타 전문, 과학 및 기술 서비스업",CS200038,독서실,0.0,
M115,"전문, 과학 및 기술 서비스업","그 외 기타 전문, 과학 및 기술 서비스업",CS200039,DVD방,0.0,
M115,"전문, 과학 및 기술 서비스업","그 외 기타 전문, 과학 및 기술 서비스업",CS200040,녹음실,0.0,
M115,"전문, 과학 및 기술 서비스업","그 외 기타 전문, 과학 및 기술 서비스업",CS200041,사진관,0.0,
M115,"전문, 과학 및 기술 서비스업","그 외 기타 전문, 과학 및 기술 서비스업",CS200042,통번역서비스,0.0,
M115,"전문, 과학 및 기술 서비스업","그 외 기타 전문, 과학 및 기술 서비스업",CS200043,건축물청소,0.0,
M115,"전문, 과학 및 기술 서비스업","그 외 기타 전문, 과학 및 기술 서비스업",CS200044,여행사,0.0,
M115,"전문, 과학 및 기술 서비스업","그 외 기타 전문, 과학 및 기술 서비스업",CS200045,비디오/서적임대,0.0,
M115,"전문, 과학 및 기술 서비스업","그 외 기타 전문, 과학 및 기술 서비스업",CS200046,의류임대,0.0,
M115,"전문, 과학 및 기술 서비스업","그 외 기타 전문, 과학 및 기술 서비스업",CS200047,가정용품임대,0.0,
M115,"전문, 과학 및 기술 서비스업","그 외 기타 전문, 과학 및 기술 서비스업",CS300001,슈퍼마켓,0.0,
M115,"전문, 과학 및 기술 서비스업","그 외 기타 전문, 과학 및 기술 서비스업",CS300002,편의점,0.0,
M115,"전문, 과학 및 기술 서비스업","그 외 기타 전문, 과학 및 기술 서비스업",CS300003,컴퓨터및주변장치판매,0.0,
M115,"전문, 과학 및 기술 서비스업","그 외 기타 전문, 과학 및 기술 서비스업",CS300004,핸드폰,0.0,
M115,"전문, 과학 및 기술 서비스업","그 외 기타 전문, 과학 및 기술 서비스업",CS300005,주류도매,0.0,
M115,"전문, 과학 및 기술 서비스업","그 외 기타 전문, 과학 및 기술 서비스업",CS300006,미곡판매,0.0,
M115,"전문, 과학 및 기술 서비스업","그 외 기타 전문, 과학 및 기술 서비스업",CS300007,육류판매,0.0,
M115,"전문, 과학 및 기술 서비스업","그 외 기타 전문, 과학 및 기술 서비스업",CS300008,수산물판매,0.0,
M115,"전문, 과학 및 기술 서비스업","그 외 기타 전문, 과학 및 기술 서비스업",CS300010,반찬가게,0.0,
M115,"전문, 과학 및 기술 서비스업","그 외 기타 전문, 과학 및 기술 서비스업",CS300011,일반의류,0.0,
M115,"전문, 과학 및 기술 서비스업","그 외 기타 전문, 과학 및 기술 서비스업",CS300012,한복점,0.0,
M115,"전문, 과학 및 기술 서비스업","그 외 기타 전문, 과학 및 기술 서비스업",CS300013,유아의류,0.0,
M115,"전문, 과학 및 기술 서비스업","그 외 기타 전문, 과학 및 기술 서비스업",CS300014,신발,0.0,
M115,"전문, 과학 및 기술 서비스업","그 외 기타 전문, 과학 및 기술 서비스업",CS300015,가방,0.0,
M115,"전문, 과학 및 기술 서비스업","그 외 기타 전문, 과학 및 기술 서비스업",CS300016,안경,0.0,
M115,"전문, 과학 및 기술 서비스업","그 외 기타 전문, 과학 및 기술 서비스업",CS300017,시계및귀금속,0.0,
M115,"전문, 과학 및 기술 서비스업","그 외 기타 전문, 과학 및 기술 서비스업",CS300018,의약품,0.0,
M115,"전문, 과학 및 기술 서비스업","그 외 기타 전문, 과학 및 기술 서비스업",CS300020,서적,0.0,
M115,"전문, 과학 및 기술 서비스업","그 외 기타 전문, 과학 및 기술 서비스업",CS300022,화장품,0.0,
M115,"전문, 과학 및 기술 서비스업","그 외 기타 전문, 과학 및 기술 서비스업",CS300023,미용재료,0.0,
M115,"전문, 과학 및 기술 서비스업","그 외 기타 전문, 과학 및 기술 서비스업",CS300026,완구,0.0,
M115,"전문, 과학 및 기술 서비스업","그 외 기타 전문, 과학 및 기술 서비스업",CS300027,섬유제품,0.0,
M115,"전문, 과학 및 기술 서비스업","그 외 기타 전문, 과학 및 기술 서비스업",CS300028,화초,0.0,
M115,"전문, 과학 및 기술 서비스업","그 외 기타 전문, 과학 및 기술 서비스업",CS300029,애완동물,0.0,
M115,"전문, 과학 및 기술 서비스업","그 외 기타 전문, 과학 및 기술 서비스업",CS300030,중고가구,0.0,
M115,"전문, 과학 및 기술 서비스업","그 외 기타 전문, 과학 및 기술 서비스업",CS300031,가구,0.0,
M115,"전문, 과학 및 기술 서비스업","그 외 기타 전문, 과학 및 기술 서비스업",CS300033,철물점,0.0,
M115,"전문, 과학 및 기술 서비스업","그 외 기타 전문, 과학 및 기술 서비스업",CS300035,인테리어,0.0,
M115,"전문, 과학 및 기술 서비스업","그 외 기타 전문, 과학 및 기술 서비스업",CS300036,조명용품,0.0,
M115,"전문, 과학 및 기술 서비스업","그 외 기타 전문, 과학 및 기술 서비스업",CS300037,중고차판매,0.0,
M115,"전문, 과학 및 기술 서비스업","그 외 기타 전문, 과학 및 기술 서비스업",CS300038,자동차부품,0.0,
M115,"전문, 과학 및 기술 서비스업","그 외 기타 전문, 과학 및 기술 서비스업",CS300039,모터사이클및부품,0.0,
M115,"전문, 과학 및 기술 서비스업","그 외 기타 전문, 과학 및 기술 서비스업",CS300040,재생용품 판매점,0.0,
M115,"전문, 과학 및 기술 서비스업","그 외 기타 전문, 과학 및 기술 서비스업",CS300042,주유소,0.0,
N101,"사업시설 관리, 사업 지원 및 임대 서비스업",사업시설 유지ㆍ관리 서비스업,CS100001,한식음식점,0.0,
N101,"사업시설 관리, 사업 지원 및 임대 서비스업",사업시설 유지ㆍ관리 서비스업,CS100002,중식음식점,0.0,
N101,"사업시설 관리, 사업 지원 및 임대 서비스업",사업시설 유지ㆍ관리 서비스업,CS100003,일식음식점,0.0,
N101,"사업시설 관리, 사업 지원 및 임대 서비스업",사업시설 유지ㆍ관리 서비스업,CS100004,양식음식점,0.0,
N101,"사업시설 관리, 사업 지원 및 임대 서비스업",사업시설 유지ㆍ관리 서비스업,CS100005,제과점,0.0,
N101,"사업시설 관리, 사업 지원 및 임대 서비스업",사업시설 유지ㆍ관리 서비스업,CS100006,패스트푸드점,0.0,
N101,"사업시설 관리, 사업 지원 및 임대 서비스업",사업시설 유지ㆍ관리 서비스업,CS100007,치킨전문점,0.0,
N101,"사업시설 관리, 사업 지원 및 임대 서비스업",사업시설 유지ㆍ관리 서비스업,CS100008,분식전문점,0.0,
N101,"사업시설 관리, 사업 지원 및 임대 서비스업",사업시설 유지ㆍ관리 서비스업,CS100009,호프-간이주점,0.0,
N101,"사업시설 관리, 사업 지원 및 임대 서비스업",사업시설 유지ㆍ관리 서비스업,CS100010,커피-음료,0.0,
N101,"사업시설 관리, 사업 지원 및 임대 서비스업",사업시설 유지ㆍ관리 서비스업,CS200001,일반교습학원,0.0,
N101,"사업시설 관리, 사업 지원 및 임대 서비스업",사업시설 유지ㆍ관리 서비스업,CS200002,외국어학원,0.0,
N101,"사업시설 관리, 사업 지원 및 임대 서비스업",사업시설 유지ㆍ관리 서비스업,CS200003,예술학원,0.0,
N101,"사업시설 관리, 사업 지원 및 임대 서비스업",사업시설 유지ㆍ관리 서비스업,CS200004,컴퓨터학원,0.0,
N101,"사업시설 관리, 사업 지원 및 임대 서비스업",사업시설 유지ㆍ관리 서비스업,CS200005,스포츠 강습,0.0,
N101,"사업시설 관리, 사업 지원 및 임대 서비스업",사업시설 유지ㆍ관리 서비스업,CS200006,일반의원,0.0,
N101,"사업시설 관리, 사업 지원 및 임대 서비스업",사업시설 유지ㆍ관리 서비스업,CS200007,치과의원,0.0,
N101,"사업시설 관리, 사업 지원 및 임대 서비스업",사업시설 유지ㆍ관리 서비스업,CS200008,한의원,0.0,
N101,"사업시설 관리, 사업 지원 및 임대 서비스업",사업시설 유지ㆍ관리 서비스업,CS200009,동물병원,0.0,
N101,"사업시설 관리, 사업 지원 및 임대 서비스업",사업시설 유지ㆍ관리 서비스업,CS200013,기타법무서비스,0.0,
N101,"사업시설 관리, 사업 지원 및 임대 서비스업",사업시설 유지ㆍ관리 서비스업,CS200016,당구장,0.0,
N101,"사업시설 관리, 사업 지원 및 임대 서비스업",사업시설 유지ㆍ관리 서비스업,CS200017,골프연습장,0.0,
N101,"사업시설 관리, 사업 지원 및 임대 서비스업",사업시설 유지ㆍ관리 서비스업,CS200018,볼링장,0.0,
N101,"사업시설 관리, 사업 지원 및 임대 서비스업",사업시설 유지ㆍ관리 서비스업,CS200019,PC방,0.0,
N101,"사업시설 관리, 사업 지원 및 임대 서비스업",사업시설 유지ㆍ관리 서비스업,CS200020,전자게임장,0.0,
N101,"사업시설 관리, 사업 지원 및 임대 서비스업",사업시설 유지ㆍ관리 서비스업,CS200021,기타오락장,0.0,
N101,"사업시설 관리, 사업 지원 및 임대 서비스업",사업시설 유지ㆍ관리 서비스업,CS200022,복권방,0.0,
N101,"사업시설 관리, 사업 지원 및 임대 서비스업",사업시설 유지ㆍ관리 서비스업,CS200024,스포츠클럽,0.0,
N101,"사업시설 관리, 사업 지원 및 임대 서비스업",사업시설 유지ㆍ관리 서비스업,CS200026,자동차미용,0.0,
N101,"사업시설 관리, 사업 지원 및 임대 서비스업",사업시설 유지ㆍ관리 서비스업,CS200028,미용실,0.0,
N101,"사업시설 관리, 사업 지원 및 임대 서비스업",사업시설 유지ㆍ관리 서비스업,CS200029,네일숍,0.0,
N101,"사업시설 관리, 사업 지원 및 임대 서비스업",사업시설 유지ㆍ관리 서비스업,CS200031,세탁소,0.0,
N101,"사업시설 관리, 사업 지원 및 임대 서비스업",사업시설 유지ㆍ관리 서비스업,CS200033,부동산중개업,0.0,
N101,"사업시설 관리, 사업 지원 및 임대 서비스업",사업시설 유지ㆍ관리 서비스업,CS200035,게스트하우스,0.0,
N101,"사업시설 관리, 사업 지원 및 임대 서비스업",사업시설 유지ㆍ관리 서비스업,CS200037,노래방,0.0,
N101,"사업시설 관리, 사업 지원 및 임대 서비스업",사업시설 유지ㆍ관리 서비스업,CS200038,독서실,0.0,
N101,"사업시설 관리, 사업 지원 및 임대 서비스업",사업시설 유지ㆍ관리 서비스업,CS200039,DVD방,0.0,
N101,"사업시설 관리, 사업 지원 및 임대 서비스업",사업시설 유지ㆍ관리 서비스업,CS200040,녹음실,0.0,
N101,"사업시설 관리, 사업 지원 및 임대 서비스업",사업시설 유지ㆍ관리 서비스업,CS200042,통번역서비스,0.0,
N101,"사업시설 관리, 사업 지원 및 임대 서비스업",사업시설 유지ㆍ관리 서비스업,CS200043,건축물청소,0.0,
N101,"사업시설 관리, 사업 지원 및 임대 서비스업",사업시설 유지ㆍ관리 서비스업,CS200045,비디오/서적임대,0.0,
N101,"사업시설 관리, 사업 지원 및 임대 서비스업",사업시설 유지ㆍ관리 서비스업,CS200046,의류임대,0.0,
N101,"사업시설 관리, 사업 지원 및 임대 서비스업",사업시설 유지ㆍ관리 서비스업,CS200047,가정용품임대,0.0,
N101,"사업시설 관리, 사업 지원 및 임대 서비스업",사업시설 유지ㆍ관리 서비스업,CS300001,슈퍼마켓,0.0,
N101,"사업시설 관리, 사업 지원 및 임대 서비스업",사업시설 유지ㆍ관리 서비스업,CS300002,편의점,0.0,
N101,"사업시설 관리, 사업 지원 및 임대 서비스업",사업시설 유지ㆍ관리 서비스업,CS300003,컴퓨터및주변장치판매,0.0,
N101,"사업시설 관리, 사업 지원 및 임대 서비스업",사업시설 유지ㆍ관리 서비스업,CS300004,핸드폰,0.0,
N101,"사업시설 관리, 사업 지원 및 임대 서비스업",사업시설 유지ㆍ관리 서비스업,CS300005,주류도매,0.0,
N101,"사업시설 관리, 사업 지원 및 임대 서비스업",사업시설 유지ㆍ관리 서비스업,CS300006,미곡판매,0.0,
N101,"사업시설 관리, 사업 지원 및 임대 서비스업",사업시설 유지ㆍ관리 서비스업,CS300007,육류판매,0.0,
N101,"사업시설 관리, 사업 지원 및 임대 서비스업",사업시설 유지ㆍ관리 서비스업,CS300008,수산물판매,0.0,
N101,"사업시설 관리, 사업 지원 및 임대 서비스업",사업시설 유지ㆍ관리 서비스업,CS300009,청과상,0.0,
N101,"사업시설 관리, 사업 지원 및 임대 서비스업",사업시설 유지ㆍ관리 서비스업,CS300010,반찬가게,0.0,
N101,"사업시설 관리, 사업 지원 및 임대 서비스업",사업시설 유지ㆍ관리 서비스업,CS300011,일반의류,0.0,
N101,"사업시설 관리, 사업 지원 및 임대 서비스업",사업시설 유지ㆍ관리 서비스업,CS300012,한복점,0.0,
N101,"사업시설 관리, 사업 지원 및 임대 서비스업",사업시설 유지ㆍ관리 서비스업,CS300014,신발,0.0,
N101,"사업시설 관리, 사업 지원 및 임대 서비스업",사업시설 유지ㆍ관리 서비스업,CS300015,가방,0.0,
N101,"사업시설 관리, 사업 지원 및 임대 서비스업",사업시설 유지ㆍ관리 서비스업,CS300016,안경,0.0,
N101,"사업시설 관리, 사업 지원 및 임대 서비스업",사업시설 유지ㆍ관리 서비스업,CS300018,의약품,0.0,
N101,"사업시설 관리, 사업 지원 및 임대 서비스업",사업시설 유지ㆍ관리 서비스업,CS300019,의료기기,0.0,
N101,"사업시설 관리, 사업 지원 및 임대 서비스업",사업시설 유지ㆍ관리 서비스업,CS300020,서적,0.0,
N101,"사업시설 관리, 사업 지원 및 임대 서비스업",사업시설 유지ㆍ관리 서비스업,CS300021,문구,0.0,
N101,"사업시설 관리, 사업 지원 및 임대 서비스업",사업시설 유지ㆍ관리 서비스업,CS300022,화장품,0.0,
N101,"사업시설 관리, 사업 지원 및 임대 서비스업",사업시설 유지ㆍ관리 서비스업,CS300023,미용재료,0.0,
N101,"사업시설 관리, 사업 지원 및 임대 서비스업",사업시설 유지ㆍ관리 서비스업,CS300024,운동/경기용품,0.0,
N101,"사업시설 관리, 사업 지원 및 임대 서비스업",사업시설 유지ㆍ관리 서비스업,CS300025,자전거 및 기타운송장비,0.0,
N101,"사업시설 관리, 사업 지원 및 임대 서비스업",사업시설 유지ㆍ관리 서비스업,CS300026,완구,0.0,
N101,"사업시설 관리, 사업 지원 및 임대 서비스업",사업시설 유지ㆍ관리 서비스업,CS300028,화초,0.0,
N101,"사업시설 관리, 사업 지원 및 임대 서비스업",사업시설 유지ㆍ관리 서비스업,CS300029,애완동물,0.0,
N101,"사업시설 관리, 사업 지원 및 임대 서비스업",사업시설 유지ㆍ관리 서비스업,CS300030,중고가구,0.0,
N101,"사업시설 관리, 사업 지원 및 임대 서비스업",사업시설 유지ㆍ관리 서비스업,CS300031,가구,0.0,
N101,"사업시설 관리, 사업 지원 및 임대 서비스업",사업시설 유지ㆍ관리 서비스업,CS300032,가전제품,0.0,
N101,"사업시설 관리, 사업 지원 및 임대 서비스업",사업시설 유지ㆍ관리 서비스업,CS300033,철물점,0.0,
N101,"사업시설 관리, 사업 지원 및 임대 서비스업",사업시설 유지ㆍ관리 서비스업,CS300034,악기,0.0,
N101,"사업시설 관리, 사업 지원 및 임대 서비스업",사업시설 유지ㆍ관리 서비스업,CS300036,조명용품,0.0,
N101,"사업시설 관리, 사업 지원 및 임대 서비스업",사업시설 유지ㆍ관리 서비스업,CS300037,중고차판매,0.0,
N101,"사업시설 관리, 사업 지원 및 임대 서비스업",사업시설 유지ㆍ관리 서비스업,CS300038,자동차부품,0.0,
N101,"사업시설 관리, 사업 지원 및 임대 서비스업",사업시설 유지ㆍ관리 서비스업,CS300040,재생용품 판매점,0.0,
N101,"사업시설 관리, 사업 지원 및 임대 서비스업",사업시설 유지ㆍ관리 서비스업,CS300041,예술품,0.0,
N101,"사업시설 관리, 사업 지원 및 임대 서비스업",사업시설 유지ㆍ관리 서비스업,CS300043,전자상거래업,0.0,
N102,"사업시설 관리, 사업 지원 및 임대 서비스업",건물ㆍ산업설비 청소 및 방제 서비스업,CS100001,한식음식점,0.0,
N102,"사업시설 관리, 사업 지원 및 임대 서비스업",건물ㆍ산업설비 청소 및 방제 서비스업,CS100002,중식음식점,0.0,
N102,"사업시설 관리, 사업 지원 및 임대 서비스업",건물ㆍ산업설비 청소 및 방제 서비스업,CS100003,일식음식점,0.0,
N102,"사업시설 관리, 사업 지원 및 임대 서비스업",건물ㆍ산업설비 청소 및 방제 서비스업,CS100004,양식음식점,0.0,
N102,"사업시설 관리, 사업 지원 및 임대 서비스업",건물ㆍ산업설비 청소 및 방제 서비스업,CS100006,패스트푸드점,0.0,
N102,"사업시설 관리, 사업 지원 및 임대 서비스업",건물ㆍ산업설비 청소 및 방제 서비스업,CS100007,치킨전문점,0.0,
N102,"사업시설 관리, 사업 지원 및 임대 서비스업",건물ㆍ산업설비 청소 및 방제 서비스업,CS100008,분식전문점,0.0,
N102,"사업시설 관리, 사업 지원 및 임대 서비스업",건물ㆍ산업설비 청소 및 방제 서비스업,CS100009,호프-간이주점,0.0,
N102,"사업시설 관리, 사업 지원 및 임대 서비스업",건물ㆍ산업설비 청소 및 방제 서비스업,CS100010,커피-음료,0.0,
N102,"사업시설 관리, 사업 지원 및 임대 서비스업",건물ㆍ산업설비 청소 및 방제 서비스업,CS200001,일반교습학원,0.0,
N102,"사업시설 관리, 사업 지원 및 임대 서비스업",건물ㆍ산업설비 청소 및 방제 서비스업,CS200002,외국어학원,0.0,
N102,"사업시설 관리, 사업 지원 및 임대 서비스업",건물ㆍ산업설비 청소 및 방제 서비스업,CS200003,예술학원,0.0,
N102,"사업시설 관리, 사업 지원 및 임대 서비스업",건물ㆍ산업설비 청소 및 방제 서비스업,CS200004,컴퓨터학원,0.0,
N102,"사업시설 관리, 사업 지원 및 임대 서비스업",건물ㆍ산업설비 청소 및 방제 서비스업,CS200005,스포츠 강습,0.0,
N102,"사업시설 관리, 사업 지원 및 임대 서비스업",건물ㆍ산업설비 청소 및 방제 서비스업,CS200006,일반의원,0.0,
N102,"사업시설 관리, 사업 지원 및 임대 서비스업",건물ㆍ산업설비 청소 및 방제 서비스업,CS200007,치과의원,0.0,
N102,"사업시설 관리, 사업 지원 및 임대 서비스업",건물ㆍ산업설비 청소 및 방제 서비스업,CS200008,한의원,0.0,
N102,"사업시설 관리, 사업 지원 및 임대 서비스업",건물ㆍ산업설비 청소 및 방제 서비스업,CS200016,당구장,0.0,
N102,"사업시설 관리, 사업 지원 및 임대 서비스업",건물ㆍ산업설비 청소 및 방제 서비스업,CS200017,골프연습장,0.0,
N102,"사업시설 관리, 사업 지원 및 임대 서비스업",건물ㆍ산업설비 청소 및 방제 서비스업,CS200018,볼링장,0.0,
N102,"사업시설 관리, 사업 지원 및 임대 서비스업",건물ㆍ산업설비 청소 및 방제 서비스업,CS200020,전자게임장,0.0,
N102,"사업시설 관리, 사업 지원 및 임대 서비스업",건물ㆍ산업설비 청소 및 방제 서비스업,CS200021,기타오락장,0.0,
N102,"사업시설 관리, 사업 지원 및 임대 서비스업",건물ㆍ산업설비 청소 및 방제 서비스업,CS200023,통신기기수리,0.0,
N102,"사업시설 관리, 사업 지원 및 임대 서비스업",건물ㆍ산업설비 청소 및 방제 서비스업,CS200024,스포츠클럽,0.0,
N102,"사업시설 관리, 사업 지원 및 임대 서비스업",건물ㆍ산업설비 청소 및 방제 서비스업,CS200025,자동차수리,0.0,
N102,"사업시설 관리, 사업 지원 및 임대 서비스업",건물ㆍ산업설비 청소 및 방제 서비스업,CS200026,자동차미용,0.0,
N102,"사업시설 관리, 사업 지원 및 임대 서비스업",건물ㆍ산업설비 청소 및 방제 서비스업,CS200027,모터사이클수리,0.0,
N102,"사업시설 관리, 사업 지원 및 임대 서비스업",건물ㆍ산업설비 청소 및 방제 서비스업,CS200028,미용실,0.0,
N102,"사업시설 관리, 사업 지원 및 임대 서비스업",건물ㆍ산업설비 청소 및 방제 서비스업,CS200029,네일숍,0.0,
N102,"사업시설 관리, 사업 지원 및 임대 서비스업",건물ㆍ산업설비 청소 및 방제 서비스업,CS200030,피부관리실,0.0,
N102,"사업시설 관리, 사업 지원 및 임대 서비스업",건물ㆍ산업설비 청소 및 방제 서비스업,CS200034,여관,0.0,
N102,"사업시설 관리, 사업 지원 및 임대 서비스업",건물ㆍ산업설비 청소 및 방제 서비스업,CS200035,게스트하우스,0.0,
N102,"사업시설 관리, 사업 지원 및 임대 서비스업",건물ㆍ산업설비 청소 및 방제 서비스업,CS200036,고시원,0.0,
N102,"사업시설 관리, 사업 지원 및 임대 서비스업",건물ㆍ산업설비 청소 및 방제 서비스업,CS200038,독서실,0.0,
N102,"사업시설 관리, 사업 지원 및 임대 서비스업",건물ㆍ산업설비 청소 및 방제 서비스업,CS200040,녹음실,0.0,
N102,"사업시설 관리, 사업 지원 및 임대 서비스업",건물ㆍ산업설비 청소 및 방제 서비스업,CS200041,사진관,0.0,
N102,"사업시설 관리, 사업 지원 및 임대 서비스업",건물ㆍ산업설비 청소 및 방제 서비스업,CS200044,여행사,0.0,
N102,"사업시설 관리, 사업 지원 및 임대 서비스업",건물ㆍ산업설비 청소 및 방제 서비스업,CS200046,의류임대,0.0,
N102,"사업시설 관리, 사업 지원 및 임대 서비스업",건물ㆍ산업설비 청소 및 방제 서비스업,CS200047,가정용품임대,0.0,
N102,"사업시설 관리, 사업 지원 및 임대 서비스업",건물ㆍ산업설비 청소 및 방제 서비스업,CS300001,슈퍼마켓,0.0,
N102,"사업시설 관리, 사업 지원 및 임대 서비스업",건물ㆍ산업설비 청소 및 방제 서비스업,CS300002,편의점,0.0,
N102,"사업시설 관리, 사업 지원 및 임대 서비스업",건물ㆍ산업설비 청소 및 방제 서비스업,CS300003,컴퓨터및주변장치판매,0.0,
N102,"사업시설 관리, 사업 지원 및 임대 서비스업",건물ㆍ산업설비 청소 및 방제 서비스업,CS300004,핸드폰,0.0,
N102,"사업시설 관리, 사업 지원 및 임대 서비스업",건물ㆍ산업설비 청소 및 방제 서비스업,CS300005,주류도매,0.0,
N102,"사업시설 관리, 사업 지원 및 임대 서비스업",건물ㆍ산업설비 청소 및 방제 서비스업,CS300006,미곡판매,0.0,
N102,"사업시설 관리, 사업 지원 및 임대 서비스업",건물ㆍ산업설비 청소 및 방제 서비스업,CS300007,육류판매,0.0,
N102,"사업시설 관리, 사업 지원 및 임대 서비스업",건물ㆍ산업설비 청소 및 방제 서비스업,CS300010,반찬가게,0.0,
N102,"사업시설 관리, 사업 지원 및 임대 서비스업",건물ㆍ산업설비 청소 및 방제 서비스업,CS300011,일반의류,0.0,
N102,"사업시설 관리, 사업 지원 및 임대 서비스업",건물ㆍ산업설비 청소 및 방제 서비스업,CS300012,한복점,0.0,
N102,"사업시설 관리, 사업 지원 및 임대 서비스업",건물ㆍ산업설비 청소 및 방제 서비스업,CS300013,유아의류,0.0,
N102,"사업시설 관리, 사업 지원 및 임대 서비스업",건물ㆍ산업설비 청소 및 방제 서비스업,CS300014,신발,0.0,
N102,"사업시설 관리, 사업 지원 및 임대 서비스업",건물ㆍ산업설비 청소 및 방제 서비스업,CS300016,안경,0.0,
N102,"사업시설 관리, 사업 지원 및 임대 서비스업",건물ㆍ산업설비 청소 및 방제 서비스업,CS300017,시계및귀금속,0.0,
N102,"사업시설 관리, 사업 지원 및 임대 서비스업",건물ㆍ산업설비 청소 및 방제 서비스업,CS300018,의약품,0.0,
N102,"사업시설 관리, 사업 지원 및 임대 서비스업",건물ㆍ산업설비 청소 및 방제 서비스업,CS300019,의료기기,0.0,
N102,"사업시설 관리, 사업 지원 및 임대 서비스업",건물ㆍ산업설비 청소 및 방제 서비스업,CS300020,서적,0.0,
N102,"사업시설 관리, 사업 지원 및 임대 서비스업",건물ㆍ산업설비 청소 및 방제 서비스업,CS300021,문구,0.0,
N102,"사업시설 관리, 사업 지원 및 임대 서비스업",건물ㆍ산업설비 청소 및 방제 서비스업,CS300022,화장품,0.0,
N102,"사업시설 관리, 사업 지원 및 임대 서비스업",건물ㆍ산업설비 청소 및 방제 서비스업,CS300023,미용재료,0.0,
N102,"사업시설 관리, 사업 지원 및 임대 서비스업",건물ㆍ산업설비 청소 및 방제 서비스업,CS300024,운동/경기용품,0.0,
N102,"사업시설 관리, 사업 지원 및 임대 서비스업",건물ㆍ산업설비 청소 및 방제 서비스업,CS300026,완구,0.0,
N102,"사업시설 관리, 사업 지원 및 임대 서비스업",건물ㆍ산업설비 청소 및 방제 서비스업,CS300028,화초,0.0,
N102,"사업시설 관리, 사업 지원 및 임대 서비스업",건물ㆍ산업설비 청소 및 방제 서비스업,CS300030,중고가구,0.0,
N102,"사업시설 관리, 사업 지원 및 임대 서비스업",건물ㆍ산업설비 청소 및 방제 서비스업,CS300031,가구,0.0,
N102,"사업시설 관리, 사업 지원 및 임대 서비스업",건물ㆍ산업설비 청소 및 방제 서비스업,CS300034,악기,0.0,
N102,"사업시설 관리, 사업 지원 및 임대 서비스업",건물ㆍ산업설비 청소 및 방제 서비스업,CS300035,인테리어,0.0,
N102,"사업시설 관리, 사업 지원 및 임대 서비스업",건물ㆍ산업설비 청소 및 방제 서비스업,CS300036,조명용품,0.0,
N102,"사업시설 관리, 사업 지원 및 임대 서비스업",건물ㆍ산업설비 청소 및 방제 서비스업,CS300037,중고차판매,0.0,
N102,"사업시설 관리, 사업 지원 및 임대 서비스업",건물ㆍ산업설비 청소 및 방제 서비스업,CS300038,자동차부품,0.0,
N102,"사업시설 관리, 사업 지원 및 임대 서비스업",건물ㆍ산업설비 청소 및 방제 서비스업,CS300039,모터사이클및부품,0.0,
N102,"사업시설 관리, 사업 지원 및 임대 서비스업",건물ㆍ산업설비 청소 및 방제 서비스업,CS300040,재생용품 판매점,0.0,
N102,"사업시설 관리, 사업 지원 및 임대 서비스업",건물ㆍ산업설비 청소 및 방제 서비스업,CS300041,예술품,0.0,
N102,"사업시설 관리, 사업 지원 및 임대 서비스업",건물ㆍ산업설비 청소 및 방제 서비스업,CS300043,전자상거래업,0.0,
N103,"사업시설 관리, 사업 지원 및 임대 서비스업",조경관리 및 유지 서비스업,CS100001,한식음식점,0.0,
N103,"사업시설 관리, 사업 지원 및 임대 서비스업",조경관리 및 유지 서비스업,CS100002,중식음식점,0.0,
N103,"사업시설 관리, 사업 지원 및 임대 서비스업",조경관리 및 유지 서비스업,CS100003,일식음식점,0.0,
N103,"사업시설 관리, 사업 지원 및 임대 서비스업",조경관리 및 유지 서비스업,CS100004,양식음식점,0.0,
N103,"사업시설 관리, 사업 지원 및 임대 서비스업",조경관리 및 유지 서비스업,CS100005,제과점,0.0,
N103,"사업시설 관리, 사업 지원 및 임대 서비스업",조경관리 및 유지 서비스업,CS100006,패스트푸드점,0.0,
N103,"사업시설 관리, 사업 지원 및 임대 서비스업",조경관리 및 유지 서비스업,CS100007,치킨전문점,0.0,
N103,"사업시설 관리, 사업 지원 및 임대 서비스업",조경관리 및 유지 서비스업,CS100008,분식전문점,0.0,
N103,"사업시설 관리, 사업 지원 및 임대 서비스업",조경관리 및 유지 서비스업,CS100009,호프-간이주점,0.0,
N103,"사업시설 관리, 사업 지원 및 임대 서비스업",조경관리 및 유지 서비스업,CS100010,커피-음료,0.0,
N103,"사업시설 관리, 사업 지원 및 임대 서비스업",조경관리 및 유지 서비스업,CS200001,일반교습학원,0.0,
N103,"사업시설 관리, 사업 지원 및 임대 서비스업",조경관리 및 유지 서비스업,CS200002,외국어학원,0.0,
N103,"사업시설 관리, 사업 지원 및 임대 서비스업",조경관리 및 유지 서비스업,CS200003,예술학원,0.0,
N103,"사업시설 관리, 사업 지원 및 임대 서비스업",조경관리 및 유지 서비스업,CS200004,컴퓨터학원,0.0,
N103,"사업시설 관리, 사업 지원 및 임대 서비스업",조경관리 및 유지 서비스업,CS200005,스포츠 강습,0.0,
N103,"사업시설 관리, 사업 지원 및 임대 서비스업",조경관리 및 유지 서비스업,CS200006,일반의원,0.0,
N103,"사업시설 관리, 사업 지원 및 임대 서비스업",조경관리 및 유지 서비스업,CS200007,치과의원,0.0,
N103,"사업시설 관리, 사업 지원 및 임대 서비스업",조경관리 및 유지 서비스업,CS200008,한의원,0.0,
N103,"사업시설 관리, 사업 지원 및 임대 서비스업",조경관리 및 유지 서비스업,CS200009,동물병원,0.0,
N103,"사업시설 관리, 사업 지원 및 임대 서비스업",조경관리 및 유지 서비스업,CS200010,변호사사무소,0.0,
N103,"사업시설 관리, 사업 지원 및 임대 서비스업",조경관리 및 유지 서비스업,CS200012,법무사사무소,0.0,
N103,"사업시설 관리, 사업 지원 및 임대 서비스업",조경관리 및 유지 서비스업,CS200013,기타법무서비스,0.0,
N103,"사업시설 관리, 사업 지원 및 임대 서비스업",조경관리 및 유지 서비스업,CS200014,회계사사무소,0.0,
N103,"사업시설 관리, 사업 지원 및 임대 서비스업",조경관리 및 유지 서비스업,CS200015,세무사사무소,0.0,
N103,"사업시설 관리, 사업 지원 및 임대 서비스업",조경관리 및 유지 서비스업,CS200016,당구장,0.0,
N103,"사업시설 관리, 사업 지원 및 임대 서비스업",조경관리 및 유지 서비스업,CS200017,골프연습장,0.0,
N103,"사업시설 관리, 사업 지원 및 임대 서비스업",조경관리 및 유지 서비스업,CS200018,볼링장,0.0,
N103,"사업시설 관리, 사업 지원 및 임대 서비스업",조경관리 및 유지 서비스업,CS200019,PC방,0.0,
N103,"사업시설 관리, 사업 지원 및 임대 서비스업",조경관리 및 유지 서비스업,CS200020,전자게임장,0.0,
N103,"사업시설 관리, 사업 지원 및 임대 서비스업",조경관리 및 유지 서비스업,CS200021,기타오락장,0.0,
N103,"사업시설 관리, 사업 지원 및 임대 서비스업",조경관리 및 유지 서비스업,CS200022,복권방,0.0,
N103,"사업시설 관리, 사업 지원 및 임대 서비스업",조경관리 및 유지 서비스업,CS200024,스포츠클럽,0.0,
N103,"사업시설 관리, 사업 지원 및 임대 서비스업",조경관리 및 유지 서비스업,CS200026,자동차미용,0.0,
N103,"사업시설 관리, 사업 지원 및 임대 서비스업",조경관리 및 유지 서비스업,CS200028,미용실,0.0,
N103,"사업시설 관리, 사업 지원 및 임대 서비스업",조경관리 및 유지 서비스업,CS200029,네일숍,0.0,
N103,"사업시설 관리, 사업 지원 및 임대 서비스업",조경관리 및 유지 서비스업,CS200031,세탁소,0.0,
N103,"사업시설 관리, 사업 지원 및 임대 서비스업",조경관리 및 유지 서비스업,CS200033,부동산중개업,0.0,
N103,"사업시설 관리, 사업 지원 및 임대 서비스업",조경관리 및 유지 서비스업,CS200035,게스트하우스,0.0,
N103,"사업시설 관리, 사업 지원 및 임대 서비스업",조경관리 및 유지 서비스업,CS200036,고시원,0.0,
N103,"사업시설 관리, 사업 지원 및 임대 서비스업",조경관리 및 유지 서비스업,CS200037,노래방,0.0,
N103,"사업시설 관리, 사업 지원 및 임대 서비스업",조경관리 및 유지 서비스업,CS200038,독서실,0.0,
N103,"사업시설 관리, 사업 지원 및 임대 서비스업",조경관리 및 유지 서비스업,CS200039,DVD방,0.0,
N103,"사업시설 관리, 사업 지원 및 임대 서비스업",조경관리 및 유지 서비스업,CS200040,녹음실,0.0,
N103,"사업시설 관리, 사업 지원 및 임대 서비스업",조경관리 및 유지 서비스업,CS200042,통번역서비스,0.0,
N103,"사업시설 관리, 사업 지원 및 임대 서비스업",조경관리 및 유지 서비스업,CS200043,건축물청소,0.0,
N103,"사업시설 관리, 사업 지원 및 임대 서비스업",조경관리 및 유지 서비스업,CS200044,여행사,0.0,
N103,"사업시설 관리, 사업 지원 및 임대 서비스업",조경관리 및 유지 서비스업,CS200045,비디오/서적임대,0.0,
N103,"사업시설 관리, 사업 지원 및 임대 서비스업",조경관리 및 유지 서비스업,CS200046,의류임대,0.0,
N103,"사업시설 관리, 사업 지원 및 임대 서비스업",조경관리 및 유지 서비스업,CS200047,가정용품임대,0.0,
N103,"사업시설 관리, 사업 지원 및 임대 서비스업",조경관리 및 유지 서비스업,CS300001,슈퍼마켓,0.0,
N103,"사업시설 관리, 사업 지원 및 임대 서비스업",조경관리 및 유지 서비스업,CS300002,편의점,0.0,
N103,"사업시설 관리, 사업 지원 및 임대 서비스업",조경관리 및 유지 서비스업,CS300003,컴퓨터및주변장치판매,0.0,
N103,"사업시설 관리, 사업 지원 및 임대 서비스업",조경관리 및 유지 서비스업,CS300004,핸드폰,0.0,
N103,"사업시설 관리, 사업 지원 및 임대 서비스업",조경관리 및 유지 서비스업,CS300005,주류도매,0.0,
N103,"사업시설 관리, 사업 지원 및 임대 서비스업",조경관리 및 유지 서비스업,CS300006,미곡판매,0.0,
N103,"사업시설 관리, 사업 지원 및 임대 서비스업",조경관리 및 유지 서비스업,CS300007,육류판매,0.0,
N103,"사업시설 관리, 사업 지원 및 임대 서비스업",조경관리 및 유지 서비스업,CS300008,수산물판매,0.0,
N103,"사업시설 관리, 사업 지원 및 임대 서비스업",조경관리 및 유지 서비스업,CS300009,청과상,0.0,
N103,"사업시설 관리, 사업 지원 및 임대 서비스업",조경관리 및 유지 서비스업,CS300010,반찬가게,0.0,
N103,"사업시설 관리, 사업 지원 및 임대 서비스업",조경관리 및 유지 서비스업,CS300011,일반의류,0.0,
N103,"사업시설 관리, 사업 지원 및 임대 서비스업",조경관리 및 유지 서비스업,CS300012,한복점,0.0,
N103,"사업시설 관리, 사업 지원 및 임대 서비스업",조경관리 및 유지 서비스업,CS300014,신발,0.0,
N103,"사업시설 관리, 사업 지원 및 임대 서비스업",조경관리 및 유지 서비스업,CS300015,가방,0.0,
N103,"사업시설 관리, 사업 지원 및 임대 서비스업",조경관리 및 유지 서비스업,CS300017,시계및귀금속,0.0,
N103,"사업시설 관리, 사업 지원 및 임대 서비스업",조경관리 및 유지 서비스업,CS300018,의약품,0.0,
N103,"사업시설 관리, 사업 지원 및 임대 서비스업",조경관리 및 유지 서비스업,CS300019,의료기기,0.0,
N103,"사업시설 관리, 사업 지원 및 임대 서비스업",조경관리 및 유지 서비스업,CS300020,서적,0.0,
N103,"사업시설 관리, 사업 지원 및 임대 서비스업",조경관리 및 유지 서비스업,CS300021,문구,0.0,
N103,"사업시설 관리, 사업 지원 및 임대 서비스업",조경관리 및 유지 서비스업,CS300022,화장품,0.0,
N103,"사업시설 관리, 사업 지원 및 임대 서비스업",조경관리 및 유지 서비스업,CS300023,미용재료,0.0,
N103,"사업시설 관리, 사업 지원 및 임대 서비스업",조경관리 및 유지 서비스업,CS300025,자전거 및 기타운송장비,0.0,
N103,"사업시설 관리, 사업 지원 및 임대 서비스업",조경관리 및 유지 서비스업,CS300026,완구,0.0,
N103,"사업시설 관리, 사업 지원 및 임대 서비스업",조경관리 및 유지 서비스업,CS300028,화초,0.0,
N103,"사업시설 관리, 사업 지원 및 임대 서비스업",조경관리 및 유지 서비스업,CS300029,애완동물,0.0,
N103,"사업시설 관리, 사업 지원 및 임대 서비스업",조경관리 및 유지 서비스업,CS300030,중고가구,0.0,
N103,"사업시설 관리, 사업 지원 및 임대 서비스업",조경관리 및 유지 서비스업,CS300031,가구,0.0,
N103,"사업시설 관리, 사업 지원 및 임대 서비스업",조경관리 및 유지 서비스업,CS300032,가전제품,0.0,
N103,"사업시설 관리, 사업 지원 및 임대 서비스업",조경관리 및 유지 서비스업,CS300033,철물점,0.0,
N103,"사업시설 관리, 사업 지원 및 임대 서비스업",조경관리 및 유지 서비스업,CS300034,악기,0.0,
N103,"사업시설 관리, 사업 지원 및 임대 서비스업",조경관리 및 유지 서비스업,CS300037,중고차판매,0.0,
N103,"사업시설 관리, 사업 지원 및 임대 서비스업",조경관리 및 유지 서비스업,CS300038,자동차부품,0.0,
N103,"사업시설 관리, 사업 지원 및 임대 서비스업",조경관리 및 유지 서비스업,CS300039,모터사이클및부품,0.0,
N103,"사업시설 관리, 사업 지원 및 임대 서비스업",조경관리 및 유지 서비스업,CS300040,재생용품 판매점,0.0,
N103,"사업시설 관리, 사업 지원 및 임대 서비스업",조경관리 및 유지 서비스업,CS300041,예술품,0.0,
N103,"사업시설 관리, 사업 지원 및 임대 서비스업",조경관리 및 유지 서비스업,CS300043,전자상거래업,0.0,
N104,"사업시설 관리, 사업 지원 및 임대 서비스업",고용 알선 및 인력 공급업,CS100001,한식음식점,0.0,
N104,"사업시설 관리, 사업 지원 및 임대 서비스업",고용 알선 및 인력 공급업,CS100002,중식음식점,0.0,
N104,"사업시설 관리, 사업 지원 및 임대 서비스업",고용 알선 및 인력 공급업,CS100003,일식음식점,0.0,
N104,"사업시설 관리, 사업 지원 및 임대 서비스업",고용 알선 및 인력 공급업,CS100004,양식음식점,0.0,
N104,"사업시설 관리, 사업 지원 및 임대 서비스업",고용 알선 및 인력 공급업,CS100005,제과점,0.0,
N104,"사업시설 관리, 사업 지원 및 임대 서비스업",고용 알선 및 인력 공급업,CS100006,패스트푸드점,0.0,
N104,"사업시설 관리, 사업 지원 및 임대 서비스업",고용 알선 및 인력 공급업,CS100007,치킨전문점,0.0,
N104,"사업시설 관리, 사업 지원 및 임대 서비스업",고용 알선 및 인력 공급업,CS100008,분식전문점,0.0,
N104,"사업시설 관리, 사업 지원 및 임대 서비스업",고용 알선 및 인력 공급업,CS100009,호프-간이주점,0.0,
N104,"사업시설 관리, 사업 지원 및 임대 서비스업",고용 알선 및 인력 공급업,CS100010,커피-음료,0.0,
N104,"사업시설 관리, 사업 지원 및 임대 서비스업",고용 알선 및 인력 공급업,CS200001,일반교습학원,0.0,
N104,"사업시설 관리, 사업 지원 및 임대 서비스업",고용 알선 및 인력 공급업,CS200002,외국어학원,0.0,
N104,"사업시설 관리, 사업 지원 및 임대 서비스업",고용 알선 및 인력 공급업,CS200003,예술학원,0.0,
N104,"사업시설 관리, 사업 지원 및 임대 서비스업",고용 알선 및 인력 공급업,CS200004,컴퓨터학원,0.0,
N104,"사업시설 관리, 사업 지원 및 임대 서비스업",고용 알선 및 인력 공급업,CS200005,스포츠 강습,0.0,
N104,"사업시설 관리, 사업 지원 및 임대 서비스업",고용 알선 및 인력 공급업,CS200006,일반의원,0.0,
N104,"사업시설 관리, 사업 지원 및 임대 서비스업",고용 알선 및 인력 공급업,CS200007,치과의원,0.0,
N104,"사업시설 관리, 사업 지원 및 임대 서비스업",고용 알선 및 인력 공급업,CS200008,한의원,0.0,
N104,"사업시설 관리, 사업 지원 및 임대 서비스업",고용 알선 및 인력 공급업,CS200009,동물병원,0.0,
N104,"사업시설 관리, 사업 지원 및 임대 서비스업",고용 알선 및 인력 공급업,CS200010,변호사사무소,0.0,
N104,"사업시설 관리, 사업 지원 및 임대 서비스업",고용 알선 및 인력 공급업,CS200011,변리사사무소,0.0,
N104,"사업시설 관리, 사업 지원 및 임대 서비스업",고용 알선 및 인력 공급업,CS200012,법무사사무소,0.0,
N104,"사업시설 관리, 사업 지원 및 임대 서비스업",고용 알선 및 인력 공급업,CS200013,기타법무서비스,0.0,
N104,"사업시설 관리, 사업 지원 및 임대 서비스업",고용 알선 및 인력 공급업,CS200014,회계사사무소,0.0,
N104,"사업시설 관리, 사업 지원 및 임대 서비스업",고용 알선 및 인력 공급업,CS200015,세무사사무소,0.0,
N104,"사업시설 관리, 사업 지원 및 임대 서비스업",고용 알선 및 인력 공급업,CS200016,당구장,0.0,
N104,"사업시설 관리, 사업 지원 및 임대 서비스업",고용 알선 및 인력 공급업,CS200017,골프연습장,0.0,
N104,"사업시설 관리, 사업 지원 및 임대 서비스업",고용 알선 및 인력 공급업,CS200018,볼링장,0.0,
N104,"사업시설 관리, 사업 지원 및 임대 서비스업",고용 알선 및 인력 공급업,CS200019,PC방,0.0,
N104,"사업시설 관리, 사업 지원 및 임대 서비스업",고용 알선 및 인력 공급업,CS200020,전자게임장,0.0,
N104,"사업시설 관리, 사업 지원 및 임대 서비스업",고용 알선 및 인력 공급업,CS200021,기타오락장,0.0,
N104,"사업시설 관리, 사업 지원 및 임대 서비스업",고용 알선 및 인력 공급업,CS200022,복권방,0.0,
N104,"사업시설 관리, 사업 지원 및 임대 서비스업",고용 알선 및 인력 공급업,CS200023,통신기기수리,0.0,
N104,"사업시설 관리, 사업 지원 및 임대 서비스업",고용 알선 및 인력 공급업,CS200024,스포츠클럽,0.0,
N104,"사업시설 관리, 사업 지원 및 임대 서비스업",고용 알선 및 인력 공급업,CS200025,자동차수리,0.0,
N104,"사업시설 관리, 사업 지원 및 임대 서비스업",고용 알선 및 인력 공급업,CS200027,모터사이클수리,0.0,
N104,"사업시설 관리, 사업 지원 및 임대 서비스업",고용 알선 및 인력 공급업,CS200029,네일숍,0.0,
N104,"사업시설 관리, 사업 지원 및 임대 서비스업",고용 알선 및 인력 공급업,CS200030,피부관리실,0.0,
N104,"사업시설 관리, 사업 지원 및 임대 서비스업",고용 알선 및 인력 공급업,CS200031,세탁소,0.0,
N104,"사업시설 관리, 사업 지원 및 임대 서비스업",고용 알선 및 인력 공급업,CS200032,가전제품수리,0.0,
N104,"사업시설 관리, 사업 지원 및 임대 서비스업",고용 알선 및 인력 공급업,CS200033,부동산중개업,0.0,
N104,"사업시설 관리, 사업 지원 및 임대 서비스업",고용 알선 및 인력 공급업,CS200034,여관,0.0,
N104,"사업시설 관리, 사업 지원 및 임대 서비스업",고용 알선 및 인력 공급업,CS200035,게스트하우스,0.0,
N104,"사업시설 관리, 사업 지원 및 임대 서비스업",고용 알선 및 인력 공급업,CS200037,노래방,0.0,
N104,"사업시설 관리, 사업 지원 및 임대 서비스업",고용 알선 및 인력 공급업,CS200038,독서실,0.0,
N104,"사업시설 관리, 사업 지원 및 임대 서비스업",고용 알선 및 인력 공급업,CS200039,DVD방,0.0,
N104,"사업시설 관리, 사업 지원 및 임대 서비스업",고용 알선 및 인력 공급업,CS200040,녹음실,0.0,
N104,"사업시설 관리, 사업 지원 및 임대 서비스업",고용 알선 및 인력 공급업,CS200041,사진관,0.0,
N104,"사업시설 관리, 사업 지원 및 임대 서비스업",고용 알선 및 인력 공급업,CS200042,통번역서비스,0.0,
N104,"사업시설 관리, 사업 지원 및 임대 서비스업",고용 알선 및 인력 공급업,CS200043,건축물청소,0.0,
N104,"사업시설 관리, 사업 지원 및 임대 서비스업",고용 알선 및 인력 공급업,CS200044,여행사,0.0,
N104,"사업시설 관리, 사업 지원 및 임대 서비스업",고용 알선 및 인력 공급업,CS200045,비디오/서적임대,0.0,
N104,"사업시설 관리, 사업 지원 및 임대 서비스업",고용 알선 및 인력 공급업,CS200046,의류임대,0.0,
N104,"사업시설 관리, 사업 지원 및 임대 서비스업",고용 알선 및 인력 공급업,CS300001,슈퍼마켓,0.0,
N104,"사업시설 관리, 사업 지원 및 임대 서비스업",고용 알선 및 인력 공급업,CS300002,편의점,0.0,
N104,"사업시설 관리, 사업 지원 및 임대 서비스업",고용 알선 및 인력 공급업,CS300003,컴퓨터및주변장치판매,0.0,
N104,"사업시설 관리, 사업 지원 및 임대 서비스업",고용 알선 및 인력 공급업,CS300004,핸드폰,0.0,
N104,"사업시설 관리, 사업 지원 및 임대 서비스업",고용 알선 및 인력 공급업,CS300005,주류도매,0.0,
N104,"사업시설 관리, 사업 지원 및 임대 서비스업",고용 알선 및 인력 공급업,CS300006,미곡판매,0.0,
N104,"사업시설 관리, 사업 지원 및 임대 서비스업",고용 알선 및 인력 공급업,CS300007,육류판매,0.0,
N104,"사업시설 관리, 사업 지원 및 임대 서비스업",고용 알선 및 인력 공급업,CS300008,수산물판매,0.0,
N104,"사업시설 관리, 사업 지원 및 임대 서비스업",고용 알선 및 인력 공급업,CS300009,청과상,0.0,
N104,"사업시설 관리, 사업 지원 및 임대 서비스업",고용 알선 및 인력 공급업,CS300010,반찬가게,0.0,
N104,"사업시설 관리, 사업 지원 및 임대 서비스업",고용 알선 및 인력 공급업,CS300011,일반의류,0.0,
N104,"사업시설 관리, 사업 지원 및 임대 서비스업",고용 알선 및 인력 공급업,CS300012,한복점,0.0,
N104,"사업시설 관리, 사업 지원 및 임대 서비스업",고용 알선 및 인력 공급업,CS300013,유아의류,0.0,
N104,"사업시설 관리, 사업 지원 및 임대 서비스업",고용 알선 및 인력 공급업,CS300014,신발,0.0,
N104,"사업시설 관리, 사업 지원 및 임대 서비스업",고용 알선 및 인력 공급업,CS300015,가방,0.0,
N104,"사업시설 관리, 사업 지원 및 임대 서비스업",고용 알선 및 인력 공급업,CS300016,안경,0.0,
N104,"사업시설 관리, 사업 지원 및 임대 서비스업",고용 알선 및 인력 공급업,CS300017,시계및귀금속,0.0,
N104,"사업시설 관리, 사업 지원 및 임대 서비스업",고용 알선 및 인력 공급업,CS300018,의약품,0.0,
N104,"사업시설 관리, 사업 지원 및 임대 서비스업",고용 알선 및 인력 공급업,CS300019,의료기기,0.0,
N104,"사업시설 관리, 사업 지원 및 임대 서비스업",고용 알선 및 인력 공급업,CS300020,서적,0.0,
N104,"사업시설 관리, 사업 지원 및 임대 서비스업",고용 알선 및 인력 공급업,CS300021,문구,0.0,
N104,"사업시설 관리, 사업 지원 및 임대 서비스업",고용 알선 및 인력 공급업,CS300022,화장품,0.0,
N104,"사업시설 관리, 사업 지원 및 임대 서비스업",고용 알선 및 인력 공급업,CS300025,자전거 및 기타운송장비,0.0,
N104,"사업시설 관리, 사업 지원 및 임대 서비스업",고용 알선 및 인력 공급업,CS300026,완구,0.0,
N104,"사업시설 관리, 사업 지원 및 임대 서비스업",고용 알선 및 인력 공급업,CS300027,섬유제품,0.0,
N104,"사업시설 관리, 사업 지원 및 임대 서비스업",고용 알선 및 인력 공급업,CS300028,화초,0.0,
N104,"사업시설 관리, 사업 지원 및 임대 서비스업",고용 알선 및 인력 공급업,CS300029,애완동물,0.0,
N104,"사업시설 관리, 사업 지원 및 임대 서비스업",고용 알선 및 인력 공급업,CS300031,가구,0.0,
N104,"사업시설 관리, 사업 지원 및 임대 서비스업",고용 알선 및 인력 공급업,CS300032,가전제품,0.0,
N104,"사업시설 관리, 사업 지원 및 임대 서비스업",고용 알선 및 인력 공급업,CS300033,철물점,0.0,
N104,"사업시설 관리, 사업 지원 및 임대 서비스업",고용 알선 및 인력 공급업,CS300034,악기,0.0,
N104,"사업시설 관리, 사업 지원 및 임대 서비스업",고용 알선 및 인력 공급업,CS300038,자동차부품,0.0,
N104,"사업시설 관리, 사업 지원 및 임대 서비스업",고용 알선 및 인력 공급업,CS300039,모터사이클및부품,0.0,
N104,"사업시설 관리, 사업 지원 및 임대 서비스업",고용 알선 및 인력 공급업,CS300041,예술품,0.0,
N104,"사업시설 관리, 사업 지원 및 임대 서비스업",고용 알선 및 인력 공급업,CS300042,주유소,0.0,
N104,"사업시설 관리, 사업 지원 및 임대 서비스업",고용 알선 및 인력 공급업,CS300043,전자상거래업,0.0,
N105,"사업시설 관리, 사업 지원 및 임대 서비스업",여행사 및 기타 여행 보조 서비스업,CS100001,한식음식점,0.0,
N105,"사업시설 관리, 사업 지원 및 임대 서비스업",여행사 및 기타 여행 보조 서비스업,CS100002,중식음식점,0.0,
N105,"사업시설 관리, 사업 지원 및 임대 서비스업",여행사 및 기타 여행 보조 서비스업,CS100003,일식음식점,0.0,
N105,"사업시설 관리, 사업 지원 및 임대 서비스업",여행사 및 기타 여행 보조 서비스업,CS100004,양식음식점,0.0,
N105,"사업시설 관리, 사업 지원 및 임대 서비스업",여행사 및 기타 여행 보조 서비스업,CS100005,제과점,0.0,
N105,"사업시설 관리, 사업 지원 및 임대 서비스업",여행사 및 기타 여행 보조 서비스업,CS100006,패스트푸드점,0.0,
N105,"사업시설 관리, 사업 지원 및 임대 서비스업",여행사 및 기타 여행 보조 서비스업,CS100007,치킨전문점,0.0,
N105,"사업시설 관리, 사업 지원 및 임대 서비스업",여행사 및 기타 여행 보조 서비스업,CS100008,분식전문점,0.0,
N105,"사업시설 관리, 사업 지원 및 임대 서비스업",여행사 및 기타 여행 보조 서비스업,CS100009,호프-간이주점,0.0,
N105,"사업시설 관리, 사업 지원 및 임대 서비스업",여행사 및 기타 여행 보조 서비스업,CS100010,커피-음료,0.0,
N105,"사업시설 관리, 사업 지원 및 임대 서비스업",여행사 및 기타 여행 보조 서비스업,CS200001,일반교습학원,0.0,
N105,"사업시설 관리, 사업 지원 및 임대 서비스업",여행사 및 기타 여행 보조 서비스업,CS200002,외국어학원,0.0,
N105,"사업시설 관리, 사업 지원 및 임대 서비스업",여행사 및 기타 여행 보조 서비스업,CS200003,예술학원,0.0,
N105,"사업시설 관리, 사업 지원 및 임대 서비스업",여행사 및 기타 여행 보조 서비스업,CS200004,컴퓨터학원,0.0,
N105,"사업시설 관리, 사업 지원 및 임대 서비스업",여행사 및 기타 여행 보조 서비스업,CS200005,스포츠 강습,0.0,
N105,"사업시설 관리, 사업 지원 및 임대 서비스업",여행사 및 기타 여행 보조 서비스업,CS200006,일반의원,0.0,
N105,"사업시설 관리, 사업 지원 및 임대 서비스업",여행사 및 기타 여행 보조 서비스업,CS200007,치과의원,0.0,
N105,"사업시설 관리, 사업 지원 및 임대 서비스업",여행사 및 기타 여행 보조 서비스업,CS200008,한의원,0.0,
N105,"사업시설 관리, 사업 지원 및 임대 서비스업",여행사 및 기타 여행 보조 서비스업,CS200009,동물병원,0.0,
N105,"사업시설 관리, 사업 지원 및 임대 서비스업",여행사 및 기타 여행 보조 서비스업,CS200013,기타법무서비스,0.0,
N105,"사업시설 관리, 사업 지원 및 임대 서비스업",여행사 및 기타 여행 보조 서비스업,CS200016,당구장,0.0,
N105,"사업시설 관리, 사업 지원 및 임대 서비스업",여행사 및 기타 여행 보조 서비스업,CS200017,골프연습장,0.0,
N105,"사업시설 관리, 사업 지원 및 임대 서비스업",여행사 및 기타 여행 보조 서비스업,CS200018,볼링장,0.0,
N105,"사업시설 관리, 사업 지원 및 임대 서비스업",여행사 및 기타 여행 보조 서비스업,CS200019,PC방,0.0,
N105,"사업시설 관리, 사업 지원 및 임대 서비스업",여행사 및 기타 여행 보조 서비스업,CS200020,전자게임장,0.0,
N105,"사업시설 관리, 사업 지원 및 임대 서비스업",여행사 및 기타 여행 보조 서비스업,CS200021,기타오락장,0.0,
N105,"사업시설 관리, 사업 지원 및 임대 서비스업",여행사 및 기타 여행 보조 서비스업,CS200022,복권방,0.0,
N105,"사업시설 관리, 사업 지원 및 임대 서비스업",여행사 및 기타 여행 보조 서비스업,CS200023,통신기기수리,0.0,
N105,"사업시설 관리, 사업 지원 및 임대 서비스업",여행사 및 기타 여행 보조 서비스업,CS200024,스포츠클럽,0.0,
N105,"사업시설 관리, 사업 지원 및 임대 서비스업",여행사 및 기타 여행 보조 서비스업,CS200025,자동차수리,0.0,
N105,"사업시설 관리, 사업 지원 및 임대 서비스업",여행사 및 기타 여행 보조 서비스업,CS200026,자동차미용,0.0,
N105,"사업시설 관리, 사업 지원 및 임대 서비스업",여행사 및 기타 여행 보조 서비스업,CS200028,미용실,0.0,
N105,"사업시설 관리, 사업 지원 및 임대 서비스업",여행사 및 기타 여행 보조 서비스업,CS200029,네일숍,0.0,
N105,"사업시설 관리, 사업 지원 및 임대 서비스업",여행사 및 기타 여행 보조 서비스업,CS200030,피부관리실,0.0,
N105,"사업시설 관리, 사업 지원 및 임대 서비스업",여행사 및 기타 여행 보조 서비스업,CS200031,세탁소,0.0,
N105,"사업시설 관리, 사업 지원 및 임대 서비스업",여행사 및 기타 여행 보조 서비스업,CS200032,가전제품수리,0.0,
N105,"사업시설 관리, 사업 지원 및 임대 서비스업",여행사 및 기타 여행 보조 서비스업,CS200033,부동산중개업,0.0,
N105,"사업시설 관리, 사업 지원 및 임대 서비스업",여행사 및 기타 여행 보조 서비스업,CS200035,게스트하우스,0.0,
N105,"사업시설 관리, 사업 지원 및 임대 서비스업",여행사 및 기타 여행 보조 서비스업,CS200036,고시원,0.0,
N105,"사업시설 관리, 사업 지원 및 임대 서비스업",여행사 및 기타 여행 보조 서비스업,CS200037,노래방,0.0,
N105,"사업시설 관리, 사업 지원 및 임대 서비스업",여행사 및 기타 여행 보조 서비스업,CS200038,독서실,0.0,
N105,"사업시설 관리, 사업 지원 및 임대 서비스업",여행사 및 기타 여행 보조 서비스업,CS200039,DVD방,0.0,
N105,"사업시설 관리, 사업 지원 및 임대 서비스업",여행사 및 기타 여행 보조 서비스업,CS200040,녹음실,0.0,
N105,"사업시설 관리, 사업 지원 및 임대 서비스업",여행사 및 기타 여행 보조 서비스업,CS200042,통번역서비스,0.0,
N105,"사업시설 관리, 사업 지원 및 임대 서비스업",여행사 및 기타 여행 보조 서비스업,CS200043,건축물청소,0.0,
N105,"사업시설 관리, 사업 지원 및 임대 서비스업",여행사 및 기타 여행 보조 서비스업,CS200045,비디오/서적임대,0.0,
N105,"사업시설 관리, 사업 지원 및 임대 서비스업",여행사 및 기타 여행 보조 서비스업,CS200046,의류임대,0.0,
N105,"사업시설 관리, 사업 지원 및 임대 서비스업",여행사 및 기타 여행 보조 서비스업,CS200047,가정용품임대,0.0,
N105,"사업시설 관리, 사업 지원 및 임대 서비스업",여행사 및 기타 여행 보조 서비스업,CS300001,슈퍼마켓,0.0,
N105,"사업시설 관리, 사업 지원 및 임대 서비스업",여행사 및 기타 여행 보조 서비스업,CS300002,편의점,0.0,
N105,"사업시설 관리, 사업 지원 및 임대 서비스업",여행사 및 기타 여행 보조 서비스업,CS300003,컴퓨터및주변장치판매,0.0,
N105,"사업시설 관리, 사업 지원 및 임대 서비스업",여행사 및 기타 여행 보조 서비스업,CS300004,핸드폰,0.0,
N105,"사업시설 관리, 사업 지원 및 임대 서비스업",여행사 및 기타 여행 보조 서비스업,CS300005,주류도매,0.0,
N105,"사업시설 관리, 사업 지원 및 임대 서비스업",여행사 및 기타 여행 보조 서비스업,CS300006,미곡판매,0.0,
N105,"사업시설 관리, 사업 지원 및 임대 서비스업",여행사 및 기타 여행 보조 서비스업,CS300007,육류판매,0.0,
N105,"사업시설 관리, 사업 지원 및 임대 서비스업",여행사 및 기타 여행 보조 서비스업,CS300008,수산물판매,0.0,
N105,"사업시설 관리, 사업 지원 및 임대 서비스업",여행사 및 기타 여행 보조 서비스업,CS300009,청과상,0.0,
N105,"사업시설 관리, 사업 지원 및 임대 서비스업",여행사 및 기타 여행 보조 서비스업,CS300010,반찬가게,0.0,
N105,"사업시설 관리, 사업 지원 및 임대 서비스업",여행사 및 기타 여행 보조 서비스업,CS300011,일반의류,0.0,
N105,"사업시설 관리, 사업 지원 및 임대 서비스업",여행사 및 기타 여행 보조 서비스업,CS300012,한복점,0.0,
N105,"사업시설 관리, 사업 지원 및 임대 서비스업",여행사 및 기타 여행 보조 서비스업,CS300013,유아의류,0.0,
N105,"사업시설 관리, 사업 지원 및 임대 서비스업",여행사 및 기타 여행 보조 서비스업,CS300014,신발,0.0,
N105,"사업시설 관리, 사업 지원 및 임대 서비스업",여행사 및 기타 여행 보조 서비스업,CS300015,가방,0.0,
N105,"사업시설 관리, 사업 지원 및 임대 서비스업",여행사 및 기타 여행 보조 서비스업,CS300016,안경,0.0,
N105,"사업시설 관리, 사업 지원 및 임대 서비스업",여행사 및 기타 여행 보조 서비스업,CS300017,시계및귀금속,0.0,
N105,"사업시설 관리, 사업 지원 및 임대 서비스업",여행사 및 기타 여행 보조 서비스업,CS300018,의약품,0.0,
N105,"사업시설 관리, 사업 지원 및 임대 서비스업",여행사 및 기타 여행 보조 서비스업,CS300019,의료기기,0.0,
N105,"사업시설 관리, 사업 지원 및 임대 서비스업",여행사 및 기타 여행 보조 서비스업,CS300020,서적,0.0,
N105,"사업시설 관리, 사업 지원 및 임대 서비스업",여행사 및 기타 여행 보조 서비스업,CS300021,문구,0.0,
N105,"사업시설 관리, 사업 지원 및 임대 서비스업",여행사 및 기타 여행 보조 서비스업,CS300022,화장품,0.0,
N105,"사업시설 관리, 사업 지원 및 임대 서비스업",여행사 및 기타 여행 보조 서비스업,CS300023,미용재료,0.0,
N105,"사업시설 관리, 사업 지원 및 임대 서비스업",여행사 및 기타 여행 보조 서비스업,CS300024,운동/경기용품,0.0,
N105,"사업시설 관리, 사업 지원 및 임대 서비스업",여행사 및 기타 여행 보조 서비스업,CS300025,자전거 및 기타운송장비,0.0,
N105,"사업시설 관리, 사업 지원 및 임대 서비스업",여행사 및 기타 여행 보조 서비스업,CS300026,완구,0.0,
N105,"사업시설 관리, 사업 지원 및 임대 서비스업",여행사 및 기타 여행 보조 서비스업,CS300027,섬유제품,0.0,
N105,"사업시설 관리, 사업 지원 및 임대 서비스업",여행사 및 기타 여행 보조 서비스업,CS300028,화초,0.0,
N105,"사업시설 관리, 사업 지원 및 임대 서비스업",여행사 및 기타 여행 보조 서비스업,CS300029,애완동물,0.0,
N105,"사업시설 관리, 사업 지원 및 임대 서비스업",여행사 및 기타 여행 보조 서비스업,CS300030,중고가구,0.0,
N105,"사업시설 관리, 사업 지원 및 임대 서비스업",여행사 및 기타 여행 보조 서비스업,CS300031,가구,0.0,
N105,"사업시설 관리, 사업 지원 및 임대 서비스업",여행사 및 기타 여행 보조 서비스업,CS300032,가전제품,0.0,
N105,"사업시설 관리, 사업 지원 및 임대 서비스업",여행사 및 기타 여행 보조 서비스업,CS300033,철물점,0.0,
N105,"사업시설 관리, 사업 지원 및 임대 서비스업",여행사 및 기타 여행 보조 서비스업,CS300034,악기,0.0,
N105,"사업시설 관리, 사업 지원 및 임대 서비스업",여행사 및 기타 여행 보조 서비스업,CS300035,인테리어,0.0,
N105,"사업시설 관리, 사업 지원 및 임대 서비스업",여행사 및 기타 여행 보조 서비스업,CS300037,중고차판매,0.0,
N105,"사업시설 관리, 사업 지원 및 임대 서비스업",여행사 및 기타 여행 보조 서비스업,CS300038,자동차부품,0.0,
N105,"사업시설 관리, 사업 지원 및 임대 서비스업",여행사 및 기타 여행 보조 서비스업,CS300040,재생용품 판매점,0.0,
N105,"사업시설 관리, 사업 지원 및 임대 서비스업",여행사 및 기타 여행 보조 서비스업,CS300041,예술품,0.0,
N105,"사업시설 관리, 사업 지원 및 임대 서비스업",여행사 및 기타 여행 보조 서비스업,CS300042,주유소,0.0,
N105,"사업시설 관리, 사업 지원 및 임대 서비스업",여행사 및 기타 여행 보조 서비스업,CS300043,전자상거래업,0.0,
N107,"사업시설 관리, 사업 지원 및 임대 서비스업",사무 지원 서비스업,CS100001,한식음식점,0.0,
N107,"사업시설 관리, 사업 지원 및 임대 서비스업",사무 지원 서비스업,CS100002,중식음식점,0.0,
N107,"사업시설 관리, 사업 지원 및 임대 서비스업",사무 지원 서비스업,CS100003,일식음식점,0.0,
N107,"사업시설 관리, 사업 지원 및 임대 서비스업",사무 지원 서비스업,CS100004,양식음식점,0.0,
N107,"사업시설 관리, 사업 지원 및 임대 서비스업",사무 지원 서비스업,CS100005,제과점,0.0,
N107,"사업시설 관리, 사업 지원 및 임대 서비스업",사무 지원 서비스업,CS100006,패스트푸드점,0.0,
N107,"사업시설 관리, 사업 지원 및 임대 서비스업",사무 지원 서비스업,CS100007,치킨전문점,0.0,
N107,"사업시설 관리, 사업 지원 및 임대 서비스업",사무 지원 서비스업,CS100008,분식전문점,0.0,
N107,"사업시설 관리, 사업 지원 및 임대 서비스업",사무 지원 서비스업,CS100009,호프-간이주점,0.0,
N107,"사업시설 관리, 사업 지원 및 임대 서비스업",사무 지원 서비스업,CS100010,커피-음료,0.0,
N107,"사업시설 관리, 사업 지원 및 임대 서비스업",사무 지원 서비스업,CS200005,스포츠 강습,0.0,
N107,"사업시설 관리, 사업 지원 및 임대 서비스업",사무 지원 서비스업,CS200016,당구장,0.0,
N107,"사업시설 관리, 사업 지원 및 임대 서비스업",사무 지원 서비스업,CS200017,골프연습장,0.0,
N107,"사업시설 관리, 사업 지원 및 임대 서비스업",사무 지원 서비스업,CS200018,볼링장,0.0,
N107,"사업시설 관리, 사업 지원 및 임대 서비스업",사무 지원 서비스업,CS200019,PC방,0.0,
N107,"사업시설 관리, 사업 지원 및 임대 서비스업",사무 지원 서비스업,CS200020,전자게임장,0.0,
N107,"사업시설 관리, 사업 지원 및 임대 서비스업",사무 지원 서비스업,CS200021,기타오락장,0.0,
N107,"사업시설 관리, 사업 지원 및 임대 서비스업",사무 지원 서비스업,CS200022,복권방,0.0,
N107,"사업시설 관리, 사업 지원 및 임대 서비스업",사무 지원 서비스업,CS200023,통신기기수리,0.0,
N107,"사업시설 관리, 사업 지원 및 임대 서비스업",사무 지원 서비스업,CS200024,스포츠클럽,0.0,
N107,"사업시설 관리, 사업 지원 및 임대 서비스업",사무 지원 서비스업,CS200025,자동차수리,0.0,
N107,"사업시설 관리, 사업 지원 및 임대 서비스업",사무 지원 서비스업,CS200026,자동차미용,0.0,
N107,"사업시설 관리, 사업 지원 및 임대 서비스업",사무 지원 서비스업,CS200028,미용실,0.0,
N107,"사업시설 관리, 사업 지원 및 임대 서비스업",사무 지원 서비스업,CS200029,네일숍,0.0,
N107,"사업시설 관리, 사업 지원 및 임대 서비스업",사무 지원 서비스업,CS200030,피부관리실,0.0,
N107,"사업시설 관리, 사업 지원 및 임대 서비스업",사무 지원 서비스업,CS200031,세탁소,0.0,
N107,"사업시설 관리, 사업 지원 및 임대 서비스업",사무 지원 서비스업,CS200032,가전제품수리,0.0,
N107,"사업시설 관리, 사업 지원 및 임대 서비스업",사무 지원 서비스업,CS200033,부동산중개업,0.0,
N107,"사업시설 관리, 사업 지원 및 임대 서비스업",사무 지원 서비스업,CS200034,여관,0.0,
N107,"사업시설 관리, 사업 지원 및 임대 서비스업",사무 지원 서비스업,CS200035,게스트하우스,0.0,
N107,"사업시설 관리, 사업 지원 및 임대 서비스업",사무 지원 서비스업,CS200037,노래방,0.0,
N107,"사업시설 관리, 사업 지원 및 임대 서비스업",사무 지원 서비스업,CS200038,독서실,0.0,
N107,"사업시설 관리, 사업 지원 및 임대 서비스업",사무 지원 서비스업,CS200039,DVD방,0.0,
N107,"사업시설 관리, 사업 지원 및 임대 서비스업",사무 지원 서비스업,CS200040,녹음실,0.0,
N107,"사업시설 관리, 사업 지원 및 임대 서비스업",사무 지원 서비스업,CS200042,통번역서비스,0.0,
N107,"사업시설 관리, 사업 지원 및 임대 서비스업",사무 지원 서비스업,CS200043,건축물청소,0.0,
N107,"사업시설 관리, 사업 지원 및 임대 서비스업",사무 지원 서비스업,CS200045,비디오/서적임대,0.0,
N107,"사업시설 관리, 사업 지원 및 임대 서비스업",사무 지원 서비스업,CS200046,의류임대,0.0,
N107,"사업시설 관리, 사업 지원 및 임대 서비스업",사무 지원 서비스업,CS200047,가정용품임대,0.0,
N107,"사업시설 관리, 사업 지원 및 임대 서비스업",사무 지원 서비스업,CS300001,슈퍼마켓,0.0,
N107,"사업시설 관리, 사업 지원 및 임대 서비스업",사무 지원 서비스업,CS300002,편의점,0.0,
N107,"사업시설 관리, 사업 지원 및 임대 서비스업",사무 지원 서비스업,CS300003,컴퓨터및주변장치판매,0.0,
N107,"사업시설 관리, 사업 지원 및 임대 서비스업",사무 지원 서비스업,CS300004,핸드폰,0.0,
N107,"사업시설 관리, 사업 지원 및 임대 서비스업",사무 지원 서비스업,CS300005,주류도매,0.0,
N107,"사업시설 관리, 사업 지원 및 임대 서비스업",사무 지원 서비스업,CS300006,미곡판매,0.0,
N107,"사업시설 관리, 사업 지원 및 임대 서비스업",사무 지원 서비스업,CS300007,육류판매,0.0,
N107,"사업시설 관리, 사업 지원 및 임대 서비스업",사무 지원 서비스업,CS300008,수산물판매,0.0,
N107,"사업시설 관리, 사업 지원 및 임대 서비스업",사무 지원 서비스업,CS300009,청과상,0.0,
N107,"사업시설 관리, 사업 지원 및 임대 서비스업",사무 지원 서비스업,CS300010,반찬가게,0.0,
N107,"사업시설 관리, 사업 지원 및 임대 서비스업",사무 지원 서비스업,CS300011,일반의류,0.0,
N107,"사업시설 관리, 사업 지원 및 임대 서비스업",사무 지원 서비스업,CS300012,한복점,0.0,
N107,"사업시설 관리, 사업 지원 및 임대 서비스업",사무 지원 서비스업,CS300013,유아의류,0.0,
N107,"사업시설 관리, 사업 지원 및 임대 서비스업",사무 지원 서비스업,CS300014,신발,0.0,
N107,"사업시설 관리, 사업 지원 및 임대 서비스업",사무 지원 서비스업,CS300015,가방,0.0,
N107,"사업시설 관리, 사업 지원 및 임대 서비스업",사무 지원 서비스업,CS300016,안경,0.0,
N107,"사업시설 관리, 사업 지원 및 임대 서비스업",사무 지원 서비스업,CS300017,시계및귀금속,0.0,
N107,"사업시설 관리, 사업 지원 및 임대 서비스업",사무 지원 서비스업,CS300018,의약품,0.0,
N107,"사업시설 관리, 사업 지원 및 임대 서비스업",사무 지원 서비스업,CS300019,의료기기,0.0,
N107,"사업시설 관리, 사업 지원 및 임대 서비스업",사무 지원 서비스업,CS300020,서적,0.0,
N107,"사업시설 관리, 사업 지원 및 임대 서비스업",사무 지원 서비스업,CS300021,문구,0.0,
N107,"사업시설 관리, 사업 지원 및 임대 서비스업",사무 지원 서비스업,CS300022,화장품,0.0,
N107,"사업시설 관리, 사업 지원 및 임대 서비스업",사무 지원 서비스업,CS300023,미용재료,0.0,
N107,"사업시설 관리, 사업 지원 및 임대 서비스업",사무 지원 서비스업,CS300024,운동/경기용품,0.0,
N107,"사업시설 관리, 사업 지원 및 임대 서비스업",사무 지원 서비스업,CS300025,자전거 및 기타운송장비,0.0,
N107,"사업시설 관리, 사업 지원 및 임대 서비스업",사무 지원 서비스업,CS300026,완구,0.0,
N107,"사업시설 관리, 사업 지원 및 임대 서비스업",사무 지원 서비스업,CS300027,섬유제품,0.0,
N107,"사업시설 관리, 사업 지원 및 임대 서비스업",사무 지원 서비스업,CS300028,화초,0.0,
N107,"사업시설 관리, 사업 지원 및 임대 서비스업",사무 지원 서비스업,CS300029,애완동물,0.0,
N107,"사업시설 관리, 사업 지원 및 임대 서비스업",사무 지원 서비스업,CS300030,중고가구,0.0,
N107,"사업시설 관리, 사업 지원 및 임대 서비스업",사무 지원 서비스업,CS300031,가구,0.0,
N107,"사업시설 관리, 사업 지원 및 임대 서비스업",사무 지원 서비스업,CS300032,가전제품,0.0,
N107,"사업시설 관리, 사업 지원 및 임대 서비스업",사무 지원 서비스업,CS300033,철물점,0.0,
N107,"사업시설 관리, 사업 지원 및 임대 서비스업",사무 지원 서비스업,CS300034,악기,0.0,
N107,"사업시설 관리, 사업 지원 및 임대 서비스업",사무 지원 서비스업,CS300035,인테리어,0.0,
N107,"사업시설 관리, 사업 지원 및 임대 서비스업",사무 지원 서비스업,CS300036,조명용품,0.0,
N107,"사업시설 관리, 사업 지원 및 임대 서비스업",사무 지원 서비스업,CS300037,중고차판매,0.0,
N107,"사업시설 관리, 사업 지원 및 임대 서비스업",사무 지원 서비스업,CS300038,자동차부품,0.0,
N107,"사업시설 관리, 사업 지원 및 임대 서비스업",사무 지원 서비스업,CS300040,재생용품 판매점,0.0,
N107,"사업시설 관리, 사업 지원 및 임대 서비스업",사무 지원 서비스업,CS300041,예술품,0.0,
N107,"사업시설 관리, 사업 지원 및 임대 서비스업",사무 지원 서비스업,CS300042,주유소,0.0,
N107,"사업시설 관리, 사업 지원 및 임대 서비스업",사무 지원 서비스업,CS300043,전자상거래업,0.0,
N108,"사업시설 관리, 사업 지원 및 임대 서비스업",기타 사업 지원 서비스업,CS100001,한식음식점,0.0,
N108,"사업시설 관리, 사업 지원 및 임대 서비스업",기타 사업 지원 서비스업,CS100002,중식음식점,0.0,
N108,"사업시설 관리, 사업 지원 및 임대 서비스업",기타 사업 지원 서비스업,CS100003,일식음식점,0.0,
N108,"사업시설 관리, 사업 지원 및 임대 서비스업",기타 사업 지원 서비스업,CS100004,양식음식점,0.0,
N108,"사업시설 관리, 사업 지원 및 임대 서비스업",기타 사업 지원 서비스업,CS100005,제과점,0.0,
N108,"사업시설 관리, 사업 지원 및 임대 서비스업",기타 사업 지원 서비스업,CS100006,패스트푸드점,0.0,
N108,"사업시설 관리, 사업 지원 및 임대 서비스업",기타 사업 지원 서비스업,CS100007,치킨전문점,0.0,
N108,"사업시설 관리, 사업 지원 및 임대 서비스업",기타 사업 지원 서비스업,CS100008,분식전문점,0.0,
N108,"사업시설 관리, 사업 지원 및 임대 서비스업",기타 사업 지원 서비스업,CS100009,호프-간이주점,0.0,
N108,"사업시설 관리, 사업 지원 및 임대 서비스업",기타 사업 지원 서비스업,CS100010,커피-음료,0.0,
N108,"사업시설 관리, 사업 지원 및 임대 서비스업",기타 사업 지원 서비스업,CS200005,스포츠 강습,0.0,
N108,"사업시설 관리, 사업 지원 및 임대 서비스업",기타 사업 지원 서비스업,CS200013,기타법무서비스,0.0,
N108,"사업시설 관리, 사업 지원 및 임대 서비스업",기타 사업 지원 서비스업,CS200016,당구장,0.0,
N108,"사업시설 관리, 사업 지원 및 임대 서비스업",기타 사업 지원 서비스업,CS200017,골프연습장,0.0,
N108,"사업시설 관리, 사업 지원 및 임대 서비스업",기타 사업 지원 서비스업,CS200018,볼링장,0.0,
N108,"사업시설 관리, 사업 지원 및 임대 서비스업",기타 사업 지원 서비스업,CS200019,PC방,0.0,
N108,"사업시설 관리, 사업 지원 및 임대 서비스업",기타 사업 지원 서비스업,CS200020,전자게임장,0.0,
N108,"사업시설 관리, 사업 지원 및 임대 서비스업",기타 사업 지원 서비스업,CS200021,기타오락장,0.0,
N108,"사업시설 관리, 사업 지원 및 임대 서비스업",기타 사업 지원 서비스업,CS200022,복권방,0.0,
N108,"사업시설 관리, 사업 지원 및 임대 서비스업",기타 사업 지원 서비스업,CS200023,통신기기수리,0.0,
N108,"사업시설 관리, 사업 지원 및 임대 서비스업",기타 사업 지원 서비스업,CS200024,스포츠클럽,0.0,
N108,"사업시설 관리, 사업 지원 및 임대 서비스업",기타 사업 지원 서비스업,CS200025,자동차수리,0.0,
N108,"사업시설 관리, 사업 지원 및 임대 서비스업",기타 사업 지원 서비스업,CS200026,자동차미용,0.0,
N108,"사업시설 관리, 사업 지원 및 임대 서비스업",기타 사업 지원 서비스업,CS200028,미용실,0.0,
N108,"사업시설 관리, 사업 지원 및 임대 서비스업",기타 사업 지원 서비스업,CS200029,네일숍,0.0,
N108,"사업시설 관리, 사업 지원 및 임대 서비스업",기타 사업 지원 서비스업,CS200030,피부관리실,0.0,
N108,"사업시설 관리, 사업 지원 및 임대 서비스업",기타 사업 지원 서비스업,CS200031,세탁소,0.0,
N108,"사업시설 관리, 사업 지원 및 임대 서비스업",기타 사업 지원 서비스업,CS200032,가전제품수리,0.0,
N108,"사업시설 관리, 사업 지원 및 임대 서비스업",기타 사업 지원 서비스업,CS200033,부동산중개업,0.0,
N108,"사업시설 관리, 사업 지원 및 임대 서비스업",기타 사업 지원 서비스업,CS200034,여관,0.0,
N108,"사업시설 관리, 사업 지원 및 임대 서비스업",기타 사업 지원 서비스업,CS200035,게스트하우스,0.0,
N108,"사업시설 관리, 사업 지원 및 임대 서비스업",기타 사업 지원 서비스업,CS200037,노래방,0.0,
N108,"사업시설 관리, 사업 지원 및 임대 서비스업",기타 사업 지원 서비스업,CS200038,독서실,0.0,
N108,"사업시설 관리, 사업 지원 및 임대 서비스업",기타 사업 지원 서비스업,CS200039,DVD방,0.0,
N108,"사업시설 관리, 사업 지원 및 임대 서비스업",기타 사업 지원 서비스업,CS200040,녹음실,0.0,
N108,"사업시설 관리, 사업 지원 및 임대 서비스업",기타 사업 지원 서비스업,CS200042,통번역서비스,0.0,
N108,"사업시설 관리, 사업 지원 및 임대 서비스업",기타 사업 지원 서비스업,CS200043,건축물청소,0.0,
N108,"사업시설 관리, 사업 지원 및 임대 서비스업",기타 사업 지원 서비스업,CS200045,비디오/서적임대,0.0,
N108,"사업시설 관리, 사업 지원 및 임대 서비스업",기타 사업 지원 서비스업,CS200046,의류임대,0.0,
N108,"사업시설 관리, 사업 지원 및 임대 서비스업",기타 사업 지원 서비스업,CS200047,가정용품임대,0.0,
N108,"사업시설 관리, 사업 지원 및 임대 서비스업",기타 사업 지원 서비스업,CS300001,슈퍼마켓,0.0,
N108,"사업시설 관리, 사업 지원 및 임대 서비스업",기타 사업 지원 서비스업,CS300002,편의점,0.0,
N108,"사업시설 관리, 사업 지원 및 임대 서비스업",기타 사업 지원 서비스업,CS300003,컴퓨터및주변장치판매,0.0,
N108,"사업시설 관리, 사업 지원 및 임대 서비스업",기타 사업 지원 서비스업,CS300004,핸드폰,0.0,
N108,"사업시설 관리, 사업 지원 및 임대 서비스업",기타 사업 지원 서비스업,CS300005,주류도매,0.0,
N108,"사업시설 관리, 사업 지원 및 임대 서비스업",기타 사업 지원 서비스업,CS300006,미곡판매,0.0,
N108,"사업시설 관리, 사업 지원 및 임대 서비스업",기타 사업 지원 서비스업,CS300007,육류판매,0.0,
N108,"사업시설 관리, 사업 지원 및 임대 서비스업",기타 사업 지원 서비스업,CS300008,수산물판매,0.0,
N108,"사업시설 관리, 사업 지원 및 임대 서비스업",기타 사업 지원 서비스업,CS300009,청과상,0.0,
N108,"사업시설 관리, 사업 지원 및 임대 서비스업",기타 사업 지원 서비스업,CS300010,반찬가게,0.0,
N108,"사업시설 관리, 사업 지원 및 임대 서비스업",기타 사업 지원 서비스업,CS300011,일반의류,0.0,
N108,"사업시설 관리, 사업 지원 및 임대 서비스업",기타 사업 지원 서비스업,CS300012,한복점,0.0,
N108,"사업시설 관리, 사업 지원 및 임대 서비스업",기타 사업 지원 서비스업,CS300013,유아의류,0.0,
N108,"사업시설 관리, 사업 지원 및 임대 서비스업",기타 사업 지원 서비스업,CS300014,신발,0.0,
N108,"사업시설 관리, 사업 지원 및 임대 서비스업",기타 사업 지원 서비스업,CS300015,가방,0.0,
N108,"사업시설 관리, 사업 지원 및 임대 서비스업",기타 사업 지원 서비스업,CS300016,안경,0.0,
N108,"사업시설 관리, 사업 지원 및 임대 서비스업",기타 사업 지원 서비스업,CS300017,시계및귀금속,0.0,
N108,"사업시설 관리, 사업 지원 및 임대 서비스업",기타 사업 지원 서비스업,CS300018,의약품,0.0,
N108,"사업시설 관리, 사업 지원 및 임대 서비스업",기타 사업 지원 서비스업,CS300019,의료기기,0.0,
N108,"사업시설 관리, 사업 지원 및 임대 서비스업",기타 사업 지원 서비스업,CS300020,서적,0.0,
N108,"사업시설 관리, 사업 지원 및 임대 서비스업",기타 사업 지원 서비스업,CS300021,문구,0.0,
N108,"사업시설 관리, 사업 지원 및 임대 서비스업",기타 사업 지원 서비스업,CS300022,화장품,0.0,
N108,"사업시설 관리, 사업 지원 및 임대 서비스업",기타 사업 지원 서비스업,CS300023,미용재료,0.0,
N108,"사업시설 관리, 사업 지원 및 임대 서비스업",기타 사업 지원 서비스업,CS300024,운동/경기용품,0.0,
N108,"사업시설 관리, 사업 지원 및 임대 서비스업",기타 사업 지원 서비스업,CS300025,자전거 및 기타운송장비,0.0,
N108,"사업시설 관리, 사업 지원 및 임대 서비스업",기타 사업 지원 서비스업,CS300026,완구,0.0,
N108,"사업시설 관리, 사업 지원 및 임대 서비스업",기타 사업 지원 서비스업,CS300027,섬유제품,0.0,
N108,"사업시설 관리, 사업 지원 및 임대 서비스업",기타 사업 지원 서비스업,CS300028,화초,0.0,
N108,"사업시설 관리, 사업 지원 및 임대 서비스업",기타 사업 지원 서비스업,CS300029,애완동물,0.0,
N108,"사업시설 관리, 사업 지원 및 임대 서비스업",기타 사업 지원 서비스업,CS300030,중고가구,0.0,
N108,"사업시설 관리, 사업 지원 및 임대 서비스업",기타 사업 지원 서비스업,CS300031,가구,0.0,
N108,"사업시설 관리, 사업 지원 및 임대 서비스업",기타 사업 지원 서비스업,CS300032,가전제품,0.0,
N108,"사업시설 관리, 사업 지원 및 임대 서비스업",기타 사업 지원 서비스업,CS300033,철물점,0.0,
N108,"사업시설 관리, 사업 지원 및 임대 서비스업",기타 사업 지원 서비스업,CS300034,악기,0.0,
N108,"사업시설 관리, 사업 지원 및 임대 서비스업",기타 사업 지원 서비스업,CS300035,인테리어,0.0,
N108,"사업시설 관리, 사업 지원 및 임대 서비스업",기타 사업 지원 서비스업,CS300036,조명용품,0.0,
N108,"사업시설 관리, 사업 지원 및 임대 서비스업",기타 사업 지원 서비스업,CS300037,중고차판매,0.0,
N108,"사업시설 관리, 사업 지원 및 임대 서비스업",기타 사업 지원 서비스업,CS300038,자동차부품,0.0,
N108,"사업시설 관리, 사업 지원 및 임대 서비스업",기타 사업 지원 서비스업,CS300040,재생용품 판매점,0.0,
N108,"사업시설 관리, 사업 지원 및 임대 서비스업",기타 사업 지원 서비스업,CS300041,예술품,0.0,
N108,"사업시설 관리, 사업 지원 및 임대 서비스업",기타 사업 지원 서비스업,CS300042,주유소,0.0,
N108,"사업시설 관리, 사업 지원 및 임대 서비스업",기타 사업 지원 서비스업,CS300043,전자상거래업,0.0,
N109,"사업시설 관리, 사업 지원 및 임대 서비스업",운송장비 대여업,CS100001,한식음식점,0.0,
N109,"사업시설 관리, 사업 지원 및 임대 서비스업",운송장비 대여업,CS100002,중식음식점,0.0,
N109,"사업시설 관리, 사업 지원 및 임대 서비스업",운송장비 대여업,CS100003,일식음식점,0.0,
N109,"사업시설 관리, 사업 지원 및 임대 서비스업",운송장비 대여업,CS100004,양식음식점,0.0,
N109,"사업시설 관리, 사업 지원 및 임대 서비스업",운송장비 대여업,CS100005,제과점,0.0,
N109,"사업시설 관리, 사업 지원 및 임대 서비스업",운송장비 대여업,CS100006,패스트푸드점,0.0,
N109,"사업시설 관리, 사업 지원 및 임대 서비스업",운송장비 대여업,CS100007,치킨전문점,0.0,
N109,"사업시설 관리, 사업 지원 및 임대 서비스업",운송장비 대여업,CS100008,분식전문점,0.0,
N109,"사업시설 관리, 사업 지원 및 임대 서비스업",운송장비 대여업,CS100009,호프-간이주점,0.0,
N109,"사업시설 관리, 사업 지원 및 임대 서비스업",운송장비 대여업,CS100010,커피-음료,0.0,
N109,"사업시설 관리, 사업 지원 및 임대 서비스업",운송장비 대여업,CS200001,일반교습학원,0.0,
N109,"사업시설 관리, 사업 지원 및 임대 서비스업",운송장비 대여업,CS200002,외국어학원,0.0,
N109,"사업시설 관리, 사업 지원 및 임대 서비스업",운송장비 대여업,CS200003,예술학원,0.0,
N109,"사업시설 관리, 사업 지원 및 임대 서비스업",운송장비 대여업,CS200004,컴퓨터학원,0.0,
N109,"사업시설 관리, 사업 지원 및 임대 서비스업",운송장비 대여업,CS200005,스포츠 강습,0.0,
N109,"사업시설 관리, 사업 지원 및 임대 서비스업",운송장비 대여업,CS200006,일반의원,0.0,
N109,"사업시설 관리, 사업 지원 및 임대 서비스업",운송장비 대여업,CS200007,치과의원,0.0,
N109,"사업시설 관리, 사업 지원 및 임대 서비스업",운송장비 대여업,CS200008,한의원,0.0,
N109,"사업시설 관리, 사업 지원 및 임대 서비스업",운송장비 대여업,CS200009,동물병원,0.0,
N109,"사업시설 관리, 사업 지원 및 임대 서비스업",운송장비 대여업,CS200010,변호사사무소,0.0,
N109,"사업시설 관리, 사업 지원 및 임대 서비스업",운송장비 대여업,CS200011,변리사사무소,0.0,
N109,"사업시설 관리, 사업 지원 및 임대 서비스업",운송장비 대여업,CS200012,법무사사무소,0.0,
N109,"사업시설 관리, 사업 지원 및 임대 서비스업",운송장비 대여업,CS200014,회계사사무소,0.0,
N109,"사업시설 관리, 사업 지원 및 임대 서비스업",운송장비 대여업,CS200015,세무사사무소,0.0,
N109,"사업시설 관리, 사업 지원 및 임대 서비스업",운송장비 대여업,CS200019,PC방,0.0,
N109,"사업시설 관리, 사업 지원 및 임대 서비스업",운송장비 대여업,CS200022,복권방,0.0,
N109,"사업시설 관리, 사업 지원 및 임대 서비스업",운송장비 대여업,CS200023,통신기기수리,0.0,
N109,"사업시설 관리, 사업 지원 및 임대 서비스업",운송장비 대여업,CS200024,스포츠클럽,0.0,
N109,"사업시설 관리, 사업 지원 및 임대 서비스업",운송장비 대여업,CS200025,자동차수리,0.0,
N109,"사업시설 관리, 사업 지원 및 임대 서비스업",운송장비 대여업,CS200026,자동차미용,0.0,
N109,"사업시설 관리, 사업 지원 및 임대 서비스업",운송장비 대여업,CS200027,모터사이클수리,0.0,
N109,"사업시설 관리, 사업 지원 및 임대 서비스업",운송장비 대여업,CS200028,미용실,0.0,
N109,"사업시설 관리, 사업 지원 및 임대 서비스업",운송장비 대여업,CS200029,네일숍,0.0,
N109,"사업시설 관리, 사업 지원 및 임대 서비스업",운송장비 대여업,CS200030,피부관리실,0.0,
N109,"사업시설 관리, 사업 지원 및 임대 서비스업",운송장비 대여업,CS200031,세탁소,0.0,
N109,"사업시설 관리, 사업 지원 및 임대 서비스업",운송장비 대여업,CS200032,가전제품수리,0.0,
N109,"사업시설 관리, 사업 지원 및 임대 서비스업",운송장비 대여업,CS200033,부동산중개업,0.0,
N109,"사업시설 관리, 사업 지원 및 임대 서비스업",운송장비 대여업,CS200035,게스트하우스,0.0,
N109,"사업시설 관리, 사업 지원 및 임대 서비스업",운송장비 대여업,CS200036,고시원,0.0,
N109,"사업시설 관리, 사업 지원 및 임대 서비스업",운송장비 대여업,CS200037,노래방,0.0,
N109,"사업시설 관리, 사업 지원 및 임대 서비스업",운송장비 대여업,CS200038,독서실,0.0,
N109,"사업시설 관리, 사업 지원 및 임대 서비스업",운송장비 대여업,CS200039,DVD방,0.0,
N109,"사업시설 관리, 사업 지원 및 임대 서비스업",운송장비 대여업,CS200040,녹음실,0.0,
N109,"사업시설 관리, 사업 지원 및 임대 서비스업",운송장비 대여업,CS200041,사진관,0.0,
N109,"사업시설 관리, 사업 지원 및 임대 서비스업",운송장비 대여업,CS200043,건축물청소,0.0,
N109,"사업시설 관리, 사업 지원 및 임대 서비스업",운송장비 대여업,CS300001,슈퍼마켓,0.0,
N109,"사업시설 관리, 사업 지원 및 임대 서비스업",운송장비 대여업,CS300002,편의점,0.0,
N109,"사업시설 관리, 사업 지원 및 임대 서비스업",운송장비 대여업,CS300004,핸드폰,0.0,
N109,"사업시설 관리, 사업 지원 및 임대 서비스업",운송장비 대여업,CS300005,주류도매,0.0,
N109,"사업시설 관리, 사업 지원 및 임대 서비스업",운송장비 대여업,CS300006,미곡판매,0.0,
N109,"사업시설 관리, 사업 지원 및 임대 서비스업",운송장비 대여업,CS300007,육류판매,0.0,
N109,"사업시설 관리, 사업 지원 및 임대 서비스업",운송장비 대여업,CS300008,수산물판매,0.0,
N109,"사업시설 관리, 사업 지원 및 임대 서비스업",운송장비 대여업,CS300009,청과상,0.0,
N109,"사업시설 관리, 사업 지원 및 임대 서비스업",운송장비 대여업,CS300010,반찬가게,0.0,
N109,"사업시설 관리, 사업 지원 및 임대 서비스업",운송장비 대여업,CS300011,일반의류,0.0,
N109,"사업시설 관리, 사업 지원 및 임대 서비스업",운송장비 대여업,CS300012,한복점,0.0,
N109,"사업시설 관리, 사업 지원 및 임대 서비스업",운송장비 대여업,CS300013,유아의류,0.0,
N109,"사업시설 관리, 사업 지원 및 임대 서비스업",운송장비 대여업,CS300014,신발,0.0,
N109,"사업시설 관리, 사업 지원 및 임대 서비스업",운송장비 대여업,CS300015,가방,0.0,
N109,"사업시설 관리, 사업 지원 및 임대 서비스업",운송장비 대여업,CS300016,안경,0.0,
N109,"사업시설 관리, 사업 지원 및 임대 서비스업",운송장비 대여업,CS300017,시계및귀금속,0.0,
N109,"사업시설 관리, 사업 지원 및 임대 서비스업",운송장비 대여업,CS300018,의약품,0.0,
N109,"사업시설 관리, 사업 지원 및 임대 서비스업",운송장비 대여업,CS300019,의료기기,0.0,
N109,"사업시설 관리, 사업 지원 및 임대 서비스업",운송장비 대여업,CS300020,서적,0.0,
N109,"사업시설 관리, 사업 지원 및 임대 서비스업",운송장비 대여업,CS300021,문구,0.0,
N109,"사업시설 관리, 사업 지원 및 임대 서비스업",운송장비 대여업,CS300023,미용재료,0.0,
N109,"사업시설 관리, 사업 지원 및 임대 서비스업",운송장비 대여업,CS300026,완구,0.0,
N109,"사업시설 관리, 사업 지원 및 임대 서비스업",운송장비 대여업,CS300027,섬유제품,0.0,
N109,"사업시설 관리, 사업 지원 및 임대 서비스업",운송장비 대여업,CS300028,화초,0.0,
N109,"사업시설 관리, 사업 지원 및 임대 서비스업",운송장비 대여업,CS300029,애완동물,0.0,
N109,"사업시설 관리, 사업 지원 및 임대 서비스업",운송장비 대여업,CS300030,중고가구,0.0,
N109,"사업시설 관리, 사업 지원 및 임대 서비스업",운송장비 대여업,CS300031,가구,0.0,
N109,"사업시설 관리, 사업 지원 및 임대 서비스업",운송장비 대여업,CS300032,가전제품,0.0,
N109,"사업시설 관리, 사업 지원 및 임대 서비스업",운송장비 대여업,CS300033,철물점,0.0,
N109,"사업시설 관리, 사업 지원 및 임대 서비스업",운송장비 대여업,CS300034,악기,0.0,
N109,"사업시설 관리, 사업 지원 및 임대 서비스업",운송장비 대여업,CS300035,인테리어,0.0,
N109,"사업시설 관리, 사업 지원 및 임대 서비스업",운송장비 대여업,CS300036,조명용품,0.0,
N109,"사업시설 관리, 사업 지원 및 임대 서비스업",운송장비 대여업,CS300037,중고차판매,0.0,
N109,"사업시설 관리, 사업 지원 및 임대 서비스업",운송장비 대여업,CS300038,자동차부품,0.0,
N109,"사업시설 관리, 사업 지원 및 임대 서비스업",운송장비 대여업,CS300039,모터사이클및부품,0.0,
N109,"사업시설 관리, 사업 지원 및 임대 서비스업",운송장비 대여업,CS300040,재생용품 판매점,0.0,
N109,"사업시설 관리, 사업 지원 및 임대 서비스업",운송장비 대여업,CS300041,예술품,0.0,
N109,"사업시설 관리, 사업 지원 및 임대 서비스업",운송장비 대여업,CS300042,주유소,0.0,
N109,"사업시설 관리, 사업 지원 및 임대 서비스업",운송장비 대여업,CS300043,전자상거래업,0.0,
N110,"사업시설 관리, 사업 지원 및 임대 서비스업",개인 및 가정용품 대여업,CS100001,한식음식점,0.0,
N110,"사업시설 관리, 사업 지원 및 임대 서비스업",개인 및 가정용품 대여업,CS100002,중식음식점,0.0,
N110,"사업시설 관리, 사업 지원 및 임대 서비스업",개인 및 가정용품 대여업,CS100003,일식음식점,0.0,
N110,"사업시설 관리, 사업 지원 및 임대 서비스업",개인 및 가정용품 대여업,CS100004,양식음식점,0.0,
N110,"사업시설 관리, 사업 지원 및 임대 서비스업",개인 및 가정용품 대여업,CS100005,제과점,0.0,
N110,"사업시설 관리, 사업 지원 및 임대 서비스업",개인 및 가정용품 대여업,CS100006,패스트푸드점,0.0,
N110,"사업시설 관리, 사업 지원 및 임대 서비스업",개인 및 가정용품 대여업,CS100007,치킨전문점,0.0,
N110,"사업시설 관리, 사업 지원 및 임대 서비스업",개인 및 가정용품 대여업,CS100008,분식전문점,0.0,
N110,"사업시설 관리, 사업 지원 및 임대 서비스업",개인 및 가정용품 대여업,CS100009,호프-간이주점,0.0,
N110,"사업시설 관리, 사업 지원 및 임대 서비스업",개인 및 가정용품 대여업,CS100010,커피-음료,0.0,
N110,"사업시설 관리, 사업 지원 및 임대 서비스업",개인 및 가정용품 대여업,CS200001,일반교습학원,0.0,
N110,"사업시설 관리, 사업 지원 및 임대 서비스업",개인 및 가정용품 대여업,CS200002,외국어학원,0.0,
N110,"사업시설 관리, 사업 지원 및 임대 서비스업",개인 및 가정용품 대여업,CS200003,예술학원,0.0,
N110,"사업시설 관리, 사업 지원 및 임대 서비스업",개인 및 가정용품 대여업,CS200004,컴퓨터학원,0.0,
N110,"사업시설 관리, 사업 지원 및 임대 서비스업",개인 및 가정용품 대여업,CS200005,스포츠 강습,0.0,
N110,"사업시설 관리, 사업 지원 및 임대 서비스업",개인 및 가정용품 대여업,CS200006,일반의원,0.0,
N110,"사업시설 관리, 사업 지원 및 임대 서비스업",개인 및 가정용품 대여업,CS200007,치과의원,0.0,
N110,"사업시설 관리, 사업 지원 및 임대 서비스업",개인 및 가정용품 대여업,CS200008,한의원,0.0,
N110,"사업시설 관리, 사업 지원 및 임대 서비스업",개인 및 가정용품 대여업,CS200009,동물병원,0.0,
N110,"사업시설 관리, 사업 지원 및 임대 서비스업",개인 및 가정용품 대여업,CS200010,변호사사무소,0.0,
N110,"사업시설 관리, 사업 지원 및 임대 서비스업",개인 및 가정용품 대여업,CS200011,변리사사무소,0.0,
N110,"사업시설 관리, 사업 지원 및 임대 서비스업",개인 및 가정용품 대여업,CS200012,법무사사무소,0.0,
N110,"사업시설 관리, 사업 지원 및 임대 서비스업",개인 및 가정용품 대여업,CS200013,기타법무서비스,0.0,
N110,"사업시설 관리, 사업 지원 및 임대 서비스업",개인 및 가정용품 대여업,CS200014,회계사사무소,0.0,
N110,"사업시설 관리, 사업 지원 및 임대 서비스업",개인 및 가정용품 대여업,CS200015,세무사사무소,0.0,
N110,"사업시설 관리, 사업 지원 및 임대 서비스업",개인 및 가정용품 대여업,CS200016,당구장,0.0,
N110,"사업시설 관리, 사업 지원 및 임대 서비스업",개인 및 가정용품 대여업,CS200017,골프연습장,0.0,
N110,"사업시설 관리, 사업 지원 및 임대 서비스업",개인 및 가정용품 대여업,CS200018,볼링장,0.0,
N110,"사업시설 관리, 사업 지원 및 임대 서비스업",개인 및 가정용품 대여업,CS200019,PC방,0.0,
N110,"사업시설 관리, 사업 지원 및 임대 서비스업",개인 및 가정용품 대여업,CS200020,전자게임장,0.0,
N110,"사업시설 관리, 사업 지원 및 임대 서비스업",개인 및 가정용품 대여업,CS200021,기타오락장,0.0,
N110,"사업시설 관리, 사업 지원 및 임대 서비스업",개인 및 가정용품 대여업,CS200022,복권방,0.0,
N110,"사업시설 관리, 사업 지원 및 임대 서비스업",개인 및 가정용품 대여업,CS200023,통신기기수리,0.0,
N110,"사업시설 관리, 사업 지원 및 임대 서비스업",개인 및 가정용품 대여업,CS200024,스포츠클럽,0.0,
N110,"사업시설 관리, 사업 지원 및 임대 서비스업",개인 및 가정용품 대여업,CS200025,자동차수리,0.0,
N110,"사업시설 관리, 사업 지원 및 임대 서비스업",개인 및 가정용품 대여업,CS200027,모터사이클수리,0.0,
N110,"사업시설 관리, 사업 지원 및 임대 서비스업",개인 및 가정용품 대여업,CS200029,네일숍,0.0,
N110,"사업시설 관리, 사업 지원 및 임대 서비스업",개인 및 가정용품 대여업,CS200030,피부관리실,0.0,
N110,"사업시설 관리, 사업 지원 및 임대 서비스업",개인 및 가정용품 대여업,CS200031,세탁소,0.0,
N110,"사업시설 관리, 사업 지원 및 임대 서비스업",개인 및 가정용품 대여업,CS200035,게스트하우스,0.0,
N110,"사업시설 관리, 사업 지원 및 임대 서비스업",개인 및 가정용품 대여업,CS200036,고시원,0.0,
N110,"사업시설 관리, 사업 지원 및 임대 서비스업",개인 및 가정용품 대여업,CS200037,노래방,0.0,
N110,"사업시설 관리, 사업 지원 및 임대 서비스업",개인 및 가정용품 대여업,CS200038,독서실,0.0,
N110,"사업시설 관리, 사업 지원 및 임대 서비스업",개인 및 가정용품 대여업,CS200039,DVD방,0.0,
N110,"사업시설 관리, 사업 지원 및 임대 서비스업",개인 및 가정용품 대여업,CS200040,녹음실,0.0,
N110,"사업시설 관리, 사업 지원 및 임대 서비스업",개인 및 가정용품 대여업,CS200041,사진관,0.0,
N110,"사업시설 관리, 사업 지원 및 임대 서비스업",개인 및 가정용품 대여업,CS200042,통번역서비스,0.0,
N110,"사업시설 관리, 사업 지원 및 임대 서비스업",개인 및 가정용품 대여업,CS200043,건축물청소,0.0,
N110,"사업시설 관리, 사업 지원 및 임대 서비스업",개인 및 가정용품 대여업,CS300001,슈퍼마켓,0.0,
N110,"사업시설 관리, 사업 지원 및 임대 서비스업",개인 및 가정용품 대여업,CS300002,편의점,0.0,
N110,"사업시설 관리, 사업 지원 및 임대 서비스업",개인 및 가정용품 대여업,CS300003,컴퓨터및주변장치판매,0.0,
N110,"사업시설 관리, 사업 지원 및 임대 서비스업",개인 및 가정용품 대여업,CS300004,핸드폰,0.0,
N110,"사업시설 관리, 사업 지원 및 임대 서비스업",개인 및 가정용품 대여업,CS300005,주류도매,0.0,
N110,"사업시설 관리, 사업 지원 및 임대 서비스업",개인 및 가정용품 대여업,CS300006,미곡판매,0.0,
N110,"사업시설 관리, 사업 지원 및 임대 서비스업",개인 및 가정용품 대여업,CS300007,육류판매,0.0,
N110,"사업시설 관리, 사업 지원 및 임대 서비스업",개인 및 가정용품 대여업,CS300008,수산물판매,0.0,
N110,"사업시설 관리, 사업 지원 및 임대 서비스업",개인 및 가정용품 대여업,CS300009,청과상,0.0,
N110,"사업시설 관리, 사업 지원 및 임대 서비스업",개인 및 가정용품 대여업,CS300011,일반의류,0.0,
N110,"사업시설 관리, 사업 지원 및 임대 서비스업",개인 및 가정용품 대여업,CS300012,한복점,0.0,
N110,"사업시설 관리, 사업 지원 및 임대 서비스업",개인 및 가정용품 대여업,CS300013,유아의류,0.0,
N110,"사업시설 관리, 사업 지원 및 임대 서비스업",개인 및 가정용품 대여업,CS300014,신발,0.0,
N110,"사업시설 관리, 사업 지원 및 임대 서비스업",개인 및 가정용품 대여업,CS300016,안경,0.0,
N110,"사업시설 관리, 사업 지원 및 임대 서비스업",개인 및 가정용품 대여업,CS300017,시계및귀금속,0.0,
N110,"사업시설 관리, 사업 지원 및 임대 서비스업",개인 및 가정용품 대여업,CS300019,의료기기,0.0,
N110,"사업시설 관리, 사업 지원 및 임대 서비스업",개인 및 가정용품 대여업,CS300020,서적,0.0,
N110,"사업시설 관리, 사업 지원 및 임대 서비스업",개인 및 가정용품 대여업,CS300021,문구,0.0,
N110,"사업시설 관리, 사업 지원 및 임대 서비스업",개인 및 가정용품 대여업,CS300025,자전거 및 기타운송장비,0.0,
N110,"사업시설 관리, 사업 지원 및 임대 서비스업",개인 및 가정용품 대여업,CS300026,완구,0.0,
N110,"사업시설 관리, 사업 지원 및 임대 서비스업",개인 및 가정용품 대여업,CS300028,화초,0.0,
N110,"사업시설 관리, 사업 지원 및 임대 서비스업",개인 및 가정용품 대여업,CS300029,애완동물,0.0,
N110,"사업시설 관리, 사업 지원 및 임대 서비스업",개인 및 가정용품 대여업,CS300033,철물점,0.0,
N110,"사업시설 관리, 사업 지원 및 임대 서비스업",개인 및 가정용품 대여업,CS300034,악기,0.0,
N110,"사업시설 관리, 사업 지원 및 임대 서비스업",개인 및 가정용품 대여업,CS300037,중고차판매,0.0,
N110,"사업시설 관리, 사업 지원 및 임대 서비스업",개인 및 가정용품 대여업,CS300042,주유소,0.0,
N110,"사업시설 관리, 사업 지원 및 임대 서비스업",개인 및 가정용품 대여업,CS300043,전자상거래업,0.0,
N111,"사업시설 관리, 사업 지원 및 임대 서비스업",산업용 기계 및 장비 대여업,CS100001,한식음식점,0.0,
N111,"사업시설 관리, 사업 지원 및 임대 서비스업",산업용 기계 및 장비 대여업,CS100002,중식음식점,0.0,
N111,"사업시설 관리, 사업 지원 및 임대 서비스업",산업용 기계 및 장비 대여업,CS100003,일식음식점,0.0,
N111,"사업시설 관리, 사업 지원 및 임대 서비스업",산업용 기계 및 장비 대여업,CS100004,양식음식점,0.0,
N111,"사업시설 관리, 사업 지원 및 임대 서비스업",산업용 기계 및 장비 대여업,CS100005,제과점,0.0,
N111,"사업시설 관리, 사업 지원 및 임대 서비스업",산업용 기계 및 장비 대여업,CS100006,패스트푸드점,0.0,
N111,"사업시설 관리, 사업 지원 및 임대 서비스업",산업용 기계 및 장비 대여업,CS100007,치킨전문점,0.0,
N111,"사업시설 관리, 사업 지원 및 임대 서비스업",산업용 기계 및 장비 대여업,CS100008,분식전문점,0.0,
N111,"사업시설 관리, 사업 지원 및 임대 서비스업",산업용 기계 및 장비 대여업,CS100009,호프-간이주점,0.0,
N111,"사업시설 관리, 사업 지원 및 임대 서비스업",산업용 기계 및 장비 대여업,CS100010,커피-음료,0.0,
N111,"사업시설 관리, 사업 지원 및 임대 서비스업",산업용 기계 및 장비 대여업,CS200001,일반교습학원,0.0,
N111,"사업시설 관리, 사업 지원 및 임대 서비스업",산업용 기계 및 장비 대여업,CS200002,외국어학원,0.0,
N111,"사업시설 관리, 사업 지원 및 임대 서비스업",산업용 기계 및 장비 대여업,CS200003,예술학원,0.0,
N111,"사업시설 관리, 사업 지원 및 임대 서비스업",산업용 기계 및 장비 대여업,CS200004,컴퓨터학원,0.0,
N111,"사업시설 관리, 사업 지원 및 임대 서비스업",산업용 기계 및 장비 대여업,CS200005,스포츠 강습,0.0,
N111,"사업시설 관리, 사업 지원 및 임대 서비스업",산업용 기계 및 장비 대여업,CS200006,일반의원,0.0,
N111,"사업시설 관리, 사업 지원 및 임대 서비스업",산업용 기계 및 장비 대여업,CS200007,치과의원,0.0,
N111,"사업시설 관리, 사업 지원 및 임대 서비스업",산업용 기계 및 장비 대여업,CS200008,한의원,0.0,
N111,"사업시설 관리, 사업 지원 및 임대 서비스업",산업용 기계 및 장비 대여업,CS200009,동물병원,0.0,
N111,"사업시설 관리, 사업 지원 및 임대 서비스업",산업용 기계 및 장비 대여업,CS200010,변호사사무소,0.0,
N111,"사업시설 관리, 사업 지원 및 임대 서비스업",산업용 기계 및 장비 대여업,CS200011,변리사사무소,0.0,
N111,"사업시설 관리, 사업 지원 및 임대 서비스업",산업용 기계 및 장비 대여업,CS200012,법무사사무소,0.0,
N111,"사업시설 관리, 사업 지원 및 임대 서비스업",산업용 기계 및 장비 대여업,CS200015,세무사사무소,0.0,
N111,"사업시설 관리, 사업 지원 및 임대 서비스업",산업용 기계 및 장비 대여업,CS200019,PC방,0.0,
N111,"사업시설 관리, 사업 지원 및 임대 서비스업",산업용 기계 및 장비 대여업,CS200022,복권방,0.0,
N111,"사업시설 관리, 사업 지원 및 임대 서비스업",산업용 기계 및 장비 대여업,CS200024,스포츠클럽,0.0,
N111,"사업시설 관리, 사업 지원 및 임대 서비스업",산업용 기계 및 장비 대여업,CS200025,자동차수리,0.0,
N111,"사업시설 관리, 사업 지원 및 임대 서비스업",산업용 기계 및 장비 대여업,CS200027,모터사이클수리,0.0,
N111,"사업시설 관리, 사업 지원 및 임대 서비스업",산업용 기계 및 장비 대여업,CS200029,네일숍,0.0,
N111,"사업시설 관리, 사업 지원 및 임대 서비스업",산업용 기계 및 장비 대여업,CS200030,피부관리실,0.0,
N111,"사업시설 관리, 사업 지원 및 임대 서비스업",산업용 기계 및 장비 대여업,CS200031,세탁소,0.0,
N111,"사업시설 관리, 사업 지원 및 임대 서비스업",산업용 기계 및 장비 대여업,CS200032,가전제품수리,0.0,
N111,"사업시설 관리, 사업 지원 및 임대 서비스업",산업용 기계 및 장비 대여업,CS200035,게스트하우스,0.0,
N111,"사업시설 관리, 사업 지원 및 임대 서비스업",산업용 기계 및 장비 대여업,CS200036,고시원,0.0,
N111,"사업시설 관리, 사업 지원 및 임대 서비스업",산업용 기계 및 장비 대여업,CS200037,노래방,0.0,
N111,"사업시설 관리, 사업 지원 및 임대 서비스업",산업용 기계 및 장비 대여업,CS200038,독서실,0.0,
N111,"사업시설 관리, 사업 지원 및 임대 서비스업",산업용 기계 및 장비 대여업,CS200039,DVD방,0.0,
N111,"사업시설 관리, 사업 지원 및 임대 서비스업",산업용 기계 및 장비 대여업,CS200040,녹음실,0.0,
N111,"사업시설 관리, 사업 지원 및 임대 서비스업",산업용 기계 및 장비 대여업,CS200041,사진관,0.0,
N111,"사업시설 관리, 사업 지원 및 임대 서비스업",산업용 기계 및 장비 대여업,CS200043,건축물청소,0.0,
N111,"사업시설 관리, 사업 지원 및 임대 서비스업",산업용 기계 및 장비 대여업,CS300001,슈퍼마켓,0.0,
N111,"사업시설 관리, 사업 지원 및 임대 서비스업",산업용 기계 및 장비 대여업,CS300002,편의점,0.0,
N111,"사업시설 관리, 사업 지원 및 임대 서비스업",산업용 기계 및 장비 대여업,CS300004,핸드폰,0.0,
N111,"사업시설 관리, 사업 지원 및 임대 서비스업",산업용 기계 및 장비 대여업,CS300005,주류도매,0.0,
N111,"사업시설 관리, 사업 지원 및 임대 서비스업",산업용 기계 및 장비 대여업,CS300006,미곡판매,0.0,
N111,"사업시설 관리, 사업 지원 및 임대 서비스업",산업용 기계 및 장비 대여업,CS300007,육류판매,0.0,
N111,"사업시설 관리, 사업 지원 및 임대 서비스업",산업용 기계 및 장비 대여업,CS300009,청과상,0.0,
N111,"사업시설 관리, 사업 지원 및 임대 서비스업",산업용 기계 및 장비 대여업,CS300010,반찬가게,0.0,
N111,"사업시설 관리, 사업 지원 및 임대 서비스업",산업용 기계 및 장비 대여업,CS300011,일반의류,0.0,
N111,"사업시설 관리, 사업 지원 및 임대 서비스업",산업용 기계 및 장비 대여업,CS300012,한복점,0.0,
N111,"사업시설 관리, 사업 지원 및 임대 서비스업",산업용 기계 및 장비 대여업,CS300013,유아의류,0.0,
N111,"사업시설 관리, 사업 지원 및 임대 서비스업",산업용 기계 및 장비 대여업,CS300014,신발,0.0,
N111,"사업시설 관리, 사업 지원 및 임대 서비스업",산업용 기계 및 장비 대여업,CS300015,가방,0.0,
N111,"사업시설 관리, 사업 지원 및 임대 서비스업",산업용 기계 및 장비 대여업,CS300016,안경,0.0,
N111,"사업시설 관리, 사업 지원 및 임대 서비스업",산업용 기계 및 장비 대여업,CS300018,의약품,0.0,
N111,"사업시설 관리, 사업 지원 및 임대 서비스업",산업용 기계 및 장비 대여업,CS300020,서적,0.0,
N111,"사업시설 관리, 사업 지원 및 임대 서비스업",산업용 기계 및 장비 대여업,CS300021,문구,0.0,
N111,"사업시설 관리, 사업 지원 및 임대 서비스업",산업용 기계 및 장비 대여업,CS300026,완구,0.0,
N111,"사업시설 관리, 사업 지원 및 임대 서비스업",산업용 기계 및 장비 대여업,CS300027,섬유제품,0.0,
N111,"사업시설 관리, 사업 지원 및 임대 서비스업",산업용 기계 및 장비 대여업,CS300028,화초,0.0,
N111,"사업시설 관리, 사업 지원 및 임대 서비스업",산업용 기계 및 장비 대여업,CS300029,애완동물,0.0,
N111,"사업시설 관리, 사업 지원 및 임대 서비스업",산업용 기계 및 장비 대여업,CS300030,중고가구,0.0,
N111,"사업시설 관리, 사업 지원 및 임대 서비스업",산업용 기계 및 장비 대여업,CS300031,가구,0.0,
N111,"사업시설 관리, 사업 지원 및 임대 서비스업",산업용 기계 및 장비 대여업,CS300032,가전제품,0.0,
N111,"사업시설 관리, 사업 지원 및 임대 서비스업",산업용 기계 및 장비 대여업,CS300033,철물점,0.0,
N111,"사업시설 관리, 사업 지원 및 임대 서비스업",산업용 기계 및 장비 대여업,CS300035,인테리어,0.0,
N111,"사업시설 관리, 사업 지원 및 임대 서비스업",산업용 기계 및 장비 대여업,CS300037,중고차판매,0.0,
N111,"사업시설 관리, 사업 지원 및 임대 서비스업",산업용 기계 및 장비 대여업,CS300038,자동차부품,0.0,
N111,"사업시설 관리, 사업 지원 및 임대 서비스업",산업용 기계 및 장비 대여업,CS300039,모터사이클및부품,0.0,
N111,"사업시설 관리, 사업 지원 및 임대 서비스업",산업용 기계 및 장비 대여업,CS300041,예술품,0.0,
N111,"사업시설 관리, 사업 지원 및 임대 서비스업",산업용 기계 및 장비 대여업,CS300042,주유소,0.0,
N111,"사업시설 관리, 사업 지원 및 임대 서비스업",산업용 기계 및 장비 대여업,CS300043,전자상거래업,0.0,
P105,교육 서비스업,일반 교육기관,CS100001,한식음식점,0.0,
P105,교육 서비스업,일반 교육기관,CS100002,중식음식점,0.0,
P105,교육 서비스업,일반 교육기관,CS100004,양식음식점,0.0,
P105,교육 서비스업,일반 교육기관,CS100005,제과점,0.0,
P105,교육 서비스업,일반 교육기관,CS100006,패스트푸드점,0.0,
P105,교육 서비스업,일반 교육기관,CS100007,치킨전문점,0.0,
P105,교육 서비스업,일반 교육기관,CS100008,분식전문점,0.0,
P105,교육 서비스업,일반 교육기관,CS100009,호프-간이주점,0.0,
P105,교육 서비스업,일반 교육기관,CS100010,커피-음료,0.0,
P105,교육 서비스업,일반 교육기관,CS200002,외국어학원,0.0,
P105,교육 서비스업,일반 교육기관,CS200003,예술학원,0.0,
P105,교육 서비스업,일반 교육기관,CS200004,컴퓨터학원,0.0,
P105,교육 서비스업,일반 교육기관,CS200005,스포츠 강습,0.0,
P105,교육 서비스업,일반 교육기관,CS200007,치과의원,0.0,
P105,교육 서비스업,일반 교육기관,CS200008,한의원,0.0,
P105,교육 서비스업,일반 교육기관,CS200009,동물병원,0.0,
P105,교육 서비스업,일반 교육기관,CS200010,변호사사무소,0.0,
P105,교육 서비스업,일반 교육기관,CS200011,변리사사무소,0.0,
P105,교육 서비스업,일반 교육기관,CS200012,법무사사무소,0.0,
P105,교육 서비스업,일반 교육기관,CS200013,기타법무서비스,0.0,
P105,교육 서비스업,일반 교육기관,CS200014,회계사사무소,0.0,
P105,교육 서비스업,일반 교육기관,CS200015,세무사사무소,0.0,
P105,교육 서비스업,일반 교육기관,CS200016,당구장,0.0,
P105,교육 서비스업,일반 교육기관,CS200017,골프연습장,0.0,
P105,교육 서비스업,일반 교육기관,CS200018,볼링장,0.0,
P105,교육 서비스업,일반 교육기관,CS200019,PC방,0.0,
P105,교육 서비스업,일반 교육기관,CS200020,전자게임장,0.0,
P105,교육 서비스업,일반 교육기관,CS200021,기타오락장,0.0,
P105,교육 서비스업,일반 교육기관,CS200022,복권방,0.0,
P105,교육 서비스업,일반 교육기관,CS200024,스포츠클럽,0.0,
P105,교육 서비스업,일반 교육기관,CS200025,자동차수리,0.0,
P105,교육 서비스업,일반 교육기관,CS200026,자동차미용,0.0,
P105,교육 서비스업,일반 교육기관,CS200027,모터사이클수리,0.0,
P105,교육 서비스업,일반 교육기관,CS200028,미용실,0.0,
P105,교육 서비스업,일반 교육기관,CS200031,세탁소,0.0,
P105,교육 서비스업,일반 교육기관,CS200032,가전제품수리,0.0,
P105,교육 서비스업,일반 교육기관,CS200033,부동산중개업,0.0,
P105,교육 서비스업,일반 교육기관,CS200035,게스트하우스,0.0,
P105,교육 서비스업,일반 교육기관,CS200036,고시원,0.0,
P105,교육 서비스업,일반 교육기관,CS200037,노래방,0.0,
P105,교육 서비스업,일반 교육기관,CS200038,독서실,0.0,
P105,교육 서비스업,일반 교육기관,CS200039,DVD방,0.0,
P105,교육 서비스업,일반 교육기관,CS200040,녹음실,0.0,
P105,교육 서비스업,일반 교육기관,CS200042,통번역서비스,0.0,
P105,교육 서비스업,일반 교육기관,CS200043,건축물청소,0.0,
P105,교육 서비스업,일반 교육기관,CS200044,여행사,0.0,
P105,교육 서비스업,일반 교육기관,CS200045,비디오/서적임대,0.0,
P105,교육 서비스업,일반 교육기관,CS200046,의류임대,0.0,
P105,교육 서비스업,일반 교육기관,CS200047,가정용품임대,0.0,
P105,교육 서비스업,일반 교육기관,CS300001,슈퍼마켓,0.0,
P105,교육 서비스업,일반 교육기관,CS300002,편의점,0.0,
P105,교육 서비스업,일반 교육기관,CS300003,컴퓨터및주변장치판매,0.0,
P105,교육 서비스업,일반 교육기관,CS300004,핸드폰,0.0,
P105,교육 서비스업,일반 교육기관,CS300005,주류도매,0.0,
P105,교육 서비스업,일반 교육기관,CS300006,미곡판매,0.0,
P105,교육 서비스업,일반 교육기관,CS300008,수산물판매,0.0,
P105,교육 서비스업,일반 교육기관,CS300009,청과상,0.0,
P105,교육 서비스업,일반 교육기관,CS300012,한복점,0.0,
P105,교육 서비스업,일반 교육기관,CS300013,유아의류,0.0,
P105,교육 서비스업,일반 교육기관,CS300014,신발,0.0,
P105,교육 서비스업,일반 교육기관,CS300015,가방,0.0,
P105,교육 서비스업,일반 교육기관,CS300016,안경,0.0,
P105,교육 서비스업,일반 교육기관,CS300017,시계및귀금속,0.0,
P105,교육 서비스업,일반 교육기관,CS300018,의약품,0.0,
P105,교육 서비스업,일반 교육기관,CS300020,서적,0.0,
P105,교육 서비스업,일반 교육기관,CS300021,문구,0.0,
P105,교육 서비스업,일반 교육기관,CS300022,화장품,0.0,
P105,교육 서비스업,일반 교육기관,CS300023,미용재료,0.0,
P105,교육 서비스업,일반 교육기관,CS300025,자전거 및 기타운송장비,0.0,
P105,교육 서비스업,일반 교육기관,CS300026,완구,0.0,
P105,교육 서비스업,일반 교육기관,CS300027,섬유제품,0.0,
P105,교육 서비스업,일반 교육기관,CS300028,화초,0.0,
P105,교육 서비스업,일반 교육기관,CS300029,애완동물,0.0,
P105,교육 서비스업,일반 교육기관,CS300030,중고가구,0.0,
P105,교육 서비스업,일반 교육기관,CS300031,가구,0.0,
P105,교육 서비스업,일반 교육기관,CS300032,가전제품,0.0,
P105,교육 서비스업,일반 교육기관,CS300033,철물점,0.0,
P105,교육 서비스업,일반 교육기관,CS300035,인테리어,0.0,
P105,교육 서비스업,일반 교육기관,CS300036,조명용품,0.0,
P105,교육 서비스업,일반 교육기관,CS300037,중고차판매,0.0,
P105,교육 서비스업,일반 교육기관,CS300038,자동차부품,0.0,
P105,교육 서비스업,일반 교육기관,CS300039,모터사이클및부품,0.0,
P105,교육 서비스업,일반 교육기관,CS300040,재생용품 판매점,0.0,
P105,교육 서비스업,일반 교육기관,CS300041,예술품,0.0,
P105,교육 서비스업,일반 교육기관,CS300042,주유소,0.0,
P105,교육 서비스업,일반 교육기관,CS300043,전자상거래업,0.0,
P106,교육 서비스업,기타 교육기관,CS100001,한식음식점,0.0,
P106,교육 서비스업,기타 교육기관,CS100002,중식음식점,0.0,
P106,교육 서비스업,기타 교육기관,CS100003,일식음식점,0.0,
P106,교육 서비스업,기타 교육기관,CS100004,양식음식점,0.0,
P106,교육 서비스업,기타 교육기관,CS100005,제과점,0.0,
P106,교육 서비스업,기타 교육기관,CS100006,패스트푸드점,0.0,
P106,교육 서비스업,기타 교육기관,CS100007,치킨전문점,0.0,
P106,교육 서비스업,기타 교육기관,CS100008,분식전문점,0.0,
P106,교육 서비스업,기타 교육기관,CS100009,호프-간이주점,0.0,
P106,교육 서비스업,기타 교육기관,CS100010,커피-음료,0.0,
P106,교육 서비스업,기타 교육기관,CS200002,외국어학원,0.0,
P106,교육 서비스업,기타 교육기관,CS200003,예술학원,0.0,
P106,교육 서비스업,기타 교육기관,CS200004,컴퓨터학원,0.0,
P106,교육 서비스업,기타 교육기관,CS200005,스포츠 강습,0.0,
P106,교육 서비스업,기타 교육기관,CS200006,일반의원,0.0,
P106,교육 서비스업,기타 교육기관,CS200007,치과의원,0.0,
P106,교육 서비스업,기타 교육기관,CS200008,한의원,0.0,
P106,교육 서비스업,기타 교육기관,CS200009,동물병원,0.0,
P106,교육 서비스업,기타 교육기관,CS200010,변호사사무소,0.0,
P106,교육 서비스업,기타 교육기관,CS200011,변리사사무소,0.0,
P106,교육 서비스업,기타 교육기관,CS200012,법무사사무소,0.0,
P106,교육 서비스업,기타 교육기관,CS200013,기타법무서비스,0.0,
P106,교육 서비스업,기타 교육기관,CS200014,회계사사무소,0.0,
P106,교육 서비스업,기타 교육기관,CS200015,세무사사무소,0.0,
P106,교육 서비스업,기타 교육기관,CS200016,당구장,0.0,
P106,교육 서비스업,기타 교육기관,CS200017,골프연습장,0.0,
P106,교육 서비스업,기타 교육기관,CS200018,볼링장,0.0,
P106,교육 서비스업,기타 교육기관,CS200019,PC방,0.0,
P106,교육 서비스업,기타 교육기관,CS200020,전자게임장,0.0,
P106,교육 서비스업,기타 교육기관,CS200021,기타오락장,0.0,
P106,교육 서비스업,기타 교육기관,CS200022,복권방,0.0,
P106,교육 서비스업,기타 교육기관,CS200024,스포츠클럽,0.0,
P106,교육 서비스업,기타 교육기관,CS200025,자동차수리,0.0,
P106,교육 서비스업,기타 교육기관,CS200026,자동차미용,0.0,
P106,교육 서비스업,기타 교육기관,CS200027,모터사이클수리,0.0,
P106,교육 서비스업,기타 교육기관,CS200028,미용실,0.0,
P106,교육 서비스업,기타 교육기관,CS200029,네일숍,0.0,
P106,교육 서비스업,기타 교육기관,CS200031,세탁소,0.0,
P106,교육 서비스업,기타 교육기관,CS200032,가전제품수리,0.0,
P106,교육 서비스업,기타 교육기관,CS200033,부동산중개업,0.0,
P106,교육 서비스업,기타 교육기관,CS200035,게스트하우스,0.0,
P106,교육 서비스업,기타 교육기관,CS200036,고시원,0.0,
P106,교육 서비스업,기타 교육기관,CS200037,노래방,0.0,
P106,교육 서비스업,기타 교육기관,CS200038,독서실,0.0,
P106,교육 서비스업,기타 교육기관,CS200039,DVD방,0.0,
P106,교육 서비스업,기타 교육기관,CS200040,녹음실,0.0,
P106,교육 서비스업,기타 교육기관,CS200042,통번역서비스,0.0,
P106,교육 서비스업,기타 교육기관,CS200043,건축물청소,0.0,
P106,교육 서비스업,기타 교육기관,CS200044,여행사,0.0,
P106,교육 서비스업,기타 교육기관,CS200045,비디오/서적임대,0.0,
P106,교육 서비스업,기타 교육기관,CS200046,의류임대,0.0,
P106,교육 서비스업,기타 교육기관,CS200047,가정용품임대,0.0,
P106,교육 서비스업,기타 교육기관,CS300001,슈퍼마켓,0.0,
P106,교육 서비스업,기타 교육기관,CS300002,편의점,0.0,
P106,교육 서비스업,기타 교육기관,CS300003,컴퓨터및주변장치판매,0.0,
P106,교육 서비스업,기타 교육기관,CS300004,핸드폰,0.0,
P106,교육 서비스업,기타 교육기관,CS300005,주류도매,0.0,
P106,교육 서비스업,기타 교육기관,CS300006,미곡판매,0.0,
P106,교육 서비스업,기타 교육기관,CS300008,수산물판매,0.0,
P106,교육 서비스업,기타 교육기관,CS300009,청과상,0.0,
P106,교육 서비스업,기타 교육기관,CS300010,반찬가게,0.0,
P106,교육 서비스업,기타 교육기관,CS300011,일반의류,0.0,
P106,교육 서비스업,기타 교육기관,CS300012,한복점,0.0,
P106,교육 서비스업,기타 교육기관,CS300013,유아의류,0.0,
P106,교육 서비스업,기타 교육기관,CS300014,신발,0.0,
P106,교육 서비스업,기타 교육기관,CS300015,가방,0.0,
P106,교육 서비스업,기타 교육기관,CS300016,안경,0.0,
P106,교육 서비스업,기타 교육기관,CS300017,시계및귀금속,0.0,
P106,교육 서비스업,기타 교육기관,CS300018,의약품,0.0,
P106,교육 서비스업,기타 교육기관,CS300020,서적,0.0,
P106,교육 서비스업,기타 교육기관,CS300021,문구,0.0,
P106,교육 서비스업,기타 교육기관,CS300022,화장품,0.0,
P106,교육 서비스업,기타 교육기관,CS300023,미용재료,0.0,
P106,교육 서비스업,기타 교육기관,CS300025,자전거 및 기타운송장비,0.0,
P106,교육 서비스업,기타 교육기관,CS300026,완구,0.0,
P106,교육 서비스업,기타 교육기관,CS300027,섬유제품,0.0,
P106,교육 서비스업,기타 교육기관,CS300028,화초,0.0,
P106,교육 서비스업,기타 교육기관,CS300029,애완동물,0.0,
P106,교육 서비스업,기타 교육기관,CS300030,중고가구,0.0,
P106,교육 서비스업,기타 교육기관,CS300031,가구,0.0,
P106,교육 서비스업,기타 교육기관,CS300032,가전제품,0.0,
P106,교육 서비스업,기타 교육기관,CS300033,철물점,0.0,
P106,교육 서비스업,기타 교육기관,CS300035,인테리어,0.0,
P106,교육 서비스업,기타 교육기관,CS300036,조명용품,0.0,
P106,교육 서비스업,기타 교육기관,CS300037,중고차판매,0.0,
P106,교육 서비스업,기타 교육기관,CS300038,자동차부품,0.0,
P106,교육 서비스업,기타 교육기관,CS300039,모터사이클및부품,0.0,
P106,교육 서비스업,기타 교육기관,CS300040,재생용품 판매점,0.0,
P106,교육 서비스업,기타 교육기관,CS300041,예술품,0.0,
P106,교육 서비스업,기타 교육기관,CS300042,주유소,0.0,
P106,교육 서비스업,기타 교육기관,CS300043,전자상거래업,0.0,
P107,교육 서비스업,교육 지원 서비스업,CS100001,한식음식점,0.0,
P107,교육 서비스업,교육 지원 서비스업,CS100002,중식음식점,0.0,
P107,교육 서비스업,교육 지원 서비스업,CS100003,일식음식점,0.0,
P107,교육 서비스업,교육 지원 서비스업,CS100004,양식음식점,0.0,
P107,교육 서비스업,교육 지원 서비스업,CS100005,제과점,0.0,
P107,교육 서비스업,교육 지원 서비스업,CS100006,패스트푸드점,0.0,
P107,교육 서비스업,교육 지원 서비스업,CS100007,치킨전문점,0.0,
P107,교육 서비스업,교육 지원 서비스업,CS100008,분식전문점,0.0,
P107,교육 서비스업,교육 지원 서비스업,CS100009,호프-간이주점,0.0,
P107,교육 서비스업,교육 지원 서비스업,CS100010,커피-음료,0.0,
P107,교육 서비스업,교육 지원 서비스업,CS200005,스포츠 강습,0.0,
P107,교육 서비스업,교육 지원 서비스업,CS200010,변호사사무소,0.0,
P107,교육 서비스업,교육 지원 서비스업,CS200011,변리사사무소,0.0,
P107,교육 서비스업,교육 지원 서비스업,CS200012,법무사사무소,0.0,
P107,교육 서비스업,교육 지원 서비스업,CS200013,기타법무서비스,0.0,
P107,교육 서비스업,교육 지원 서비스업,CS200014,회계사사무소,0.0,
P107,교육 서비스업,교육 지원 서비스업,CS200015,세무사사무소,0.0,
P107,교육 서비스업,교육 지원 서비스업,CS200016,당구장,0.0,
P107,교육 서비스업,교육 지원 서비스업,CS200017,골프연습장,0.0,
P107,교육 서비스업,교육 지원 서비스업,CS200018,볼링장,0.0,
P107,교육 서비스업,교육 지원 서비스업,CS200019,PC방,0.0,
P107,교육 서비스업,교육 지원 서비스업,CS200020,전자게임장,0.0,
P107,교육 서비스업,교육 지원 서비스업,CS200021,기타오락장,0.0,
P107,교육 서비스업,교육 지원 서비스업,CS200022,복권방,0.0,
P107,교육 서비스업,교육 지원 서비스업,CS200023,통신기기수리,0.0,
P107,교육 서비스업,교육 지원 서비스업,CS200024,스포츠클럽,0.0,
P107,교육 서비스업,교육 지원 서비스업,CS200025,자동차수리,0.0,
P107,교육 서비스업,교육 지원 서비스업,CS200026,자동차미용,0.0,
P107,교육 서비스업,교육 지원 서비스업,CS200027,모터사이클수리,0.0,
P107,교육 서비스업,교육 지원 서비스업,CS200028,미용실,0.0,
P107,교육 서비스업,교육 지원 서비스업,CS200029,네일숍,0.0,
P107,교육 서비스업,교육 지원 서비스업,CS200030,피부관리실,0.0,
P107,교육 서비스업,교육 지원 서비스업,CS200031,세탁소,0.0,
P107,교육 서비스업,교육 지원 서비스업,CS200032,가전제품수리,0.0,
P107,교육 서비스업,교육 지원 서비스업,CS200033,부동산중개업,0.0,
P107,교육 서비스업,교육 지원 서비스업,CS200034,여관,0.0,
P107,교육 서비스업,교육 지원 서비스업,CS200035,게스트하우스,0.0,
P107,교육 서비스업,교육 지원 서비스업,CS200037,노래방,0.0,
P107,교육 서비스업,교육 지원 서비스업,CS200038,독서실,0.0,
P107,교육 서비스업,교육 지원 서비스업,CS200039,DVD방,0.0,
P107,교육 서비스업,교육 지원 서비스업,CS200040,녹음실,0.0,
P107,교육 서비스업,교육 지원 서비스업,CS200041,사진관,0.0,
P107,교육 서비스업,교육 지원 서비스업,CS200042,통번역서비스,0.0,
P107,교육 서비스업,교육 지원 서비스업,CS200043,건축물청소,0.0,
P107,교육 서비스업,교육 지원 서비스업,CS200044,여행사,0.0,
P107,교육 서비스업,교육 지원 서비스업,CS200045,비디오/서적임대,0.0,
P107,교육 서비스업,교육 지원 서비스업,CS200046,의류임대,0.0,
P107,교육 서비스업,교육 지원 서비스업,CS200047,가정용품임대,0.0,
P107,교육 서비스업,교육 지원 서비스업,CS300001,슈퍼마켓,0.0,
P107,교육 서비스업,교육 지원 서비스업,CS300002,편의점,0.0,
P107,교육 서비스업,교육 지원 서비스업,CS300003,컴퓨터및주변장치판매,0.0,
P107,교육 서비스업,교육 지원 서비스업,CS300004,핸드폰,0.0,
P107,교육 서비스업,교육 지원 서비스업,CS300005,주류도매,0.0,
P107,교육 서비스업,교육 지원 서비스업,CS300006,미곡판매,0.0,
P107,교육 서비스업,교육 지원 서비스업,CS300008,수산물판매,0.0,
P107,교육 서비스업,교육 지원 서비스업,CS300009,청과상,0.0,
P107,교육 서비스업,교육 지원 서비스업,CS300010,반찬가게,0.0,
P107,교육 서비스업,교육 지원 서비스업,CS300011,일반의류,0.0,
P107,교육 서비스업,교육 지원 서비스업,CS300012,한복점,0.0,
P107,교육 서비스업,교육 지원 서비스업,CS300013,유아의류,0.0,
P107,교육 서비스업,교육 지원 서비스업,CS300014,신발,0.0,
P107,교육 서비스업,교육 지원 서비스업,CS300015,가방,0.0,
P107,교육 서비스업,교육 지원 서비스업,CS300016,안경,0.0,
P107,교육 서비스업,교육 지원 서비스업,CS300017,시계및귀금속,0.0,
P107,교육 서비스업,교육 지원 서비스업,CS300018,의약품,0.0,
P107,교육 서비스업,교육 지원 서비스업,CS300019,의료기기,0.0,
P107,교육 서비스업,교육 지원 서비스업,CS300020,서적,0.0,
P107,교육 서비스업,교육 지원 서비스업,CS300021,문구,0.0,
P107,교육 서비스업,교육 지원 서비스업,CS300022,화장품,0.0,
P107,교육 서비스업,교육 지원 서비스업,CS300023,미용재료,0.0,
P107,교육 서비스업,교육 지원 서비스업,CS300024,운동/경기용품,0.0,
P107,교육 서비스업,교육 지원 서비스업,CS300025,자전거 및 기타운송장비,0.0,
P107,교육 서비스업,교육 지원 서비스업,CS300026,완구,0.0,
P107,교육 서비스업,교육 지원 서비스업,CS300027,섬유제품,0.0,
P107,교육 서비스업,교육 지원 서비스업,CS300028,화초,0.0,
P107,교육 서비스업,교육 지원 서비스업,CS300029,애완동물,0.0,
P107,교육 서비스업,교육 지원 서비스업,CS300030,중고가구,0.0,
P107,교육 서비스업,교육 지원 서비스업,CS300031,가구,0.0,
P107,교육 서비스업,교육 지원 서비스업,CS300032,가전제품,0.0,
P107,교육 서비스업,교육 지원 서비스업,CS300033,철물점,0.0,
P107,교육 서비스업,교육 지원 서비스업,CS300034,악기,0.0,
P107,교육 서비스업,교육 지원 서비스업,CS300035,인테리어,0.0,
P107,교육 서비스업,교육 지원 서비스업,CS300036,조명용품,0.0,
P107,교육 서비스업,교육 지원 서비스업,CS300037,중고차판매,0.0,
P107,교육 서비스업,교육 지원 서비스업,CS300038,자동차부품,0.0,
P107,교육 서비스업,교육 지원 서비스업,CS300039,모터사이클및부품,0.0,
P107,교육 서비스업,교육 지원 서비스업,CS300040,재생용품 판매점,0.0,
P107,교육 서비스업,교육 지원 서비스업,CS300041,예술품,0.0,
P107,교육 서비스업,교육 지원 서비스업,CS300042,주유소,0.0,
P107,교육 서비스업,교육 지원 서비스업,CS300043,전자상거래업,0.0,
Q101,보건의료업,병원,CS100001,한식음식점,0.0,
Q101,보건의료업,병원,CS100002,중식음식점,0.0,
Q101,보건의료업,병원,CS100003,일식음식점,0.0,
Q101,보건의료업,병원,CS100004,양식음식점,0.0,
Q101,보건의료업,병원,CS100005,제과점,0.0,
Q101,보건의료업,병원,CS100006,패스트푸드점,0.0,
Q101,보건의료업,병원,CS100007,치킨전문점,0.0,
Q101,보건의료업,병원,CS100008,분식전문점,0.0,
Q101,보건의료업,병원,CS100009,호프-간이주점,0.0,
Q101,보건의료업,병원,CS100010,커피-음료,0.0,
Q101,보건의료업,병원,CS200005,스포츠 강습,0.0,
Q101,보건의료업,병원,CS200010,변호사사무소,0.0,
Q101,보건의료업,병원,CS200011,변리사사무소,0.0,
Q101,보건의료업,병원,CS200012,법무사사무소,0.0,
Q101,보건의료업,병원,CS200013,기타법무서비스,0.0,
Q101,보건의료업,병원,CS200014,회계사사무소,0.0,
Q101,보건의료업,병원,CS200015,세무사사무소,0.0,
Q101,보건의료업,병원,CS200016,당구장,0.0,
Q101,보건의료업,병원,CS200017,골프연습장,0.0,
Q101,보건의료업,병원,CS200018,볼링장,0.0,
Q101,보건의료업,병원,CS200019,PC방,0.0,
Q101,보건의료업,병원,CS200020,전자게임장,0.0,
Q101,보건의료업,병원,CS200021,기타오락장,0.0,
Q101,보건의료업,병원,CS200022,복권방,0.0,
Q101,보건의료업,병원,CS200023,통신기기수리,0.0,
Q101,보건의료업,병원,CS200024,스포츠클럽,0.0,
Q101,보건의료업,병원,CS200025,자동차수리,0.0,
Q101,보건의료업,병원,CS200026,자동차미용,0.0,
Q101,보건의료업,병원,CS200027,모터사이클수리,0.0,
Q101,보건의료업,병원,CS200028,미용실,0.0,
Q101,보건의료업,병원,CS200029,네일숍,0.0,
Q101,보건의료업,병원,CS200030,피부관리실,0.0,
Q101,보건의료업,병원,CS200031,세탁소,0.0,
Q101,보건의료업,병원,CS200032,가전제품수리,0.0,
Q101,보건의료업,병원,CS200033,부동산중개업,0.0,
Q101,보건의료업,병원,CS200034,여관,0.0,
Q101,보건의료업,병원,CS200035,게스트하우스,0.0,
Q101,보건의료업,병원,CS200037,노래방,0.0,
Q101,보건의료업,병원,CS200038,독서실,0.0,
Q101,보건의료업,병원,CS200039,DVD방,0.0,
Q101,보건의료업,병원,CS200040,녹음실,0.0,
Q101,보건의료업,병원,CS200041,사진관,0.0,
Q101,보건의료업,병원,CS200042,통번역서비스,0.0,
Q101,보건의료업,병원,CS200043,건축물청소,0.0,
Q101,보건의료업,병원,CS200044,여행사,0.0,
Q101,보건의료업,병원,CS200045,비디오/서적임대,0.0,
Q101,보건의료업,병원,CS200046,의류임대,0.0,
Q101,보건의료업,병원,CS200047,가정용품임대,0.0,
Q101,보건의료업,병원,CS300001,슈퍼마켓,0.0,
Q101,보건의료업,병원,CS300002,편의점,0.0,
Q101,보건의료업,병원,CS300003,컴퓨터및주변장치판매,0.0,
Q101,보건의료업,병원,CS300004,핸드폰,0.0,
Q101,보건의료업,병원,CS300005,주류도매,0.0,
Q101,보건의료업,병원,CS300006,미곡판매,0.0,
Q101,보건의료업,병원,CS300007,육류판매,0.0,
Q101,보건의료업,병원,CS300008,수산물판매,0.0,
Q101,보건의료업,병원,CS300009,청과상,0.0,
Q101,보건의료업,병원,CS300010,반찬가게,0.0,
Q101,보건의료업,병원,CS300011,일반의류,0.0,
Q101,보건의료업,병원,CS300012,한복점,0.0,
Q101,보건의료업,병원,CS300013,유아의류,0.0,
Q101,보건의료업,병원,CS300014,신발,0.0,
Q101,보건의료업,병원,CS300015,가방,0.0,
Q101,보건의료업,병원,CS300016,안경,0.0,
Q101,보건의료업,병원,CS300017,시계및귀금속,0.0,
Q101,보건의료업,병원,CS300018,의약품,0.0,
Q101,보건의료업,병원,CS300019,의료기기,0.0,
Q101,보건의료업,병원,CS300020,서적,0.0,
Q101,보건의료업,병원,CS300021,문구,0.0,
Q101,보건의료업,병원,CS300022,화장품,0.0,
Q101,보건의료업,병원,CS300023,미용재료,0.0,
Q101,보건의료업,병원,CS300024,운동/경기용품,0.0,
Q101,보건의료업,병원,CS300025,자전거 및 기타운송장비,0.0,
Q101,보건의료업,병원,CS300026,완구,0.0,
Q101,보건의료업,병원,CS300027,섬유제품,0.0,
Q101,보건의료업,병원,CS300028,화초,0.0,
Q101,보건의료업,병원,CS300029,애완동물,0.0,
Q101,보건의료업,병원,CS300030,중고가구,0.0,
Q101,보건의료업,병원,CS300031,가구,0.0,
Q101,보건의료업,병원,CS300032,가전제품,0.0,
Q101,보건의료업,병원,CS300033,철물점,0.0,
Q101,보건의료업,병원,CS300034,악기,0.0,
Q101,보건의료업,병원,CS300035,인테리어,0.0,
Q101,보건의료업,병원,CS300036,조명용품,0.0,
Q101,보건의료업,병원,CS300037,중고차판매,0.0,
Q101,보건의료업,병원,CS300038,자동차부품,0.0,
Q101,보건의료업,병원,CS300039,모터사이클및부품,0.0,
Q101,보건의료업,병원,CS300040,재생용품 판매점,0.0,
Q101,보건의료업,병원,CS300041,예술품,0.0,
Q101,보건의료업,병원,CS300042,주유소,0.0,
Q101,보건의료업,병원,CS300043,전자상거래업,0.0,
Q102,보건의료업,의원,CS100001,한식음식점,0.0,
Q102,보건의료업,의원,CS100002,중식음식점,0.0,
Q102,보건의료업,의원,CS100003,일식음식점,0.0,
Q102,보건의료업,의원,CS100004,양식음식점,0.0,
Q102,보건의료업,의원,CS100005,제과점,0.0,
Q102,보건의료업,의원,CS100006,패스트푸드점,0.0,
Q102,보건의료업,의원,CS100007,치킨전문점,0.0,
Q102,보건의료업,의원,CS100008,분식전문점,0.0,
Q102,보건의료업,의원,CS100009,호프-간이주점,0.0,
Q102,보건의료업,의원,CS100010,커피-음료,0.0,
Q102,보건의료업,의원,CS200005,스포츠 강습,0.0,
Q102,보건의료업,의원,CS200010,변호사사무소,0.0,
Q102,보건의료업,의원,CS200011,변리사사무소,0.0,
Q102,보건의료업,의원,CS200012,법무사사무소,0.0,
Q102,보건의료업,의원,CS200013,기타법무서비스,0.0,
Q102,보건의료업,의원,CS200014,회계사사무소,0.0,
Q102,보건의료업,의원,CS200015,세무사사무소,0.0,
Q102,보건의료업,의원,CS200016,당구장,0.0,
Q102,보건의료업,의원,CS200017,골프연습장,0.0,
Q102,보건의료업,의원,CS200018,볼링장,0.0,
Q102,보건의료업,의원,CS200019,PC방,0.0,
Q102,보건의료업,의원,CS200020,전자게임장,0.0,
Q102,보건의료업,의원,CS200021,기타오락장,0.0,
Q102,보건의료업,의원,CS200022,복권방,0.0,
Q102,보건의료업,의원,CS200023,통신기기수리,0.0,
Q102,보건의료업,의원,CS200024,스포츠클럽,0.0,
Q102,보건의료업,의원,CS200025,자동차수리,0.0,
Q102,보건의료업,의원,CS200026,자동차미용,0.0,
Q102,보건의료업,의원,CS200027,모터사이클수리,0.0,
Q102,보건의료업,의원,CS200028,미용실,0.0,
Q102,보건의료업,의원,CS200029,네일숍,0.0,
Q102,보건의료업,의원,CS200030,피부관리실,0.0,
Q102,보건의료업,의원,CS200031,세탁소,0.0,
Q102,보건의료업,의원,CS200032,가전제품수리,0.0,
Q102,보건의료업,의원,CS200033,부동산중개업,0.0,
Q102,보건의료업,의원,CS200034,여관,0.0,
Q102,보건의료업,의원,CS200035,게스트하우스,0.0,
Q102,보건의료업,의원,CS200037,노래방,0.0,
Q102,보건의료업,의원,CS200038,독서실,0.0,
Q102,보건의료업,의원,CS200039,DVD방,0.0,
Q102,보건의료업,의원,CS200040,녹음실,0.0,
Q102,보건의료업,의원,CS200041,사진관,0.0,
Q102,보건의료업,의원,CS200042,통번역서비스,0.0,
Q102,보건의료업,의원,CS200043,건축물청소,0.0,
Q102,보건의료업,의원,CS200044,여행사,0.0,
Q102,보건의료업,의원,CS200045,비디오/서적임대,0.0,
Q102,보건의료업,의원,CS200047,가정용품임대,0.0,
Q102,보건의료업,의원,CS300001,슈퍼마켓,0.0,
Q102,보건의료업,의원,CS300003,컴퓨터및주변장치판매,0.0,
Q102,보건의료업,의원,CS300004,핸드폰,0.0,
Q102,보건의료업,의원,CS300005,주류도매,0.0,
Q102,보건의료업,의원,CS300006,미곡판매,0.0,
Q102,보건의료업,의원,CS300007,육류판매,0.0,
Q102,보건의료업,의원,CS300008,수산물판매,0.0,
Q102,보건의료업,의원,CS300009,청과상,0.0,
Q102,보건의료업,의원,CS300010,반찬가게,0.0,
Q102,보건의료업,의원,CS300012,한복점,0.0,
Q102,보건의료업,의원,CS300014,신발,0.0,
Q102,보건의료업,의원,CS300015,가방,0.0,
Q102,보건의료업,의원,CS300016,안경,0.0,
Q102,보건의료업,의원,CS300017,시계및귀금속,0.0,
Q102,보건의료업,의원,CS300020,서적,0.0,
Q102,보건의료업,의원,CS300021,문구,0.0,
Q102,보건의료업,의원,CS300022,화장품,0.0,
Q102,보건의료업,의원,CS300023,미용재료,0.0,
Q102,보건의료업,의원,CS300024,운동/경기용품,0.0,
Q102,보건의료업,의원,CS300025,자전거 및 기타운송장비,0.0,
Q102,보건의료업,의원,CS300026,완구,0.0,
Q102,보건의료업,의원,CS300027,섬유제품,0.0,
Q102,보건의료업,의원,CS300028,화초,0.0,
Q102,보건의료업,의원,CS300029,애완동물,0.0,
Q102,보건의료업,의원,CS300030,중고가구,0.0,
Q102,보건의료업,의원,CS300031,가구,0.0,
Q102,보건의료업,의원,CS300032,가전제품,0.0,
Q102,보건의료업,의원,CS300033,철물점,0.0,
Q102,보건의료업,의원,CS300034,악기,0.0,
Q102,보건의료업,의원,CS300035,인테리어,0.0,
Q102,보건의료업,의원,CS300036,조명용품,0.0,
Q102,보건의료업,의원,CS300037,중고차판매,0.0,
Q102,보건의료업,의원,CS300038,자동차부품,0.0,
Q102,보건의료업,의원,CS300039,모터사이클및부품,0.0,
Q102,보건의료업,의원,CS300040,재생용품 판매점,0.0,
Q102,보건의료업,의원,CS300041,예술품,0.0,
Q102,보건의료업,의원,CS300042,주유소,0.0,
Q102,보건의료업,의원,CS300043,전자상거래업,0.0,
Q104,보건의료업,기타 보건업,CS100001,한식음식점,0.0,
Q104,보건의료업,기타 보건업,CS100002,중식음식점,0.0,
Q104,보건의료업,기타 보건업,CS100003,일식음식점,0.0,
Q104,보건의료업,기타 보건업,CS100004,양식음식점,0.0,
Q104,보건의료업,기타 보건업,CS100005,제과점,0.0,
Q104,보건의료업,기타 보건업,CS100006,패스트푸드점,0.0,
Q104,보건의료업,기타 보건업,CS100007,치킨전문점,0.0,
Q104,보건의료업,기타 보건업,CS100008,분식전문점,0.0,
Q104,보건의료업,기타 보건업,CS100009,호프-간이주점,0.0,
Q104,보건의료업,기타 보건업,CS100010,커피-음료,0.0,
Q104,보건의료업,기타 보건업,CS200001,일반교습학원,0.0,
Q104,보건의료업,기타 보건업,CS200002,외국어학원,0.0,
Q104,보건의료업,기타 보건업,CS200003,예술학원,0.0,
Q104,보건의료업,기타 보건업,CS200004,컴퓨터학원,0.0,
Q104,보건의료업,기타 보건업,CS200005,스포츠 강습,0.0,
Q104,보건의료업,기타 보건업,CS200006,일반의원,0.0,
Q104,보건의료업,기타 보건업,CS200007,치과의원,0.0,
Q104,보건의료업,기타 보건업,CS200008,한의원,0.0,
Q104,보건의료업,기타 보건업,CS200009,동물병원,0.0,
Q104,보건의료업,기타 보건업,CS200010,변호사사무소,0.0,
Q104,보건의료업,기타 보건업,CS200011,변리사사무소,0.0,
Q104,보건의료업,기타 보건업,CS200012,법무사사무소,0.0,
Q104,보건의료업,기타 보건업,CS200013,기타법무서비스,0.0,
Q104,보건의료업,기타 보건업,CS200014,회계사사무소,0.0,
Q104,보건의료업,기타 보건업,CS200015,세무사사무소,0.0,
Q104,보건의료업,기타 보건업,CS200016,당구장,0.0,
Q104,보건의료업,기타 보건업,CS200017,골프연습장,0.0,
Q104,보건의료업,기타 보건업,CS200018,볼링장,0.0,
Q104,보건의료업,기타 보건업,CS200019,PC방,0.0,
Q104,보건의료업,기타 보건업,CS200020,전자게임장,0.0,
Q104,보건의료업,기타 보건업,CS200021,기타오락장,0.0,
Q104,보건의료업,기타 보건업,CS200022,복권방,0.0,
Q104,보건의료업,기타 보건업,CS200023,통신기기수리,0.0,
Q104,보건의료업,기타 보건업,CS200024,스포츠클럽,0.0,
Q104,보건의료업,기타 보건업,CS200025,자동차수리,0.0,
Q104,보건의료업,기타 보건업,CS200026,자동차미용,0.0,
Q104,보건의료업,기타 보건업,CS200027,모터사이클수리,0.0,
Q104,보건의료업,기타 보건업,CS200028,미용실,0.0,
Q104,보건의료업,기타 보건업,CS200029,네일숍,0.0,
Q104,보건의료업,기타 보건업,CS200030,피부관리실,0.0,
Q104,보건의료업,기타 보건업,CS200031,세탁소,0.0,
Q104,보건의료업,기타 보건업,CS200032,가전제품수리,0.0,
Q104,보건의료업,기타 보건업,CS200033,부동산중개업,0.0,
Q104,보건의료업,기타 보건업,CS200034,여관,0.0,
Q104,보건의료업,기타 보건업,CS200035,게스트하우스,0.0,
Q104,보건의료업,기타 보건업,CS200036,고시원,0.0,
Q104,보건의료업,기타 보건업,CS200037,노래방,0.0,
Q104,보건의료업,기타 보건업,CS200038,독서실,0.0,
Q104,보건의료업,기타 보건업,CS200039,DVD방,0.0,
Q104,보건의료업,기타 보건업,CS200040,녹음실,0.0,
Q104,보건의료업,기타 보건업,CS200041,사진관,0.0,
Q104,보건의료업,기타 보건업,CS200042,통번역서비스,0.0,
Q104,보건의료업,기타 보건업,CS200044,여행사,0.0,
Q104,보건의료업,기타 보건업,CS200045,비디오/서적임대,0.0,
Q104,보건의료업,기타 보건업,CS200046,의류임대,0.0,
Q104,보건의료업,기타 보건업,CS200047,가정용품임대,0.0,
Q104,보건의료업,기타 보건업,CS300001,슈퍼마켓,0.0,
Q104,보건의료업,기타 보건업,CS300002,편의점,0.0,
Q104,보건의료업,기타 보건업,CS300003,컴퓨터및주변장치판매,0.0,
Q104,보건의료업,기타 보건업,CS300004,핸드폰,0.0,
Q104,보건의료업,기타 보건업,CS300005,주류도매,0.0,
Q104,보건의료업,기타 보건업,CS300006,미곡판매,0.0,
Q104,보건의료업,기타 보건업,CS300007,육류판매,0.0,
Q104,보건의료업,기타 보건업,CS300008,수산물판매,0.0,
Q104,보건의료업,기타 보건업,CS300009,청과상,0.0,
Q104,보건의료업,기타 보건업,CS300010,반찬가게,0.0,
Q104,보건의료업,기타 보건업,CS300011,일반의류,0.0,
Q104,보건의료업,기타 보건업,CS300012,한복점,0.0,
Q104,보건의료업,기타 보건업,CS300013,유아의류,0.0,
Q104,보건의료업,기타 보건업,CS300014,신발,0.0,
Q104,보건의료업,기타 보건업,CS300015,가방,0.0,
Q104,보건의료업,기타 보건업,CS300016,안경,0.0,
Q104,보건의료업,기타 보건업,CS300017,시계및귀금속,0.0,
Q104,보건의료업,기타 보건업,CS300018,의약품,0.0,
Q104,보건의료업,기타 보건업,CS300019,의료기기,0.0,
Q104,보건의료업,기타 보건업,CS300020,서적,0.0,
Q104,보건의료업,기타 보건업,CS300021,문구,0.0,
Q104,보건의료업,기타 보건업,CS300022,화장품,0.0,
Q104,보건의료업,기타 보건업,CS300023,미용재료,0.0,
Q104,보건의료업,기타 보건업,CS300024,운동/경기용품,0.0,
Q104,보건의료업,기타 보건업,CS300025,자전거 및 기타운송장비,0.0,
Q104,보건의료업,기타 보건업,CS300026,완구,0.0,
Q104,보건의료업,기타 보건업,CS300027,섬유제품,0.0,
Q104,보건의료업,기타 보건업,CS300028,화초,0.0,
Q104,보건의료업,기타 보건업,CS300029,애완동물,0.0,
Q104,보건의료업,기타 보건업,CS300030,중고가구,0.0,
Q104,보건의료업,기타 보건업,CS300031,가구,0.0,
Q104,보건의료업,기타 보건업,CS300032,가전제품,0.0,
Q104,보건의료업,기타 보건업,CS300033,철물점,0.0,
Q104,보건의료업,기타 보건업,CS300034,악기,0.0,
Q104,보건의료업,기타 보건업,CS300035,인테리어,0.0,
Q104,보건의료업,기타 보건업,CS300036,조명용품,0.0,
Q104,보건의료업,기타 보건업,CS300037,중고차판매,0.0,
Q104,보건의료업,기타 보건업,CS300038,자동차부품,0.0,
Q104,보건의료업,기타 보건업,CS300039,모터사이클및부품,0.0,
Q104,보건의료업,기타 보건업,CS300040,재생용품 판매점,0.0,
Q104,보건의료업,기타 보건업,CS300041,예술품,0.0,
Q104,보건의료업,기타 보건업,CS300042,주유소,0.0,
Q104,보건의료업,기타 보건업,CS300043,전자상거래업,0.0,
R102,"예술, 스포츠 및 여가관련 서비스업","도서관, 사적지 및 유사 여가관련 서비스업",CS100001,한식음식점,0.0,
R102,"예술, 스포츠 및 여가관련 서비스업","도서관, 사적지 및 유사 여가관련 서비스업",CS100002,중식음식점,0.0,
R102,"예술, 스포츠 및 여가관련 서비스업","도서관, 사적지 및 유사 여가관련 서비스업",CS100003,일식음식점,0.0,
R102,"예술, 스포츠 및 여가관련 서비스업","도서관, 사적지 및 유사 여가관련 서비스업",CS100004,양식음식점,0.0,
R102,"예술, 스포츠 및 여가관련 서비스업","도서관, 사적지 및 유사 여가관련 서비스업",CS100005,제과점,0.0,
R102,"예술, 스포츠 및 여가관련 서비스업","도서관, 사적지 및 유사 여가관련 서비스업",CS100006,패스트푸드점,0.0,
R102,"예술, 스포츠 및 여가관련 서비스업","도서관, 사적지 및 유사 여가관련 서비스업",CS100007,치킨전문점,0.0,
R102,"예술, 스포츠 및 여가관련 서비스업","도서관, 사적지 및 유사 여가관련 서비스업",CS100008,분식전문점,0.0,
R102,"예술, 스포츠 및 여가관련 서비스업","도서관, 사적지 및 유사 여가관련 서비스업",CS100009,호프-간이주점,0.0,
R102,"예술, 스포츠 및 여가관련 서비스업","도서관, 사적지 및 유사 여가관련 서비스업",CS100010,커피-음료,0.0,
R102,"예술, 스포츠 및 여가관련 서비스업","도서관, 사적지 및 유사 여가관련 서비스업",CS200001,일반교습학원,0.0,
R102,"예술, 스포츠 및 여가관련 서비스업","도서관, 사적지 및 유사 여가관련 서비스업",CS200002,외국어학원,0.0,
R102,"예술, 스포츠 및 여가관련 서비스업","도서관, 사적지 및 유사 여가관련 서비스업",CS200003,예술학원,0.0,
R102,"예술, 스포츠 및 여가관련 서비스업","도서관, 사적지 및 유사 여가관련 서비스업",CS200004,컴퓨터학원,0.0,
R102,"예술, 스포츠 및 여가관련 서비스업","도서관, 사적지 및 유사 여가관련 서비스업",CS200005,스포츠 강습,0.0,
R102,"예술, 스포츠 및 여가관련 서비스업","도서관, 사적지 및 유사 여가관련 서비스업",CS200006,일반의원,0.0,
R102,"예술, 스포츠 및 여가관련 서비스업","도서관, 사적지 및 유사 여가관련 서비스업",CS200007,치과의원,0.0,
R102,"예술, 스포츠 및 여가관련 서비스업","도서관, 사적지 및 유사 여가관련 서비스업",CS200008,한의원,0.0,
R102,"예술, 스포츠 및 여가관련 서비스업","도서관, 사적지 및 유사 여가관련 서비스업",CS200009,동물병원,0.0,
R102,"예술, 스포츠 및 여가관련 서비스업","도서관, 사적지 및 유사 여가관련 서비스업",CS200016,당구장,0.0,
R102,"예술, 스포츠 및 여가관련 서비스업","도서관, 사적지 및 유사 여가관련 서비스업",CS200017,골프연습장,0.0,
R102,"예술, 스포츠 및 여가관련 서비스업","도서관, 사적지 및 유사 여가관련 서비스업",CS200018,볼링장,0.0,
R102,"예술, 스포츠 및 여가관련 서비스업","도서관, 사적지 및 유사 여가관련 서비스업",CS200019,PC방,0.0,
R102,"예술, 스포츠 및 여가관련 서비스업","도서관, 사적지 및 유사 여가관련 서비스업",CS200020,전자게임장,0.0,
R102,"예술, 스포츠 및 여가관련 서비스업","도서관, 사적지 및 유사 여가관련 서비스업",CS200021,기타오락장,0.0,
R102,"예술, 스포츠 및 여가관련 서비스업","도서관, 사적지 및 유사 여가관련 서비스업",CS200022,복권방,0.0,
R102,"예술, 스포츠 및 여가관련 서비스업","도서관, 사적지 및 유사 여가관련 서비스업",CS200023,통신기기수리,0.0,
R102,"예술, 스포츠 및 여가관련 서비스업","도서관, 사적지 및 유사 여가관련 서비스업",CS200024,스포츠클럽,0.0,
R102,"예술, 스포츠 및 여가관련 서비스업","도서관, 사적지 및 유사 여가관련 서비스업",CS200025,자동차수리,0.0,
R102,"예술, 스포츠 및 여가관련 서비스업","도서관, 사적지 및 유사 여가관련 서비스업",CS200026,자동차미용,0.0,
R102,"예술, 스포츠 및 여가관련 서비스업","도서관, 사적지 및 유사 여가관련 서비스업",CS200028,미용실,0.0,
R102,"예술, 스포츠 및 여가관련 서비스업","도서관, 사적지 및 유사 여가관련 서비스업",CS200029,네일숍,0.0,
R102,"예술, 스포츠 및 여가관련 서비스업","도서관, 사적지 및 유사 여가관련 서비스업",CS200031,세탁소,0.0,
R102,"예술, 스포츠 및 여가관련 서비스업","도서관, 사적지 및 유사 여가관련 서비스업",CS200033,부동산중개업,0.0,
R102,"예술, 스포츠 및 여가관련 서비스업","도서관, 사적지 및 유사 여가관련 서비스업",CS200035,게스트하우스,0.0,
R102,"예술, 스포츠 및 여가관련 서비스업","도서관, 사적지 및 유사 여가관련 서비스업",CS200036,고시원,0.0,
R102,"예술, 스포츠 및 여가관련 서비스업","도서관, 사적지 및 유사 여가관련 서비스업",CS200037,노래방,0.0,
R102,"예술, 스포츠 및 여가관련 서비스업","도서관, 사적지 및 유사 여가관련 서비스업",CS200039,DVD방,0.0,
R102,"예술, 스포츠 및 여가관련 서비스업","도서관, 사적지 및 유사 여가관련 서비스업",CS200040,녹음실,0.0,
R102,"예술, 스포츠 및 여가관련 서비스업","도서관, 사적지 및 유사 여가관련 서비스업",CS200043,건축물청소,0.0,
R102,"예술, 스포츠 및 여가관련 서비스업","도서관, 사적지 및 유사 여가관련 서비스업",CS200046,의류임대,0.0,
R102,"예술, 스포츠 및 여가관련 서비스업","도서관, 사적지 및 유사 여가관련 서비스업",CS300001,슈퍼마켓,0.0,
R102,"예술, 스포츠 및 여가관련 서비스업","도서관, 사적지 및 유사 여가관련 서비스업",CS300002,편의점,0.0,
R102,"예술, 스포츠 및 여가관련 서비스업","도서관, 사적지 및 유사 여가관련 서비스업",CS300003,컴퓨터및주변장치판매,0.0,
R102,"예술, 스포츠 및 여가관련 서비스업","도서관, 사적지 및 유사 여가관련 서비스업",CS300004,핸드폰,0.0,
R102,"예술, 스포츠 및 여가관련 서비스업","도서관, 사적지 및 유사 여가관련 서비스업",CS300006,미곡판매,0.0,
R102,"예술, 스포츠 및 여가관련 서비스업","도서관, 사적지 및 유사 여가관련 서비스업",CS300007,육류판매,0.0,
R102,"예술, 스포츠 및 여가관련 서비스업","도서관, 사적지 및 유사 여가관련 서비스업",CS300008,수산물판매,0.0,
R102,"예술, 스포츠 및 여가관련 서비스업","도서관, 사적지 및 유사 여가관련 서비스업",CS300009,청과상,0.0,
R102,"예술, 스포츠 및 여가관련 서비스업","도서관, 사적지 및 유사 여가관련 서비스업",CS300011,일반의류,0.0,
R102,"예술, 스포츠 및 여가관련 서비스업","도서관, 사적지 및 유사 여가관련 서비스업",CS300012,한복점,0.0,
R102,"예술, 스포츠 및 여가관련 서비스업","도서관, 사적지 및 유사 여가관련 서비스업",CS300014,신발,0.0,
R102,"예술, 스포츠 및 여가관련 서비스업","도서관, 사적지 및 유사 여가관련 서비스업",CS300016,안경,0.0,
R102,"예술, 스포츠 및 여가관련 서비스업","도서관, 사적지 및 유사 여가관련 서비스업",CS300017,시계및귀금속,0.0,
R102,"예술, 스포츠 및 여가관련 서비스업","도서관, 사적지 및 유사 여가관련 서비스업",CS300018,의약품,0.0,
R102,"예술, 스포츠 및 여가관련 서비스업","도서관, 사적지 및 유사 여가관련 서비스업",CS300019,의료기기,0.0,
R102,"예술, 스포츠 및 여가관련 서비스업","도서관, 사적지 및 유사 여가관련 서비스업",CS300021,문구,0.0,
R102,"예술, 스포츠 및 여가관련 서비스업","도서관, 사적지 및 유사 여가관련 서비스업",CS300022,화장품,0.0,
R102,"예술, 스포츠 및 여가관련 서비스업","도서관, 사적지 및 유사 여가관련 서비스업",CS300023,미용재료,0.0,
R102,"예술, 스포츠 및 여가관련 서비스업","도서관, 사적지 및 유사 여가관련 서비스업",CS300024,운동/경기용품,0.0,
R102,"예술, 스포츠 및 여가관련 서비스업","도서관, 사적지 및 유사 여가관련 서비스업",CS300025,자전거 및 기타운송장비,0.0,
R102,"예술, 스포츠 및 여가관련 서비스업","도서관, 사적지 및 유사 여가관련 서비스업",CS300026,완구,0.0,
R102,"예술, 스포츠 및 여가관련 서비스업","도서관, 사적지 및 유사 여가관련 서비스업",CS300028,화초,0.0,
R102,"예술, 스포츠 및 여가관련 서비스업","도서관, 사적지 및 유사 여가관련 서비스업",CS300029,애완동물,0.0,
R102,"예술, 스포츠 및 여가관련 서비스업","도서관, 사적지 및 유사 여가관련 서비스업",CS300033,철물점,0.0,
R102,"예술, 스포츠 및 여가관련 서비스업","도서관, 사적지 및 유사 여가관련 서비스업",CS300034,악기,0.0,
R102,"예술, 스포츠 및 여가관련 서비스업","도서관, 사적지 및 유사 여가관련 서비스업",CS300035,인테리어,0.0,
R102,"예술, 스포츠 및 여가관련 서비스업","도서관, 사적지 및 유사 여가관련 서비스업",CS300036,조명용품,0.0,
R102,"예술, 스포츠 및 여가관련 서비스업","도서관, 사적지 및 유사 여가관련 서비스업",CS300037,중고차판매,0.0,
R102,"예술, 스포츠 및 여가관련 서비스업","도서관, 사적지 및 유사 여가관련 서비스업",CS300038,자동차부품,0.0,
R102,"예술, 스포츠 및 여가관련 서비스업","도서관, 사적지 및 유사 여가관련 서비스업",CS300040,재생용품 판매점,0.0,
R102,"예술, 스포츠 및 여가관련 서비스업","도서관, 사적지 및 유사 여가관련 서비스업",CS300041,예술품,0.0,
R102,"예술, 스포츠 및 여가관련 서비스업","도서관, 사적지 및 유사 여가관련 서비스업",CS300043,전자상거래업,0.0,
R103,"예술, 스포츠 및 여가관련 서비스업",스포츠 서비스업,CS100001,한식음식점,0.0,
R103,"예술, 스포츠 및 여가관련 서비스업",스포츠 서비스업,CS100002,중식음식점,0.0,
R103,"예술, 스포츠 및 여가관련 서비스업",스포츠 서비스업,CS100003,일식음식점,0.0,
R103,"예술, 스포츠 및 여가관련 서비스업",스포츠 서비스업,CS100004,양식음식점,0.0,
R103,"예술, 스포츠 및 여가관련 서비스업",스포츠 서비스업,CS100005,제과점,0.0,
R103,"예술, 스포츠 및 여가관련 서비스업",스포츠 서비스업,CS100007,치킨전문점,0.0,
R103,"예술, 스포츠 및 여가관련 서비스업",스포츠 서비스업,CS100008,분식전문점,0.0,
R103,"예술, 스포츠 및 여가관련 서비스업",스포츠 서비스업,CS100009,호프-간이주점,0.0,
R103,"예술, 스포츠 및 여가관련 서비스업",스포츠 서비스업,CS100010,커피-음료,0.0,
R103,"예술, 스포츠 및 여가관련 서비스업",스포츠 서비스업,CS200001,일반교습학원,0.0,
R103,"예술, 스포츠 및 여가관련 서비스업",스포츠 서비스업,CS200002,외국어학원,0.0,
R103,"예술, 스포츠 및 여가관련 서비스업",스포츠 서비스업,CS200003,예술학원,0.0,
R103,"예술, 스포츠 및 여가관련 서비스업",스포츠 서비스업,CS200004,컴퓨터학원,0.0,
R103,"예술, 스포츠 및 여가관련 서비스업",스포츠 서비스업,CS200006,일반의원,0.0,
R103,"예술, 스포츠 및 여가관련 서비스업",스포츠 서비스업,CS200007,치과의원,0.0,
R103,"예술, 스포츠 및 여가관련 서비스업",스포츠 서비스업,CS200008,한의원,0.0,
R103,"예술, 스포츠 및 여가관련 서비스업",스포츠 서비스업,CS200009,동물병원,0.0,
R103,"예술, 스포츠 및 여가관련 서비스업",스포츠 서비스업,CS200010,변호사사무소,0.0,
R103,"예술, 스포츠 및 여가관련 서비스업",스포츠 서비스업,CS200011,변리사사무소,0.0,
R103,"예술, 스포츠 및 여가관련 서비스업",스포츠 서비스업,CS200012,법무사사무소,0.0,
R103,"예술, 스포츠 및 여가관련 서비스업",스포츠 서비스업,CS200014,회계사사무소,0.0,
R103,"예술, 스포츠 및 여가관련 서비스업",스포츠 서비스업,CS200015,세무사사무소,0.0,
R103,"예술, 스포츠 및 여가관련 서비스업",스포츠 서비스업,CS200016,당구장,0.0,
R103,"예술, 스포츠 및 여가관련 서비스업",스포츠 서비스업,CS200017,골프연습장,0.0,
R103,"예술, 스포츠 및 여가관련 서비스업",스포츠 서비스업,CS200018,볼링장,0.0,
R103,"예술, 스포츠 및 여가관련 서비스업",스포츠 서비스업,CS200019,PC방,0.0,
R103,"예술, 스포츠 및 여가관련 서비스업",스포츠 서비스업,CS200020,전자게임장,0.0,
R103,"예술, 스포츠 및 여가관련 서비스업",스포츠 서비스업,CS200021,기타오락장,0.0,
R103,"예술, 스포츠 및 여가관련 서비스업",스포츠 서비스업,CS200022,복권방,0.0,
R103,"예술, 스포츠 및 여가관련 서비스업",스포츠 서비스업,CS200023,통신기기수리,0.0,
R103,"예술, 스포츠 및 여가관련 서비스업",스포츠 서비스업,CS200025,자동차수리,0.0,
R103,"예술, 스포츠 및 여가관련 서비스업",스포츠 서비스업,CS200026,자동차미용,0.0,
R103,"예술, 스포츠 및 여가관련 서비스업",스포츠 서비스업,CS200027,모터사이클수리,0.0,
R103,"예술, 스포츠 및 여가관련 서비스업",스포츠 서비스업,CS200028,미용실,0.0,
R103,"예술, 스포츠 및 여가관련 서비스업",스포츠 서비스업,CS200029,네일숍,0.0,
R103,"예술, 스포츠 및 여가관련 서비스업",스포츠 서비스업,CS200030,피부관리실,0.0,
R103,"예술, 스포츠 및 여가관련 서비스업",스포츠 서비스업,CS200031,세탁소,0.0,
R103,"예술, 스포츠 및 여가관련 서비스업",스포츠 서비스업,CS200032,가전제품수리,0.0,
R103,"예술, 스포츠 및 여가관련 서비스업",스포츠 서비스업,CS200033,부동산중개업,0.0,
R103,"예술, 스포츠 및 여가관련 서비스업",스포츠 서비스업,CS200034,여관,0.0,
R103,"예술, 스포츠 및 여가관련 서비스업",스포츠 서비스업,CS200036,고시원,0.0,
R103,"예술, 스포츠 및 여가관련 서비스업",스포츠 서비스업,CS200037,노래방,0.0,
R103,"예술, 스포츠 및 여가관련 서비스업",스포츠 서비스업,CS200038,독서실,0.0,
R103,"예술, 스포츠 및 여가관련 서비스업",스포츠 서비스업,CS200039,DVD방,0.0,
R103,"예술, 스포츠 및 여가관련 서비스업",스포츠 서비스업,CS200040,녹음실,0.0,
R103,"예술, 스포츠 및 여가관련 서비스업",스포츠 서비스업,CS200041,사진관,0.0,
R103,"예술, 스포츠 및 여가관련 서비스업",스포츠 서비스업,CS200043,건축물청소,0.0,
R103,"예술, 스포츠 및 여가관련 서비스업",스포츠 서비스업,CS200044,여행사,0.0,
R103,"예술, 스포츠 및 여가관련 서비스업",스포츠 서비스업,CS200045,비디오/서적임대,0.0,
R103,"예술, 스포츠 및 여가관련 서비스업",스포츠 서비스업,CS200046,의류임대,0.0,
R103,"예술, 스포츠 및 여가관련 서비스업",스포츠 서비스업,CS200047,가정용품임대,0.0,
R103,"예술, 스포츠 및 여가관련 서비스업",스포츠 서비스업,CS300001,슈퍼마켓,0.0,
R103,"예술, 스포츠 및 여가관련 서비스업",스포츠 서비스업,CS300002,편의점,0.0,
R103,"예술, 스포츠 및 여가관련 서비스업",스포츠 서비스업,CS300003,컴퓨터및주변장치판매,0.0,
R103,"예술, 스포츠 및 여가관련 서비스업",스포츠 서비스업,CS300004,핸드폰,0.0,
R103,"예술, 스포츠 및 여가관련 서비스업",스포츠 서비스업,CS300005,주류도매,0.0,
R103,"예술, 스포츠 및 여가관련 서비스업",스포츠 서비스업,CS300006,미곡판매,0.0,
R103,"예술, 스포츠 및 여가관련 서비스업",스포츠 서비스업,CS300007,육류판매,0.0,
R103,"예술, 스포츠 및 여가관련 서비스업",스포츠 서비스업,CS300008,수산물판매,0.0,
R103,"예술, 스포츠 및 여가관련 서비스업",스포츠 서비스업,CS300009,청과상,0.0,
R103,"예술, 스포츠 및 여가관련 서비스업",스포츠 서비스업,CS300010,반찬가게,0.0,
R103,"예술, 스포츠 및 여가관련 서비스업",스포츠 서비스업,CS300011,일반의류,0.0,
R103,"예술, 스포츠 및 여가관련 서비스업",스포츠 서비스업,CS300012,한복점,0.0,
R103,"예술, 스포츠 및 여가관련 서비스업",스포츠 서비스업,CS300013,유아의류,0.0,
R103,"예술, 스포츠 및 여가관련 서비스업",스포츠 서비스업,CS300014,신발,0.0,
R103,"예술, 스포츠 및 여가관련 서비스업",스포츠 서비스업,CS300015,가방,0.0,
R103,"예술, 스포츠 및 여가관련 서비스업",스포츠 서비스업,CS300016,안경,0.0,
R103,"예술, 스포츠 및 여가관련 서비스업",스포츠 서비스업,CS300017,시계및귀금속,0.0,
R103,"예술, 스포츠 및 여가관련 서비스업",스포츠 서비스업,CS300018,의약품,0.0,
R103,"예술, 스포츠 및 여가관련 서비스업",스포츠 서비스업,CS300019,의료기기,0.0,
R103,"예술, 스포츠 및 여가관련 서비스업",스포츠 서비스업,CS300020,서적,0.0,
R103,"예술, 스포츠 및 여가관련 서비스업",스포츠 서비스업,CS300021,문구,0.0,
R103,"예술, 스포츠 및 여가관련 서비스업",스포츠 서비스업,CS300022,화장품,0.0,
R103,"예술, 스포츠 및 여가관련 서비스업",스포츠 서비스업,CS300023,미용재료,0.0,
R103,"예술, 스포츠 및 여가관련 서비스업",스포츠 서비스업,CS300024,운동/경기용품,0.0,
R103,"예술, 스포츠 및 여가관련 서비스업",스포츠 서비스업,CS300025,자전거 및 기타운송장비,0.0,
R103,"예술, 스포츠 및 여가관련 서비스업",스포츠 서비스업,CS300026,완구,0.0,
R103,"예술, 스포츠 및 여가관련 서비스업",스포츠 서비스업,CS300027,섬유제품,0.0,
R103,"예술, 스포츠 및 여가관련 서비스업",스포츠 서비스업,CS300028,화초,0.0,
R103,"예술, 스포츠 및 여가관련 서비스업",스포츠 서비스업,CS300029,애완동물,0.0,
R103,"예술, 스포츠 및 여가관련 서비스업",스포츠 서비스업,CS300030,중고가구,0.0,
R103,"예술, 스포츠 및 여가관련 서비스업",스포츠 서비스업,CS300031,가구,0.0,
R103,"예술, 스포츠 및 여가관련 서비스업",스포츠 서비스업,CS300032,가전제품,0.0,
R103,"예술, 스포츠 및 여가관련 서비스업",스포츠 서비스업,CS300033,철물점,0.0,
R103,"예술, 스포츠 및 여가관련 서비스업",스포츠 서비스업,CS300034,악기,0.0,
R103,"예술, 스포츠 및 여가관련 서비스업",스포츠 서비스업,CS300035,인테리어,0.0,
R103,"예술, 스포츠 및 여가관련 서비스업",스포츠 서비스업,CS300036,조명용품,0.0,
R103,"예술, 스포츠 및 여가관련 서비스업",스포츠 서비스업,CS300037,중고차판매,0.0,
R103,"예술, 스포츠 및 여가관련 서비스업",스포츠 서비스업,CS300038,자동차부품,0.0,
R103,"예술, 스포츠 및 여가관련 서비스업",스포츠 서비스업,CS300039,모터사이클및부품,0.0,
R103,"예술, 스포츠 및 여가관련 서비스업",스포츠 서비스업,CS300040,재생용품 판매점,0.0,
R103,"예술, 스포츠 및 여가관련 서비스업",스포츠 서비스업,CS300041,예술품,0.0,
R103,"예술, 스포츠 및 여가관련 서비스업",스포츠 서비스업,CS300042,주유소,0.0,
R103,"예술, 스포츠 및 여가관련 서비스업",스포츠 서비스업,CS300043,전자상거래업,0.0,
R104,"예술, 스포츠 및 여가관련 서비스업",유원지 및 기타 오락관련 서비스업,CS100001,한식음식점,0.0,
R104,"예술, 스포츠 및 여가관련 서비스업",유원지 및 기타 오락관련 서비스업,CS100002,중식음식점,0.0,
R104,"예술, 스포츠 및 여가관련 서비스업",유원지 및 기타 오락관련 서비스업,CS100003,일식음식점,0.0,
R104,"예술, 스포츠 및 여가관련 서비스업",유원지 및 기타 오락관련 서비스업,CS100004,양식음식점,0.0,
R104,"예술, 스포츠 및 여가관련 서비스업",유원지 및 기타 오락관련 서비스업,CS100005,제과점,0.0,
R104,"예술, 스포츠 및 여가관련 서비스업",유원지 및 기타 오락관련 서비스업,CS100006,패스트푸드점,0.0,
R104,"예술, 스포츠 및 여가관련 서비스업",유원지 및 기타 오락관련 서비스업,CS100007,치킨전문점,0.0,
R104,"예술, 스포츠 및 여가관련 서비스업",유원지 및 기타 오락관련 서비스업,CS100008,분식전문점,0.0,
R104,"예술, 스포츠 및 여가관련 서비스업",유원지 및 기타 오락관련 서비스업,CS100009,호프-간이주점,0.0,
R104,"예술, 스포츠 및 여가관련 서비스업",유원지 및 기타 오락관련 서비스업,CS100010,커피-음료,0.0,
R104,"예술, 스포츠 및 여가관련 서비스업",유원지 및 기타 오락관련 서비스업,CS200005,스포츠 강습,0.0,
R104,"예술, 스포츠 및 여가관련 서비스업",유원지 및 기타 오락관련 서비스업,CS200010,변호사사무소,0.0,
R104,"예술, 스포츠 및 여가관련 서비스업",유원지 및 기타 오락관련 서비스업,CS200011,변리사사무소,0.0,
R104,"예술, 스포츠 및 여가관련 서비스업",유원지 및 기타 오락관련 서비스업,CS200012,법무사사무소,0.0,
R104,"예술, 스포츠 및 여가관련 서비스업",유원지 및 기타 오락관련 서비스업,CS200013,기타법무서비스,0.0,
R104,"예술, 스포츠 및 여가관련 서비스업",유원지 및 기타 오락관련 서비스업,CS200014,회계사사무소,0.0,
R104,"예술, 스포츠 및 여가관련 서비스업",유원지 및 기타 오락관련 서비스업,CS200015,세무사사무소,0.0,
R104,"예술, 스포츠 및 여가관련 서비스업",유원지 및 기타 오락관련 서비스업,CS200016,당구장,0.0,
R104,"예술, 스포츠 및 여가관련 서비스업",유원지 및 기타 오락관련 서비스업,CS200017,골프연습장,0.0,
R104,"예술, 스포츠 및 여가관련 서비스업",유원지 및 기타 오락관련 서비스업,CS200018,볼링장,0.0,
R104,"예술, 스포츠 및 여가관련 서비스업",유원지 및 기타 오락관련 서비스업,CS200019,PC방,0.0,
R104,"예술, 스포츠 및 여가관련 서비스업",유원지 및 기타 오락관련 서비스업,CS200020,전자게임장,0.0,
R104,"예술, 스포츠 및 여가관련 서비스업",유원지 및 기타 오락관련 서비스업,CS200022,복권방,0.0,
R104,"예술, 스포츠 및 여가관련 서비스업",유원지 및 기타 오락관련 서비스업,CS200023,통신기기수리,0.0,
R104,"예술, 스포츠 및 여가관련 서비스업",유원지 및 기타 오락관련 서비스업,CS200024,스포츠클럽,0.0,
R104,"예술, 스포츠 및 여가관련 서비스업",유원지 및 기타 오락관련 서비스업,CS200025,자동차수리,0.0,
R104,"예술, 스포츠 및 여가관련 서비스업",유원지 및 기타 오락관련 서비스업,CS200026,자동차미용,0.0,
R104,"예술, 스포츠 및 여가관련 서비스업",유원지 및 기타 오락관련 서비스업,CS200027,모터사이클수리,0.0,
R104,"예술, 스포츠 및 여가관련 서비스업",유원지 및 기타 오락관련 서비스업,CS200028,미용실,0.0,
R104,"예술, 스포츠 및 여가관련 서비스업",유원지 및 기타 오락관련 서비스업,CS200029,네일숍,0.0,
R104,"예술, 스포츠 및 여가관련 서비스업",유원지 및 기타 오락관련 서비스업,CS200031,세탁소,0.0,
R104,"예술, 스포츠 및 여가관련 서비스업",유원지 및 기타 오락관련 서비스업,CS200032,가전제품수리,0.0,
R104,"예술, 스포츠 및 여가관련 서비스업",유원지 및 기타 오락관련 서비스업,CS200033,부동산중개업,0.0,
R104,"예술, 스포츠 및 여가관련 서비스업",유원지 및 기타 오락관련 서비스업,CS200035,게스트하우스,0.0,
R104,"예술, 스포츠 및 여가관련 서비스업",유원지 및 기타 오락관련 서비스업,CS200037,노래방,0.0,
R104,"예술, 스포츠 및 여가관련 서비스업",유원지 및 기타 오락관련 서비스업,CS200038,독서실,0.0,
R104,"예술, 스포츠 및 여가관련 서비스업",유원지 및 기타 오락관련 서비스업,CS200039,DVD방,0.0,
R104,"예술, 스포츠 및 여가관련 서비스업",유원지 및 기타 오락관련 서비스업,CS200040,녹음실,0.0,
R104,"예술, 스포츠 및 여가관련 서비스업",유원지 및 기타 오락관련 서비스업,CS200042,통번역서비스,0.0,
R104,"예술, 스포츠 및 여가관련 서비스업",유원지 및 기타 오락관련 서비스업,CS200043,건축물청소,0.0,
R104,"예술, 스포츠 및 여가관련 서비스업",유원지 및 기타 오락관련 서비스업,CS200044,여행사,0.0,
R104,"예술, 스포츠 및 여가관련 서비스업",유원지 및 기타 오락관련 서비스업,CS200046,의류임대,0.0,
R104,"예술, 스포츠 및 여가관련 서비스업",유원지 및 기타 오락관련 서비스업,CS200047,가정용품임대,0.0,
R104,"예술, 스포츠 및 여가관련 서비스업",유원지 및 기타 오락관련 서비스업,CS300001,슈퍼마켓,0.0,
R104,"예술, 스포츠 및 여가관련 서비스업",유원지 및 기타 오락관련 서비스업,CS300002,편의점,0.0,
R104,"예술, 스포츠 및 여가관련 서비스업",유원지 및 기타 오락관련 서비스업,CS300003,컴퓨터및주변장치판매,0.0,
R104,"예술, 스포츠 및 여가관련 서비스업",유원지 및 기타 오락관련 서비스업,CS300004,핸드폰,0.0,
R104,"예술, 스포츠 및 여가관련 서비스업",유원지 및 기타 오락관련 서비스업,CS300005,주류도매,0.0,
R104,"예술, 스포츠 및 여가관련 서비스업",유원지 및 기타 오락관련 서비스업,CS300006,미곡판매,0.0,
R104,"예술, 스포츠 및 여가관련 서비스업",유원지 및 기타 오락관련 서비스업,CS300007,육류판매,0.0,
R104,"예술, 스포츠 및 여가관련 서비스업",유원지 및 기타 오락관련 서비스업,CS300008,수산물판매,0.0,
R104,"예술, 스포츠 및 여가관련 서비스업",유원지 및 기타 오락관련 서비스업,CS300009,청과상,0.0,
R104,"예술, 스포츠 및 여가관련 서비스업",유원지 및 기타 오락관련 서비스업,CS300010,반찬가게,0.0,
R104,"예술, 스포츠 및 여가관련 서비스업",유원지 및 기타 오락관련 서비스업,CS300011,일반의류,0.0,
R104,"예술, 스포츠 및 여가관련 서비스업",유원지 및 기타 오락관련 서비스업,CS300012,한복점,0.0,
R104,"예술, 스포츠 및 여가관련 서비스업",유원지 및 기타 오락관련 서비스업,CS300014,신발,0.0,
R104,"예술, 스포츠 및 여가관련 서비스업",유원지 및 기타 오락관련 서비스업,CS300015,가방,0.0,
R104,"예술, 스포츠 및 여가관련 서비스업",유원지 및 기타 오락관련 서비스업,CS300016,안경,0.0,
R104,"예술, 스포츠 및 여가관련 서비스업",유원지 및 기타 오락관련 서비스업,CS300017,시계및귀금속,0.0,
R104,"예술, 스포츠 및 여가관련 서비스업",유원지 및 기타 오락관련 서비스업,CS300018,의약품,0.0,
R104,"예술, 스포츠 및 여가관련 서비스업",유원지 및 기타 오락관련 서비스업,CS300019,의료기기,0.0,
R104,"예술, 스포츠 및 여가관련 서비스업",유원지 및 기타 오락관련 서비스업,CS300020,서적,0.0,
R104,"예술, 스포츠 및 여가관련 서비스업",유원지 및 기타 오락관련 서비스업,CS300021,문구,0.0,
R104,"예술, 스포츠 및 여가관련 서비스업",유원지 및 기타 오락관련 서비스업,CS300022,화장품,0.0,
R104,"예술, 스포츠 및 여가관련 서비스업",유원지 및 기타 오락관련 서비스업,CS300023,미용재료,0.0,
R104,"예술, 스포츠 및 여가관련 서비스업",유원지 및 기타 오락관련 서비스업,CS300024,운동/경기용품,0.0,
R104,"예술, 스포츠 및 여가관련 서비스업",유원지 및 기타 오락관련 서비스업,CS300025,자전거 및 기타운송장비,0.0,
R104,"예술, 스포츠 및 여가관련 서비스업",유원지 및 기타 오락관련 서비스업,CS300026,완구,0.0,
R104,"예술, 스포츠 및 여가관련 서비스업",유원지 및 기타 오락관련 서비스업,CS300028,화초,0.0,
R104,"예술, 스포츠 및 여가관련 서비스업",유원지 및 기타 오락관련 서비스업,CS300029,애완동물,0.0,
R104,"예술, 스포츠 및 여가관련 서비스업",유원지 및 기타 오락관련 서비스업,CS300030,중고가구,0.0,
R104,"예술, 스포츠 및 여가관련 서비스업",유원지 및 기타 오락관련 서비스업,CS300031,가구,0.0,
R104,"예술, 스포츠 및 여가관련 서비스업",유원지 및 기타 오락관련 서비스업,CS300032,가전제품,0.0,
R104,"예술, 스포츠 및 여가관련 서비스업",유원지 및 기타 오락관련 서비스업,CS300033,철물점,0.0,
R104,"예술, 스포츠 및 여가관련 서비스업",유원지 및 기타 오락관련 서비스업,CS300034,악기,0.0,
R104,"예술, 스포츠 및 여가관련 서비스업",유원지 및 기타 오락관련 서비스업,CS300035,인테리어,0.0,
R104,"예술, 스포츠 및 여가관련 서비스업",유원지 및 기타 오락관련 서비스업,CS300036,조명용품,0.0,
R104,"예술, 스포츠 및 여가관련 서비스업",유원지 및 기타 오락관련 서비스업,CS300037,중고차판매,0.0,
R104,"예술, 스포츠 및 여가관련 서비스업",유원지 및 기타 오락관련 서비스업,CS300038,자동차부품,0.0,
R104,"예술, 스포츠 및 여가관련 서비스업",유원지 및 기타 오락관련 서비스업,CS300039,모터사이클및부품,0.0,
R104,"예술, 스포츠 및 여가관련 서비스업",유원지 및 기타 오락관련 서비스업,CS300040,재생용품 판매점,0.0,
R104,"예술, 스포츠 및 여가관련 서비스업",유원지 및 기타 오락관련 서비스업,CS300041,예술품,0.0,
R104,"예술, 스포츠 및 여가관련 서비스업",유원지 및 기타 오락관련 서비스업,CS300043,전자상거래업,0.0,
S201,수리 및 개인 서비스업,컴퓨터 및 주변 기기 수리업,CS100001,한식음식점,0.0,
S201,수리 및 개인 서비스업,컴퓨터 및 주변 기기 수리업,CS100002,중식음식점,0.0,
S201,수리 및 개인 서비스업,컴퓨터 및 주변 기기 수리업,CS100003,일식음식점,0.0,
S201,수리 및 개인 서비스업,컴퓨터 및 주변 기기 수리업,CS100004,양식음식점,0.0,
S201,수리 및 개인 서비스업,컴퓨터 및 주변 기기 수리업,CS100005,제과점,0.0,
S201,수리 및 개인 서비스업,컴퓨터 및 주변 기기 수리업,CS100006,패스트푸드점,0.0,
S201,수리 및 개인 서비스업,컴퓨터 및 주변 기기 수리업,CS100007,치킨전문점,0.0,
S201,수리 및 개인 서비스업,컴퓨터 및 주변 기기 수리업,CS100008,분식전문점,0.0,
S201,수리 및 개인 서비스업,컴퓨터 및 주변 기기 수리업,CS100010,커피-음료,0.0,
S201,수리 및 개인 서비스업,컴퓨터 및 주변 기기 수리업,CS200001,일반교습학원,0.0,
S201,수리 및 개인 서비스업,컴퓨터 및 주변 기기 수리업,CS200002,외국어학원,0.0,
S201,수리 및 개인 서비스업,컴퓨터 및 주변 기기 수리업,CS200003,예술학원,0.0,
S201,수리 및 개인 서비스업,컴퓨터 및 주변 기기 수리업,CS200005,스포츠 강습,0.0,
S201,수리 및 개인 서비스업,컴퓨터 및 주변 기기 수리업,CS200006,일반의원,0.0,
S201,수리 및 개인 서비스업,컴퓨터 및 주변 기기 수리업,CS200007,치과의원,0.0,
S201,수리 및 개인 서비스업,컴퓨터 및 주변 기기 수리업,CS200008,한의원,0.0,
S201,수리 및 개인 서비스업,컴퓨터 및 주변 기기 수리업,CS200009,동물병원,0.0,
S201,수리 및 개인 서비스업,컴퓨터 및 주변 기기 수리업,CS200012,법무사사무소,0.0,
S201,수리 및 개인 서비스업,컴퓨터 및 주변 기기 수리업,CS200013,기타법무서비스,0.0,
S201,수리 및 개인 서비스업,컴퓨터 및 주변 기기 수리업,CS200014,회계사사무소,0.0,
S201,수리 및 개인 서비스업,컴퓨터 및 주변 기기 수리업,CS200015,세무사사무소,0.0,
S201,수리 및 개인 서비스업,컴퓨터 및 주변 기기 수리업,CS200016,당구장,0.0,
S201,수리 및 개인 서비스업,컴퓨터 및 주변 기기 수리업,CS200017,골프연습장,0.0,
S201,수리 및 개인 서비스업,컴퓨터 및 주변 기기 수리업,CS200018,볼링장,0.0,
S201,수리 및 개인 서비스업,컴퓨터 및 주변 기기 수리업,CS200019,PC방,0.0,
S201,수리 및 개인 서비스업,컴퓨터 및 주변 기기 수리업,CS200020,전자게임장,0.0,
S201,수리 및 개인 서비스업,컴퓨터 및 주변 기기 수리업,CS200021,기타오락장,0.0,
S201,수리 및 개인 서비스업,컴퓨터 및 주변 기기 수리업,CS200022,복권방,0.0,
S201,수리 및 개인 서비스업,컴퓨터 및 주변 기기 수리업,CS200024,스포츠클럽,0.0,
S201,수리 및 개인 서비스업,컴퓨터 및 주변 기기 수리업,CS200026,자동차미용,0.0,
S201,수리 및 개인 서비스업,컴퓨터 및 주변 기기 수리업,CS200028,미용실,0.0,
S201,수리 및 개인 서비스업,컴퓨터 및 주변 기기 수리업,CS200029,네일숍,0.0,
S201,수리 및 개인 서비스업,컴퓨터 및 주변 기기 수리업,CS200031,세탁소,0.0,
S201,수리 및 개인 서비스업,컴퓨터 및 주변 기기 수리업,CS200033,부동산중개업,0.0,
S201,수리 및 개인 서비스업,컴퓨터 및 주변 기기 수리업,CS200034,여관,0.0,
S201,수리 및 개인 서비스업,컴퓨터 및 주변 기기 수리업,CS200035,게스트하우스,0.0,
S201,수리 및 개인 서비스업,컴퓨터 및 주변 기기 수리업,CS200036,고시원,0.0,
S201,수리 및 개인 서비스업,컴퓨터 및 주변 기기 수리업,CS200037,노래방,0.0,
S201,수리 및 개인 서비스업,컴퓨터 및 주변 기기 수리업,CS200038,독서실,0.0,
S201,수리 및 개인 서비스업,컴퓨터 및 주변 기기 수리업,CS200039,DVD방,0.0,
S201,수리 및 개인 서비스업,컴퓨터 및 주변 기기 수리업,CS200040,녹음실,0.0,
S201,수리 및 개인 서비스업,컴퓨터 및 주변 기기 수리업,CS200041,사진관,0.0,
S201,수리 및 개인 서비스업,컴퓨터 및 주변 기기 수리업,CS200042,통번역서비스,0.0,
S201,수리 및 개인 서비스업,컴퓨터 및 주변 기기 수리업,CS200043,건축물청소,0.0,
S201,수리 및 개인 서비스업,컴퓨터 및 주변 기기 수리업,CS200044,여행사,0.0,
S201,수리 및 개인 서비스업,컴퓨터 및 주변 기기 수리업,CS200045,비디오/서적임대,0.0,
S201,수리 및 개인 서비스업,컴퓨터 및 주변 기기 수리업,CS200046,의류임대,0.0,
S201,수리 및 개인 서비스업,컴퓨터 및 주변 기기 수리업,CS200047,가정용품임대,0.0,
S201,수리 및 개인 서비스업,컴퓨터 및 주변 기기 수리업,CS300001,슈퍼마켓,0.0,
S201,수리 및 개인 서비스업,컴퓨터 및 주변 기기 수리업,CS300002,편의점,0.0,
S201,수리 및 개인 서비스업,컴퓨터 및 주변 기기 수리업,CS300004,핸드폰,0.0,
S201,수리 및 개인 서비스업,컴퓨터 및 주변 기기 수리업,CS300006,미곡판매,0.0,
S201,수리 및 개인 서비스업,컴퓨터 및 주변 기기 수리업,CS300007,육류판매,0.0,
S201,수리 및 개인 서비스업,컴퓨터 및 주변 기기 수리업,CS300009,청과상,0.0,
S201,수리 및 개인 서비스업,컴퓨터 및 주변 기기 수리업,CS300010,반찬가게,0.0,
S201,수리 및 개인 서비스업,컴퓨터 및 주변 기기 수리업,CS300011,일반의류,0.0,
S201,수리 및 개인 서비스업,컴퓨터 및 주변 기기 수리업,CS300012,한복점,0.0,
S201,수리 및 개인 서비스업,컴퓨터 및 주변 기기 수리업,CS300013,유아의류,0.0,
S201,수리 및 개인 서비스업,컴퓨터 및 주변 기기 수리업,CS300014,신발,0.0,
S201,수리 및 개인 서비스업,컴퓨터 및 주변 기기 수리업,CS300015,가방,0.0,
S201,수리 및 개인 서비스업,컴퓨터 및 주변 기기 수리업,CS300016,안경,0.0,
S201,수리 및 개인 서비스업,컴퓨터 및 주변 기기 수리업,CS300017,시계및귀금속,0.0,
S201,수리 및 개인 서비스업,컴퓨터 및 주변 기기 수리업,CS300018,의약품,0.0,
S201,수리 및 개인 서비스업,컴퓨터 및 주변 기기 수리업,CS300020,서적,0.0,
S201,수리 및 개인 서비스업,컴퓨터 및 주변 기기 수리업,CS300021,문구,0.0,
S201,수리 및 개인 서비스업,컴퓨터 및 주변 기기 수리업,CS300022,화장품,0.0,
S201,수리 및 개인 서비스업,컴퓨터 및 주변 기기 수리업,CS300023,미용재료,0.0,
S201,수리 및 개인 서비스업,컴퓨터 및 주변 기기 수리업,CS300025,자전거 및 기타운송장비,0.0,
S201,수리 및 개인 서비스업,컴퓨터 및 주변 기기 수리업,CS300026,완구,0.0,
S201,수리 및 개인 서비스업,컴퓨터 및 주변 기기 수리업,CS300027,섬유제품,0.0,
S201,수리 및 개인 서비스업,컴퓨터 및 주변 기기 수리업,CS300028,화초,0.0,
S201,수리 및 개인 서비스업,컴퓨터 및 주변 기기 수리업,CS300029,애완동물,0.0,
S201,수리 및 개인 서비스업,컴퓨터 및 주변 기기 수리업,CS300030,중고가구,0.0,
S201,수리 및 개인 서비스업,컴퓨터 및 주변 기기 수리업,CS300031,가구,0.0,
S201,수리 및 개인 서비스업,컴퓨터 및 주변 기기 수리업,CS300032,가전제품,0.0,
S201,수리 및 개인 서비스업,컴퓨터 및 주변 기기 수리업,CS300033,철물점,0.0,
S201,수리 및 개인 서비스업,컴퓨터 및 주변 기기 수리업,CS300036,조명용품,0.0,
S201,수리 및 개인 서비스업,컴퓨터 및 주변 기기 수리업,CS300037,중고차판매,0.0,
S201,수리 및 개인 서비스업,컴퓨터 및 주변 기기 수리업,CS300038,자동차부품,0.0,
S201,수리 및 개인 서비스업,컴퓨터 및 주변 기기 수리업,CS300040,재생용품 판매점,0.0,
S201,수리 및 개인 서비스업,컴퓨터 및 주변 기기 수리업,CS300041,예술품,0.0,
S201,수리 및 개인 서비스업,컴퓨터 및 주변 기기 수리업,CS300043,전자상거래업,0.0,
S202,수리 및 개인 서비스업,통신장비 수리업,CS100001,한식음식점,0.0,
S202,수리 및 개인 서비스업,통신장비 수리업,CS100002,중식음식점,0.0,
S202,수리 및 개인 서비스업,통신장비 수리업,CS100003,일식음식점,0.0,
S202,수리 및 개인 서비스업,통신장비 수리업,CS100004,양식음식점,0.0,
S202,수리 및 개인 서비스업,통신장비 수리업,CS100005,제과점,0.0,
S202,수리 및 개인 서비스업,통신장비 수리업,CS100006,패스트푸드점,0.0,
S202,수리 및 개인 서비스업,통신장비 수리업,CS100007,치킨전문점,0.0,
S202,수리 및 개인 서비스업,통신장비 수리업,CS100008,분식전문점,0.0,
S202,수리 및 개인 서비스업,통신장비 수리업,CS100009,호프-간이주점,0.0,
S202,수리 및 개인 서비스업,통신장비 수리업,CS100010,커피-음료,0.0,
S202,수리 및 개인 서비스업,통신장비 수리업,CS200001,일반교습학원,0.0,
S202,수리 및 개인 서비스업,통신장비 수리업,CS200002,외국어학원,0.0,
S202,수리 및 개인 서비스업,통신장비 수리업,CS200003,예술학원,0.0,
S202,수리 및 개인 서비스업,통신장비 수리업,CS200004,컴퓨터학원,0.0,
S202,수리 및 개인 서비스업,통신장비 수리업,CS200005,스포츠 강습,0.0,
S202,수리 및 개인 서비스업,통신장비 수리업,CS200006,일반의원,0.0,
S202,수리 및 개인 서비스업,통신장비 수리업,CS200007,치과의원,0.0,
S202,수리 및 개인 서비스업,통신장비 수리업,CS200008,한의원,0.0,
S202,수리 및 개인 서비스업,통신장비 수리업,CS200009,동물병원,0.0,
S202,수리 및 개인 서비스업,통신장비 수리업,CS200010,변호사사무소,0.0,
S202,수리 및 개인 서비스업,통신장비 수리업,CS200012,법무사사무소,0.0,
S202,수리 및 개인 서비스업,통신장비 수리업,CS200014,회계사사무소,0.0,
S202,수리 및 개인 서비스업,통신장비 수리업,CS200015,세무사사무소,0.0,
S202,수리 및 개인 서비스업,통신장비 수리업,CS200019,PC방,0.0,
S202,수리 및 개인 서비스업,통신장비 수리업,CS200022,복권방,0.0,
S202,수리 및 개인 서비스업,통신장비 수리업,CS200024,스포츠클럽,0.0,
S202,수리 및 개인 서비스업,통신장비 수리업,CS200026,자동차미용,0.0,
S202,수리 및 개인 서비스업,통신장비 수리업,CS200028,미용실,0.0,
S202,수리 및 개인 서비스업,통신장비 수리업,CS200029,네일숍,0.0,
S202,수리 및 개인 서비스업,통신장비 수리업,CS200031,세탁소,0.0,
S202,수리 및 개인 서비스업,통신장비 수리업,CS200033,부동산중개업,0.0,
S202,수리 및 개인 서비스업,통신장비 수리업,CS200034,여관,0.0,
S202,수리 및 개인 서비스업,통신장비 수리업,CS200035,게스트하우스,0.0,
S202,수리 및 개인 서비스업,통신장비 수리업,CS200036,고시원,0.0,
S202,수리 및 개인 서비스업,통신장비 수리업,CS200037,노래방,0.0,
S202,수리 및 개인 서비스업,통신장비 수리업,CS200038,독서실,0.0,
S202,수리 및 개인 서비스업,통신장비 수리업,CS200039,DVD방,0.0,
S202,수리 및 개인 서비스업,통신장비 수리업,CS200040,녹음실,0.0,
S202,수리 및 개인 서비스업,통신장비 수리업,CS200041,사진관,0.0,
S202,수리 및 개인 서비스업,통신장비 수리업,CS200043,건축물청소,0.0,
S202,수리 및 개인 서비스업,통신장비 수리업,CS200044,여행사,0.0,
S202,수리 및 개인 서비스업,통신장비 수리업,CS200046,의류임대,0.0,
S202,수리 및 개인 서비스업,통신장비 수리업,CS200047,가정용품임대,0.0,
S202,수리 및 개인 서비스업,통신장비 수리업,CS300001,슈퍼마켓,0.0,
S202,수리 및 개인 서비스업,통신장비 수리업,CS300002,편의점,0.0,
S202,수리 및 개인 서비스업,통신장비 수리업,CS300004,핸드폰,0.0,
S202,수리 및 개인 서비스업,통신장비 수리업,CS300005,주류도매,0.0,
S202,수리 및 개인 서비스업,통신장비 수리업,CS300006,미곡판매,0.0,
S202,수리 및 개인 서비스업,통신장비 수리업,CS300007,육류판매,0.0,
S202,수리 및 개인 서비스업,통신장비 수리업,CS300009,청과상,0.0,
S202,수리 및 개인 서비스업,통신장비 수리업,CS300010,반찬가게,0.0,
S202,수리 및 개인 서비스업,통신장비 수리업,CS300011,일반의류,0.0,
S202,수리 및 개인 서비스업,통신장비 수리업,CS300012,한복점,0.0,
S202,수리 및 개인 서비스업,통신장비 수리업,CS300013,유아의류,0.0,
S202,수리 및 개인 서비스업,통신장비 수리업,CS300015,가방,0.0,
S202,수리 및 개인 서비스업,통신장비 수리업,CS300016,안경,0.0,
S202,수리 및 개인 서비스업,통신장비 수리업,CS300017,시계및귀금속,0.0,
S202,수리 및 개인 서비스업,통신장비 수리업,CS300018,의약품,0.0,
S202,수리 및 개인 서비스업,통신장비 수리업,CS300019,의료기기,0.0,
S202,수리 및 개인 서비스업,통신장비 수리업,CS300020,서적,0.0,
S202,수리 및 개인 서비스업,통신장비 수리업,CS300021,문구,0.0,
S202,수리 및 개인 서비스업,통신장비 수리업,CS300023,미용재료,0.0,
S202,수리 및 개인 서비스업,통신장비 수리업,CS300024,운동/경기용품,0.0,
S202,수리 및 개인 서비스업,통신장비 수리업,CS300026,완구,0.0,
S202,수리 및 개인 서비스업,통신장비 수리업,CS300027,섬유제품,0.0,
S202,수리 및 개인 서비스업,통신장비 수리업,CS300028,화초,0.0,
S202,수리 및 개인 서비스업,통신장비 수리업,CS300029,애완동물,0.0,
S202,수리 및 개인 서비스업,통신장비 수리업,CS300030,중고가구,0.0,
S202,수리 및 개인 서비스업,통신장비 수리업,CS300031,가구,0.0,
S202,수리 및 개인 서비스업,통신장비 수리업,CS300032,가전제품,0.0,
S202,수리 및 개인 서비스업,통신장비 수리업,CS300033,철물점,0.0,
S202,수리 및 개인 서비스업,통신장비 수리업,CS300034,악기,0.0,
S202,수리 및 개인 서비스업,통신장비 수리업,CS300036,조명용품,0.0,
S202,수리 및 개인 서비스업,통신장비 수리업,CS300037,중고차판매,0.0,
S202,수리 및 개인 서비스업,통신장비 수리업,CS300038,자동차부품,0.0,
S202,수리 및 개인 서비스업,통신장비 수리업,CS300039,모터사이클및부품,0.0,
S202,수리 및 개인 서비스업,통신장비 수리업,CS300040,재생용품 판매점,0.0,
S202,수리 및 개인 서비스업,통신장비 수리업,CS300041,예술품,0.0,
S202,수리 및 개인 서비스업,통신장비 수리업,CS300042,주유소,0.0,
S202,수리 및 개인 서비스업,통신장비 수리업,CS300043,전자상거래업,0.0,
S203,수리 및 개인 서비스업,자동차 수리 및 세차업,CS100001,한식음식점,0.0,
S203,수리 및 개인 서비스업,자동차 수리 및 세차업,CS100002,중식음식점,0.0,
S203,수리 및 개인 서비스업,자동차 수리 및 세차업,CS100003,일식음식점,0.0,
S203,수리 및 개인 서비스업,자동차 수리 및 세차업,CS100004,양식음식점,0.0,
S203,수리 및 개인 서비스업,자동차 수리 및 세차업,CS100005,제과점,0.0,
S203,수리 및 개인 서비스업,자동차 수리 및 세차업,CS100006,패스트푸드점,0.0,
S203,수리 및 개인 서비스업,자동차 수리 및 세차업,CS100007,치킨전문점,0.0,
S203,수리 및 개인 서비스업,자동차 수리 및 세차업,CS100008,분식전문점,0.0,
S203,수리 및 개인 서비스업,자동차 수리 및 세차업,CS100009,호프-간이주점,0.0,
S203,수리 및 개인 서비스업,자동차 수리 및 세차업,CS100010,커피-음료,0.0,
S203,수리 및 개인 서비스업,자동차 수리 및 세차업,CS200001,일반교습학원,0.0,
S203,수리 및 개인 서비스업,자동차 수리 및 세차업,CS200002,외국어학원,0.0,
S203,수리 및 개인 서비스업,자동차 수리 및 세차업,CS200003,예술학원,0.0,
S203,수리 및 개인 서비스업,자동차 수리 및 세차업,CS200004,컴퓨터학원,0.0,
S203,수리 및 개인 서비스업,자동차 수리 및 세차업,CS200005,스포츠 강습,0.0,
S203,수리 및 개인 서비스업,자동차 수리 및 세차업,CS200006,일반의원,0.0,
S203,수리 및 개인 서비스업,자동차 수리 및 세차업,CS200007,치과의원,0.0,
S203,수리 및 개인 서비스업,자동차 수리 및 세차업,CS200008,한의원,0.0,
S203,수리 및 개인 서비스업,자동차 수리 및 세차업,CS200010,변호사사무소,0.0,
S203,수리 및 개인 서비스업,자동차 수리 및 세차업,CS200012,법무사사무소,0.0,
S203,수리 및 개인 서비스업,자동차 수리 및 세차업,CS200013,기타법무서비스,0.0,
S203,수리 및 개인 서비스업,자동차 수리 및 세차업,CS200014,회계사사무소,0.0,
S203,수리 및 개인 서비스업,자동차 수리 및 세차업,CS200016,당구장,0.0,
S203,수리 및 개인 서비스업,자동차 수리 및 세차업,CS200017,골프연습장,0.0,
S203,수리 및 개인 서비스업,자동차 수리 및 세차업,CS200018,볼링장,0.0,
S203,수리 및 개인 서비스업,자동차 수리 및 세차업,CS200019,PC방,0.0,
S203,수리 및 개인 서비스업,자동차 수리 및 세차업,CS200021,기타오락장,0.0,
S203,수리 및 개인 서비스업,자동차 수리 및 세차업,CS200022,복권방,0.0,
S203,수리 및 개인 서비스업,자동차 수리 및 세차업,CS200024,스포츠클럽,0.0,
S203,수리 및 개인 서비스업,자동차 수리 및 세차업,CS200028,미용실,0.0,
S203,수리 및 개인 서비스업,자동차 수리 및 세차업,CS200029,네일숍,0.0,
S203,수리 및 개인 서비스업,자동차 수리 및 세차업,CS200034,여관,0.0,
S203,수리 및 개인 서비스업,자동차 수리 및 세차업,CS200035,게스트하우스,0.0,
S203,수리 및 개인 서비스업,자동차 수리 및 세차업,CS200036,고시원,0.0,
S203,수리 및 개인 서비스업,자동차 수리 및 세차업,CS200037,노래방,0.0,
S203,수리 및 개인 서비스업,자동차 수리 및 세차업,CS200038,독서실,0.0,
S203,수리 및 개인 서비스업,자동차 수리 및 세차업,CS200039,DVD방,0.0,
S203,수리 및 개인 서비스업,자동차 수리 및 세차업,CS200040,녹음실,0.0,
S203,수리 및 개인 서비스업,자동차 수리 및 세차업,CS200041,사진관,0.0,
S203,수리 및 개인 서비스업,자동차 수리 및 세차업,CS200042,통번역서비스,0.0,
S203,수리 및 개인 서비스업,자동차 수리 및 세차업,CS200043,건축물청소,0.0,
S203,수리 및 개인 서비스업,자동차 수리 및 세차업,CS200044,여행사,0.0,
S203,수리 및 개인 서비스업,자동차 수리 및 세차업,CS200045,비디오/서적임대,0.0,
S203,수리 및 개인 서비스업,자동차 수리 및 세차업,CS200046,의류임대,0.0,
S203,수리 및 개인 서비스업,자동차 수리 및 세차업,CS200047,가정용품임대,0.0,
S203,수리 및 개인 서비스업,자동차 수리 및 세차업,CS300001,슈퍼마켓,0.0,
S203,수리 및 개인 서비스업,자동차 수리 및 세차업,CS300002,편의점,0.0,
S203,수리 및 개인 서비스업,자동차 수리 및 세차업,CS300003,컴퓨터및주변장치판매,0.0,
S203,수리 및 개인 서비스업,자동차 수리 및 세차업,CS300004,핸드폰,0.0,
S203,수리 및 개인 서비스업,자동차 수리 및 세차업,CS300005,주류도매,0.0,
S203,수리 및 개인 서비스업,자동차 수리 및 세차업,CS300006,미곡판매,0.0,
S203,수리 및 개인 서비스업,자동차 수리 및 세차업,CS300007,육류판매,0.0,
S203,수리 및 개인 서비스업,자동차 수리 및 세차업,CS300009,청과상,0.0,
S203,수리 및 개인 서비스업,자동차 수리 및 세차업,CS300010,반찬가게,0.0,
S203,수리 및 개인 서비스업,자동차 수리 및 세차업,CS300011,일반의류,0.0,
S203,수리 및 개인 서비스업,자동차 수리 및 세차업,CS300012,한복점,0.0,
S203,수리 및 개인 서비스업,자동차 수리 및 세차업,CS300013,유아의류,0.0,
S203,수리 및 개인 서비스업,자동차 수리 및 세차업,CS300014,신발,0.0,
S203,수리 및 개인 서비스업,자동차 수리 및 세차업,CS300015,가방,0.0,
S203,수리 및 개인 서비스업,자동차 수리 및 세차업,CS300016,안경,0.0,
S203,수리 및 개인 서비스업,자동차 수리 및 세차업,CS300017,시계및귀금속,0.0,
S203,수리 및 개인 서비스업,자동차 수리 및 세차업,CS300018,의약품,0.0,
S203,수리 및 개인 서비스업,자동차 수리 및 세차업,CS300019,의료기기,0.0,
S203,수리 및 개인 서비스업,자동차 수리 및 세차업,CS300020,서적,0.0,
S203,수리 및 개인 서비스업,자동차 수리 및 세차업,CS300021,문구,0.0,
S203,수리 및 개인 서비스업,자동차 수리 및 세차업,CS300022,화장품,0.0,
S203,수리 및 개인 서비스업,자동차 수리 및 세차업,CS300023,미용재료,0.0,
S203,수리 및 개인 서비스업,자동차 수리 및 세차업,CS300026,완구,0.0,
S203,수리 및 개인 서비스업,자동차 수리 및 세차업,CS300027,섬유제품,0.0,
S203,수리 및 개인 서비스업,자동차 수리 및 세차업,CS300028,화초,0.0,
S203,수리 및 개인 서비스업,자동차 수리 및 세차업,CS300030,중고가구,0.0,
S203,수리 및 개인 서비스업,자동차 수리 및 세차업,CS300031,가구,0.0,
S203,수리 및 개인 서비스업,자동차 수리 및 세차업,CS300032,가전제품,0.0,
S203,수리 및 개인 서비스업,자동차 수리 및 세차업,CS300033,철물점,0.0,
S203,수리 및 개인 서비스업,자동차 수리 및 세차업,CS300034,악기,0.0,
S203,수리 및 개인 서비스업,자동차 수리 및 세차업,CS300036,조명용품,0.0,
S203,수리 및 개인 서비스업,자동차 수리 및 세차업,CS300039,모터사이클및부품,0.0,
S203,수리 및 개인 서비스업,자동차 수리 및 세차업,CS300040,재생용품 판매점,0.0,
S203,수리 및 개인 서비스업,자동차 수리 및 세차업,CS300041,예술품,0.0,
S203,수리 및 개인 서비스업,자동차 수리 및 세차업,CS300042,주유소,0.0,
S204,수리 및 개인 서비스업,모터사이클 수리업,CS100001,한식음식점,0.0,
S204,수리 및 개인 서비스업,모터사이클 수리업,CS100002,중식음식점,0.0,
S204,수리 및 개인 서비스업,모터사이클 수리업,CS100003,일식음식점,0.0,
S204,수리 및 개인 서비스업,모터사이클 수리업,CS100004,양식음식점,0.0,
S204,수리 및 개인 서비스업,모터사이클 수리업,CS100005,제과점,0.0,
S204,수리 및 개인 서비스업,모터사이클 수리업,CS100006,패스트푸드점,0.0,
S204,수리 및 개인 서비스업,모터사이클 수리업,CS100007,치킨전문점,0.0,
S204,수리 및 개인 서비스업,모터사이클 수리업,CS100008,분식전문점,0.0,
S204,수리 및 개인 서비스업,모터사이클 수리업,CS100010,커피-음료,0.0,
S204,수리 및 개인 서비스업,모터사이클 수리업,CS200001,일반교습학원,0.0,
S204,수리 및 개인 서비스업,모터사이클 수리업,CS200002,외국어학원,0.0,
S204,수리 및 개인 서비스업,모터사이클 수리업,CS200003,예술학원,0.0,
S204,수리 및 개인 서비스업,모터사이클 수리업,CS200005,스포츠 강습,0.0,
S204,수리 및 개인 서비스업,모터사이클 수리업,CS200006,일반의원,0.0,
S204,수리 및 개인 서비스업,모터사이클 수리업,CS200007,치과의원,0.0,
S204,수리 및 개인 서비스업,모터사이클 수리업,CS200008,한의원,0.0,
S204,수리 및 개인 서비스업,모터사이클 수리업,CS200009,동물병원,0.0,
S204,수리 및 개인 서비스업,모터사이클 수리업,CS200013,기타법무서비스,0.0,
S204,수리 및 개인 서비스업,모터사이클 수리업,CS200016,당구장,0.0,
S204,수리 및 개인 서비스업,모터사이클 수리업,CS200017,골프연습장,0.0,
S204,수리 및 개인 서비스업,모터사이클 수리업,CS200018,볼링장,0.0,
S204,수리 및 개인 서비스업,모터사이클 수리업,CS200019,PC방,0.0,
S204,수리 및 개인 서비스업,모터사이클 수리업,CS200020,전자게임장,0.0,
S204,수리 및 개인 서비스업,모터사이클 수리업,CS200021,기타오락장,0.0,
S204,수리 및 개인 서비스업,모터사이클 수리업,CS200022,복권방,0.0,
S204,수리 및 개인 서비스업,모터사이클 수리업,CS200026,자동차미용,0.0,
S204,수리 및 개인 서비스업,모터사이클 수리업,CS200028,미용실,0.0,
S204,수리 및 개인 서비스업,모터사이클 수리업,CS200029,네일숍,0.0,
S204,수리 및 개인 서비스업,모터사이클 수리업,CS200031,세탁소,0.0,
S204,수리 및 개인 서비스업,모터사이클 수리업,CS200033,부동산중개업,0.0,
S204,수리 및 개인 서비스업,모터사이클 수리업,CS200034,여관,0.0,
S204,수리 및 개인 서비스업,모터사이클 수리업,CS200035,게스트하우스,0.0,
S204,수리 및 개인 서비스업,모터사이클 수리업,CS200036,고시원,0.0,
S204,수리 및 개인 서비스업,모터사이클 수리업,CS200037,노래방,0.0,
S204,수리 및 개인 서비스업,모터사이클 수리업,CS200038,독서실,0.0,
S204,수리 및 개인 서비스업,모터사이클 수리업,CS200039,DVD방,0.0,
S204,수리 및 개인 서비스업,모터사이클 수리업,CS200040,녹음실,0.0,
S204,수리 및 개인 서비스업,모터사이클 수리업,CS200042,통번역서비스,0.0,
S204,수리 및 개인 서비스업,모터사이클 수리업,CS200043,건축물청소,0.0,
S204,수리 및 개인 서비스업,모터사이클 수리업,CS200045,비디오/서적임대,0.0,
S204,수리 및 개인 서비스업,모터사이클 수리업,CS200046,의류임대,0.0,
S204,수리 및 개인 서비스업,모터사이클 수리업,CS200047,가정용품임대,0.0,
S204,수리 및 개인 서비스업,모터사이클 수리업,CS300001,슈퍼마켓,0.0,
S204,수리 및 개인 서비스업,모터사이클 수리업,CS300002,편의점,0.0,
S204,수리 및 개인 서비스업,모터사이클 수리업,CS300004,핸드폰,0.0,
S204,수리 및 개인 서비스업,모터사이클 수리업,CS300005,주류도매,0.0,
S204,수리 및 개인 서비스업,모터사이클 수리업,CS300006,미곡판매,0.0,
S204,수리 및 개인 서비스업,모터사이클 수리업,CS300007,육류판매,0.0,
S204,수리 및 개인 서비스업,모터사이클 수리업,CS300009,청과상,0.0,
S204,수리 및 개인 서비스업,모터사이클 수리업,CS300010,반찬가게,0.0,
S204,수리 및 개인 서비스업,모터사이클 수리업,CS300011,일반의류,0.0,
S204,수리 및 개인 서비스업,모터사이클 수리업,CS300012,한복점,0.0,
S204,수리 및 개인 서비스업,모터사이클 수리업,CS300013,유아의류,0.0,
S204,수리 및 개인 서비스업,모터사이클 수리업,CS300014,신발,0.0,
S204,수리 및 개인 서비스업,모터사이클 수리업,CS300015,가방,0.0,
S204,수리 및 개인 서비스업,모터사이클 수리업,CS300016,안경,0.0,
S204,수리 및 개인 서비스업,모터사이클 수리업,CS300017,시계및귀금속,0.0,
S204,수리 및 개인 서비스업,모터사이클 수리업,CS300018,의약품,0.0,
S204,수리 및 개인 서비스업,모터사이클 수리업,CS300019,의료기기,0.0,
S204,수리 및 개인 서비스업,모터사이클 수리업,CS300020,서적,0.0,
S204,수리 및 개인 서비스업,모터사이클 수리업,CS300021,문구,0.0,
S204,수리 및 개인 서비스업,모터사이클 수리업,CS300022,화장품,0.0,
S204,수리 및 개인 서비스업,모터사이클 수리업,CS300023,미용재료,0.0,
S204,수리 및 개인 서비스업,모터사이클 수리업,CS300024,운동/경기용품,0.0,
S204,수리 및 개인 서비스업,모터사이클 수리업,CS300025,자전거 및 기타운송장비,0.0,
S204,수리 및 개인 서비스업,모터사이클 수리업,CS300026,완구,0.0,
S204,수리 및 개인 서비스업,모터사이클 수리업,CS300027,섬유제품,0.0,
S204,수리 및 개인 서비스업,모터사이클 수리업,CS300028,화초,0.0,
S204,수리 및 개인 서비스업,모터사이클 수리업,CS300029,애완동물,0.0,
S204,수리 및 개인 서비스업,모터사이클 수리업,CS300030,중고가구,0.0,
S204,수리 및 개인 서비스업,모터사이클 수리업,CS300031,가구,0.0,
S204,수리 및 개인 서비스업,모터사이클 수리업,CS300032,가전제품,0.0,
S204,수리 및 개인 서비스업,모터사이클 수리업,CS300033,철물점,0.0,
S204,수리 및 개인 서비스업,모터사이클 수리업,CS300034,악기,0.0,
S204,수리 및 개인 서비스업,모터사이클 수리업,CS300036,조명용품,0.0,
S204,수리 및 개인 서비스업,모터사이클 수리업,CS300037,중고차판매,0.0,
S204,수리 및 개인 서비스업,모터사이클 수리업,CS300038,자동차부품,0.0,
S204,수리 및 개인 서비스업,모터사이클 수리업,CS300040,재생용품 판매점,0.0,
S204,수리 및 개인 서비스업,모터사이클 수리업,CS300041,예술품,0.0,
S204,수리 및 개인 서비스업,모터사이클 수리업,CS300042,주유소,0.0,
S204,수리 및 개인 서비스업,모터사이클 수리업,CS300043,전자상거래업,0.0,
S205,수리 및 개인 서비스업,가전제품 수리업,CS100001,한식음식점,0.0,
S205,수리 및 개인 서비스업,가전제품 수리업,CS100002,중식음식점,0.0,
S205,수리 및 개인 서비스업,가전제품 수리업,CS100003,일식음식점,0.0,
S205,수리 및 개인 서비스업,가전제품 수리업,CS100004,양식음식점,0.0,
S205,수리 및 개인 서비스업,가전제품 수리업,CS100006,패스트푸드점,0.0,
S205,수리 및 개인 서비스업,가전제품 수리업,CS100009,호프-간이주점,0.0,
S205,수리 및 개인 서비스업,가전제품 수리업,CS100010,커피-음료,0.0,
S205,수리 및 개인 서비스업,가전제품 수리업,CS200001,일반교습학원,0.0,
S205,수리 및 개인 서비스업,가전제품 수리업,CS200002,외국어학원,0.0,
S205,수리 및 개인 서비스업,가전제품 수리업,CS200003,예술학원,0.0,
S205,수리 및 개인 서비스업,가전제품 수리업,CS200004,컴퓨터학원,0.0,
S205,수리 및 개인 서비스업,가전제품 수리업,CS200005,스포츠 강습,0.0,
S205,수리 및 개인 서비스업,가전제품 수리업,CS200006,일반의원,0.0,
S205,수리 및 개인 서비스업,가전제품 수리업,CS200007,치과의원,0.0,
S205,수리 및 개인 서비스업,가전제품 수리업,CS200008,한의원,0.0,
S205,수리 및 개인 서비스업,가전제품 수리업,CS200009,동물병원,0.0,
S205,수리 및 개인 서비스업,가전제품 수리업,CS200010,변호사사무소,0.0,
S205,수리 및 개인 서비스업,가전제품 수리업,CS200012,법무사사무소,0.0,
S205,수리 및 개인 서비스업,가전제품 수리업,CS200013,기타법무서비스,0.0,
S205,수리 및 개인 서비스업,가전제품 수리업,CS200014,회계사사무소,0.0,
S205,수리 및 개인 서비스업,가전제품 수리업,CS200015,세무사사무소,0.0,
S205,수리 및 개인 서비스업,가전제품 수리업,CS200016,당구장,0.0,
S205,수리 및 개인 서비스업,가전제품 수리업,CS200017,골프연습장,0.0,
S205,수리 및 개인 서비스업,가전제품 수리업,CS200018,볼링장,0.0,
S205,수리 및 개인 서비스업,가전제품 수리업,CS200019,PC방,0.0,
S205,수리 및 개인 서비스업,가전제품 수리업,CS200021,기타오락장,0.0,
S205,수리 및 개인 서비스업,가전제품 수리업,CS200022,복권방,0.0,
S205,수리 및 개인 서비스업,가전제품 수리업,CS200024,스포츠클럽,0.0,
S205,수리 및 개인 서비스업,가전제품 수리업,CS200026,자동차미용,0.0,
S205,수리 및 개인 서비스업,가전제품 수리업,CS200028,미용실,0.0,
S205,수리 및 개인 서비스업,가전제품 수리업,CS200029,네일숍,0.0,
S205,수리 및 개인 서비스업,가전제품 수리업,CS200031,세탁소,0.0,
S205,수리 및 개인 서비스업,가전제품 수리업,CS200033,부동산중개업,0.0,
S205,수리 및 개인 서비스업,가전제품 수리업,CS200034,여관,0.0,
S205,수리 및 개인 서비스업,가전제품 수리업,CS200035,게스트하우스,0.0,
S205,수리 및 개인 서비스업,가전제품 수리업,CS200036,고시원,0.0,
S205,수리 및 개인 서비스업,가전제품 수리업,CS200037,노래방,0.0,
S205,수리 및 개인 서비스업,가전제품 수리업,CS200038,독서실,0.0,
S205,수리 및 개인 서비스업,가전제품 수리업,CS200039,DVD방,0.0,
S205,수리 및 개인 서비스업,가전제품 수리업,CS200040,녹음실,0.0,
S205,수리 및 개인 서비스업,가전제품 수리업,CS200041,사진관,0.0,
S205,수리 및 개인 서비스업,가전제품 수리업,CS200042,통번역서비스,0.0,
S205,수리 및 개인 서비스업,가전제품 수리업,CS200043,건축물청소,0.0,
S205,수리 및 개인 서비스업,가전제품 수리업,CS200044,여행사,0.0,
S205,수리 및 개인 서비스업,가전제품 수리업,CS200045,비디오/서적임대,0.0,
S205,수리 및 개인 서비스업,가전제품 수리업,CS200046,의류임대,0.0,
S205,수리 및 개인 서비스업,가전제품 수리업,CS300001,슈퍼마켓,0.0,
S205,수리 및 개인 서비스업,가전제품 수리업,CS300002,편의점,0.0,
S205,수리 및 개인 서비스업,가전제품 수리업,CS300003,컴퓨터및주변장치판매,0.0,
S205,수리 및 개인 서비스업,가전제품 수리업,CS300004,핸드폰,0.0,
S205,수리 및 개인 서비스업,가전제품 수리업,CS300005,주류도매,0.0,
S205,수리 및 개인 서비스업,가전제품 수리업,CS300006,미곡판매,0.0,
S205,수리 및 개인 서비스업,가전제품 수리업,CS300007,육류판매,0.0,
S205,수리 및 개인 서비스업,가전제품 수리업,CS300009,청과상,0.0,
S205,수리 및 개인 서비스업,가전제품 수리업,CS300011,일반의류,0.0,
S205,수리 및 개인 서비스업,가전제품 수리업,CS300012,한복점,0.0,
S205,수리 및 개인 서비스업,가전제품 수리업,CS300013,유아의류,0.0,
S205,수리 및 개인 서비스업,가전제품 수리업,CS300014,신발,0.0,
S205,수리 및 개인 서비스업,가전제품 수리업,CS300016,안경,0.0,
S205,수리 및 개인 서비스업,가전제품 수리업,CS300017,시계및귀금속,0.0,
S205,수리 및 개인 서비스업,가전제품 수리업,CS300019,의료기기,0.0,
S205,수리 및 개인 서비스업,가전제품 수리업,CS300020,서적,0.0,
S205,수리 및 개인 서비스업,가전제품 수리업,CS300021,문구,0.0,
S205,수리 및 개인 서비스업,가전제품 수리업,CS300023,미용재료,0.0,
S205,수리 및 개인 서비스업,가전제품 수리업,CS300026,완구,0.0,
S205,수리 및 개인 서비스업,가전제품 수리업,CS300028,화초,0.0,
S205,수리 및 개인 서비스업,가전제품 수리업,CS300029,애완동물,0.0,
S205,수리 및 개인 서비스업,가전제품 수리업,CS300033,철물점,0.0,
S205,수리 및 개인 서비스업,가전제품 수리업,CS300034,악기,0.0,
S205,수리 및 개인 서비스업,가전제품 수리업,CS300037,중고차판매,0.0,
S205,수리 및 개인 서비스업,가전제품 수리업,CS300042,주유소,0.0,
S206,수리 및 개인 서비스업,기타 개인 및 가정용품 수리업,CS100001,한식음식점,0.0,
S206,수리 및 개인 서비스업,기타 개인 및 가정용품 수리업,CS100002,중식음식점,0.0,
S206,수리 및 개인 서비스업,기타 개인 및 가정용품 수리업,CS100003,일식음식점,0.0,
S206,수리 및 개인 서비스업,기타 개인 및 가정용품 수리업,CS100004,양식음식점,0.0,
S206,수리 및 개인 서비스업,기타 개인 및 가정용품 수리업,CS100005,제과점,0.0,
S206,수리 및 개인 서비스업,기타 개인 및 가정용품 수리업,CS100006,패스트푸드점,0.0,
S206,수리 및 개인 서비스업,기타 개인 및 가정용품 수리업,CS100007,치킨전문점,0.0,
S206,수리 및 개인 서비스업,기타 개인 및 가정용품 수리업,CS100008,분식전문점,0.0,
S206,수리 및 개인 서비스업,기타 개인 및 가정용품 수리업,CS100009,호프-간이주점,0.0,
S206,수리 및 개인 서비스업,기타 개인 및 가정용품 수리업,CS100010,커피-음료,0.0,
S206,수리 및 개인 서비스업,기타 개인 및 가정용품 수리업,CS200001,일반교습학원,0.0,
S206,수리 및 개인 서비스업,기타 개인 및 가정용품 수리업,CS200002,외국어학원,0.0,
S206,수리 및 개인 서비스업,기타 개인 및 가정용품 수리업,CS200003,예술학원,0.0,
S206,수리 및 개인 서비스업,기타 개인 및 가정용품 수리업,CS200004,컴퓨터학원,0.0,
S206,수리 및 개인 서비스업,기타 개인 및 가정용품 수리업,CS200005,스포츠 강습,0.0,
S206,수리 및 개인 서비스업,기타 개인 및 가정용품 수리업,CS200006,일반의원,0.0,
S206,수리 및 개인 서비스업,기타 개인 및 가정용품 수리업,CS200007,치과의원,0.0,
S206,수리 및 개인 서비스업,기타 개인 및 가정용품 수리업,CS200008,한의원,0.0,
S206,수리 및 개인 서비스업,기타 개인 및 가정용품 수리업,CS200009,동물병원,0.0,
S206,수리 및 개인 서비스업,기타 개인 및 가정용품 수리업,CS200010,변호사사무소,0.0,
S206,수리 및 개인 서비스업,기타 개인 및 가정용품 수리업,CS200012,법무사사무소,0.0,
S206,수리 및 개인 서비스업,기타 개인 및 가정용품 수리업,CS200013,기타법무서비스,0.0,
S206,수리 및 개인 서비스업,기타 개인 및 가정용품 수리업,CS200014,회계사사무소,0.0,
S206,수리 및 개인 서비스업,기타 개인 및 가정용품 수리업,CS200015,세무사사무소,0.0,
S206,수리 및 개인 서비스업,기타 개인 및 가정용품 수리업,CS200016,당구장,0.0,
S206,수리 및 개인 서비스업,기타 개인 및 가정용품 수리업,CS200017,골프연습장,0.0,
S206,수리 및 개인 서비스업,기타 개인 및 가정용품 수리업,CS200018,볼링장,0.0,
S206,수리 및 개인 서비스업,기타 개인 및 가정용품 수리업,CS200019,PC방,0.0,
S206,수리 및 개인 서비스업,기타 개인 및 가정용품 수리업,CS200020,전자게임장,0.0,
S206,수리 및 개인 서비스업,기타 개인 및 가정용품 수리업,CS200021,기타오락장,0.0,
S206,수리 및 개인 서비스업,기타 개인 및 가정용품 수리업,CS200022,복권방,0.0,
S206,수리 및 개인 서비스업,기타 개인 및 가정용품 수리업,CS200024,스포츠클럽,0.0,
S206,수리 및 개인 서비스업,기타 개인 및 가정용품 수리업,CS200029,네일숍,0.0,
S206,수리 및 개인 서비스업,기타 개인 및 가정용품 수리업,CS200031,세탁소,0.0,
S206,수리 및 개인 서비스업,기타 개인 및 가정용품 수리업,CS200034,여관,0.0,
S206,수리 및 개인 서비스업,기타 개인 및 가정용품 수리업,CS200035,게스트하우스,0.0,
S206,수리 및 개인 서비스업,기타 개인 및 가정용품 수리업,CS200036,고시원,0.0,
S206,수리 및 개인 서비스업,기타 개인 및 가정용품 수리업,CS200037,노래방,0.0,
S206,수리 및 개인 서비스업,기타 개인 및 가정용품 수리업,CS200038,독서실,0.0,
S206,수리 및 개인 서비스업,기타 개인 및 가정용품 수리업,CS200039,DVD방,0.0,
S206,수리 및 개인 서비스업,기타 개인 및 가정용품 수리업,CS200040,녹음실,0.0,
S206,수리 및 개인 서비스업,기타 개인 및 가정용품 수리업,CS200041,사진관,0.0,
S206,수리 및 개인 서비스업,기타 개인 및 가정용품 수리업,CS200042,통번역서비스,0.0,
S206,수리 및 개인 서비스업,기타 개인 및 가정용품 수리업,CS200043,건축물청소,0.0,
S206,수리 및 개인 서비스업,기타 개인 및 가정용품 수리업,CS200044,여행사,0.0,
S206,수리 및 개인 서비스업,기타 개인 및 가정용품 수리업,CS200045,비디오/서적임대,0.0,
S206,수리 및 개인 서비스업,기타 개인 및 가정용품 수리업,CS200046,의류임대,0.0,
S206,수리 및 개인 서비스업,기타 개인 및 가정용품 수리업,CS300001,슈퍼마켓,0.0,
S206,수리 및 개인 서비스업,기타 개인 및 가정용품 수리업,CS300002,편의점,0.0,
S206,수리 및 개인 서비스업,기타 개인 및 가정용품 수리업,CS300003,컴퓨터및주변장치판매,0.0,
S206,수리 및 개인 서비스업,기타 개인 및 가정용품 수리업,CS300004,핸드폰,0.0,
S206,수리 및 개인 서비스업,기타 개인 및 가정용품 수리업,CS300005,주류도매,0.0,
S206,수리 및 개인 서비스업,기타 개인 및 가정용품 수리업,CS300006,미곡판매,0.0,
S206,수리 및 개인 서비스업,기타 개인 및 가정용품 수리업,CS300007,육류판매,0.0,
S206,수리 및 개인 서비스업,기타 개인 및 가정용품 수리업,CS300009,청과상,0.0,
S206,수리 및 개인 서비스업,기타 개인 및 가정용품 수리업,CS300011,일반의류,0.0,
S206,수리 및 개인 서비스업,기타 개인 및 가정용품 수리업,CS300012,한복점,0.0,
S206,수리 및 개인 서비스업,기타 개인 및 가정용품 수리업,CS300013,유아의류,0.0,
S206,수리 및 개인 서비스업,기타 개인 및 가정용품 수리업,CS300014,신발,0.0,
S206,수리 및 개인 서비스업,기타 개인 및 가정용품 수리업,CS300016,안경,0.0,
S206,수리 및 개인 서비스업,기타 개인 및 가정용품 수리업,CS300017,시계및귀금속,0.0,
S206,수리 및 개인 서비스업,기타 개인 및 가정용품 수리업,CS300019,의료기기,0.0,
S206,수리 및 개인 서비스업,기타 개인 및 가정용품 수리업,CS300020,서적,0.0,
S206,수리 및 개인 서비스업,기타 개인 및 가정용품 수리업,CS300021,문구,0.0,
S206,수리 및 개인 서비스업,기타 개인 및 가정용품 수리업,CS300025,자전거 및 기타운송장비,0.0,
S206,수리 및 개인 서비스업,기타 개인 및 가정용품 수리업,CS300026,완구,0.0,
S206,수리 및 개인 서비스업,기타 개인 및 가정용품 수리업,CS300028,화초,0.0,
S206,수리 및 개인 서비스업,기타 개인 및 가정용품 수리업,CS300029,애완동물,0.0,
S206,수리 및 개인 서비스업,기타 개인 및 가정용품 수리업,CS300033,철물점,0.0,
S206,수리 및 개인 서비스업,기타 개인 및 가정용품 수리업,CS300034,악기,0.0,
S206,수리 및 개인 서비스업,기타 개인 및 가정용품 수리업,CS300037,중고차판매,0.0,
S206,수리 및 개인 서비스업,기타 개인 및 가정용품 수리업,CS300042,주유소,0.0,
S206,수리 및 개인 서비스업,기타 개인 및 가정용품 수리업,CS300043,전자상거래업,0.0,
S207,수리 및 개인 서비스업,이용 및 미용업,CS100001,한식음식점,0.0,
S207,수리 및 개인 서비스업,이용 및 미용업,CS100002,중식음식점,0.0,
S207,수리 및 개인 서비스업,이용 및 미용업,CS100003,일식음식점,0.0,
S207,수리 및 개인 서비스업,이용 및 미용업,CS100004,양식음식점,0.0,
S207,수리 및 개인 서비스업,이용 및 미용업,CS100005,제과점,0.0,
S207,수리 및 개인 서비스업,이용 및 미용업,CS100006,패스트푸드점,0.0,
S207,수리 및 개인 서비스업,이용 및 미용업,CS100007,치킨전문점,0.0,
S207,수리 및 개인 서비스업,이용 및 미용업,CS100008,분식전문점,0.0,
S207,수리 및 개인 서비스업,이용 및 미용업,CS100010,커피-음료,0.0,
S207,수리 및 개인 서비스업,이용 및 미용업,CS200001,일반교습학원,0.0,
S207,수리 및 개인 서비스업,이용 및 미용업,CS200002,외국어학원,0.0,
S207,수리 및 개인 서비스업,이용 및 미용업,CS200003,예술학원,0.0,
S207,수리 및 개인 서비스업,이용 및 미용업,CS200004,컴퓨터학원,0.0,
S207,수리 및 개인 서비스업,이용 및 미용업,CS200005,스포츠 강습,0.0,
S207,수리 및 개인 서비스업,이용 및 미용업,CS200006,일반의원,0.0,
S207,수리 및 개인 서비스업,이용 및 미용업,CS200007,치과의원,0.0,
S207,수리 및 개인 서비스업,이용 및 미용업,CS200008,한의원,0.0,
S207,수리 및 개인 서비스업,이용 및 미용업,CS200009,동물병원,0.0,
S207,수리 및 개인 서비스업,이용 및 미용업,CS200010,변호사사무소,0.0,
S207,수리 및 개인 서비스업,이용 및 미용업,CS200011,변리사사무소,0.0,
S207,수리 및 개인 서비스업,이용 및 미용업,CS200012,법무사사무소,0.0,
S207,수리 및 개인 서비스업,이용 및 미용업,CS200013,기타법무서비스,0.0,
S207,수리 및 개인 서비스업,이용 및 미용업,CS200014,회계사사무소,0.0,
S207,수리 및 개인 서비스업,이용 및 미용업,CS200015,세무사사무소,0.0,
S207,수리 및 개인 서비스업,이용 및 미용업,CS200016,당구장,0.0,
S207,수리 및 개인 서비스업,이용 및 미용업,CS200017,골프연습장,0.0,
S207,수리 및 개인 서비스업,이용 및 미용업,CS200018,볼링장,0.0,
S207,수리 및 개인 서비스업,이용 및 미용업,CS200019,PC방,0.0,
S207,수리 및 개인 서비스업,이용 및 미용업,CS200020,전자게임장,0.0,
S207,수리 및 개인 서비스업,이용 및 미용업,CS200021,기타오락장,0.0,
S207,수리 및 개인 서비스업,이용 및 미용업,CS200022,복권방,0.0,
S207,수리 및 개인 서비스업,이용 및 미용업,CS200023,통신기기수리,0.0,
S207,수리 및 개인 서비스업,이용 및 미용업,CS200024,스포츠클럽,0.0,
S207,수리 및 개인 서비스업,이용 및 미용업,CS200025,자동차수리,0.0,
S207,수리 및 개인 서비스업,이용 및 미용업,CS200029,네일숍,0.0,
S207,수리 및 개인 서비스업,이용 및 미용업,CS200030,피부관리실,0.0,
S207,수리 및 개인 서비스업,이용 및 미용업,CS200031,세탁소,0.0,
S207,수리 및 개인 서비스업,이용 및 미용업,CS200032,가전제품수리,0.0,
S207,수리 및 개인 서비스업,이용 및 미용업,CS200033,부동산중개업,0.0,
S207,수리 및 개인 서비스업,이용 및 미용업,CS200034,여관,0.0,
S207,수리 및 개인 서비스업,이용 및 미용업,CS200035,게스트하우스,0.0,
S207,수리 및 개인 서비스업,이용 및 미용업,CS200036,고시원,0.0,
S207,수리 및 개인 서비스업,이용 및 미용업,CS200037,노래방,0.0,
S207,수리 및 개인 서비스업,이용 및 미용업,CS200038,독서실,0.0,
S207,수리 및 개인 서비스업,이용 및 미용업,CS200039,DVD방,0.0,
S207,수리 및 개인 서비스업,이용 및 미용업,CS200040,녹음실,0.0,
S207,수리 및 개인 서비스업,이용 및 미용업,CS200041,사진관,0.0,
S207,수리 및 개인 서비스업,이용 및 미용업,CS200042,통번역서비스,0.0,
S207,수리 및 개인 서비스업,이용 및 미용업,CS200043,건축물청소,0.0,
S207,수리 및 개인 서비스업,이용 및 미용업,CS200044,여행사,0.0,
S207,수리 및 개인 서비스업,이용 및 미용업,CS200045,비디오/서적임대,0.0,
S207,수리 및 개인 서비스업,이용 및 미용업,CS200046,의류임대,0.0,
S207,수리 및 개인 서비스업,이용 및 미용업,CS300001,슈퍼마켓,0.0,
S207,수리 및 개인 서비스업,이용 및 미용업,CS300002,편의점,0.0,
S207,수리 및 개인 서비스업,이용 및 미용업,CS300003,컴퓨터및주변장치판매,0.0,
S207,수리 및 개인 서비스업,이용 및 미용업,CS300004,핸드폰,0.0,
S207,수리 및 개인 서비스업,이용 및 미용업,CS300005,주류도매,0.0,
S207,수리 및 개인 서비스업,이용 및 미용업,CS300007,육류판매,0.0,
S207,수리 및 개인 서비스업,이용 및 미용업,CS300008,수산물판매,0.0,
S207,수리 및 개인 서비스업,이용 및 미용업,CS300009,청과상,0.0,
S207,수리 및 개인 서비스업,이용 및 미용업,CS300010,반찬가게,0.0,
S207,수리 및 개인 서비스업,이용 및 미용업,CS300011,일반의류,0.0,
S207,수리 및 개인 서비스업,이용 및 미용업,CS300012,한복점,0.0,
S207,수리 및 개인 서비스업,이용 및 미용업,CS300013,유아의류,0.0,
S207,수리 및 개인 서비스업,이용 및 미용업,CS300014,신발,0.0,
S207,수리 및 개인 서비스업,이용 및 미용업,CS300015,가방,0.0,
S207,수리 및 개인 서비스업,이용 및 미용업,CS300016,안경,0.0,
S207,수리 및 개인 서비스업,이용 및 미용업,CS300017,시계및귀금속,0.0,
S207,수리 및 개인 서비스업,이용 및 미용업,CS300018,의약품,0.0,
S207,수리 및 개인 서비스업,이용 및 미용업,CS300019,의료기기,0.0,
S207,수리 및 개인 서비스업,이용 및 미용업,CS300020,서적,0.0,
S207,수리 및 개인 서비스업,이용 및 미용업,CS300021,문구,0.0,
S207,수리 및 개인 서비스업,이용 및 미용업,CS300022,화장품,0.0,
S207,수리 및 개인 서비스업,이용 및 미용업,CS300025,자전거 및 기타운송장비,0.0,
S207,수리 및 개인 서비스업,이용 및 미용업,CS300026,완구,0.0,
S207,수리 및 개인 서비스업,이용 및 미용업,CS300027,섬유제품,0.0,
S207,수리 및 개인 서비스업,이용 및 미용업,CS300028,화초,0.0,
S207,수리 및 개인 서비스업,이용 및 미용업,CS300029,애완동물,0.0,
S207,수리 및 개인 서비스업,이용 및 미용업,CS300030,중고가구,0.0,
S207,수리 및 개인 서비스업,이용 및 미용업,CS300031,가구,0.0,
S207,수리 및 개인 서비스업,이용 및 미용업,CS300032,가전제품,0.0,
S207,수리 및 개인 서비스업,이용 및 미용업,CS300033,철물점,0.0,
S207,수리 및 개인 서비스업,이용 및 미용업,CS300034,악기,0.0,
S207,수리 및 개인 서비스업,이용 및 미용업,CS300035,인테리어,0.0,
S207,수리 및 개인 서비스업,이용 및 미용업,CS300037,중고차판매,0.0,
S207,수리 및 개인 서비스업,이용 및 미용업,CS300038,자동차부품,0.0,
S207,수리 및 개인 서비스업,이용 및 미용업,CS300041,예술품,0.0,
S207,수리 및 개인 서비스업,이용 및 미용업,CS300042,주유소,0.0,
S207,수리 및 개인 서비스업,이용 및 미용업,CS300043,전자상거래업,0.0,
S208,수리 및 개인 서비스업,"욕탕, 마사지 및 기타 신체 관리 서비스업",CS100001,한식음식점,0.0,
S208,수리 및 개인 서비스업,"욕탕, 마사지 및 기타 신체 관리 서비스업",CS100002,중식음식점,0.0,
S208,수리 및 개인 서비스업,"욕탕, 마사지 및 기타 신체 관리 서비스업",CS100003,일식음식점,0.0,
S208,수리 및 개인 서비스업,"욕탕, 마사지 및 기타 신체 관리 서비스업",CS100004,양식음식점,0.0,
S208,수리 및 개인 서비스업,"욕탕, 마사지 및 기타 신체 관리 서비스업",CS100005,제과점,0.0,
S208,수리 및 개인 서비스업,"욕탕, 마사지 및 기타 신체 관리 서비스업",CS100006,패스트푸드점,0.0,
S208,수리 및 개인 서비스업,"욕탕, 마사지 및 기타 신체 관리 서비스업",CS100007,치킨전문점,0.0,
S208,수리 및 개인 서비스업,"욕탕, 마사지 및 기타 신체 관리 서비스업",CS100008,분식전문점,0.0,
S208,수리 및 개인 서비스업,"욕탕, 마사지 및 기타 신체 관리 서비스업",CS100009,호프-간이주점,0.0,
S208,수리 및 개인 서비스업,"욕탕, 마사지 및 기타 신체 관리 서비스업",CS100010,커피-음료,0.0,
S208,수리 및 개인 서비스업,"욕탕, 마사지 및 기타 신체 관리 서비스업",CS200001,일반교습학원,0.0,
S208,수리 및 개인 서비스업,"욕탕, 마사지 및 기타 신체 관리 서비스업",CS200002,외국어학원,0.0,
S208,수리 및 개인 서비스업,"욕탕, 마사지 및 기타 신체 관리 서비스업",CS200003,예술학원,0.0,
S208,수리 및 개인 서비스업,"욕탕, 마사지 및 기타 신체 관리 서비스업",CS200004,컴퓨터학원,0.0,
S208,수리 및 개인 서비스업,"욕탕, 마사지 및 기타 신체 관리 서비스업",CS200005,스포츠 강습,0.0,
S208,수리 및 개인 서비스업,"욕탕, 마사지 및 기타 신체 관리 서비스업",CS200006,일반의원,0.0,
S208,수리 및 개인 서비스업,"욕탕, 마사지 및 기타 신체 관리 서비스업",CS200007,치과의원,0.0,
S208,수리 및 개인 서비스업,"욕탕, 마사지 및 기타 신체 관리 서비스업",CS200008,한의원,0.0,
S208,수리 및 개인 서비스업,"욕탕, 마사지 및 기타 신체 관리 서비스업",CS200009,동물병원,0.0,
S208,수리 및 개인 서비스업,"욕탕, 마사지 및 기타 신체 관리 서비스업",CS200013,기타법무서비스,0.0,
S208,수리 및 개인 서비스업,"욕탕, 마사지 및 기타 신체 관리 서비스업",CS200016,당구장,0.0,
S208,수리 및 개인 서비스업,"욕탕, 마사지 및 기타 신체 관리 서비스업",CS200017,골프연습장,0.0,
S208,수리 및 개인 서비스업,"욕탕, 마사지 및 기타 신체 관리 서비스업",CS200018,볼링장,0.0,
S208,수리 및 개인 서비스업,"욕탕, 마사지 및 기타 신체 관리 서비스업",CS200019,PC방,0.0,
S208,수리 및 개인 서비스업,"욕탕, 마사지 및 기타 신체 관리 서비스업",CS200020,전자게임장,0.0,
S208,수리 및 개인 서비스업,"욕탕, 마사지 및 기타 신체 관리 서비스업",CS200021,기타오락장,0.0,
S208,수리 및 개인 서비스업,"욕탕, 마사지 및 기타 신체 관리 서비스업",CS200022,복권방,0.0,
S208,수리 및 개인 서비스업,"욕탕, 마사지 및 기타 신체 관리 서비스업",CS200024,스포츠클럽,0.0,
S208,수리 및 개인 서비스업,"욕탕, 마사지 및 기타 신체 관리 서비스업",CS200026,자동차미용,0.0,
S208,수리 및 개인 서비스업,"욕탕, 마사지 및 기타 신체 관리 서비스업",CS200028,미용실,0.0,
S208,수리 및 개인 서비스업,"욕탕, 마사지 및 기타 신체 관리 서비스업",CS200029,네일숍,0.0,
S208,수리 및 개인 서비스업,"욕탕, 마사지 및 기타 신체 관리 서비스업",CS200031,세탁소,0.0,
S208,수리 및 개인 서비스업,"욕탕, 마사지 및 기타 신체 관리 서비스업",CS200033,부동산중개업,0.0,
S208,수리 및 개인 서비스업,"욕탕, 마사지 및 기타 신체 관리 서비스업",CS200035,게스트하우스,0.0,
S208,수리 및 개인 서비스업,"욕탕, 마사지 및 기타 신체 관리 서비스업",CS200036,고시원,0.0,
S208,수리 및 개인 서비스업,"욕탕, 마사지 및 기타 신체 관리 서비스업",CS200037,노래방,0.0,
S208,수리 및 개인 서비스업,"욕탕, 마사지 및 기타 신체 관리 서비스업",CS200038,독서실,0.0,
S208,수리 및 개인 서비스업,"욕탕, 마사지 및 기타 신체 관리 서비스업",CS200039,DVD방,0.0,
S208,수리 및 개인 서비스업,"욕탕, 마사지 및 기타 신체 관리 서비스업",CS200040,녹음실,0.0,
S208,수리 및 개인 서비스업,"욕탕, 마사지 및 기타 신체 관리 서비스업",CS200042,통번역서비스,0.0,
S208,수리 및 개인 서비스업,"욕탕, 마사지 및 기타 신체 관리 서비스업",CS200043,건축물청소,0.0,
S208,수리 및 개인 서비스업,"욕탕, 마사지 및 기타 신체 관리 서비스업",CS200045,비디오/서적임대,0.0,
S208,수리 및 개인 서비스업,"욕탕, 마사지 및 기타 신체 관리 서비스업",CS200046,의류임대,0.0,
S208,수리 및 개인 서비스업,"욕탕, 마사지 및 기타 신체 관리 서비스업",CS200047,가정용품임대,0.0,
S208,수리 및 개인 서비스업,"욕탕, 마사지 및 기타 신체 관리 서비스업",CS300002,편의점,0.0,
S208,수리 및 개인 서비스업,"욕탕, 마사지 및 기타 신체 관리 서비스업",CS300003,컴퓨터및주변장치판매,0.0,
S208,수리 및 개인 서비스업,"욕탕, 마사지 및 기타 신체 관리 서비스업",CS300004,핸드폰,0.0,
S208,수리 및 개인 서비스업,"욕탕, 마사지 및 기타 신체 관리 서비스업",CS300005,주류도매,0.0,
S208,수리 및 개인 서비스업,"욕탕, 마사지 및 기타 신체 관리 서비스업",CS300006,미곡판매,0.0,
S208,수리 및 개인 서비스업,"욕탕, 마사지 및 기타 신체 관리 서비스업",CS300007,육류판매,0.0,
S208,수리 및 개인 서비스업,"욕탕, 마사지 및 기타 신체 관리 서비스업",CS300008,수산물판매,0.0,
S208,수리 및 개인 서비스업,"욕탕, 마사지 및 기타 신체 관리 서비스업",CS300009,청과상,0.0,
S208,수리 및 개인 서비스업,"욕탕, 마사지 및 기타 신체 관리 서비스업",CS300010,반찬가게,0.0,
S208,수리 및 개인 서비스업,"욕탕, 마사지 및 기타 신체 관리 서비스업",CS300011,일반의류,0.0,
S208,수리 및 개인 서비스업,"욕탕, 마사지 및 기타 신체 관리 서비스업",CS300012,한복점,0.0,
S208,수리 및 개인 서비스업,"욕탕, 마사지 및 기타 신체 관리 서비스업",CS300013,유아의류,0.0,
S208,수리 및 개인 서비스업,"욕탕, 마사지 및 기타 신체 관리 서비스업",CS300015,가방,0.0,
S208,수리 및 개인 서비스업,"욕탕, 마사지 및 기타 신체 관리 서비스업",CS300016,안경,0.0,
S208,수리 및 개인 서비스업,"욕탕, 마사지 및 기타 신체 관리 서비스업",CS300017,시계및귀금속,0.0,
S208,수리 및 개인 서비스업,"욕탕, 마사지 및 기타 신체 관리 서비스업",CS300018,의약품,0.0,
S208,수리 및 개인 서비스업,"욕탕, 마사지 및 기타 신체 관리 서비스업",CS300019,의료기기,0.0,
S208,수리 및 개인 서비스업,"욕탕, 마사지 및 기타 신체 관리 서비스업",CS300020,서적,0.0,
S208,수리 및 개인 서비스업,"욕탕, 마사지 및 기타 신체 관리 서비스업",CS300021,문구,0.0,
S208,수리 및 개인 서비스업,"욕탕, 마사지 및 기타 신체 관리 서비스업",CS300022,화장품,0.0,
S208,수리 및 개인 서비스업,"욕탕, 마사지 및 기타 신체 관리 서비스업",CS300023,미용재료,0.0,
S208,수리 및 개인 서비스업,"욕탕, 마사지 및 기타 신체 관리 서비스업",CS300024,운동/경기용품,0.0,
S208,수리 및 개인 서비스업,"욕탕, 마사지 및 기타 신체 관리 서비스업",CS300025,자전거 및 기타운송장비,0.0,
S208,수리 및 개인 서비스업,"욕탕, 마사지 및 기타 신체 관리 서비스업",CS300026,완구,0.0,
S208,수리 및 개인 서비스업,"욕탕, 마사지 및 기타 신체 관리 서비스업",CS300027,섬유제품,0.0,
S208,수리 및 개인 서비스업,"욕탕, 마사지 및 기타 신체 관리 서비스업",CS300028,화초,0.0,
S208,수리 및 개인 서비스업,"욕탕, 마사지 및 기타 신체 관리 서비스업",CS300029,애완동물,0.0,
S208,수리 및 개인 서비스업,"욕탕, 마사지 및 기타 신체 관리 서비스업",CS300030,중고가구,0.0,
S208,수리 및 개인 서비스업,"욕탕, 마사지 및 기타 신체 관리 서비스업",CS300031,가구,0.0,
S208,수리 및 개인 서비스업,"욕탕, 마사지 및 기타 신체 관리 서비스업",CS300032,가전제품,0.0,
S208,수리 및 개인 서비스업,"욕탕, 마사지 및 기타 신체 관리 서비스업",CS300033,철물점,0.0,
S208,수리 및 개인 서비스업,"욕탕, 마사지 및 기타 신체 관리 서비스업",CS300034,악기,0.0,
S208,수리 및 개인 서비스업,"욕탕, 마사지 및 기타 신체 관리 서비스업",CS300036,조명용품,0.0,
S208,수리 및 개인 서비스업,"욕탕, 마사지 및 기타 신체 관리 서비스업",CS300037,중고차판매,0.0,
S208,수리 및 개인 서비스업,"욕탕, 마사지 및 기타 신체 관리 서비스업",CS300038,자동차부품,0.0,
S208,수리 및 개인 서비스업,"욕탕, 마사지 및 기타 신체 관리 서비스업",CS300040,재생용품 판매점,0.0,
S208,수리 및 개인 서비스업,"욕탕, 마사지 및 기타 신체 관리 서비스업",CS300041,예술품,0.0,
S208,수리 및 개인 서비스업,"욕탕, 마사지 및 기타 신체 관리 서비스업",CS300042,주유소,0.0,
S208,수리 및 개인 서비스업,"욕탕, 마사지 및 기타 신체 관리 서비스업",CS300043,전자상거래업,0.0,
S209,수리 및 개인 서비스업,세탁업,CS100001,한식음식점,0.0,
S209,수리 및 개인 서비스업,세탁업,CS100002,중식음식점,0.0,
S209,수리 및 개인 서비스업,세탁업,CS100003,일식음식점,0.0,
S209,수리 및 개인 서비스업,세탁업,CS100004,양식음식점,0.0,
S209,수리 및 개인 서비스업,세탁업,CS100005,제과점,0.0,
S209,수리 및 개인 서비스업,세탁업,CS100006,패스트푸드점,0.0,
S209,수리 및 개인 서비스업,세탁업,CS100007,치킨전문점,0.0,
S209,수리 및 개인 서비스업,세탁업,CS100008,분식전문점,0.0,
S209,수리 및 개인 서비스업,세탁업,CS100009,호프-간이주점,0.0,
S209,수리 및 개인 서비스업,세탁업,CS100010,커피-음료,0.0,
S209,수리 및 개인 서비스업,세탁업,CS200001,일반교습학원,0.0,
S209,수리 및 개인 서비스업,세탁업,CS200002,외국어학원,0.0,
S209,수리 및 개인 서비스업,세탁업,CS200003,예술학원,0.0,
S209,수리 및 개인 서비스업,세탁업,CS200004,컴퓨터학원,0.0,
S209,수리 및 개인 서비스업,세탁업,CS200005,스포츠 강습,0.0,
S209,수리 및 개인 서비스업,세탁업,CS200006,일반의원,0.0,
S209,수리 및 개인 서비스업,세탁업,CS200007,치과의원,0.0,
S209,수리 및 개인 서비스업,세탁업,CS200008,한의원,0.0,
S209,수리 및 개인 서비스업,세탁업,CS200009,동물병원,0.0,
S209,수리 및 개인 서비스업,세탁업,CS200010,변호사사무소,0.0,
S209,수리 및 개인 서비스업,세탁업,CS200011,변리사사무소,0.0,
S209,수리 및 개인 서비스업,세탁업,CS200012,법무사사무소,0.0,
S209,수리 및 개인 서비스업,세탁업,CS200013,기타법무서비스,0.0,
S209,수리 및 개인 서비스업,세탁업,CS200014,회계사사무소,0.0,
S209,수리 및 개인 서비스업,세탁업,CS200016,당구장,0.0,
S209,수리 및 개인 서비스업,세탁업,CS200017,골프연습장,0.0,
S209,수리 및 개인 서비스업,세탁업,CS200018,볼링장,0.0,
S209,수리 및 개인 서비스업,세탁업,CS200019,PC방,0.0,
S209,수리 및 개인 서비스업,세탁업,CS200020,전자게임장,0.0,
S209,수리 및 개인 서비스업,세탁업,CS200021,기타오락장,0.0,
S209,수리 및 개인 서비스업,세탁업,CS200022,복권방,0.0,
S209,수리 및 개인 서비스업,세탁업,CS200023,통신기기수리,0.0,
S209,수리 및 개인 서비스업,세탁업,CS200024,스포츠클럽,0.0,
S209,수리 및 개인 서비스업,세탁업,CS200025,자동차수리,0.0,
S209,수리 및 개인 서비스업,세탁업,CS200026,자동차미용,0.0,
S209,수리 및 개인 서비스업,세탁업,CS200027,모터사이클수리,0.0,
S209,수리 및 개인 서비스업,세탁업,CS200028,미용실,0.0,
S209,수리 및 개인 서비스업,세탁업,CS200029,네일숍,0.0,
S209,수리 및 개인 서비스업,세탁업,CS200030,피부관리실,0.0,
S209,수리 및 개인 서비스업,세탁업,CS200032,가전제품수리,0.0,
S209,수리 및 개인 서비스업,세탁업,CS200033,부동산중개업,0.0,
S209,수리 및 개인 서비스업,세탁업,CS200034,여관,0.0,
S209,수리 및 개인 서비스업,세탁업,CS200035,게스트하우스,0.0,
S209,수리 및 개인 서비스업,세탁업,CS200036,고시원,0.0,
S209,수리 및 개인 서비스업,세탁업,CS200037,노래방,0.0,
S209,수리 및 개인 서비스업,세탁업,CS200038,독서실,0.0,
S209,수리 및 개인 서비스업,세탁업,CS200039,DVD방,0.0,
S209,수리 및 개인 서비스업,세탁업,CS200040,녹음실,0.0,
S209,수리 및 개인 서비스업,세탁업,CS200041,사진관,0.0,
S209,수리 및 개인 서비스업,세탁업,CS200042,통번역서비스,0.0,
S209,수리 및 개인 서비스업,세탁업,CS200043,건축물청소,0.0,
S209,수리 및 개인 서비스업,세탁업,CS200044,여행사,0.0,
S209,수리 및 개인 서비스업,세탁업,CS200045,비디오/서적임대,0.0,
S209,수리 및 개인 서비스업,세탁업,CS200046,의류임대,0.0,
S209,수리 및 개인 서비스업,세탁업,CS200047,가정용품임대,0.0,
S209,수리 및 개인 서비스업,세탁업,CS300001,슈퍼마켓,0.0,
S209,수리 및 개인 서비스업,세탁업,CS300002,편의점,0.0,
S209,수리 및 개인 서비스업,세탁업,CS300003,컴퓨터및주변장치판매,0.0,
S209,수리 및 개인 서비스업,세탁업,CS300004,핸드폰,0.0,
S209,수리 및 개인 서비스업,세탁업,CS300005,주류도매,0.0,
S209,수리 및 개인 서비스업,세탁업,CS300006,미곡판매,0.0,
S209,수리 및 개인 서비스업,세탁업,CS300007,육류판매,0.0,
S209,수리 및 개인 서비스업,세탁업,CS300008,수산물판매,0.0,
S209,수리 및 개인 서비스업,세탁업,CS300009,청과상,0.0,
S209,수리 및 개인 서비스업,세탁업,CS300010,반찬가게,0.0,
S209,수리 및 개인 서비스업,세탁업,CS300011,일반의류,0.0,
S209,수리 및 개인 서비스업,세탁업,CS300012,한복점,0.0,
S209,수리 및 개인 서비스업,세탁업,CS300013,유아의류,0.0,
S209,수리 및 개인 서비스업,세탁업,CS300014,신발,0.0,
S209,수리 및 개인 서비스업,세탁업,CS300015,가방,0.0,
S209,수리 및 개인 서비스업,세탁업,CS300016,안경,0.0,
S209,수리 및 개인 서비스업,세탁업,CS300017,시계및귀금속,0.0,
S209,수리 및 개인 서비스업,세탁업,CS300018,의약품,0.0,
S209,수리 및 개인 서비스업,세탁업,CS300019,의료기기,0.0,
S209,수리 및 개인 서비스업,세탁업,CS300020,서적,0.0,
S209,수리 및 개인 서비스업,세탁업,CS300021,문구,0.0,
S209,수리 및 개인 서비스업,세탁업,CS300022,화장품,0.0,
S209,수리 및 개인 서비스업,세탁업,CS300023,미용재료,0.0,
S209,수리 및 개인 서비스업,세탁업,CS300024,운동/경기용품,0.0,
S209,수리 및 개인 서비스업,세탁업,CS300025,자전거 및 기타운송장비,0.0,
S209,수리 및 개인 서비스업,세탁업,CS300026,완구,0.0,
S209,수리 및 개인 서비스업,세탁업,CS300027,섬유제품,0.0,
S209,수리 및 개인 서비스업,세탁업,CS300028,화초,0.0,
S209,수리 및 개인 서비스업,세탁업,CS300029,애완동물,0.0,
S209,수리 및 개인 서비스업,세탁업,CS300030,중고가구,0.0,
S209,수리 및 개인 서비스업,세탁업,CS300031,가구,0.0,
S209,수리 및 개인 서비스업,세탁업,CS300032,가전제품,0.0,
S209,수리 및 개인 서비스업,세탁업,CS300033,철물점,0.0,
S209,수리 및 개인 서비스업,세탁업,CS300034,악기,0.0,
S209,수리 및 개인 서비스업,세탁업,CS300035,인테리어,0.0,
S209,수리 및 개인 서비스업,세탁업,CS300036,조명용품,0.0,
S209,수리 및 개인 서비스업,세탁업,CS300037,중고차판매,0.0,
S209,수리 및 개인 서비스업,세탁업,CS300038,자동차부품,0.0,
S209,수리 및 개인 서비스업,세탁업,CS300039,모터사이클및부품,0.0,
S209,수리 및 개인 서비스업,세탁업,CS300040,재생용품 판매점,0.0,
S209,수리 및 개인 서비스업,세탁업,CS300041,예술품,0.0,
S209,수리 및 개인 서비스업,세탁업,CS300042,주유소,0.0,
S209,수리 및 개인 서비스업,세탁업,CS300043,전자상거래업,0.0,
S210,수리 및 개인 서비스업,장례식장 및 관련 서비스업,CS100005,제과점,0.0,
S210,수리 및 개인 서비스업,장례식장 및 관련 서비스업,CS100006,패스트푸드점,0.0,
S210,수리 및 개인 서비스업,장례식장 및 관련 서비스업,CS100007,치킨전문점,0.0,
S210,수리 및 개인 서비스업,장례식장 및 관련 서비스업,CS100009,호프-간이주점,0.0,
S210,수리 및 개인 서비스업,장례식장 및 관련 서비스업,CS100010,커피-음료,0.0,
S210,수리 및 개인 서비스업,장례식장 및 관련 서비스업,CS200001,일반교습학원,0.0,
S210,수리 및 개인 서비스업,장례식장 및 관련 서비스업,CS200002,외국어학원,0.0,
S210,수리 및 개인 서비스업,장례식장 및 관련 서비스업,CS200003,예술학원,0.0,
S210,수리 및 개인 서비스업,장례식장 및 관련 서비스업,CS200004,컴퓨터학원,0.0,
S210,수리 및 개인 서비스업,장례식장 및 관련 서비스업,CS200005,스포츠 강습,0.0,
S210,수리 및 개인 서비스업,장례식장 및 관련 서비스업,CS200006,일반의원,0.0,
S210,수리 및 개인 서비스업,장례식장 및 관련 서비스업,CS200007,치과의원,0.0,
S210,수리 및 개인 서비스업,장례식장 및 관련 서비스업,CS200008,한의원,0.0,
S210,수리 및 개인 서비스업,장례식장 및 관련 서비스업,CS200009,동물병원,0.0,
S210,수리 및 개인 서비스업,장례식장 및 관련 서비스업,CS200010,변호사사무소,0.0,
S210,수리 및 개인 서비스업,장례식장 및 관련 서비스업,CS200011,변리사사무소,0.0,
S210,수리 및 개인 서비스업,장례식장 및 관련 서비스업,CS200012,법무사사무소,0.0,
S210,수리 및 개인 서비스업,장례식장 및 관련 서비스업,CS200013,기타법무서비스,0.0,
S210,수리 및 개인 서비스업,장례식장 및 관련 서비스업,CS200014,회계사사무소,0.0,
S210,수리 및 개인 서비스업,장례식장 및 관련 서비스업,CS200015,세무사사무소,0.0,
S210,수리 및 개인 서비스업,장례식장 및 관련 서비스업,CS200019,PC방,0.0,
S210,수리 및 개인 서비스업,장례식장 및 관련 서비스업,CS200022,복권방,0.0,
S210,수리 및 개인 서비스업,장례식장 및 관련 서비스업,CS200023,통신기기수리,0.0,
S210,수리 및 개인 서비스업,장례식장 및 관련 서비스업,CS200024,스포츠클럽,0.0,
S210,수리 및 개인 서비스업,장례식장 및 관련 서비스업,CS200025,자동차수리,0.0,
S210,수리 및 개인 서비스업,장례식장 및 관련 서비스업,CS200026,자동차미용,0.0,
S210,수리 및 개인 서비스업,장례식장 및 관련 서비스업,CS200027,모터사이클수리,0.0,
S210,수리 및 개인 서비스업,장례식장 및 관련 서비스업,CS200028,미용실,0.0,
S210,수리 및 개인 서비스업,장례식장 및 관련 서비스업,CS200029,네일숍,0.0,
S210,수리 및 개인 서비스업,장례식장 및 관련 서비스업,CS200031,세탁소,0.0,
S210,수리 및 개인 서비스업,장례식장 및 관련 서비스업,CS200032,가전제품수리,0.0,
S210,수리 및 개인 서비스업,장례식장 및 관련 서비스업,CS200033,부동산중개업,0.0,
S210,수리 및 개인 서비스업,장례식장 및 관련 서비스업,CS200035,게스트하우스,0.0,
S210,수리 및 개인 서비스업,장례식장 및 관련 서비스업,CS200036,고시원,0.0,
S210,수리 및 개인 서비스업,장례식장 및 관련 서비스업,CS200037,노래방,0.0,
S210,수리 및 개인 서비스업,장례식장 및 관련 서비스업,CS200038,독서실,0.0,
S210,수리 및 개인 서비스업,장례식장 및 관련 서비스업,CS200039,DVD방,0.0,
S210,수리 및 개인 서비스업,장례식장 및 관련 서비스업,CS200040,녹음실,0.0,
S210,수리 및 개인 서비스업,장례식장 및 관련 서비스업,CS200042,통번역서비스,0.0,
S210,수리 및 개인 서비스업,장례식장 및 관련 서비스업,CS200043,건축물청소,0.0,
S210,수리 및 개인 서비스업,장례식장 및 관련 서비스업,CS200044,여행사,0.0,
S210,수리 및 개인 서비스업,장례식장 및 관련 서비스업,CS200045,비디오/서적임대,0.0,
S210,수리 및 개인 서비스업,장례식장 및 관련 서비스업,CS200046,의류임대,0.0,
S210,수리 및 개인 서비스업,장례식장 및 관련 서비스업,CS200047,가정용품임대,0.0,
S210,수리 및 개인 서비스업,장례식장 및 관련 서비스업,CS300001,슈퍼마켓,0.0,
S210,수리 및 개인 서비스업,장례식장 및 관련 서비스업,CS300002,편의점,0.0,
S210,수리 및 개인 서비스업,장례식장 및 관련 서비스업,CS300004,핸드폰,0.0,
S210,수리 및 개인 서비스업,장례식장 및 관련 서비스업,CS300005,주류도매,0.0,
S210,수리 및 개인 서비스업,장례식장 및 관련 서비스업,CS300006,미곡판매,0.0,
S210,수리 및 개인 서비스업,장례식장 및 관련 서비스업,CS300007,육류판매,0.0,
S210,수리 및 개인 서비스업,장례식장 및 관련 서비스업,CS300008,수산물판매,0.0,
S210,수리 및 개인 서비스업,장례식장 및 관련 서비스업,CS300009,청과상,0.0,
S210,수리 및 개인 서비스업,장례식장 및 관련 서비스업,CS300010,반찬가게,0.0,
S210,수리 및 개인 서비스업,장례식장 및 관련 서비스업,CS300011,일반의류,0.0,
S210,수리 및 개인 서비스업,장례식장 및 관련 서비스업,CS300012,한복점,0.0,
S210,수리 및 개인 서비스업,장례식장 및 관련 서비스업,CS300013,유아의류,0.0,
S210,수리 및 개인 서비스업,장례식장 및 관련 서비스업,CS300014,신발,0.0,
S210,수리 및 개인 서비스업,장례식장 및 관련 서비스업,CS300015,가방,0.0,
S210,수리 및 개인 서비스업,장례식장 및 관련 서비스업,CS300016,안경,0.0,
S210,수리 및 개인 서비스업,장례식장 및 관련 서비스업,CS300017,시계및귀금속,0.0,
S210,수리 및 개인 서비스업,장례식장 및 관련 서비스업,CS300018,의약품,0.0,
S210,수리 및 개인 서비스업,장례식장 및 관련 서비스업,CS300019,의료기기,0.0,
S210,수리 및 개인 서비스업,장례식장 및 관련 서비스업,CS300020,서적,0.0,
S210,수리 및 개인 서비스업,장례식장 및 관련 서비스업,CS300021,문구,0.0,
S210,수리 및 개인 서비스업,장례식장 및 관련 서비스업,CS300023,미용재료,0.0,
S210,수리 및 개인 서비스업,장례식장 및 관련 서비스업,CS300024,운동/경기용품,0.0,
S210,수리 및 개인 서비스업,장례식장 및 관련 서비스업,CS300026,완구,0.0,
S210,수리 및 개인 서비스업,장례식장 및 관련 서비스업,CS300027,섬유제품,0.0,
S210,수리 및 개인 서비스업,장례식장 및 관련 서비스업,CS300028,화초,0.0,
S210,수리 및 개인 서비스업,장례식장 및 관련 서비스업,CS300029,애완동물,0.0,
S210,수리 및 개인 서비스업,장례식장 및 관련 서비스업,CS300030,중고가구,0.0,
S210,수리 및 개인 서비스업,장례식장 및 관련 서비스업,CS300031,가구,0.0,
S210,수리 및 개인 서비스업,장례식장 및 관련 서비스업,CS300032,가전제품,0.0,
S210,수리 및 개인 서비스업,장례식장 및 관련 서비스업,CS300033,철물점,0.0,
S210,수리 및 개인 서비스업,장례식장 및 관련 서비스업,CS300034,악기,0.0,
S210,수리 및 개인 서비스업,장례식장 및 관련 서비스업,CS300035,인테리어,0.0,
S210,수리 및 개인 서비스업,장례식장 및 관련 서비스업,CS300036,조명용품,0.0,
S210,수리 및 개인 서비스업,장례식장 및 관련 서비스업,CS300037,중고차판매,0.0,
S210,수리 및 개인 서비스업,장례식장 및 관련 서비스업,CS300038,자동차부품,0.0,
S210,수리 및 개인 서비스업,장례식장 및 관련 서비스업,CS300039,모터사이클및부품,0.0,
S210,수리 및 개인 서비스업,장례식장 및 관련 서비스업,CS300040,재생용품 판매점,0.0,
S210,수리 및 개인 서비스업,장례식장 및 관련 서비스업,CS300041,예술품,0.0,
S210,수리 및 개인 서비스업,장례식장 및 관련 서비스업,CS300042,주유소,0.0,
S210,수리 및 개인 서비스업,장례식장 및 관련 서비스업,CS300043,전자상거래업,0.0,
S211,수리 및 개인 서비스업,기타 개인서비스,CS100001,한식음식점,0.0,
S211,수리 및 개인 서비스업,기타 개인서비스,CS100002,중식음식점,0.0,
S211,수리 및 개인 서비스업,기타 개인서비스,CS100003,일식음식점,0.0,
S211,수리 및 개인 서비스업,기타 개인서비스,CS100004,양식음식점,0.0,
S211,수리 및 개인 서비스업,기타 개인서비스,CS100005,제과점,0.0,
S211,수리 및 개인 서비스업,기타 개인서비스,CS100007,치킨전문점,0.0,
S211,수리 및 개인 서비스업,기타 개인서비스,CS100008,분식전문점,0.0,
S211,수리 및 개인 서비스업,기타 개인서비스,CS100009,호프-간이주점,0.0,
S211,수리 및 개인 서비스업,기타 개인서비스,CS100010,커피-음료,0.0,
S211,수리 및 개인 서비스업,기타 개인서비스,CS200001,일반교습학원,0.0,
S211,수리 및 개인 서비스업,기타 개인서비스,CS200002,외국어학원,0.0,
S211,수리 및 개인 서비스업,기타 개인서비스,CS200003,예술학원,0.0,
S211,수리 및 개인 서비스업,기타 개인서비스,CS200004,컴퓨터학원,0.0,
S211,수리 및 개인 서비스업,기타 개인서비스,CS200006,일반의원,0.0,
S211,수리 및 개인 서비스업,기타 개인서비스,CS200007,치과의원,0.0,
S211,수리 및 개인 서비스업,기타 개인서비스,CS200008,한의원,0.0,
S211,수리 및 개인 서비스업,기타 개인서비스,CS200009,동물병원,0.0,
S211,수리 및 개인 서비스업,기타 개인서비스,CS200010,변호사사무소,0.0,
S211,수리 및 개인 서비스업,기타 개인서비스,CS200011,변리사사무소,0.0,
S211,수리 및 개인 서비스업,기타 개인서비스,CS200012,법무사사무소,0.0,
S211,수리 및 개인 서비스업,기타 개인서비스,CS200014,회계사사무소,0.0,
S211,수리 및 개인 서비스업,기타 개인서비스,CS200015,세무사사무소,0.0,
S211,수리 및 개인 서비스업,기타 개인서비스,CS200016,당구장,0.0,
S211,수리 및 개인 서비스업,기타 개인서비스,CS200017,골프연습장,0.0,
S211,수리 및 개인 서비스업,기타 개인서비스,CS200018,볼링장,0.0,
S211,수리 및 개인 서비스업,기타 개인서비스,CS200019,PC방,0.0,
S211,수리 및 개인 서비스업,기타 개인서비스,CS200020,전자게임장,0.0,
S211,수리 및 개인 서비스업,기타 개인서비스,CS200021,기타오락장,0.0,
S211,수리 및 개인 서비스업,기타 개인서비스,CS200022,복권방,0.0,
S211,수리 및 개인 서비스업,기타 개인서비스,CS200023,통신기기수리,0.0,
S211,수리 및 개인 서비스업,기타 개인서비스,CS200025,자동차수리,0.0,
S211,수리 및 개인 서비스업,기타 개인서비스,CS200026,자동차미용,0.0,
S211,수리 및 개인 서비스업,기타 개인서비스,CS200027,모터사이클수리,0.0,
S211,수리 및 개인 서비스업,기타 개인서비스,CS200028,미용실,0.0,
S211,수리 및 개인 서비스업,기타 개인서비스,CS200029,네일숍,0.0,
S211,수리 및 개인 서비스업,기타 개인서비스,CS200030,피부관리실,0.0,
S211,수리 및 개인 서비스업,기타 개인서비스,CS200031,세탁소,0.0,
S211,수리 및 개인 서비스업,기타 개인서비스,CS200032,가전제품수리,0.0,
S211,수리 및 개인 서비스업,기타 개인서비스,CS200034,여관,0.0,
S211,수리 및 개인 서비스업,기타 개인서비스,CS200036,고시원,0.0,
S211,수리 및 개인 서비스업,기타 개인서비스,CS200037,노래방,0.0,
S211,수리 및 개인 서비스업,기타 개인서비스,CS200039,DVD방,0.0,
S211,수리 및 개인 서비스업,기타 개인서비스,CS200040,녹음실,0.0,
S211,수리 및 개인 서비스업,기타 개인서비스,CS200041,사진관,0.0,
S211,수리 및 개인 서비스업,기타 개인서비스,CS200043,건축물청소,0.0,
S211,수리 및 개인 서비스업,기타 개인서비스,CS200044,여행사,0.0,
S211,수리 및 개인 서비스업,기타 개인서비스,CS200046,의류임대,0.0,
S211,수리 및 개인 서비스업,기타 개인서비스,CS200047,가정용품임대,0.0,
S211,수리 및 개인 서비스업,기타 개인서비스,CS300001,슈퍼마켓,0.0,
S211,수리 및 개인 서비스업,기타 개인서비스,CS300002,편의점,0.0,
S211,수리 및 개인 서비스업,기타 개인서비스,CS300003,컴퓨터및주변장치판매,0.0,
S211,수리 및 개인 서비스업,기타 개인서비스,CS300004,핸드폰,0.0,
S211,수리 및 개인 서비스업,기타 개인서비스,CS300005,주류도매,0.0,
S211,수리 및 개인 서비스업,기타 개인서비스,CS300006,미곡판매,0.0,
S211,수리 및 개인 서비스업,기타 개인서비스,CS300007,육류판매,0.0,
S211,수리 및 개인 서비스업,기타 개인서비스,CS300008,수산물판매,0.0,
S211,수리 및 개인 서비스업,기타 개인서비스,CS300009,청과상,0.0,
S211,수리 및 개인 서비스업,기타 개인서비스,CS300010,반찬가게,0.0,
S211,수리 및 개인 서비스업,기타 개인서비스,CS300011,일반의류,0.0,
S211,수리 및 개인 서비스업,기타 개인서비스,CS300012,한복점,0.0,
S211,수리 및 개인 서비스업,기타 개인서비스,CS300013,유아의류,0.0,
S211,수리 및 개인 서비스업,기타 개인서비스,CS300014,신발,0.0,
S211,수리 및 개인 서비스업,기타 개인서비스,CS300015,가방,0.0,
S211,수리 및 개인 서비스업,기타 개인서비스,CS300016,안경,0.0,
S211,수리 및 개인 서비스업,기타 개인서비스,CS300017,시계및귀금속,0.0,
S211,수리 및 개인 서비스업,기타 개인서비스,CS300018,의약품,0.0,
S211,수리 및 개인 서비스업,기타 개인서비스,CS300019,의료기기,0.0,
S211,수리 및 개인 서비스업,기타 개인서비스,CS300021,문구,0.0,
S211,수리 및 개인 서비스업,기타 개인서비스,CS300022,화장품,0.0,
S211,수리 및 개인 서비스업,기타 개인서비스,CS300023,미용재료,0.0,
S211,수리 및 개인 서비스업,기타 개인서비스,CS300024,운동/경기용품,0.0,
S211,수리 및 개인 서비스업,기타 개인서비스,CS300026,완구,0.0,
S211,수리 및 개인 서비스업,기타 개인서비스,CS300027,섬유제품,0.0,
S211,수리 및 개인 서비스업,기타 개인서비스,CS300028,화초,0.0,
S211,수리 및 개인 서비스업,기타 개인서비스,CS300029,애완동물,0.0,
S211,수리 및 개인 서비스업,기타 개인서비스,CS300030,중고가구,0.0,
S211,수리 및 개인 서비스업,기타 개인서비스,CS300031,가구,0.0,
S211,수리 및 개인 서비스업,기타 개인서비스,CS300032,가전제품,0.0,
S211,수리 및 개인 서비스업,기타 개인서비스,CS300033,철물점,0.0,
S211,수리 및 개인 서비스업,기타 개인서비스,CS300034,악기,0.0,
S211,수리 및 개인 서비스업,기타 개인서비스,CS300036,조명용품,0.0,
S211,수리 및 개인 서비스업,기타 개인서비스,CS300037,중고차판매,0.0,
S211,수리 및 개인 서비스업,기타 개인서비스,CS300038,자동차부품,0.0,
S211,수리 및 개인 서비스업,기타 개인서비스,CS300039,모터사이클및부품,0.0,
S211,수리 및 개인 서비스업,기타 개인서비스,CS300040,재생용품 판매점,0.0,
S211,수리 및 개인 서비스업,기타 개인서비스,CS300041,예술품,0.0,
S211,수리 및 개인 서비스업,기타 개인서비스,CS300042,주유소,0.0,
S211,수리 및 개인 서비스업,기타 개인서비스,CS300043,전자상거래업,0.0,
